Question,Option_a,Option_b,Option_c,Option_d,Correct_answer,Explanation,Subtopic,Difficulty,Subject,Topic
The smallest particle of an element that retains its chemical properties is called?,Molecule,Atom,Ion,Compound,B,"Atom is the smallest unit of an element; 'Molecule' is a group of atoms, 'Ion' is a charged atom.",Atomic Structure,Easy,Chemistry,Fundamental Concepts
Which quantity is a fundamental physical quantity in the SI system?,Length,Volume,Density,Speed,A,"Length is a fundamental quantity; 'Volume', 'Density', and 'Speed' are derived quantities.",Measurement Units,Easy,Chemistry,Fundamental Concepts
The mass of one mole of a substance is equal to its?,Molecular mass,Atomic mass,Molar mass,Equivalent mass,C,"Molar mass is the mass of one mole; 'Molecular mass' is for molecules, 'Atomic mass' is for atoms.",Mole Concept,Easy,Chemistry,Fundamental Concepts
A solution contains 40g of NaOH in 1000g of water. What is its percentage by mass?,3.85%,4.0%,4.08%,4.16%,A,Percentage by mass = (mass of solute / total mass) * 100 = (40 / (40 + 1000)) * 100.,Concentration Terms,Medium,Chemistry,Fundamental Concepts
The empirical formula of a compound is CH2O. Its molecular formula could be?,C2H4O2,C3H6O3,C4H8O4,All of the above are possible,D,Empirical formula is the simplest whole number ratio; molecular formula is a multiple of it.,Empirical and Molecular Formula,Medium,Chemistry,Fundamental Concepts
The number of significant figures in 0.005060 is?,4,5,3,7,A,Significant figures include all certain digits and one uncertain digit; leading zeros are not significant.,Significant Figures,Easy,Chemistry,Fundamental Concepts
What is the oxidation state of Mn in KMnO4?,+6,+7,+5,+4,B,Oxidation state of Mn is calculated as: +1 (K) + x (Mn) + 4(-2) (O) = 0.,Oxidation States,Medium,Chemistry,Fundamental Concepts
The process of converting a liquid to a gas at its boiling point is called?,Evaporation,Sublimation,Vaporization,Condensation,C,Vaporization occurs at boiling point; 'Evaporation' occurs at surface below boiling point.,Phase Transitions,Easy,Chemistry,Fundamental Concepts
What is the pH of a neutral solution at 25°C?,6,7,8,0,B,pH of neutral solution is 7 at 25°C; it changes with temperature.,pH and pOH,Easy,Chemistry,Fundamental Concepts
The reaction between an acid and a base to form salt and water is called?,Neutralization,Hydrolysis,Electrolysis,Ionization,A,Neutralization reaction produces salt and water; 'Hydrolysis' involves water breaking a compound.,Acid-Base Reactions,Easy,Chemistry,Fundamental Concepts
A buffer solution resists changes in?,pH,Temperature,Concentration,Volume,A,"Buffer solution maintains pH; it doesn't significantly resist changes in temperature, concentration, or volume.",Buffer Solutions,Medium,Chemistry,Fundamental Concepts
The energy required to remove an electron from an isolated gaseous atom is called?,Electron Affinity,Ionization Energy,Electronegativity,Atomic Radius,B,Ionization energy is the energy to remove an electron; 'Electron affinity' is energy released when an electron is added.,Atomic Properties,Medium,Chemistry,Fundamental Concepts
The type of bond formed between two atoms with a large difference in electronegativity is?,Covalent,Ionic,Metallic,Hydrogen,B,Large electronegativity difference leads to 'Ionic' bond; 'Covalent' bond forms with small or no difference.,Chemical Bonding,Medium,Chemistry,Fundamental Concepts
The temperature at which the vapor pressure of a liquid equals the atmospheric pressure is its?,Boiling Point,Melting Point,Critical Temperature,Triple Point,A,Boiling occurs when vapor pressure equals atmospheric pressure; 'Melting point' is for solid to liquid transition.,Phase Transitions,Easy,Chemistry,Fundamental Concepts
A catalyst increases the rate of a reaction by?,Lowering the activation energy,Increasing the activation energy,Changing the equilibrium constant,Increasing the concentration of reactants,A,Catalyst lowers activation energy; it doesn't change equilibrium constant or concentration.,Catalysis,Medium,Chemistry,Fundamental Concepts
The principle that 'the total entropy of an isolated system can never decrease over time' is a statement of?,First Law of Thermodynamics,Second Law of Thermodynamics,Third Law of Thermodynamics,Zeroth Law of Thermodynamics,B,Second Law states that total entropy of an isolated system always increases or remains constant.,Thermodynamics,Hard,Chemistry,Fundamental Concepts
The process by which a solid changes directly into vapor is called?,Sublimation,Deposition,Evaporation,Condensation,A,Sublimation is the transition from solid to gas; 'Deposition' is the reverse process.,Phase Transitions,Easy,Chemistry,Fundamental Concepts
What is the hybridization of the carbon atom in methane (CH4)?,sp,sp2,sp3,dsp3,C,Methane's carbon is sp3 hybridized; it has four equivalent bonds.,Hybridization,Medium,Chemistry,Fundamental Concepts
The quantum number that describes the shape of an orbital is?,n,l,m,s,B,'l' (azimuthal quantum number) determines the orbital shape; 'n' is principal quantum number.,Atomic Structure,Hard,Chemistry,Fundamental Concepts
A solution is prepared by dissolving 12 g of urea (molar mass = 60 g/mol) in 1000 g of water. What is the molality of the solution?,0.2 m,0.4 m,0.6 m,0.8 m,A,Molality = moles of solute / kg of solvent. 12/60 = 0.2 mol in 1 kg. Option D ignores kg of solvent.,Concentration Calculations,Easy,Chemistry,Fundamental Concepts
How many molecules are present in 0.25 moles of ammonia (NH₃)?,1.5 × 10²³,2.4 × 10²³,3.0 × 10²³,6.022 × 10²³,A,0.25 × 6.022 × 10²³ = 1.5 × 10²³. Option C uses Avogadro’s number directly.,Avogadro’s Number,Medium,Chemistry,Fundamental Concepts
What volume (in liters) does 0.5 moles of O₂ occupy at STP? (Molar volume = 22.4 L/mol),11.2 L,22.4 L,44.8 L,5.6 L,A,0.5 × 22.4 = 11.2 L. Option B ignores moles given.,Gas Laws,Easy,Chemistry,Fundamental Concepts
A gas at 2 atm and 300 K occupies 10 L. What is its volume at 3 atm and 600 K? (R = 0.0821 L·atm/mol·K),15 L,10 L,7.5 L,5 L,B,Using PV/T = constant: (2×10)/300 = (3×V)/600 → V = 10 L. Option A misapplies gas law ratios.,Combined Gas Law,Hard,Chemistry,Fundamental Concepts
What mass of NaOH (molar mass = 40 g/mol) is required to prepare 500 mL of 0.2 M solution?,4 g,8 g,2 g,0.5 g,A,0.5 L × 0.2 mol/L × 40 g/mol = 4 g. Option C halves volume incorrectly.,Molarity Calculations,Medium,Chemistry,Fundamental Concepts
"A compound contains 40% C, 6.67% H, and 53.3% O by mass. What is its empirical formula?",CH₂O,C₂H₄O₂,CHO,CH₄O,A,Mole ratio: 3.33 C : 6.67 H : 3.33 O → 1:2:1. Option D adds extra hydrogen.,Empirical Formulas,Medium,Chemistry,Fundamental Concepts
How many moles of H₂O are produced when 2 moles of C₃H₈ combust completely? (Balanced equation: C₃H₈ + 5O₂ → 3CO₂ + 4H₂O),4 moles,6 moles,8 moles,2 moles,C,2 moles C₃H₈ × 4 H₂O/1 C₃H₈ = 8 moles. Option A ignores stoichiometric ratio.,Stoichiometry,Medium,Chemistry,Fundamental Concepts
What is the molarity of a 30 mL HCl solution that neutralizes 20 mL of 0.15 M NaOH?,0.1 M,0.2 M,0.3 M,0.4 M,A,M₁V₁ = M₂V₂ → M₁ = (0.15×20)/30 = 0.1 M. Option C swaps volumes.,Neutralization Reactions,Medium,Chemistry,Fundamental Concepts
How many liters of CO₂ (at STP) are produced from 11.2 L of O₂ in the reaction 2CO + O₂ → 2CO₂?,22.4 L,11.2 L,5.6 L,44.8 L,A,1 mole O₂ → 2 moles CO₂. 11.2 L O₂ × 2 = 22.4 L CO₂. Option B ignores mole ratio.,Gas Stoichiometry,Hard,Chemistry,Fundamental Concepts
"What is the mass of 3.01 × 10²³ molecules of glucose (C₆H₁₂O₆, molar mass = 180 g/mol)?",90 g,180 g,30 g,60 g,A,3.01×10²³ / 6.02×10²³ = 0.5 mol → 0.5 × 180 = 90 g. Option C divides by 2 incorrectly.,Molecular Calculations,Medium,Chemistry,Fundamental Concepts
A gas cylinder contains 10 L of O₂ at 2 atm. What pressure is needed to compress it to 5 L at constant temperature?,1 atm,2 atm,4 atm,8 atm,C,P₁V₁ = P₂V₂ → 2×10 = P×5 → P = 4 atm. Option B ignores volume change.,Boyle’s Law,Easy,Chemistry,Fundamental Concepts
What volume of 0.5 M H₂SO₄ is required to neutralize 25 mL of 0.1 M NaOH?,2.5 mL,5 mL,10 mL,20 mL,A,Moles NaOH = 0.025×0.1 = 0.0025. H₂SO₄ is diprotic: 0.00125 / 0.5 = 0.0025 L = 2.5 mL. Option B ignores dilution.,Acid-Base Titration,Hard,Chemistry,Fundamental Concepts
What is the mass of 0.2 moles of CaCO₃ (molar mass = 100 g/mol)?,20 g,40 g,60 g,100 g,A,0.2 × 100 = 20 g. Option B triples the value.,Molar Mass Calculations,Easy,Chemistry,Fundamental Concepts
A solution contains 1.204 × 10²³ atoms of Mg. How many moles is this?,0.2 mol,0.4 mol,0.6 mol,0.8 mol,A,1.204×10²³ / 6.022×10²³ = 0.2 mol. Option C doubles the value.,Avogadro’s Number,Medium,Chemistry,Fundamental Concepts
What is the molarity of a solution containing 9.8 g of H₂SO₄ (molar mass = 98 g/mol) in 250 mL?,0.2 M,0.4 M,0.6 M,0.8 M,B,9.8/98 = 0.1 mol in 0.25 L → 0.4 M. Option A divides by 250 mL directly.,Molarity Calculations,Medium,Chemistry,Fundamental Concepts
How many grams of NaCl are in 500 mL of 0.9% (m/v) physiological saline?,4.5 g,9.0 g,1.8 g,0.9 g,A,0.9% of 500 mL = 4.5 g. Option C divides by 2.,Mass/Volume Percent,Easy,Chemistry,Fundamental Concepts
What is the volume of 0.25 mol of gas at 1.5 atm and 300 K? (R = 0.0821 L·atm/mol·K),4.0 L,3.0 L,2.0 L,1.0 L,A,V = nRT/P = (0.25×0.0821×300)/1.5 = 4.0 L. Option B halves the pressure.,Ideal Gas Law,Hard,Chemistry,Fundamental Concepts
A 0.250 L solution contains 5.0 g of NaCl. What is its molarity? (Molar mass of NaCl = 58.44 g/mol),0.31 M,0.34 M,0.17 M,0.68 M,B,Molarity = (5.0/58.44)/0.250 = 0.34 M. A fails to account for significant figures.,Molarity Calculations,Medium,Chemistry,Fundamental Concepts
What volume of 0.500 M HCl is required to neutralize 25.0 mL of 0.200 M Ca(OH)₂?,10.0 mL,20.0 mL,40.0 mL,5.0 mL,C,2×0.200×0.025 /0.500 = 0.04 L = 40.0 mL. B ignores 2:1 molar ratio.,Solution Stoichiometry,Hard,Chemistry,Fundamental Concepts
A gas occupies 3.00 L at 300 K and 1.00 atm. What is its volume at 373 K and 0.800 atm?,3.78 L,4.62 L,5.12 L,2.85 L,B,V₂ = (1×3×373)/(0.8×300) = 4.62 L. A uses incorrect temperature order.,Gas Laws (Combined Law),Medium,Chemistry,Fundamental Concepts
How many moles of O₂ are in 15.0 L at STP? (Molar volume = 22.4 L/mol),0.670 mol,0.336 mol,0.660 mol,0.333 mol,A,15.0/22.4 = 0.670 mol. C uses 22.7 L/mol as molar volume.,Molar Volume of Gases,Easy,Chemistry,Fundamental Concepts
What is the molality of a solution with 12.0 g of urea (60.06 g/mol) in 250 g of water?,0.800 m,0.400 m,2.00 m,1.60 m,A,molality = (12/60.06)/0.250 = 0.800 m. B divides by 0.500 kg instead.,Molality Calculations,Medium,Chemistry,Fundamental Concepts
"A 100.0 g sample of CuSO₄·5H₂O loses mass upon heating. What is the mass percent of H₂O? (CuSO₄ = 159.5 g/mol, H₂O = 18.02 g/mol)",36.1%,42.1%,32.4%,51.3%,A,[(5×18.02)/(159.5+90.1)]×100 = 36.1%. B adds 18.02 five times incorrectly.,Hydrates and Percent Composition,Hard,Chemistry,Fundamental Concepts
"What is the mass of Mg in 6.0 g of Mg₃(PO₄)₂? (Mg = 24.31 g/mol, P = 30.97 g/mol, O = 16.00 g/mol)",1.5 g,2.2 g,2.7 g,3.0 g,C,Mass Mg = (3×24.31/262.86)×6.0 = 2.7 g. A calculates only 1 Mg atom.,Mass of Element in Compound,Medium,Chemistry,Fundamental Concepts
A 25.0 mL sample of H₂SO₄ is titrated with 0.100 M NaOH. The endpoint is at 30.0 mL. What is the H₂SO₄ concentration?,0.0600 M,0.120 M,0.240 M,0.0300 M,A,[2×0.100×0.030]/0.025 = 0.0600 M. B ignores 1:2 stoichiometry.,Acid-Base Titration,Medium,Chemistry,Fundamental Concepts
A gas mixture has 0.25 mol N₂ and 0.75 mol O₂. What is O₂’s partial pressure if total pressure is 1.0 atm?,0.75 atm,0.25 atm,0.50 atm,1.0 atm,A,Partial pressure = 0.75/(0.25+0.75)×1.0 = 0.75 atm. C assumes equal moles.,Partial Pressures (Dalton’s Law),Easy,Chemistry,Fundamental Concepts
What mass of CO₂ is produced from 10.0 g of C₂H₆ and excess O₂? (Molar mass C₂H₆ = 30.07 g/mol),29.3 g,22.0 g,14.7 g,36.7 g,B,Molar ratio 2:4 → (10/30.07)×(44.01/30.07) = 22.0 g. C uses CO instead of CO₂.,Reaction Stoichiometry,Hard,Chemistry,Fundamental Concepts
"A 50.0 mL solution is diluted to 200.0 mL. If final concentration is 0.150 M, what was the initial concentration?",0.600 M,0.300 M,1.20 M,0.450 M,A,C₁ = (0.150×200)/50 = 0.600 M. B assumes 1:1 volume ratio.,Dilution Calculations,Medium,Chemistry,Fundamental Concepts
How many molecules are in 0.500 moles of NH₃? (Avogadro’s number = 6.022×10²³),3.01×10²³,6.02×10²³,1.20×10²⁴,9.03×10²³,A,0.500×6.022×10²³ = 3.01×10²³. C uses 2×Avogadro’s number.,Avogadro’s Number,Easy,Chemistry,Fundamental Concepts
What is the normality of 0.250 M H₃PO₄ for reaction with NaOH to form NaH₂PO₄?,0.250 N,0.500 N,0.750 N,1.00 N,B,Normality = 0.250×2 = 0.500 N (1 H+ transferred). C assumes 3 H+.,Normality Calculations,Medium,Chemistry,Fundamental Concepts
A 15.0 g sample of NaNO₃ is dissolved in 500. g of water. What is the solution’s concentration in ppm?,30 ppm,300 ppm,6000 ppm,150 ppm,A,ppm = (15.0/515.0)×10⁶ ≈ 30 ppm. B assumes 500 g instead of 515 g total.,Parts Per Million (ppm),Medium,Chemistry,Fundamental Concepts
What is the molarity of 12.0 M HCl diluted to 500.0 mL from 100.0 mL?,2.40 M,1.20 M,6.00 M,3.00 M,A,M₁V₁ = 12×0.1 = 1.2 → M₂ = 1.2/0.5 = 2.40 M. B uses 0.05 L instead of 0.5 L.,Dilution Calculations,Medium,Chemistry,Fundamental Concepts
A 20.0 g sample of KBr is in 100. g of solution. What is the mass percent of KBr?,16.7%,20.0%,18.6%,25.0%,B,Mass% = (20.0/100.0)×100 = 20.0%. A assumes 120.0 g total mass.,Mass Percent Calculations,Easy,Chemistry,Fundamental Concepts
What volume of 0.500 M AgNO₃ is needed to precipitate all Cl⁻ in 25.0 mL of 0.100 M MgCl₂?,10.0 mL,20.0 mL,5.00 mL,25.0 mL,A,Moles Cl⁻ = 0.025×0.100×2 = 0.005 → Volume = 0.005/(0.500) = 0.010 L. B uses 1:1 ratio.,Precipitation Reactions,Hard,Chemistry,Fundamental Concepts
What is the molarity of a solution containing 4.0 g of NaOH (molar mass = 40 g/mol) dissolved in 500 mL of solution?,0.1 M,0.2 M,0.3 M,0.4 M,B,Molarity = moles/volume (L). 4.0g/40g/mol = 0.1 mol. 500 mL = 0.5 L. 0.1/0.5 = 0.2 M. Option A fails due to dividing 4.0g by 500.,Molarity Calculation,Easy,Chemistry,Fundamental Concepts
A 250 mL solution of 0.5 M HCl is diluted to 500 mL. What is the new concentration?,0.125 M,0.25 M,0.50 M,1.00 M,B,C1V1 = C2V2. 0.5 × 250 = C2 × 500 → C2 = 0.25 M. Option D assumes doubling volume halves concentration incorrectly.,Dilution Formula,Medium,Chemistry,Fundamental Concepts
How many moles of O2 are produced when 4 moles of H2O2 decompose (2H2O2 → 2H2O + O2)?,1 mole,2 moles,3 moles,4 moles,B,2 moles H2O2 produce 1 mole O2. 4 moles H2O2 produce 2 moles O2. Option D assumes 1:1 ratio.,Stoichiometry,Easy,Chemistry,Fundamental Concepts
"What is the mass percent of carbon in CO2? (C = 12, O = 16)",27.27%,33.00%,44.00%,25.00%,A,Mass percent = (12/44) × 100 = 27.27%. Option B adds O2 mass instead of CO2.,Percentage Composition,Medium,Chemistry,Fundamental Concepts
24 g of Mg (atomic mass = 24) combines with 16 g of O (atomic mass = 16). What is the empirical formula?,MgO2,MgO,Mg2O,Mg2O3,B,Mole ratio Mg:O = 1:1. Option A assumes O:O ratio incorrectly.,Empirical Formula,Easy,Chemistry,Fundamental Concepts
"If 0.5 mol of O2 occupies 11.2 L at STP, what pressure is exerted? (R = 0.0821 L·atm/mol·K)",1.0 atm,2.0 atm,0.5 atm,4.0 atm,A,PV = nRT → P = (0.5 × 0.0821 × 273)/11.2 ≈ 1 atm. Option B assumes 22.4 L instead of 11.2 L.,Gas Laws,Hard,Chemistry,Fundamental Concepts
"In the reaction 2Al + 3Cl2 → 2AlCl3, which reactant is limiting if 1 mole of Al and 1.5 moles of Cl2 are used?",Al,Cl2,Neither,Both,C,Mole ratio 1:1.5 matches 2:3. Both reactants fully consume. Option A assumes a different ratio.,Limiting Reactant,Hard,Chemistry,Fundamental Concepts
A gas has a density of 1.43 g/L at STP. What is its molar mass?,32 g/mol,64 g/mol,44 g/mol,28 g/mol,A,Molar mass = density × 22.4 L/mol = 1.43 × 22.4 ≈ 32 g/mol. Option C uses 28 L/mol instead of 22.4.,Molar Mass from Density,Medium,Chemistry,Fundamental Concepts
"If 50 g of CaCO3 (molar mass = 100 g/mol) decomposes, how many grams of CO2 are produced? (Molar ratio 1:1)",11 g,22 g,33 g,44 g,A,0.5 mol CaCO3 produces 0.5 mol CO2 (0.5 × 44 = 22 g). Option A uses 0.25 mol erroneously.,Stoichiometry,Medium,Chemistry,Fundamental Concepts
A solution contains 12 g of NaOH dissolved in 250 mL of water. What is its molarity? (Molar mass of NaOH = 40 g/mol),1.2 M,0.48 M,12 M,0.12 M,A,Molarity = (12/40) / 0.25 = 1.2 M. Option B forgets to divide by volume in liters.,Molarity Calculations,Medium,Chemistry,Fundamental Concepts
500 mL of 2 M HCl is diluted to 1 L. What is the new concentration?,0.5 M,1 M,2 M,4 M,B,M1V1 = M2V2 → 2*0.5 = M2*1 → M2 = 1 M. Option A miscalculates volume dilution.,Dilution Problems,Easy,Chemistry,Fundamental Concepts
"What is the mass of 0.2 moles of CO2? (C = 12, O = 16)",44 g,8.8 g,22 g,8.8 kg,B,Molar mass = 44 g/mol; 0.2 × 44 = 8.8 g. Option A uses molar mass directly.,Molar Mass Calculations,Easy,Chemistry,Fundamental Concepts
3 moles of O2 gas occupy what volume at STP?,67.2 L,33.6 L,22.4 L,11.2 L,A,22.4 L/mol × 3 = 67.2 L. Option C assumes 1 mole instead of 3.,Gas Volume at STP,Easy,Chemistry,Fundamental Concepts
A sample of MgSO4·7H2O loses water to form anhydrous MgSO4. Calculate the % mass loss if the molar mass of water is 18 g/mol. (MgSO4 = 120 g/mol),45%,36%,55%,28%,A,Water mass = 7×18 = 126 g; (126 / (120+126)) × 100 = 45%. Option B miscalculates ratios.,Percent Composition,Medium,Chemistry,Fundamental Concepts
"A compound has 4.8 g of C and 1.6 g of O. What is its empirical formula? (C = 12, O = 16)",CO2,CO,C2O,C3O2,B,"Moles C = 0.4, O = 0.1 → ratio 4:1. Option A assumes 1:2 ratio.",Empirical Formula,Medium,Chemistry,Fundamental Concepts
"In 4Fe + 3O2 → 2Fe2O3, how many moles of O2 react with 4 moles of Fe?",3,1.5,4,2,B,Mole ratio Fe:O2 = 4:3 → 3/4 = 1.5. Option A ignores ratio scaling.,Stoichiometry,Hard,Chemistry,Fundamental Concepts
"Heating 10 g of CaCO3 produces 4.4 g of CO2. What is the % yield? (Molar masses: CaCO3 = 100 g/mol, CO2 = 44 g/mol)",100%,90%,80%,70%,B,Theoretical yield = (10/100)×44 = 4.4 g; 4.4/4.4 × 100 = 100%. Option C miscalculates.,Percent Yield,Hard,Chemistry,Fundamental Concepts
How many molecules are in 28 g of CO? (Avogadro’s number = 6.02×10^23),6.02×10^23,12.04×10^23,3.01×10^23,24.08×10^23,A,Molar mass = 28 g/mol → 1 mole = 6.02×10^23 molecules. Option B doubles the value.,Avogadro’s Number,Easy,Chemistry,Fundamental Concepts
What volume of 0.5 M H2SO4 is needed to provide 0.1 moles of H2SO4?,200 mL,500 mL,100 mL,150 mL,A,Volume = 0.1 / 0.5 = 0.2 L = 200 mL. Option C uses 1 M instead of 0.5 M.,Concentration Problems,Medium,Chemistry,Fundamental Concepts
How much heat (in kJ) is needed to raise 200 g of water from 20°C to 30°C? (Specific heat = 4.184 J/g°C),8.37 kJ,83.7 kJ,837 kJ,16.7 kJ,A,q = 200 × 10 × 4.184 = 8368 J ≈ 8.37 kJ. Option B adds a decimal error.,Heat Calculations,Medium,Chemistry,Fundamental Concepts
A gas has a density of 1.79 g/L at STP. What is its molar mass?,22.4 g/mol,39.9 g/mol,44.0 g/mol,58.5 g/mol,C,Density × 22.4 L/mol = 1.79×22.4 = 40.0 g/mol. Option A ignores density × volume.,Gas Density,Hard,Chemistry,Fundamental Concepts
"What is the empirical formula of a compound with 40% C, 6.7% H, and 53.3% O? (C = 12, H = 1, O = 16)",CH2O,C2H4O2,CH3O,C2H2O,A,"Assume 100g: moles C=3.33, H=6.7, O=3.33 → ratio 1:2:1. Option B duplicates ratio.",Percent Composition,Hard,Chemistry,Fundamental Concepts
A reaction produces 10 L of CO2 at STP. How many moles of glucose (C6H12O6) reacted? (Reaction: C6H12O6 → 6CO2),0.074 mol,0.44 mol,1.0 mol,0.12 mol,A,10 L CO2 = 0.446 mol → 0.446/6 = 0.074 mol glucose. Option B ignores stoichiometry.,Reaction Stoichiometry,Hard,Chemistry,Fundamental Concepts
"How many grams of MgO are formed from 24 g of Mg? (Reaction: 2Mg + O2 → 2MgO; Mg = 24 g/mol, O = 16 g/mol)",40 g,20 g,80 g,60 g,A,24 g Mg = 1 mol → 1 mol MgO = 40 g. Option B halves the product mass.,Mass-Mass Stoichiometry,Hard,Chemistry,Fundamental Concepts
A gas cylinder containing CO₂ is easier to liquefy than one containing H₂. Which property explains this behavior?,Higher molar mass of CO₂,Stronger van der Waals forces in CO₂,Lower critical temperature of H₂,Higher atomic radius of hydrogen,B,CO₂ has stronger intermolecular forces. H₂'s weak forces (Option C) make it harder to liquefy.,Gas Laws and Deviations,Medium,Chemistry,Fundamental Concepts
Oxygen has a lower ionization energy than nitrogen despite being more electronegative. Why?,Oxygen has a smaller atomic radius,Oxygen's p-orbital has paired electrons,Nitrogen has a half-filled p-orbital,Oxygen's nucleus has higher charge,C,Nitrogen's stability from half-filled p-orbitals (Option C) makes ionization harder than oxygen.,Periodic Trends Exceptions,Medium,Chemistry,Fundamental Concepts
Which element deviates from the expected electron configuration by filling the d-orbital before the s-orbital?,Chromium,Iron,Copper,Zinc,A,Chromium (Cr) adopts a stable d⁵s¹ configuration. Iron (Option B) follows the standard Aufbau rule.,Atomic Structure Exceptions,Easy,Chemistry,Fundamental Concepts
Noble gases have larger atomic radii than their preceding elements. What causes this?,Increased nuclear shielding,Lower effective nuclear charge,Repulsion between valence electrons,Greater distance between electron shells,D,"Noble gas radii depend on van der Waals forces (Option D), not bonding radii like others.",Periodic Trends Exceptions,Hard,Chemistry,Fundamental Concepts
Water's boiling point is higher than expected for its molar mass. Which factor is primarily responsible?,Hydrogen bonding,Dipole-dipole interactions,London dispersion forces,Molecular shape asymmetry,A,Hydrogen bonds (Option A) in water create higher boiling points. Dipole-dipole forces (B) are weaker.,Chemical Bonding Exceptions,Easy,Chemistry,Fundamental Concepts
"In a reaction with excess sodium thiosulfate, sulfur precipitates slowly. Which exception to stoichiometry could explain this?",Catalytic decomposition of reactants,Formation of intermediate complexes,Side reactions producing gas,Unequal molar ratios in solution,B,Intermediate complexes (Option B) delay product formation. Side reactions (C) produce gas but not slow mixing.,Stoichiometry Anomalies,Medium,Chemistry,Fundamental Concepts
"Which noble gas forms stable compounds under specific conditions, defying the octet rule?",Helium,Neon,Krypton,Argon,C,Krypton forms compounds like KrF₂. Argon (D) is inert under normal conditions.,Chemical Bonding Exceptions,Medium,Chemistry,Fundamental Concepts
Why does the H₂O molecule have a bond angle of 104.5° instead of the ideal tetrahedral 109.5°?,Electron deficiency in oxygen,Lone pair-lone pair repulsion,Hybridization of orbitals,Molecular orbital overlap,B,"Lone pairs (Option B) compress bond angles. Hybridization (C) explains shape, not the deviation.",Molecular Geometry Exceptions,Hard,Chemistry,Fundamental Concepts
The specific heat capacity of water is higher than most liquids. What anomaly explains this?,Hydrogen bonding,Molecular weight,Polarity of molecules,Viscosity,A,"Hydrogen bonds (Option A) require more energy to break. Polarity (C) affects solubility, not heat capacity.",Thermochemistry Anomalies,Medium,Chemistry,Fundamental Concepts
Adding a catalyst to a reaction at equilibrium will:,Shift equilibrium toward products,Decrease activation energy for both forward and reverse reactions,Favor exothermic pathways,Increase yield of products,B,Catalysts lower activation energy equally (Option B). Equilibrium position (A) remains unchanged.,Chemical Equilibrium Exceptions,Hard,Chemistry,Fundamental Concepts
Which acid is an exception to the general rule that higher oxidation state increases acidity?,HClO,H₂SO₄,HClO₄,H₃PO₄,A,HClO (Option A) is weaker than HClO₂ despite lower oxidation state. HClO₄ (C) is exceptionally strong.,Acids and Bases Exceptions,Medium,Chemistry,Fundamental Concepts
The solubility of CO₂ in water decreases with increasing temperature. How does this defy the usual trend?,CO₂ is a nonpolar gas,Henry's law is invalid for CO₂,Gas solubility typically decreases with heat,Formation of carbonic acid increases solubility,C,"Gas solubility decreases with temperature (Option C). CO₂ forms H₂CO₃ (D), but that doesn’t reverse the trend.",Solutions Anomalies,Medium,Chemistry,Fundamental Concepts
Which element's atomic radius is an outlier in its group due to lanthanide contraction?,Tantalum (Ta),Niobium (Nb),Hafnium (Hf),Zirconium (Zr),C,Lanthanide contraction makes Hf (Option C) smaller than expected. Zr (D) is not directly affected.,Periodic Trends Exceptions,Hard,Chemistry,Fundamental Concepts
"Why is the first ionization energy of Be higher than B, even though B has more protons?",Be has a higher atomic radius,B has a half-filled p-orbital,Be has a filled s-orbital,Electron shielding in B is greater,C,Be’s stable filled s-orbital (Option C) makes ionization harder. B’s half-filled p-orbital (B) is more stable.,Periodic Trends Exceptions,Medium,Chemistry,Fundamental Concepts
The melting point of ice decreases with increasing pressure. Which exception to the general trend does this represent?,Ice is less dense than liquid water,Hydrogen bonds weaken under pressure,Ice sublimates instead of melting,Water is an amphoteric substance,A,Ice’s lower density (Option A) causes anomalous melting behavior. Pressure alone (B) doesn’t weaken bonds.,Thermochemistry Anomalies,Hard,Chemistry,Fundamental Concepts
Which property makes diamond an exception to the typical properties of nonmetals?,High luster,Electrical conductivity,Brittleness,High thermal conductivity,D,Diamond conducts heat well. Nonmetals (C) are usually poor thermal conductors.,Materials and Properties Exceptions,Medium,Chemistry,Fundamental Concepts
Why does NH₃ have a higher boiling point than PH₃ despite similar molar masses?,NH₃ has hydrogen bonding,NH₃ is more electronegative,PH₃ has a larger atomic radius,NH₃ is a stronger base,A,Hydrogen bonding in NH₃ (Option A) increases boiling point. PH₃ lacks this (C is irrelevant).,Molecular Interactions Exceptions,Easy,Chemistry,Fundamental Concepts
A student arranges elements by increasing atomic mass but notices argon comes before potassium. Which property determines this order?,Number of neutrons,Atomic number,Ionization energy,Electronegativity,B,"The periodic table is ordered by atomic number, not mass. Argon (Z=18) comes before potassium (Z=19), despite higher mass.",Periodic Table Anomalies,Easy,Chemistry,Fundamental Concepts
"At 4°C, water reaches maximum density. What makes this temperature significant?",Hydrogen bonds break completely,Molecules are closest packed,Vapor pressure is highest,Kinetic energy is maximum,B,"Water's density peaks at 4°C due to hydrogen bond arrangement. At 0°C, ice forms with open structure, making it less dense.",Anomalous Expansion of Water,Easy,Chemistry,Fundamental Concepts
A student notes that ice floats on water. Which property allows this anomalous behavior?,High surface tension,Lower density of solid phase,Hydrogen bonding in liquid form,Higher specific heat capacity,B,Ice has lower density due to hydrogen-bonded crystalline structure. Option C is a true fact but doesn't directly explain buoyancy.,Physical Properties of Water,Easy,Chemistry,Fundamental Concepts
Which element shows a +6 oxidation state but cannot form a stable hexafluoride?,Sulfur,Oxygen,Selenium,Tellurium,B,"Oxygen lacks d-orbitals needed for expanded octet. Sulfur's hexafluoride is stable (SF₆), making Option A a distractor.",Oxidation States,Medium,Chemistry,Fundamental Concepts
Why does neon exhibit zero electron gain enthalpy despite being a period 2 element?,Fully filled valence shell,High ionization energy,Small atomic radius,Low electronegativity,A,Noble gases resist adding electrons due to stable configurations. Option B refers to ionization not electron gain.,Periodic Trends,Hard,Chemistry,Fundamental Concepts
Which pair of elements shows inverted atomic radius order in their group?,"Li, Be","O, S","Al, Si","Sn, Pb",D,Lead's relativistic effects reduce its radius below tin. Option A follows normal group trend but incorrect pairing.,Atomic Structure,Medium,Chemistry,Fundamental Concepts
A solution forms a non-stoichiometric hydride with hydrogen. Which element is this?,Carbon,Beryllium,Lithium,Boron,D,Boron forms amorphous hydrides with variable H:metal ratios. Lithium hydride (LiH) has fixed stoichiometry.,Hydrides,Medium,Chemistry,Fundamental Concepts
Which element's oxide is amphoteric despite being in Group 2?,Magnesium,Calcium,Barium,Beryllium,D,Beryllium shows diagonal relationship with aluminum. Group 2 oxides are typically basic.,Acid-Base Properties,Easy,Chemistry,Fundamental Concepts
Why does helium's ionization energy exceed that of hydrogen?,Smaller atomic radius,Higher nuclear charge,Greater electron-electron repulsion,Stable filled shell configuration,D,Helium's 1s² configuration is exceptionally stable. Hydrogen's single electron is easier to remove.,Ionization Energy,Medium,Chemistry,Fundamental Concepts
Which Group 15 element forms a covalent nitride unlike others in its group?,Phosphorus,Arsenic,Antimony,Bismuth,A,Phosphorus nitride is covalent; heavier elements form ionic nitrides. Option D forms metallic compounds.,Nitrides,Medium,Chemistry,Fundamental Concepts
"Which element's trichloride is liquid at room temperature, defying group trend?",Aluminum,Boron,Gallium,Indium,B,Boron trichloride's low molecular weight gives liquid state. Metal chlorides (Al/Ca) are ionic solids.,Halides,Hard,Chemistry,Fundamental Concepts
Why does sulfur's oxidation state exceed that of oxygen in compounds?,Oxygen lacks d-orbitals,Sulfur has higher electronegativity,Oxygen forms double bonds,Sulfur is larger in size,A,Oxygen's octet limits oxidation states. Sulfur uses d-orbitals for expanded valency.,Oxidation States,Medium,Chemistry,Fundamental Concepts
Which rare gas forms a stable compound with fluorine and oxygen?,Neon,Argon,Xenon,Krypton,C,Xenon's large size allows bonding despite noble gas inertness. Argon compounds are unstable.,Noble Gas Compounds,Easy,Chemistry,Fundamental Concepts
Which element's carbonate is stable to heat despite being a Group 2 metal?,Barium,Calcium,Strontium,Beryllium,D,"Beryllium carbonate decomposes easily, but its hydrated form exists longer. Group 2 carbonates trend is opposite.",Thermal Stability,Hard,Chemistry,Fundamental Concepts
Which element's +2 oxidation state is more stable than +3 despite being in Group 13?,Boron,Aluminum,Gallium,Thallium,D,Thallium shows inert pair effect stabilizing +1 over +3. Aluminum's +3 is most stable.,Oxidation States,Medium,Chemistry,Fundamental Concepts
Which element's hydride is a strong reducing agent but not a stable compound?,Ammonia,Phosphine,Hydrazine,Water,B,Phosphine decomposes easily but reduces metal ions. Water is stable and non-reducing.,Hydrides,Medium,Chemistry,Fundamental Concepts
Which element's atomic radius is smaller than expected in its period?,Fluorine,Chlorine,Oxygen,Nitrogen,A,Fluorine's high electron-electron repulsion reduces effective nuclear charge. Chlorine radius follows normal trend.,Atomic Size,Easy,Chemistry,Fundamental Concepts
Why does nitrogen not form pentahalides while phosphorus does?,Nitrogen lacks d-orbitals,Nitrogen is less electronegative,Phosphorus has lower ionization energy,Phosphorus forms metallic bonds,A,Nitrogen's expanded octet capability is limited by orbital availability. Phosphorus uses d-orbitals for bonding.,Valency,Medium,Chemistry,Fundamental Concepts
Which transition metal ion has a smaller ionic radius than expected in its isoelectronic series?,Al³+,Na⁺,Mg²+,O²-,A,Higher charge of Al³+ increases effective nuclear pull. O²- is larger due to lower nuclear charge.,Ionic Radius,Hard,Chemistry,Fundamental Concepts
Which element's diatomic gas is paramagnetic despite having an even number of electrons?,Oxygen,Nitrogen,Fluorine,Chlorine,A,O₂ has two unpaired electrons in molecular orbitals. Nitrogen is diamagnetic with all paired electrons.,Magnetic Properties,Medium,Chemistry,Fundamental Concepts
Which element shows a lower melting point than its group neighbors due to molecular structure?,Carbon (diamond),Silicon,Germanium,Sulfur,D,Sulfur's S₈ rings have weak intermolecular forces. Diamond's covalent network gives high melting point.,Melting Points,Medium,Chemistry,Fundamental Concepts
Which element's electron gain enthalpy is less negative than predicted by its group?,Fluorine,Chlorine,Bromine,Iodine,A,Fluorine's small size increases electron-electron repulsion. Chlorine's enthalpy is more exothermic.,Electron Gain Enthalpy,Hard,Chemistry,Fundamental Concepts
A 16-year-old athlete feels muscle fatigue during a sprint. Which process is responsible for the rapid ATP production in this situation?,Aerobic respiration,Glycolysis,Anaerobic respiration,Krebs cycle,C,"Anaerobic respiration produces ATP quickly without oxygen, unlike aerobic processes. Glycolysis (B) is part of both but slower.",Energy Production in Cells,Easy,Chemistry,Fundamental Concepts
A researcher observes that oxygen's first ionization energy is lower than nitrogen's. What is the primary reason for this anomaly?,Oxygen has a higher nuclear charge,Electron-electron repulsion in paired p-orbitals of oxygen,Smaller atomic radius of oxygen,Higher shielding effect in nitrogen,B,"Paired electrons in oxygen's p-orbitals increase repulsion, making ionization easier than in nitrogen's half-filled orbitals.",Periodic Trends,Medium,Chemistry,Fundamental Concepts
Which hydride exhibits a significantly higher melting point compared to other Group 16 hydrides due to hydrogen bonding?,H₂S,H₂O,H₂Se,H₂Te,B,Hydrogen bonding in water (B) creates an abnormally high melting point compared to weaker van der Waals forces in others.,Hydrogen Bonding,Easy,Chemistry,Fundamental Concepts
Which element deviates from the general trend of decreasing atomic radius across Period 3 due to its noble gas configuration?,Sodium,Silicon,Chlorine,Argon,D,"Argon (D) has a complete shell, making its radius larger than chlorine despite atomic number.",Atomic Radius,Medium,Chemistry,Fundamental Concepts
"Why does ice float on water, defying the typical behavior of solids being denser than liquids?",Hydrogen bonding creates a hexagonal lattice,Lower molecular weight of ice,Increased kinetic energy of solid water,Impurities in liquid water,A,"Hydrogen bonds in ice (A) form an open structure, reducing density compared to liquid water.",Physical Properties of Water,Hard,Chemistry,Fundamental Concepts
Which pair of elements shows a diagonal relationship due to similar charge/radius ratios?,Li and Mg,Na and K,Mg and Al,Be and Mg,A,Lithium and magnesium (A) share properties due to their diagonal positioning and similar charge/radius ratios.,Periodic Table Relationships,Medium,Chemistry,Fundamental Concepts
Which Group 2 sulfate is an exception to the general trend of decreasing solubility down the group?,MgSO₄,CaSO₄,SrSO₄,BaSO₄,A,"Magnesium sulfate (A) is highly soluble, while solubility decreases for others in the group.",Solubility Trends,Easy,Chemistry,Fundamental Concepts
Which transition metal's +2 oxidation state is more stable than its +3 state due to the inert pair effect?,Iron,Lead,Copper,Zinc,B,"Lead(II) (B) is stable due to the inert pair effect, unlike higher oxidation states in the group.",Oxidation States,Medium,Chemistry,Fundamental Concepts
Which element's electron affinity is lower than expected due to electron-electron repulsion in its p-orbital?,Fluorine,Chlorine,Nitrogen,Oxygen,C,"Nitrogen's half-filled p-orbitals (C) are more stable, reducing its electron affinity.",Electron Affinity,Hard,Chemistry,Fundamental Concepts
"Which nitrate decomposes to form nitrogen dioxide and oxygen gas upon heating, unlike other Group 1 nitrates?",NaNO₃,KNO₃,LiNO₃,RbNO₃,C,Lithium nitrate (C) decomposes differently due to its smaller size and higher lattice energy.,Decomposition Reactions,Medium,Chemistry,Fundamental Concepts
"Which noble gas forms stable compounds despite being generally inert, due to its large atomic size?",Neon,Argon,Xenon,Krypton,C,Xenon (C) forms compounds like XeF₆ due to its size and lower ionization energy.,Noble Gas Compounds,Easy,Chemistry,Fundamental Concepts
Which metal's carbonate is less thermally stable than expected due to its small ionic size?,Calcium,Barium,Lithium,Potassium,C,Lithium carbonate (C) decomposes easily due to its small size and low thermal stability.,Carbonate Stability,Hard,Chemistry,Fundamental Concepts
Which Group 14 hydride has an abnormally low boiling point compared to its group trend due to weaker intermolecular forces?,CH₄,SiH₄,GeH₄,SnH₄,A,"Methane (A) lacks hydrogen bonding, unlike heavier hydrides, leading to lower boiling points.",Hydride Properties,Medium,Chemistry,Fundamental Concepts
Which element's fluoride is less soluble in water than its chloride due to high lattice energy?,Sodium,Potassium,Lithium,Rubidium,C,"Lithium fluoride (C) has high lattice energy, reducing solubility compared to LiCl.",Solubility of Salts,Hard,Chemistry,Fundamental Concepts
A laboratory technician measures the density of water at 4°C and finds it higher than at 0°C. Which property explains this observation?,Hydrogen bonding,Cohesive forces,Anomalous expansion,Surface tension,C,Water reaches maximum density at 4°C due to hydrogen bonding. Option a is a contributing factor but not the named property.,Anomalous expansion of water,Easy,Chemistry,Fundamental Concepts
The ionization energy of aluminum is lower than magnesium despite being next in the period. What causes this deviation?,Increased nuclear charge,3p subshell instability,Greater atomic radius,Effective shielding,B,"Aluminum's first 3p electron starts a new subshell, lowering ionization energy. Option d relates to shielding but is not the primary cause.",Ionization energy exceptions,Medium,Chemistry,Fundamental Concepts
Chlorine has a higher electron affinity than fluorine. Which factor explains this anomaly?,Higher atomic radius of Cl,Lower nuclear charge of Cl,Greater electron-electron repulsion in Cl,Weaker effective nuclear charge in F,D,"Fluorine's small size causes stronger repulsion, reducing electron affinity. Option a is incorrect as Cl's radius is larger but not the sole reason.",Electron affinity trends,Medium,Chemistry,Fundamental Concepts
Which element in group 15 forms a solid with a melting point lower than its adjacent group members?,Phosphorus,Arsenic,Antimony,Bismuth,A,White phosphorus has a molecular structure with weak intermolecular forces. Option b forms metallic bonds with higher melting points.,Melting point anomalies,Medium,Chemistry,Fundamental Concepts
"Beryllium hydroxide is amphoteric, unlike other group 2 hydroxides. What causes this behavior?",Highly charged Be²+ ion,Smaller ionic radius of Be²+,Strong covalent character,Lower ionization energy,C,Be(OH)₂'s covalent character allows it to react with acids and bases. Option a is true but not the direct reason for amphoteric nature.,Hydroxide solubility exceptions,Hard,Chemistry,Fundamental Concepts
Dioxygen (O₂) has a lower electron affinity than sulfur. What explains this deviation from the trend?,Smaller atomic radius of O,Greater nuclear charge of S,Lower electronegativity of O,Stable electron configuration of O,D,Oxygen's stable half-filled 2p subshell resists adding electrons. Option a is true but not the primary cause.,Electron affinity exceptions,Hard,Chemistry,Fundamental Concepts
Why is the first ionization energy of nitrogen higher than oxygen despite periodic trends?,More stable half-filled 2p subshell,Greater nuclear charge in O,Smaller atomic radius of N,Stronger electron shielding in O,A,Nitrogen's half-filled 2p orbital provides extra stability. Option b is true but not the reason for the anomaly.,Ionization energy anomalies,Medium,Chemistry,Fundamental Concepts
"The solubility of Group 2 sulfates decreases down the group, but BaSO₄ is exceptionally insoluble. What causes this?",Higher lattice energy,Stronger hydration energy,Covalent character,Hydrolysis of sulfate ion,A,"BaSO₄'s high lattice energy overcomes hydration. Option c is incorrect as it's ionic, not covalent.",Solubility exceptions,Medium,Chemistry,Fundamental Concepts
Silicon dioxide (SiO₂) has a much higher melting point than carbon dioxide (CO₂). Why is this?,Stronger covalent bonds in CO₂,Network structure in SiO₂,Larger molecular mass of SiO₂,Polarity of CO₂,B,SiO₂ forms a covalent network solid. Option a is incorrect as CO₂ is a molecular solid with weaker forces.,Melting point comparisons,Easy,Chemistry,Fundamental Concepts
Which element in Group 13 forms a chloride with a significantly lower melting point than its neighbors?,Boron,Aluminum,Gallium,Thallium,C,GaCl₃ is molecular with weak intermolecular forces. Option b forms an ionic chloride with higher melting point.,Melting point anomalies,Medium,Chemistry,Fundamental Concepts
"The thermal stability of group 2 nitrates decreases down the group, but Be(NO₃)₂ is an exception. Why?",Smaller Be²+ ion,Stronger ionic bonds,Covalent character,Higher lattice energy,C,Be(NO₃)₂'s covalent character makes it less stable. Option a is true but not the direct reason.,Thermal stability exceptions,Hard,Chemistry,Fundamental Concepts
Ammonia (NH₃) has a much higher boiling point than phosphine (PH₃). What causes this difference?,Greater molecular mass of NH₃,Hydrogen bonding in NH₃,Stronger dipole-dipole forces in PH₃,Higher electronegativity of P,B,NH₃ forms strong hydrogen bonds. Option a is incorrect as PH₃ is heavier but has weaker intermolecular forces.,Hydrogen bonding anomalies,Easy,Chemistry,Fundamental Concepts
Fluorine's reactivity is less predictable than other halogens. Which property contributes to this?,Smallest atomic radius,Highest electronegativity,Lower bond dissociation energy,Strongest oxidizing agent,C,F₂'s weak F-F bond causes side reactions. Option d is true but not the reason for unpredictability.,Halogens reactivity,Medium,Chemistry,Fundamental Concepts
Why does lithium resemble magnesium more than other Group 1 elements?,Similar atomic radius,Diagonal relationship,Same group position,Equal ion charge,B,Li and Mg share properties due to similar charge-to-radius ratios. Option a is coincidental but not the cause.,Diagonal relationships,Medium,Chemistry,Fundamental Concepts
The atomic radius of potassium is unexpectedly smaller than expected in its group. What causes this?,Poor shielding by d-electrons,Higher effective nuclear charge,Greater electron repulsion,Stronger ionization effect,A,Poor d-electron shielding in K reduces its radius. Option b is true but not the direct cause.,Atomic radius anomalies,Hard,Chemistry,Fundamental Concepts
"Which element's oxide is amphoteric, unlike other Group 13 oxides?",Aluminum,Boron,Gallium,Indium,A,"Al₂O₃ reacts with both acids and bases. Option b forms an acidic oxide, not amphoteric.",Amphoteric oxides,Medium,Chemistry,Fundamental Concepts
Carbon monoxide (CO) is less reactive than expected for a small molecule. Why is this?,High bond energy,Triple bond character,Polarity of CO,Low molecular weight,B,The triple bond in CO makes it less reactive. Option a is true but not the primary reason.,Bond strength anomalies,Medium,Chemistry,Fundamental Concepts
The ionic radius of O²⁻ is larger than F⁻. What explains this trend?,Lower nuclear charge in O,Greater electron-electron repulsion,More protons in F,Higher ionization energy,A,"O²⁻ has fewer protons, so electrons are less tightly held. Option b is true but a secondary effect.",Ionic radius exceptions,Easy,Chemistry,Fundamental Concepts
Why is the density of cesium lower than expected in its group?,Atomic size increase,Metallic bonding weakness,Crystal structure,Electron shielding,C,Cesium's body-centered cubic structure creates lower density. Option a is a general trend but not the anomaly cause.,Density anomalies,Hard,Chemistry,Fundamental Concepts
Which element in Group 14 forms a tetravalent ion but is less stable than others?,Carbon,Silicon,Lead,Germanium,C,Lead's +2 oxidation state is more stable (inert pair effect). Option a is primarily tetravalent and stable.,Oxidation state anomalies,Medium,Chemistry,Fundamental Concepts
A student compares the electrical conductivity of sodium chloride (NaCl) and carbon tetrachloride (CCl4) in molten states. Which statement correctly explains the difference?,"NaCl conducts electricity due to free ions, while CCl4 does not conduct as it is covalent.","CCl4 conducts electricity due to polar bonds, while NaCl does not conduct as it is ionic.",Both conduct electricity equally because all molten compounds conduct.,Neither conducts electricity because molten state eliminates ion mobility.,A,Ionic compounds like NaCl dissociate into free ions in molten state; covalent compounds like CCl4 do not. Option B fails as CCl4 is nonpolar and covalent.,Ionic vs. Covalent Bonding,Medium,Chemistry,Fundamental Concepts
"Which process explains why mothballs (naphthalene) sublime at room temperature, while ice melts?",Naphthalene has weaker intermolecular forces than water.,Naphthalene is a covalent network solid unlike ice.,Ice requires more kinetic energy to overcome hydrogen bonds.,Sublimation occurs only for polar compounds like naphthalene.,A,Weaker London dispersion forces in naphthalene allow sublimation. Option C is incorrect as hydrogen bonds are stronger in ice.,Intermolecular Forces,Hard,Chemistry,Fundamental Concepts
Which property is higher in diamond compared to graphite?,Electrical conductivity,Melting point,Ductility,Hardness,D,Diamond's tetrahedral covalent network gives higher hardness. Graphite has layered structure with weak interlayer bonds.,Allotropes of Carbon,Easy,Chemistry,Fundamental Concepts
"When comparing H2O(l) and CH3OH(l) at 25°C, which has higher vapor pressure?",H2O due to stronger hydrogen bonding.,CH3OH due to longer carbon chain.,CH3OH due to weaker intermolecular forces.,H2O due to higher molecular mass.,C,Methanol (CH3OH) has slightly weaker hydrogen bonds than water. Option A is incorrect as weaker forces increase vapor pressure.,Vapor Pressure,Medium,Chemistry,Fundamental Concepts
Which change is physical but not chemical?,Rusting of iron,Melting of wax,Digestion of food,Combustion of wood,B,Melting is physical change with no new substance formed. Rusting involves oxidation (chemical).,Types of Changes,Easy,Chemistry,Fundamental Concepts
Which property differentiates a true solution from a colloidal dispersion?,Tyndall effect visibility,Solubility in water,Diffusion through filter paper,Color of the solution,A,Colloids exhibit Tyndall effect due to larger particle size. Solutions do not show this effect.,Solutions and Colloids,Medium,Chemistry,Fundamental Concepts
Which process releases energy: melting of ice or condensation of steam?,Melting of ice as particles absorb heat.,Condensation of steam as particles release heat.,Both absorb energy equally.,Neither process releases energy.,B,Condensation is exothermic (releases heat). Melting is endothermic (absorbs heat).,Exothermic vs. Endothermic,Easy,Chemistry,Fundamental Concepts
Why does potassium (K) have a lower ionization energy than sodium (Na)?,K has more electron shells than Na.,Na has a smaller atomic radius than K.,K has a higher nuclear charge than Na.,Na has a greater shielding effect than K.,A,Greater atomic size in K reduces nuclear attraction on valence electrons. Option B is incorrect as smaller size increases ionization energy.,Periodic Trends,Hard,Chemistry,Fundamental Concepts
Which statement correctly contrasts dilution and dilution?,Dilution reduces concentration by adding more solute.,Dilution reduces concentration by adding more solvent.,Dilution increases solubility but not concentration.,Dilution changes neither concentration nor solubility.,B,Dilution involves adding solvent to decrease concentration. Option A incorrectly describes addition of solute as dilution.,Solutions,Medium,Chemistry,Fundamental Concepts
Which substance will have a higher boiling point: CH4 or NH3?,CH4 due to stronger dispersion forces.,NH3 due to hydrogen bonding.,Both have same boiling point as they are isoelectronic.,CH4 due to smaller molecular size.,B,Ammonia's hydrogen bonds require more energy to break. CH4 only has weak London forces.,Boiling Points,Easy,Chemistry,Fundamental Concepts
Which statement is true about the reaction: 2H2(g) + O2(g) → 2H2O(l) + energy?,It is endothermic and exergonic.,It is exothermic and entropy decreases.,It is endergonic and spontaneous.,It is isothermal and reversible.,B,"Energy is released (exothermic), and liquid water has lower entropy than gases. Option A fails as endothermic is incorrect.",Thermodynamics,Hard,Chemistry,Fundamental Concepts
Which property is characteristic of a non-aqueous solution but not an aqueous solution?,Electrical conductivity,Hydrogen bonding,High dielectric constant,Use of ammonia as solvent,D,Non-aqueous solutions use solvents like alcohol or ammonia. Aqueous solutions use water as solvent.,Solutions,Medium,Chemistry,Fundamental Concepts
Which process is used to separate components of air based on different boiling points?,Chromatography,Fractional distillation,Centrifugation,Filtration,B,Fractional distillation separates based on boiling point differences. Chromatography is for colorless mixtures.,Separation Techniques,Easy,Chemistry,Fundamental Concepts
Which statement differentiates a strong acid from a weak acid?,Strong acids dissociate completely in water.,Weak acids have higher pH values when concentrated.,Strong acids are always binary compounds.,Weak acids cannot neutralize bases.,A,Complete dissociation is a defining feature of strong acids. Weak acids partially dissociate (option B is misleading).,Acids and Bases,Medium,Chemistry,Fundamental Concepts
Which substance is an example of a network solid?,Diamond,Sulfur,Phosphorus,Ice,A,Diamond has a continuous covalent network. Sulfur and phosphorus form molecular crystals.,Solids,Easy,Chemistry,Fundamental Concepts
Which statement correctly compares the molarity and molality of a sodium chloride solution?,"Molarity considers volume, molality considers mass.","Molarity is temperature-independent, molality is not.",Molarity and molality are numerically equal for dilute solutions.,"Molarity is measured in grams per liter, molality in moles per gram.",A,"Molarity requires solution volume (dependent on temperature), molality uses solvent mass. Option C is an exception but not general rule.",Concentration Units,Hard,Chemistry,Fundamental Concepts
Which property is the same for isotopes of the same element?,Atomic mass,Chemical properties,Radioactivity,Neutron count,B,"Isotopes have same electron configuration, so chemical properties are identical. Atomic mass differs (option A).",Atomic Structure,Medium,Chemistry,Fundamental Concepts
Which statement explains why metallic solids conduct electricity but ionic solids do not in solid state?,Metallic solids have mobile electrons; ionic solids have fixed ions.,"Metallic solids are always pure, ionic solids are impure.",Ionic solids melt at lower temperatures than metallic solids.,"Metallic solids have covalent bonding, ionic solids have electrostatic bonding.",A,Free electrons in metals conduct electricity. Ions in ionic solids are fixed until melted.,Conductivity,Easy,Chemistry,Fundamental Concepts
Which statement distinguishes a saturated solution from a supersaturated solution?,A saturated solution contains more solute than solvent.,A supersaturated solution is unstable and precipitates upon agitation.,Saturated solutions are always dilute.,Supersaturated solutions have lower concentration than saturated.,B,Supersaturated solutions are metastable and prone to precipitation. Option A is incorrect as saturation depends on solubility.,Solutions,Medium,Chemistry,Fundamental Concepts
Which property is higher in a polar molecule compared to a non-polar molecule of similar molecular mass?,Vapor pressure,Boiling point,Diffusivity,Electrical conductivity,B,"Polar molecules have stronger dipole-dipole interactions, increasing boiling point. Non-polar molecules evaporate more easily.",Polarity,Medium,Chemistry,Fundamental Concepts
A solution's concentration is 1 molal. Which scenario would NOT affect this measurement?,Heating the solution to 50°C,Diluting with additional solvent,Adding solute particles,Changing atmospheric pressure,A,"Molality uses mass-based units, so temperature changes don't affect it. Molarity would change.",Concentration Units,Medium,Chemistry,Fundamental Concepts
A compound's simplest formula is CH₂O. Its molar mass is 180 g/mol. What is the correct molecular formula?,CH₂O,C₆H₁₂O₆,C₂H₄O₂,C₃H₆O₃,B,Multiply empirical formula mass (30 g/mol) by 6 to match molar mass. CH₂O×6 = C₆H₁₂O₆.,Empirical vs Molecular Formulas,Medium,Chemistry,Fundamental Concepts
"When ice melts, thermal energy is absorbed. What type of process is this?",Exothermic,Endothermic,Isenthalpic,Adiabatic,B,"Endothermic processes absorb heat. Exothermic releases heat (e.g., combustion).",Energy Changes in Reactions,Easy,Chemistry,Fundamental Concepts
"In a lab experiment, 2 moles of H₂ react with 1 mole of O₂ to form water. Which reactant is limiting if 3 moles of H₂ are used instead?",O₂,H₂,Water,No limiting reactant,A,O₂ is consumed first (1:2 H₂:O₂ ratio). Excess H₂ remains.,Limiting Reactants,Medium,Chemistry,Fundamental Concepts
How many molecules are in 1 mole of oxygen gas (O₂)?,32 g,6.022×10²³ atoms,6.022×10²³ molecules,16×10⁻²³ molecules,C,Avogadro's number defines 1 mole = 6.022×10²³ particles. Molar mass (option A) is 32 g.,Mole Concept,Easy,Chemistry,Fundamental Concepts
Which reaction type describes the breakdown of water into hydrogen and oxygen gases?,Synthesis,Decomposition,Single displacement,Neutralization,B,Decomposition splits compounds into simpler substances. Synthesis combines them.,Reaction Types,Easy,Chemistry,Fundamental Concepts
A student calculates 80% yield for a reaction. Which step likely caused this inefficiency?,Precipitate filtration,Solvent evaporation,Impurities in reactants,Excess catalyst use,C,"Impurities reduce actual yield. Filtration errors (A) might cause lower yields, not impurities.",Reaction Yield,Hard,Chemistry,Fundamental Concepts
Which property remains constant in a closed system during gas reactions at constant temperature?,Volume,Pressure,Mole number,Mass,D,Mass is conserved in closed systems. Volume (A) and pressure (B) vary with reaction.,Conservation Laws,Medium,Chemistry,Fundamental Concepts
Compare 1 mole of CO₂ vs 1 mole of CO. Which statement is correct?,Same mass,Same number of molecules,Same number of oxygen atoms,Same volume at STP,B,1 mole of any gas has 6.022×10²³ molecules. Mass (A) and oxygen atoms (C) differ.,Mole vs Mass,Medium,Chemistry,Fundamental Concepts
Which intermolecular force is stronger than dipole-dipole interactions but weaker than ionic bonds?,London dispersion,Hydrogen bonding,Covalent bonds,Metallic bonds,B,Hydrogen bonds are stronger than dipole-dipole but weaker than ionic. London forces are weakest.,Intermolecular Forces,Hard,Chemistry,Fundamental Concepts
A reaction has ΔH = -50 kJ/mol. What happens to the system?,Absorbs 50 kJ/mol,Releases 50 kJ/mol,Requires activation energy,Reaches equilibrium faster,B,Negative ΔH means exothermic; energy is released. Endothermic reactions (A) have positive ΔH.,Enthalpy Changes,Easy,Chemistry,Fundamental Concepts
Which solution has the highest boiling point elevation?,0.1 M NaCl,0.1 M C₆H₁₂O₆,0.1 M CaCl₂,0.1 M CH₃OH,C,"CaCl₂ dissociates into 3 ions (i=3), increasing boiling point more than NaCl (i=2).",Colligative Properties,Hard,Chemistry,Fundamental Concepts
What is the primary difference between ¹²C and ¹⁴C isotopes?,Atomic number,Neutron count,Electron configuration,Chemical reactivity,B,Isotopes differ in neutron number (¹²C: 6 neutrons; ¹⁴C: 8). Atomic number (A) is same.,Isotopes and Atomic Structure,Easy,Chemistry,Fundamental Concepts
A precipitate forms when AgNO₃ reacts with NaCl. What type of reaction is this?,Acid-base,Precipitation,Redox,Combustion,B,Precipitation reactions form insoluble salts. Redox (C) involves electron transfer.,Reaction Types,Medium,Chemistry,Fundamental Concepts
Which gas law is violated if pressure increases while volume decreases at constant temperature?,Charles's Law,Gay-Lussac's Law,Boyle's Law,Avogadro's Law,C,Boyle's Law states inverse proportionality between pressure and volume. Charles's Law (A) involves temperature-volume.,Gas Laws,Medium,Chemistry,Fundamental Concepts
Compare 1 M HCl and 1 M CH₃COOH. Which statement is correct?,Both have same pH,Both ionize completely,Both are strong acids,Both neutralize NaOH equally,D,Neutralization equivalents depend on molarity. Acetic acid (weak acid) doesn't fully ionize.,Acid-Base Concepts,Hard,Chemistry,Fundamental Concepts
Which particle carries a positive charge?,Anion,Cation,Neutron,Electron,B,Cations are positively charged ions. Anions (A) are negative.,Atomic Structure,Easy,Chemistry,Fundamental Concepts
A 2.0 L container holds 0.5 moles of gas at STP. What is the pressure?,5.6 atm,22.4 atm,1 atm,0.5 atm,C,"At STP, 1 mole = 22.4 L. Pressure remains 1 atm regardless of moles.",Gas Laws,Medium,Chemistry,Fundamental Concepts
Which compound forms a covalent network solid?,CO₂,SiO₂,H₂O,CH₄,B,SiO₂ has covalent bonds in a 3D lattice. CO₂ (A) is a molecular solid.,Bonding Types,Hard,Chemistry,Fundamental Concepts
A 50% dissociation in a weak acid implies what about its Ka?,Ka > 1,Ka = 1,Ka < 1,Ka = 0,C,"Weak acids have small Ka values (<<1). 50% dissociation is high for weak acids, but Ka < 1.",Acid Dissociation,Hard,Chemistry,Fundamental Concepts
A chemist observes two compounds with formulas C3H6O. Both have different boiling points. Structural isomerism is ruled out. Which property distinguishes them?,Position of carbonyl group,Hydrogen bonding capability,Geometric isomerism,Functional group type,C,Geometric isomers differ in spatial arrangement. Functional group type and position differ in structural isomerism.,Isomerism,Hard,Chemistry,Fundamental Concepts
A lab test shows two hydrocarbons with same molecular formula C5H10. Both decolorize bromine water. What differentiates them?,Alkene vs. alkyne structure,Position of double bond,Cycloalkane vs. alkene,Single vs. double bond count,C,Cycloalkanes lack double bonds. Positional isomerism doesn't explain decolorization.,Hydrocarbons,Medium,Chemistry,Fundamental Concepts
A student mixes NaCl and CCl4 in water. Which observation confirms ionic vs. covalent behavior?,NaCl dissolves; CCl4 doesn't,Both dissolve but form layers,NaCl conducts electricity; CCl4 doesn't,Both produce gas when heated,C,Ionic compounds dissociate into ions. CCl4 is nonpolar and doesn't conduct.,Chemical Bonding,Medium,Chemistry,Fundamental Concepts
Two samples have same empirical formula CH2O but different molar masses. What explains this?,Isotopic variation,Structural isomerism,Polymerization degree,Stoichiometry error,C,Polymer chain length affects molar mass. Isomerism doesn't change molar mass.,Stoichiometry,Hard,Chemistry,Fundamental Concepts
A reaction produces gas when Zn is added to HCl but not to H2SO4. Which property explains this?,Acid strength,Oxidizing ability,Concentration difference,Hydrogen ion availability,B,H2SO4 is a stronger oxidizer. Acid strength alone wouldn't explain the result.,Acid-Base Reactions,Medium,Chemistry,Fundamental Concepts
Ethanol and dimethyl ether have same molecular formula C2H6O. Which property proves their structural difference?,Melting point,Flammability,Hydrogen bonding,Carbon count,C,Ethanol forms hydrogen bonds. Structural isomers differ in intermolecular forces.,Isomerism,Medium,Chemistry,Fundamental Concepts
A solution conducts electricity but doesn't change pH. Which substance is dissolved?,NaOH,CH3COOH,NaCl,NH3,C,NaCl dissociates into ions. Acids/bases would change pH regardless of dissociation.,Electrolytes,Easy,Chemistry,Fundamental Concepts
Two alkanes with 5 and 6 carbon atoms are compared. Which property shows the most significant difference?,Boiling point,Flame color,Density,Combustion products,A,Boiling point increases with molecular weight. Other properties are similar for alkanes.,Hydrocarbon Properties,Easy,Chemistry,Fundamental Concepts
A reaction forms a precipitate when AgNO3 is added. Which ion confirms this?,Cl-,SO4^2-,CO3^2-,NO3^-,A,AgCl is insoluble. Sulfate and carbonate form soluble nitrates.,Precipitation Reactions,Easy,Chemistry,Fundamental Concepts
Two metals react with dilute HCl. One produces H2 gas faster. Which factor differentiates them?,Metal hardness,Surface area,Electron configuration,Position in reactivity series,D,Reactivity series dictates H2 production rate. Other factors don't explain the fundamental difference.,Metallurgy,Medium,Chemistry,Fundamental Concepts
A compound melts at 80°C and dissolves in water. What's its probable bonding type?,Covalent network,Metallic,Ionic,Polar covalent,D,Polar covalent compounds can dissolve in water. Ionic solids have higher melting points.,Chemical Bonding,Medium,Chemistry,Fundamental Concepts
A 0.1M solution of HCl and 0.1M solution of CH3COOH are compared. Which property differs most?,Conductivity,Volume,pH,Molarity,C,Strong vs. weak acid differs in H+ concentration. Molarity is same for both.,Acid Strength,Hard,Chemistry,Fundamental Concepts
Two samples of CO2 are at different pressures. What remains constant?,Volume,Number of moles,Density,Temperature,B,n remains constant if mass and gas type are same. Volume varies with pressure.,Gas Laws,Easy,Chemistry,Fundamental Concepts
An element's electron configuration ends in 3p^5. Which property distinguishes it from 3p^4?,Atomic radius,Electronegativity,Oxidation state,Ionization energy,D,Ionization energy increases with filling 3p subshell. Electronegativity shows smaller difference.,Periodic Trends,Hard,Chemistry,Fundamental Concepts
A reaction forms a gas that turns limewater milky. Which reagent confirms this?,HCl,H2SO4,NaHCO3,NaOH,C,CO2 from NaHCO3 reacts with Ca(OH)2. Other acids don't produce CO2.,Gas Tests,Medium,Chemistry,Fundamental Concepts
Two compounds have same carbon-to-hydrogen ratio but different properties. What explains this?,Isotopic variation,Functional group difference,Molecular weight,Phase at room temperature,B,Functional groups determine chemical behavior. Ratio alone doesn't explain property differences.,Hydrocarbons,Hard,Chemistry,Fundamental Concepts
A solution turns blue litmus red. Another doesn't change litmus. Both conduct electricity. What distinguishes them?,pH,Concentration,Electrolyte type,Conductivity level,A,Acid vs. salt solution: pH determines litmus reaction. Both can conduct.,Acid-Base Indicators,Medium,Chemistry,Fundamental Concepts
A student adds excess BaCl2 to a solution. White precipitate forms. Which ion confirms this?,SO4^2-,CO3^2-,NO3^-,S^2-,A,BaSO4 is insoluble. Carbonate precipitates dissolve in acid.,Precipitation Reactions,Easy,Chemistry,Fundamental Concepts
Two elements in same group show similar reactivity but different melting points. What explains this?,Atomic size,Electron affinity,Ionic charge,Metallic character,A,Atomic size affects melting points. Group trends maintain reactivity patterns.,Periodic Trends,Medium,Chemistry,Fundamental Concepts
A reaction reaches equilibrium in closed but not open container. Which property depends on this?,Reaction rate,Product concentration,Gas pressure,Energy change,B,Open systems lose volatile products. Equilibrium depends on product retention.,Chemical Equilibrium,Hard,Chemistry,Fundamental Concepts
A student is asked to calculate the number of particles in 2 moles of oxygen gas. Which term refers to the unit used here?,Molecule,Mole,Avogadro's number,Molecular mass,B,"Mole is the unit for counting particles. A (molecule) is a specific particle, C is the count, D is mass.",Mole Concept,Easy,Chemistry,Fundamental Concepts
A compound has a molecular mass of 60 g/mol and an empirical formula of CH₂O. What is the molecular formula?,CH₂O,C₂H₄O₂,C₃H₆O₃,C₄H₈O₄,B,"Empirical formula mass is 30 g/mol (12+2+16). Molecular is double (60/30=2), so multiply each by 2. Distractors have incorrect multiples.",Empirical and Molecular Formula,Medium,Chemistry,Fundamental Concepts
"When comparing the energy changes in exothermic and endothermic reactions, which statement correctly describes the difference in bond strength?",Exothermic reactions have stronger bonds in products than reactants,Endothermic reactions have stronger bonds in reactants than products,Both reaction types have equally strong bonds in products,Exothermic reactions absorb energy to form weaker bonds,A,Exothermic releases energy as stronger bonds form; option D confuses energy direction with bond strength,Energy Changes in Reactions,Medium,Chemistry,Fundamental Concepts
A chemistry student dissolves 1 mole of NaCl vs 1 mole of C6H12O6 in water. Which solution will have higher osmotic pressure and why?,NaCl because it dissociates into more particles,C6H12O6 because sugars are larger molecules,Both will have equal osmotic pressure,Neither will show osmotic pressure in aqueous solution,A,NaCl dissociates into Na+ and Cl-; option B ignores dissociation vs molecular size,Colligative Properties,Hard,Chemistry,Fundamental Concepts
Which property differentiates ionic compounds from covalent compounds at the molecular level?,Electron sharing vs electron transfer,High vs low melting points,Solubility in water vs organic solvents,Conductivity in solid vs molten state,A,Ionic bonds involve electron transfer; option D compares physical states not bonding type,Chemical Bonding,Easy,Chemistry,Fundamental Concepts
"Comparing combustion of methane vs complete combustion of glucose, which process produces more CO2 per mole of carbon atom oxidized?",Methane combustion releases 1 CO2 per C atom,Glucose produces 1 CO2 per C atom,Both produce identical CO2 per C atom,Glucose produces 3 CO2 per C atom,C,Each carbon oxidized to CO2 regardless of compound; option A ignores stoichiometry,Stoichiometry,Medium,Chemistry,Fundamental Concepts
"In comparing Arrhenius vs Brønsted-Lowry theories, which concept is exclusive to Brønsted-Lowry?",Definition of bases as hydroxide producers,Proton transfer in acid-base reactions,Need for aqueous solutions,Neutralization producing water,B,Brønsted-Lowry emphasizes proton transfer; option A describes Arrhenius definition,Acid-Base Theories,Medium,Chemistry,Fundamental Concepts
Which statement correctly compares the rate of reaction for powdered vs lump zinc in HCl?,Powdered zinc has higher surface area and reacts faster,Lump zinc has more atoms and reacts faster,Reaction rate depends on mass not surface area,Both react at same rate if concentration is equal,A,Surface area increases collision frequency; option B confuses mass with exposed surface,Reaction Kinetics,Easy,Chemistry,Fundamental Concepts
"When comparing 1 M H2SO4 vs 1 M HCl solutions, which will have lower pH and why?",H2SO4 because it donates two H+ ions per molecule,HCl because it fully dissociates,Both will have pH = 0,H2SO4 because sulfuric acid is weaker,A,Diprotic acid produces more H+; option D reverses acid strength misconception,Acid-Base Strength,Hard,Chemistry,Fundamental Concepts
"Comparing the electron configuration of Fe2+ vs Fe3+, which cation has higher paramagnetic character?",Fe2+ due to more unpaired electrons,Fe3+ because of higher charge,Both have identical unpaired electrons,Neither shows paramagnetism,A,Fe2+ has 4 unpaired electrons vs Fe3+ with 5; option B confuses charge with electron count,Atomic Structure,Hard,Chemistry,Fundamental Concepts
Which property best differentiates between a homogeneous and heterogeneous mixture?,Appearance consistency vs visible layers,Variable vs fixed component ratios,Separation by physical means vs chemical methods,Molecular vs ionic composition,A,Homogeneous is uniform; option B describes solutions vs compounds,Matter Classification,Easy,Chemistry,Fundamental Concepts
"In comparing endothermic dissolution of NH4NO3 vs exothermic dissolution of NaOH, which solution will show temperature change?",NH4NO3 solution becomes colder,NaOH solution absorbs heat,Both solutions show no temperature change,Temperature rises in both solutions,A,Endothermic absorbs heat causing cooling; option B reverses energy direction,Thermochemistry,Medium,Chemistry,Fundamental Concepts
"When comparing the rate of effusion for NH3 vs CO2, which gas will diffuse faster and by what factor?",NH3 because lighter molecules diffuse faster,CO2 because it's diatomic,Both diffuse at same rate,Ratio depends on pressure not molar mass,A,Graham's law depends on molar mass; option B ignores diatomic misconception,Gas Laws,Medium,Chemistry,Fundamental Concepts
Which statement correctly compares the pH of 0.1 M acetic acid vs 0.1 M HCl?,Acetic acid has higher pH due to partial dissociation,Hydrochloric acid is weaker so has higher pH,Both have pH = 1,Acetic acid dissociates completely,A,Weak acid dissociates partially; option B reverses strength vs pH relationship,pH Calculations,Medium,Chemistry,Fundamental Concepts
"Comparing ionic vs covalent compounds, which property shows the greatest contrast?",Melting point differences,Flame coloration,Odor presence,Colorless nature,A,Ionic compounds have high melting points; option C is irrelevant property,Physical Properties,Easy,Chemistry,Fundamental Concepts
Which process differentiates between evaporation and boiling in terms of temperature dependence?,Evaporation occurs at all temperatures,Boiling requires specific pressure,Evaporation only happens at surface,Boiling is slower than evaporation,A,Evaporation is surface phenomenon at any temp; option B confuses vapor pressure,States of Matter,Medium,Chemistry,Fundamental Concepts
"Comparing the ionization energy of nitrogen vs oxygen, which atom has higher first ionization energy and why?",Nitrogen due to half-filled p-orbital stability,Oxygen because of smaller atomic size,Both have equal ionization energy,Oxygen has more protons,A,Half-filled stability in N overrides periodic trend; option B ignores electron repulsion,Periodic Trends,Hard,Chemistry,Fundamental Concepts
"When comparing the reaction of sodium vs potassium with water, which metal reacts more vigorously and why?",Potassium because lower ionization energy,Sodium has higher melting point,Both react with same intensity,Potassium is less reactive down group,A,Lower IE means more reactive; option D reverses group trend,Reactivity Series,Easy,Chemistry,Fundamental Concepts
Which statement best compares the solubility of NaCl vs AgCl in water?,NaCl is soluble due to high hydration energy,AgCl dissolves because of ionic size,Both have equal solubility,AgCl is more soluble at high temperature,A,Lattice energy vs hydration energy balance; option B ignores lattice energy,Solubility,Medium,Chemistry,Fundamental Concepts
"Comparing the electron affinity of fluorine vs chlorine, which has lower (less negative) value and why?",Fluorine due to electron-electron repulsion in small atom,Chlorine has higher atomic size,Both have same electron affinity,Fluorine has higher nuclear charge,A,Small size causes repulsion in F-; option D ignores electron repulsion,Periodic Trends,Hard,Chemistry,Fundamental Concepts
Which property differentiates between physical and chemical changes at the molecular level?,New substances formed vs existing substances,Energy absorption vs release,Change in mass vs conservation,Color change vs no color change,A,Chemical changes produce new substances; option D is superficial indicator,Types of Changes,Easy,Chemistry,Fundamental Concepts
"Comparing the molarity of a 1 dm³ solution containing 1 mole of KNO3 vs NaCl, which solution has higher concentration?",Both have 1 M concentration,KNO3 has higher concentration,NaCl solution is more concentrated,Concentration depends on volume only,A,Molarity is moles/volume; option D ignores solute amount,Concentration Calculations,Easy,Chemistry,Fundamental Concepts
A catalyst accelerates a reaction by providing an alternative pathway. Which of the following changes does it NOT involve?,Lowering the activation energy,Increasing the reaction enthalpy,Creating a new transition state,Stabilizing reaction intermediates,B,Catalysts alter mechanism but not overall enthalpy. Option B mistakenly suggests enthalpy change.,Catalysis in Reaction Mechanism,Medium,Chemistry,Fundamental Concepts
"In the hydrolysis of sucrose, which step directly determines the reaction rate?",Glycosidic bond cleavage,Sucrose dissolution in water,Formation of invert sugar,Product diffusion from solution,A,Rate-determining steps involve bond breaking. Option C refers to post-rate steps.,Rate-Determining Steps,Medium,Chemistry,Fundamental Concepts
Which of the following is a valid elementary step in a photochemical reaction?,Absorption of photon by substrate,Formation of enzyme-substrate complex,Oxidation of metal catalyst,Adsorption on solid surface,A,Photochemistry requires light absorption. Option D refers to heterogeneous catalysis.,Elementary Steps,Easy,Chemistry,Fundamental Concepts
"During free radical chlorination of methane, which species is regenerated in the propagation phase?",Chlorine atom,Methyl chloride,Hydrogen atom,Chloromethyl radical,A,"Chlorine atoms propagate chain reactions. Option D describes an intermediate, not a catalyst.",Chain Reaction Mechanisms,Hard,Chemistry,Fundamental Concepts
"In a two-step reaction, which parameter must remain constant if the overall order is 3?",Temperature,Pressure,Mechanism,Solvent,C,Mechanism determines rate law. Options A/D affect reaction conditions but not order.,Rate Laws and Mechanisms,Hard,Chemistry,Fundamental Concepts
Which of these is an example of a bimolecular reaction without stoichiometric change?,NO₂ decomposition,HI dissociation,Ozone photolysis,Hydrogen iodide formation,D,HI formation (2HI → H₂+I₂) is bimolecular. Option B involves unimolecular steps.,Molecularity of Reactions,Medium,Chemistry,Fundamental Concepts
"In a catalytic converter, how does platinum reduce NOx emissions?",Increasing activation energy,Forming stable metal oxides,Lowering reaction entropy,Facilitating surface adsorption,D,Heterogeneous catalysts work via surface adsorption. Option B describes catalyst poisoning.,Catalytic Surfaces,Medium,Chemistry,Fundamental Concepts
Which of the following correctly describes a transition state in an SN2 reaction?,Planar intermediate,Partially inverted configuration,Stable carbocation,Backside attack coordination,B,Transition states show partial bond formation. Option D describes the attack geometry.,Reaction Intermediates,Medium,Chemistry,Fundamental Concepts
"When temperature increases, why does the reaction rate rise exponentially?",Increased average kinetic energy,Higher proportion of molecules exceeding activation energy,Reduced collision frequency,Decreased reaction entropy,B,Arrhenius equation links rate to activation energy threshold. Option A is a partial but incomplete explanation.,Collision Theory,Easy,Chemistry,Fundamental Concepts
Which process is most affected by solvent polarity in nucleophilic substitution?,Carbocation stability,Transition state distortion,Leaving group ability,Steric hindrance,A,Polar solvents stabilize ions in SN1 mechanisms. Option C is intrinsic to leaving group.,Solvent Effects,Medium,Chemistry,Fundamental Concepts
"In the acid-catalyzed dehydration of ethanol, which step involves protonation?",Carbocation formation,Alcohol hydroxyl group,Water elimination,Alkene stabilization,B,Protonation activates the hydroxyl group. Option A refers to subsequent carbocation.,Acid-Catalyzed Reactions,Hard,Chemistry,Fundamental Concepts
Which of these is a true statement about reaction profiles?,Exothermic reactions have lower transition states,Endothermic reactions have positive overall ΔG,Catalysts reduce the number of steps,All mechanisms must pass through intermediates,B,ΔG determines thermodynamic favorability. Option A confuses energy with ΔG.,Reaction Profiles,Hard,Chemistry,Fundamental Concepts
Which mechanism explains the formation of 2-bromo-2-methylpropane in hydrobromic acid?,Free radical addition,Electrophilic substitution,Nucleophilic addition,SN1 mechanism,D,SN1 forms tertiary carbocations preferentially. Option A produces different regiochemistry.,Carbocation Stability,Medium,Chemistry,Fundamental Concepts
"In the Michaelis-Menten model, what determines the maximum reaction rate?",Substrate concentration,Enzyme saturation,Temperature,pH,B,Vmax occurs at full enzyme saturation. Option A affects rate below Vmax.,Enzyme Kinetics,Medium,Chemistry,Fundamental Concepts
Which of these is a valid representation of a three-center bond?,B2H6 bridging,COπ-backbonding,σ-complex formation,Transition state in SN2,A,Diborane exhibits three-center two-electron bonds. Option C refers to electrophilic aromatic substitution.,Bonding in Mechanisms,Hard,Chemistry,Fundamental Concepts
Why do free radical initiators require UV light?,To overcome activation energy,To break weak bonds homolytically,To form polar intermediates,To increase solvent polarity,B,UV provides energy for homolytic cleavage. Option A describes general reaction needs.,Radical Initiation,Medium,Chemistry,Fundamental Concepts
Which of these factors most directly affects the rate of an SN2 reaction?,Leaving group basicity,Nucleophile concentration,Stability of transition state,Steric hindrance at electrophile,D,SN2 rate is inversely proportional to steric bulk. Option B affects rate but is secondary.,SN2 Reaction Factors,Hard,Chemistry,Fundamental Concepts
"In the Friedel-Crafts acylation mechanism, what role does AlCl₃ play?",Electrophile generation,Nucleophile stabilization,Transition state reduction,Catalyst regeneration,A,AlCl₃ forms acylium ions. Option C describes catalyst function incorrectly.,Electrophilic Aromatic Substitution,Medium,Chemistry,Fundamental Concepts
Which of these is an example of a consecutive reaction?,Chlorination of methane,Decomposition of N₂O₄,Enzymatic hydrolysis,Explosion of TNT,C,Enzymes act in staged transformations. Option A describes a chain reaction.,Consecutive Reactions,Easy,Chemistry,Fundamental Concepts
"In an exothermic reaction profile, which of these is true for the highest energy transition state?",It lies between reactants and intermediates,It is lower than in the uncatalyzed reaction,It determines the overall ΔH,It is the same for all steps,B,Catalysts lower transition state energy. Option C refers to intermediates.,Energy Profiles,Medium,Chemistry,Fundamental Concepts
"A reaction proceeds via two steps: Step 1 (fast) forms an intermediate, Step 2 (slow) forms products. Which step determines the rate law?",Step 1,Step 2,Both steps equally,The step with lower activation energy,B,Rate-determining steps are the slowest. Step 2 controls the rate. Option A is a distractor for fast steps.,Rate-Determining Steps,Medium,Chemistry,Fundamental Concepts
Which species is formed in the highest energy state during a reaction profile?,Intermediate,Reactant,Transition state,Product,C,Transition states have maximum energy. Intermediate is a lower-energy species.,Reaction Profiles,Easy,Chemistry,Fundamental Concepts
"In a chain reaction, which process consumes radicals from the system?",Initiation,Propagation,Termination,Chain branching,C,Termination steps combine radicals. Propagation creates new radicals.,Chain Reactions,Medium,Chemistry,Fundamental Concepts
A catalyst increases reaction rate by:,Lowering the activation energy,Changing the reaction’s ΔH,Consuming reactants prematurely,Increasing the kinetic energy of molecules,A,Catalysts provide alternative pathways. Option B is a distractor for enthalpy myths.,Catalytic Mechanisms,Hard,Chemistry,Fundamental Concepts
Which statement about intermediates is correct?,They are stable and isolable,They appear in the overall rate law,They are formed and consumed during the reaction,They have lower energy than transition states,C,Intermediates are transient. Option A is a transition state property.,Intermediate Species,Medium,Chemistry,Fundamental Concepts
UV light initiates a reaction by causing:,Homolytic fission of bonds,Heterolytic cleavage of bonds,Formation of ionic intermediates,Release of catalysts,A,UV provides energy for homolysis. Option B is for polar reactions.,Initiation Processes,Medium,Chemistry,Fundamental Concepts
"In SN1 mechanism, the rate law depends on:",Concentration of nucleophile only,Concentration of substrate only,Concentration of both substrate and nucleophile,Solvent polarity and temperature,B,Rate-determining step forms carbocation. Option C is SN2 behavior.,SN1 vs SN2 Mechanisms,Hard,Chemistry,Fundamental Concepts
A reaction produces NO2 and O2 from O3. Which step in the mechanism is a catalyst regeneration?,O3 → O2 + O,NO2 + O → NO + O2,NO + O3 → NO2 + O2,O3 + O → 2O2,C,"NO is regenerated, confirming catalysis. Option B appears catalytic but consumes NO2.",Catalytic Cycles,Hard,Chemistry,Fundamental Concepts
Which factor explains why collisions with insufficient energy fail to react?,Low frequency of collisions,Inadequate kinetic energy,Poor solvent compatibility,High product stability,B,Activation energy threshold must be met. Option A affects rate but not energy.,Collision Theory,Easy,Chemistry,Fundamental Concepts
A reaction’s rate law is Rate = k[NO]^2[O2]. Which mechanism aligns with this law?,One-step reaction forming NO2,Two-step process with NO dimerization as rate-determining,Three-step chain reaction with O2 initiation,SN2 mechanism with O2 as nucleophile,B,Rate law matches a two-step mechanism. Option A would require 3rd order.,Mechanism and Rate Law Correlation,Hard,Chemistry,Fundamental Concepts
Which species is NOT present at the end of a reaction?,Catalyst,Intermediate,Product,Reactant,B,Intermediates are consumed. Catalyst remains unchanged.,Mechanism Components,Easy,Chemistry,Fundamental Concepts
A polar solvent favors SN1 over SN2 by:,Stabilizing the transition state,Enhancing nucleophile concentration,Shielding the substrate’s positive charge,Lowering the activation energy for both steps,A,Solvent stabilizes carbocation. Option D is too generic.,Solvent Effects,Medium,Chemistry,Fundamental Concepts
Which process describes the first step in free radical substitution?,Propagation via abstraction,Initiation by homolytic cleavage,Termination through recombination,Chain branching by radical loss,B,Initiation creates radicals. Propagation follows initiation.,Radical Mechanisms,Medium,Chemistry,Fundamental Concepts
A reaction’s energy profile shows two peaks. What does this indicate?,Two transition states,One intermediate and one catalyst,A single step with high energy,Three reactant molecules colliding,A,Each peak is a transition state. Option B misrepresents energy features.,Reaction Profile Analysis,Medium,Chemistry,Fundamental Concepts
An enzyme increases reaction rate by:,Providing a surface for reaction,Lowering the activation energy,Changing the reaction’s equilibrium,Increasing substrate concentration,B,Enzymes stabilize transition states. Option A is heterogeneous catalysis.,Biological Catalysts,Medium,Chemistry,Fundamental Concepts
Which reagent acts as a homogeneous catalyst in the decomposition of H2O2?,Manganese dioxide,Iodide ions,Platinum metal,Iron(III) oxide,B,Iodide is in solution. Option A is a heterogeneous catalyst.,Catalyst Types,Easy,Chemistry,Fundamental Concepts
A reaction with Rate = k[A]^2[B] must involve which mechanism?,Two A molecules and one B in the rate-determining step,One A and one B in equilibrium,Three molecules in a single step,"A and B in separate, fast steps",A,Rate law reflects the rate-determining step’s stoichiometry. Option D is irrelevant.,Rate Law Interpretation,Hard,Chemistry,Fundamental Concepts
Which step in a reaction mechanism is the reverse of termination in chain reactions?,Initiation,Propagation,Branching,Recombination,A,Initiation creates radicals. Termination consumes them.,Chain Reaction Steps,Hard,Chemistry,Fundamental Concepts
A reaction’s rate doubles when [A] is doubled but remains unchanged when [B] is doubled. What is the rate law?,Rate = k[A][B],Rate = k[A]^2,Rate = k[B]^2,Rate = k[A],D,Rate depends linearly on [A]. Option B is inconsistent with [B] effects.,Experimental Rate Law Derivation,Medium,Chemistry,Fundamental Concepts
Which process is an example of a heterogeneous catalyst?,Manganese(IV) oxide in H2O2 decomposition,Enzymes in metabolic pathways,Platinum in hydrogenation,Iodide ions in peroxide breakdown,C,Platinum is a solid catalyst. Option A is a homogeneous system.,Catalyst Phases,Easy,Chemistry,Fundamental Concepts
A reaction mechanism involves two steps: Step 1 (slow) and Step 2 (fast). Which step determines the overall reaction rate?,Step 1,Step 2,Both steps equally,Neither step directly,A,The slowest step (rate-determining step) controls the overall rate. Step 2's speed does not limit the rate.,Rate-Determining Step,Easy,Chemistry,Fundamental Concepts
Which species in a reaction mechanism is an intermediate and can be isolated?,Transition state,Activated complex,Reaction intermediate,Transition metal catalyst,C,Intermediates are stable species formed and consumed during the mechanism. Transition states are high-energy and transient.,Reaction Intermediates,Medium,Chemistry,Fundamental Concepts
A catalyst increases reaction rate by providing a pathway with,Lower activation energy,Higher activation energy,More reactant collisions,Increased reaction entropy,A,"Catalysts lower activation energy, not alter collision frequency or entropy. Higher energy pathways slow reactions.",Catalysis,Easy,Chemistry,Fundamental Concepts
"In a potential energy diagram, the highest energy point corresponds to",Reactants,Products,Transition state,Intermediate,C,Transition states have maximum potential energy. Reactants and products are lower in energy.,Potential Energy Diagrams,Medium,Chemistry,Fundamental Concepts
A bimolecular reaction step involves,One reactant molecule,Two reactant molecules,Three reactant molecules,Any number of molecules,B,"Bimolecular steps require two reacting species. Unimolecular steps involve one, termolecular three.",Reaction Mechanism Steps,Easy,Chemistry,Fundamental Concepts
Enzymatic catalysis stabilizes the reaction by,Lowering activation energy,Increasing substrate concentration,Providing energy to the system,Changing the reaction equilibrium,A,"Enzymes stabilize transition states, reducing energy barriers. They do not alter equilibrium or add energy.",Enzyme Catalysis,Hard,Chemistry,Fundamental Concepts
"In a two-step reaction mechanism, which species is both a product of Step 1 and a reactant in Step 2?",Catalyst,Intermediate,Transition state,Rate-determining species,B,Intermediates are formed in one step and consumed in another. Catalysts are regenerated.,Intermediate Species,Medium,Chemistry,Fundamental Concepts
The rate law for a reaction is rate = k[A]^2[B]. What is the overall reaction order?,First order,Second order,Third order,Zero order,C,Sum of exponents (2+1) gives third order. Rate laws depend on stoichiometry of the rate-determining step.,Rate Laws,Easy,Chemistry,Fundamental Concepts
Which statement about transition states is correct?,They can be isolated under normal conditions,They have lower energy than intermediates,They represent maximum energy in the reaction pathway,They are stable chemical species,C,"Transition states are high-energy, transient. They cannot be isolated and are not stable.",Transition States,Hard,Chemistry,Fundamental Concepts
A reaction profile shows two peaks. Which peak corresponds to the rate-determining step?,The first peak,The second peak,The taller peak,The lower peak,C,The highest energy barrier (tallest peak) represents the slowest step. Height corresponds to activation energy.,Reaction Profiles,Hard,Chemistry,Fundamental Concepts
Free radical chain reactions typically involve,Only initiation steps,Initiation and propagation steps,Only termination steps,Catalytic cycles,B,Propagation steps sustain the chain. Termination stops it. Initiation begins the process.,Free Radical Mechanisms,Medium,Chemistry,Fundamental Concepts
Which condition increases the rate of an exothermic reaction?,Adding a catalyst,Removing products,Lowering temperature,Increasing pressure,A,Catalysts affect both forward and reverse rates. Exothermic reactions are not inherently faster at lower temperatures.,Reaction Kinetics,Hard,Chemistry,Fundamental Concepts
The Arrhenius equation shows that increasing temperature increases reaction rate by,Providing activation energy directly,Increasing the collision frequency,Raising the energy of the products,Changing the reaction stoichiometry,B,Higher temperature increases molecular motion. It does not add energy to the system directly.,Temperature Effects,Medium,Chemistry,Fundamental Concepts
"In a nucleophilic substitution reaction, the rate-determining step is",Formation of the transition state,Release of the leaving group,Attack by the nucleophile,Deprotonation of the product,A,Transition state formation is the highest energy step. Leaving group departure occurs after the rate-determining step.,Substitution Mechanisms,Hard,Chemistry,Fundamental Concepts
An exothermic reaction step in a mechanism is indicated by,Products having lower energy than reactants,Reactants having lower energy than products,Equal energy of reactants and products,Catalyst presence,A,Energy release (exothermic) lowers product energy. Endothermic steps have higher energy products.,Exothermic/Endothermic Steps,Easy,Chemistry,Fundamental Concepts
"In a reaction mechanism, which step forms the final product?",Initiation,Propagation,Termination,All steps contribute,C,Termination combines radicals to form stable products. Initiation and propagation sustain the chain.,Chain Reactions,Medium,Chemistry,Fundamental Concepts
The orientation of molecules during collisions affects the rate because,Only properly aligned collisions form products,More collisions occur at higher temperatures,Concentration determines energy of collisions,Catalysts align reactants randomly,A,Proper orientation allows effective bond breaking/formation. Orientation is unrelated to temperature or concentration.,Collision Orientation,Hard,Chemistry,Fundamental Concepts
"In an SN2 reaction mechanism, the rate of reaction depends on...",...concentration of the substrate only,...concentration of the nucleophile only,...concentration of both substrate and nucleophile,...concentration of the leaving group only,C,SN2 reactions are bimolecular with rate dependence on both substrate and nucleophile. Option A ignores nucleophile dependence.,Nucleophilic Substitution Mechanisms,Medium,Chemistry,Fundamental Concepts
Which species is formed in the first step of electrophilic addition to alkenes?,A carbocation,A hydroxide ion,A free radical,A transition state,A,Electrophilic addition begins with carbocation formation. Option D refers to transient transition states not isolable.,Electrophilic Addition Reactions,Hard,Chemistry,Fundamental Concepts
A catalyst increases reaction rate by...,...changing the overall ΔH of reaction,...providing an alternative pathway with lower activation energy,...increasing the collision frequency,...consuming reactants irreversibly,B,Catalysts lower activation energy without altering ΔH. Option C describes physical factors affecting rate.,Catalysis,Easy,Chemistry,Fundamental Concepts
"In a two-step reaction mechanism, the rate-determining step is...",The faster step,The step with lowest activation energy,The slower step with highest activation energy,The last step always,C,Rate-determining steps are slowest with highest activation energy. Option A is the opposite of correct.,Rate-Determining Steps,Medium,Chemistry,Fundamental Concepts
Which reaction intermediate is most likely to form in polar protic solvents?,Free radicals,Carbocations,Carbanions,Transition states,B,Polar protic solvents stabilize carbocations through solvation. Option A forms via homolytic cleavage.,Reaction Intermediates,Hard,Chemistry,Fundamental Concepts
The molecularity of a reaction step refers to...,The number of molecules involved in the rate-determining step,The stoichiometric coefficient in balanced equation,The number of reacting species in the elementary step,The total number of reaction steps,C,Molecularity counts reacting species in elementary steps. Option A confuses with rate-determining step terminology.,Molecularity vs. Order,Medium,Chemistry,Fundamental Concepts
Which process occurs in the termination phase of free radical reactions?,Formation of initiation radicals,Abstraction of hydrogen atoms,Recombination of radicals,Propagation chain carrying,C,Termination involves radical recombination. Option B describes propagation steps.,Free Radical Mechanisms,Medium,Chemistry,Fundamental Concepts
The reaction profile showing highest energy transition state belongs to...,Rate-determining step,Fast equilibrium step,Exothermic termination,Endothermic initiation,A,Highest energy transition state corresponds to slowest rate-determining step. Option D may have high energy but not necessarily highest.,Reaction Profiles,Hard,Chemistry,Fundamental Concepts
"In an E2 elimination reaction, the rate depends on...",Concentration of substrate only,Concentration of base only,Concentration of both substrate and base,Leaving group concentration only,C,E2 is bimolecular needing both substrate and base. Option A ignores base dependence.,Elimination Reactions,Medium,Chemistry,Fundamental Concepts
The rate law for a reaction with mechanism A→B→C is determined by...,Fast step A→B,Slow step B→C,Both steps equally,Initial concentration of A only,B,Rate laws depend on rate-determining steps. Option A describes fast equilibrium steps.,Rate Laws,Medium,Chemistry,Fundamental Concepts
Which mechanism is favored by tertiary alkyl halides in nucleophilic substitution?,SN2,SN1,E2,E1,B,Tertiary substrates favor SN1 due to carbocation stability. Option A suffers from steric hindrance.,SN1 vs SN2 Mechanisms,Medium,Chemistry,Fundamental Concepts
The reaction profile for SN1 mechanism shows...,One transition state,Two transition states and an intermediate,Three intermediates,No transition states,B,SN1 has unimolecular rate step with carbocation intermediate. Option A describes SN2.,SN1 Reaction Profiles,Hard,Chemistry,Fundamental Concepts
Which step in ester hydrolysis is typically rate-determining?,Nucleophilic attack on carbonyl,Proton transfer step,Breaking of ester bond,All steps equally,A,Nucleophilic attack is slow in base-catalyzed hydrolysis. Option C occurs after rate-determining step.,Ester Hydrolysis,Hard,Chemistry,Fundamental Concepts
Homogeneous catalysts differ from heterogeneous catalysts by...,Being in same phase as reactants,Working at higher temperatures,Forming surface intermediates,Being recoverable easily,A,Homogeneous catalysts share reactant phase. Option C describes heterogeneous mechanisms.,Catalysis Types,Easy,Chemistry,Fundamental Concepts
"In a reaction with multiple transition states, the highest one corresponds to...",Fastest step,Rate-determining step,Last step,Initiation step,B,Highest energy transition state controls overall rate. Option A is opposite correlation.,Transition States,Medium,Chemistry,Fundamental Concepts
The order of reaction determined experimentally...,Always matches stoichiometry,Reflects mechanism complexity,Equals reaction molecularity,Both B and C,B,Experimental order reveals mechanism. Option A is true only for elementary reactions.,Reaction Orders,Hard,Chemistry,Fundamental Concepts
Which mechanism involves a backside attack?,SN1,E1,SN2,E2,C,SN2 involves direct backside nucleophile attack. Option D has antiperiplanar transition.,SN2 Mechanism,Medium,Chemistry,Fundamental Concepts
The rate of a unimolecular reaction depends on...,Concentration of two reactants,Concentration of one reactant,Temperature only,Catalyst concentration,B,Unimolecular rates depend on single reactant concentration. Option C affects rate constant but not law.,Unimolecular Reactions,Easy,Chemistry,Fundamental Concepts
Which species is most reactive in free radical halogenation?,Iodine radicals,Bromine radicals,Chlorine radicals,Fluorine radicals,D,Fluorine has lowest bond energy making it most reactive. Option C is less reactive than F.,Free Radical Reactivity,Medium,Chemistry,Fundamental Concepts
"A reaction proceeds through two steps. The first step forms an unstable intermediate, and the second step regenerates the catalyst. Which step determines the overall reaction rate?",Step with lower activation energy,Step with higher concentration of reactants,Step with higher activation energy,Step with lower energy transition state,C,Rate-determining steps have higher activation energy. Lower energy transition states would not slow the reaction.,Rate-Determining Steps,Medium,Chemistry,Fundamental Concepts
"In a multistep reaction, an activated complex is formed during which phase?",After the formation of intermediates,During bond-breaking processes,At the end of exothermic steps,Before stabilization of products,B,Activated complexes form during bond-breaking/formation transitions. Intermediates are stable enough to be detected.,Transition States,Easy,Chemistry,Fundamental Concepts
A catalyst increases the reaction rate by:,Lowering the overall enthalpy change,Providing an alternative pathway with lower activation energy,Increasing the frequency of effective collisions,Raising the kinetic energy of reactants,B,"Catalysts lower activation energy via alternative pathways. Frequency increases are due to temperature, not catalysts.",Catalytic Mechanisms,Medium,Chemistry,Fundamental Concepts
Which parameter remains unchanged when a catalyst is added to a reaction?,Reaction mechanism,Equilibrium constant,Activation energy,Reaction intermediates,B,"Catalysts affect kinetics, not thermodynamics. Equilibrium positions depend only on temperature.",Catalytic Mechanisms,Hard,Chemistry,Fundamental Concepts
A reaction mechanism shows that a termolecular process occurs in which step?,Step requiring three-body collisions,Step with three intermediates,Step involving three transition states,Step producing three products,A,"Termolecular reactions require simultaneous collisions of three particles. Intermediates are step products, not descriptors of molecularity.",Molecularity,Medium,Chemistry,Fundamental Concepts
The reaction profile shows two peaks. The first peak is higher than the second. Which statement is correct?,The first step is faster,The second step is exothermic,The first step is rate-determining,The overall reaction is endothermic,C,Higher energy peaks correspond to slower rate-determining steps. Peak height directly correlates with activation energy.,Reaction Profiles,Hard,Chemistry,Fundamental Concepts
"In the SN1 mechanism, the rate-determining step involves:",Formation of a transition state,Departure of the leaving group,Attack by the nucleophile,Formation of a carbocation intermediate,D,"SN1 mechanisms form stable intermediates before nucleophilic attack. Transition states are transient, not rate-determining.",SN1 Mechanism,Easy,Chemistry,Fundamental Concepts
"When comparing two reaction pathways, the one with fewer steps but higher activation energy will:",Reach equilibrium faster,Have a higher activation energy barrier,Produce more intermediates,Form different transition states,B,"Fewer steps don't guarantee lower activation energy. Rate depends on the highest energy step, not pathway length.",Pathway Comparison,Hard,Chemistry,Fundamental Concepts
An enzyme catalyzes a reaction by binding to which part of the substrate?,Transition state,Intermediate form,Substrate transition state analog,Substrate's most stable conformation,C,Enzymes bind transition state analogs to stabilize the high-energy state. Binding to stable forms would not catalyze.,Enzymatic Catalysis,Medium,Chemistry,Fundamental Concepts
The rate law for a reaction is Rate = k[A][B]. Which mechanism is consistent with this rate law?,Two molecules of A and one of B collide simultaneously,A and B form an intermediate before product formation,The reaction occurs in two steps with A decomposing first,A and B react only in the presence of a catalyst,A,Rate laws reflect elementary steps. Multistep mechanisms would show different dependencies.,Rate Laws and Mechanisms,Medium,Chemistry,Fundamental Concepts
Which factor determines whether a collision between reactant molecules results in a reaction?,Molecular weight of the particles,Frequency of molecular collisions,Orientation and activation energy,Total volume of the reaction mixture,C,Collision theory requires proper orientation and sufficient energy. Frequency alone does not guarantee reaction.,Collision Theory,Easy,Chemistry,Fundamental Concepts
A reaction mechanism proposes a rate-determining step followed by a fast step. How would this influence the rate law?,The rate law will depend only on the fast step,The rate law will include intermediates from both steps,The rate law will reflect the stoichiometry of the slow step,The rate law becomes independent of temperature,C,Rate laws derive from rate-determining steps. Fast steps don't influence the observed rate law directly.,Rate Law Derivation,Medium,Chemistry,Fundamental Concepts
"In a reaction profile, the difference between the energy of reactants and products equals:",Activation energy,Enthalpy change,Free energy change,Catalyst energy,B,Enthalpy change is total energy difference between reactants/products. Activation energy refers to transition state height.,Reaction Profiles,Easy,Chemistry,Fundamental Concepts
"A reaction follows the mechanism A → B → C. If the first step is rate-determining, the overall rate law will depend on:",Concentration of B only,Concentration of C only,Concentration of A only,Concentration of both A and B,C,Rate-determining steps define the rate expression. Subsequent steps do not affect the rate-determining step.,Rate-Determining Steps,Medium,Chemistry,Fundamental Concepts
Which statement about reaction intermediates is correct?,They are always stable molecules,They appear in the overall balanced equation,They are formed and consumed during the mechanism,They have lower energy than transition states,C,Intermediates are transient products consumed later in steps. Their presence is a key feature of multistep mechanisms.,Reaction Intermediates,Easy,Chemistry,Fundamental Concepts
The Arrhenius equation links reaction rate to which physical parameter?,Number of activated complexes,Frequency of molecular collisions,Temperature and activation energy,Pressure of gaseous reactants,C,Arrhenius equation explicitly connects temperature with rate constants. Collision frequency is a separate factor.,Arrhenius Equation,Medium,Chemistry,Fundamental Concepts
Which experimental method can directly observe reaction intermediates?,UV-Visible spectroscopy,Kinetic analysis,Thermochemical calculations,Rate law determination,A,Spectroscopy detects absorption changes in intermediates. Kinetics only infers their existence indirectly.,Experimental Techniques,Hard,Chemistry,Fundamental Concepts
A reaction shows first-order dependence on [A] and second-order on [B]. The overall rate law is:,Rate = k[A][B],Rate = k[A]²[B],Rate = k[A][B]²,Rate = k[A]²[B]²,C,Rate laws combine orders as exponents. First-order in A (1) and second-order in B (2) gives [A][B]².,Rate Laws,Easy,Chemistry,Fundamental Concepts
A homogeneous catalyst works by:,Adsorbing reactants on a surface,Providing a different reaction pathway with lower activation energy,Increasing solution polarity,Forming a solid intermediate,B,All catalysts lower activation energy. Adsorption is characteristic of heterogeneous catalysis in different phases.,Catalyst Types,Medium,Chemistry,Fundamental Concepts
"If a reaction has a large negative ΔG°, it indicates:",The reaction is thermodynamically unfavorable,The reaction proceeds rapidly under standard conditions,The reaction is enthalpy-driven,The reaction is not spontaneous without a catalyst,C,Negative ΔG° means thermodynamic favorability. Rate is unrelated to free energy change magnitude.,Thermodynamic vs. Kinetic Factors,Hard,Chemistry,Fundamental Concepts
"A fertilizer factory produces 500 kg of ammonia daily by the Haber process. If the reaction efficiency is 80%, what mass of nitrogen gas is required daily? (N2 + 3H2 → 2NH3)",875 kg,700 kg,625 kg,500 kg,A,Theoretical nitrogen needed is 875 kg (500 / 0.8). Option C fails to account for reaction efficiency.,Stoichiometry in Industrial Synthesis,Hard,Chemistry,Fundamental Concepts
"In a lab, 22.4 L of CO2 at STP is produced from 1 mole of CaCO3. Which industrial process uses this principle for limestone analysis?",Cement production,Glass manufacturing,Steel refining,Plastic synthesis,A,"Cement plants decompose limestone (CaCO3) to CO2 and CaO. Option B involves silica, not CO2.",Gas Laws in Material Science,Medium,Chemistry,Fundamental Concepts
A pharmaceutical company dissolves 3.4 g of H2O2 in water to make 500 mL solution. What is its molarity? (H2O2 molar mass = 34 g/mol),0.2 M,0.1 M,0.3 M,0.4 M,A,Molarity = (3.4/34)/0.5 = 0.2. Option B halves the calculated value.,Molarity in Industrial Solutions,Medium,Chemistry,Fundamental Concepts
A steel mill uses 12 kg of coke (C) in a blast furnace. How many moles of CO are theoretically produced? (C + CO2 → 2CO),1000 mol,2000 mol,1500 mol,500 mol,B,"12,000 g C / 12 g/mol = 1000 mol C → 2000 mol CO. Option A neglects stoichiometric ratio.",Limiting Reactants in Metallurgy,Hard,Chemistry,Fundamental Concepts
A 500 mL intravenous solution contains 2.7 g of NaCl. What is the osmolarity? (NaCl molar mass = 58.5 g/mol),0.092 Osm,0.185 Osm,0.37 Osm,0.046 Osm,C,2.7/(58.5×0.5)×2 = 0.37. Option B misses the 2:1 ion dissociation factor.,Concentration in Medical Applications,Medium,Chemistry,Fundamental Concepts
A chemical plant oxidizes 80 kg of SO2 to produce SO3. What volume of O2 at STP is needed? (2SO2 + O2 → 2SO3),11.2 m³,22.4 m³,5.6 m³,8.96 m³,C,"80,000 g SO2 = 1250 mol → 625 mol O2. 625 × 22.4 L = 14,000 L = 14 m³. Option A halves the correct value.",Gas Volume Calculations,Hard,Chemistry,Fundamental Concepts
A water sample shows 150 ppm CaCO3 hardness. How much CaCO3 is present in 200 L of this water?,30 g,300 g,150 g,60 g,A,"150 mg/L × 200 L = 30,000 mg = 30 g. Option B misinterprets ppm as g/L.",Water Quality Analysis,Medium,Chemistry,Fundamental Concepts
"An alloy contains 63.5 g Cu and 27 g Al. What is the empirical formula? (Cu: 63.5 g/mol, Al: 27 g/mol)",CuAl,Cu2Al3,CuAl3,Cu3Al,A,1 mol Cu : 1 mol Al → CuAl. Option C incorrectly triples aluminum ratio.,Empirical Formulas in Metallurgy,Medium,Chemistry,Fundamental Concepts
A battery factory uses 980 g of H2SO4. How many moles are present? (H2SO4 molar mass = 98 g/mol),10 mol,5 mol,20 mol,15 mol,A,980 / 98 = 10 mol. Option B divides by 20 instead of 98.,Mole Concept in Battery Production,Easy,Chemistry,Fundamental Concepts
A 250 mL NaOH solution requires 0.1 mol HCl for neutralization. What is its concentration?,0.2 M,0.4 M,0.1 M,0.5 M,B,0.1 mol / 0.25 L = 0.4 M. Option A halves the volume.,Acid-Base Titration in Industry,Medium,Chemistry,Fundamental Concepts
A factory needs 100 L of 2 M HNO3. How much 15 M stock solution is required for dilution?,13.3 L,26.7 L,6.67 L,8.33 L,A,M1V1 = 2×100 → V1 = 200/15 = 13.3 L. Option C divides by 30 instead of 15.,Dilution Calculations,Hard,Chemistry,Fundamental Concepts
A polymer synthesis uses 1.2×10^24 molecules of ethylene. How many moles is this? (Avogadro’s number = 6×10^23),2 mol,3 mol,1.2 mol,4 mol,A,1.2×10^24 / 6×10^23 = 2. Option B multiples by 2 instead of dividing.,Avogadro's Number in Polymerization,Medium,Chemistry,Fundamental Concepts
"A fertilizer plant uses the Haber process. If 28 kg of nitrogen reacts with excess hydrogen, what mass of ammonia is produced? (N=14, H=1)",34 kg,3.4 kg,17 kg,1.7 kg,A,Molar ratio 1:2 (N2:NH3). 28 kg N2 = 1 kmol; produces 2 kmol NH3 = 34 kg. Option B fails as units are off by x10.,Stoichiometry in Industrial Processes,Medium,Chemistry,Fundamental Concepts
"In a battery factory, 1 liter of 38% H2SO4 (density=1.28 g/mL) is diluted. How many grams of pure sulfuric acid are present? (H2SO4=98 g/mol)",486 g,380 g,320 g,128 g,A,Mass = 1000 mL × 1.28 g/mL × 0.38 = 486.4 g. Option B ignores density calculation.,Concentration Calculations,Hard,Chemistry,Fundamental Concepts
"A glass factory uses SiO2. How many atoms are in 60 g of silicon dioxide? (Si=28, O=16)",6.02×10²³,3.01×10²³,12.04×10²³,2.4×10²³,A,60 g = 1 mole (60/60). 1 mole = Avogadro's number. Option D miscalculates molecular mass.,Avogadro's Number Applications,Easy,Chemistry,Fundamental Concepts
A chemical spill response team neutralizes 2 liters of 2M HCl with CaCO3. How many moles of CO2 are released? (CaCO3 + 2HCl → CaCl2 + CO2 + H2O),1 mole,2 moles,4 moles,0.5 mole,B,2M × 2L = 4 moles HCl → 2 moles CO2. Option A uses 1:1 instead of 2:1 ratio.,Reaction Stoichiometry,Medium,Chemistry,Fundamental Concepts
"In pharmaceuticals, 98% pure H2O2 is diluted to 3%. What volume ratio of concentrated solution to water is needed? (Assume 10 volumes = 100%)",1:33,1:3,3:1,33:1,A,Dilution factor 32.3→3% = 1:33. Option B reverses ratio logic.,Dilution Techniques,Hard,Chemistry,Fundamental Concepts
"A brewery monitors CO2 production: C6H12O6 → 2C2H5OH + 2CO2. If 90 g glucose ferments, what volume of CO2 is produced at STP? (C=12, O=16)",22.4 L,44.8 L,11.2 L,89.6 L,B,90 g = 0.5 moles glucose → 1 mole CO2 = 44.8 L. Option A uses 1:1 ratio instead of 1:2.,Gas Volume Calculations,Medium,Chemistry,Fundamental Concepts
A cement plant uses CaCO3 → CaO + CO2. What mass of limestone (80% pure) is needed to produce 56 kg CaO? (CaCO3=100 g/mol),70 kg,100 kg,140 kg,200 kg,C,56 kg CaO = 1 kmol → needs 1 kmol CaCO3 = 100 kg. 100 kg/0.8 = 125 kg. Option B ignores purity.,Mass Calculations with Purity,Hard,Chemistry,Fundamental Concepts
A 500 mL solution contains 4.9 g H2SO4. What is its normality? (H2SO4=98 g/mol),0.1 N,0.2 N,0.4 N,0.5 N,B,Molarity = (4.9/98)/0.5 = 0.1 M → 0.2 N (2 equivalents/mole). Option A ignores equivalence factor.,Normality Calculations,Medium,Chemistry,Fundamental Concepts
"In a steel mill, 112 kg of Fe is produced from Fe2O3. What mass of ore (60% pure) was used? (Fe=56, O=16)",160 kg,200 kg,320 kg,400 kg,B,112 kg Fe = 2 kmol → needs 1 kmol Fe2O3 = 160 kg. 160/0.6 = 266.7 kg. Option B is closest valid choice.,Industrial Yield Calculations,Hard,Chemistry,Fundamental Concepts
A lab needs 2.24 L of O2 at STP. How many grams of KClO3 must decompose? (2KClO3 → 2KCl + 3O2),12.25 g,6.125 g,24.5 g,49 g,A,2.24 L = 0.1 mole O2 → 0.0667 mole KClO3 = 12.25 g. Option B halves the correct value.,Gas Stoichiometry,Medium,Chemistry,Fundamental Concepts
A 10% NaOH solution (w/v) is diluted 10x. What is the new concentration in g/L? (NaOH=40 g/mol),1 g/L,10 g/L,100 g/L,0.1 g/L,B,10% = 100 g/L → 10x dilution = 10 g/L. Option A misinterprets dilution factor.,Solution Dilution,Easy,Chemistry,Fundamental Concepts
"An alloy contains 60% Cu by mass. What is the mole ratio of Cu to Zn? (Cu=63.5, Zn=65.4)",1:1,1.5:1,3:2,2:3,C,Assume 60 g Cu = 0.945 mol; 40 g Zn = 0.612 mol → ratio ~1.54:1. Option A assumes equal molar masses.,Mole Ratios in Alloys,Hard,Chemistry,Fundamental Concepts
A paint factory uses 3.2 kg of O2 per hour. How many molecules of O2 are consumed? (O=16),6.02×10²⁵,6.02×10²⁶,3.01×10²⁵,3.01×10²⁶,A,3200 g O2 = 100 moles × 6.02×10²³ = 6.02×10²⁵. Option B adds extra magnitude.,Molecule Count Calculations,Medium,Chemistry,Fundamental Concepts
"In a water treatment plant, 0.01 M AlCl3 is used. What is [Cl⁻]? (Al=27, Cl=35.5)",0.01 M,0.03 M,0.02 M,0.003 M,B,AlCl3 dissociates into 3 Cl⁻ ions → 0.01 × 3 = 0.03 M. Option A ignores stoichiometry.,Ion Concentration Calculations,Easy,Chemistry,Fundamental Concepts
"An oil refinery produces 18 kg of water from combustion. How many moles of H2O is this? (H=1, O=16)",900,1000,100,10,B,18 kg = 1000 moles (18 g/mol). Option A divides by 20 instead of 18.,Mole-Mass Conversions,Easy,Chemistry,Fundamental Concepts
A pharmaceutical lab uses 0.1 L of 0.5 M HCl. How many equivalents are present? (HCl=36.5 g/mol),0.1 eq,0.5 eq,0.05 eq,0.01 eq,C,Molarity × volume × equivalence factor = 0.5 × 0.1 × 1 = 0.05 eq. Option B ignores volume.,Equivalent Calculations,Medium,Chemistry,Fundamental Concepts
A 20% (w/v) NaOH solution has pH 13. What is its molarity? (NaOH=40 g/mol),0.5 M,1.0 M,2.0 M,0.2 M,A,20 g/L → 20/40 = 0.5 M. Option B assumes 40 g/L.,Concentration-pH Relationships,Medium,Chemistry,Fundamental Concepts
A textile plant uses 1.2×10²⁴ molecules of NaOH. What is the mass in grams? (NaOH=40 g/mol),40 g,80 g,120 g,160 g,B,1.2×10²⁴/6.02×10²³ = 2 moles → 2×40 = 80 g. Option A uses 1 mole.,Mole-Molecule Conversions,Easy,Chemistry,Fundamental Concepts
A factory uses 2 moles of nitrogen to produce ammonia. How many moles of hydrogen are required for complete reaction? (N₂ + 3H₂ → 2NH₃),3,6,9,12,B,Molar ratio is 1:3 for N₂:H₂. 2×3=6 moles. Option A fails because it ignores the coefficient multiplier.,Stoichiometry in Synthesis Reactions,Easy,Chemistry,Fundamental Concepts
"In a lab, 50 cm³ of 1M HCl neutralizes 25 cm³ of NaOH. What is the NaOH concentration?",0.5M,1.0M,2.0M,4.0M,C,M₁V₁ = M₂V₂ → (1)(50) = M₂(25) → M₂=2. Option B fails by neglecting volume difference.,Neutralization Calculations,Medium,Chemistry,Fundamental Concepts
A gas occupies 22.4 dm³ at STP. What volume does 0.5 mol of the same gas occupy under same conditions?,11.2 dm³,22.4 dm³,44.8 dm³,89.6 dm³,A,1 mol = 22.4 dm³ at STP. 0.5×22.4=11.2. Option B is for 1 mole.,Molar Volume Applications,Easy,Chemistry,Fundamental Concepts
Which law explains why a soda can fizzes when opened?,Henry's Law,Boyle's Law,Charles's Law,Avogadro's Law,A,Henry's Law relates gas solubility to pressure. Boyle's (B) deals with pressure-volume inverses.,Gas Laws in Everyday Phenomena,Medium,Chemistry,Fundamental Concepts
A 10% w/v glucose solution contains ___ g in 250 cm³ of solution.,2.5,25,50,100,B,10% w/v = 10g/100cm³ → 2.5×10=25g. Option A divides instead of multiplying.,Solution Concentration Calculations,Easy,Chemistry,Fundamental Concepts
Which process is used to concentrate fruit juice in food industries?,Filtration,Evaporation,Sublimation,Chromatography,B,Evaporation removes water to increase solute concentration. Filtration (A) separates insoluble particles.,Industrial Solution Processing,Easy,Chemistry,Fundamental Concepts
"A compound has 40% C, 6.7% H, and 53.3% O. What is its empirical formula?",CH₂O,C₂H₄O₂,CH₃O,C₂H₂O,A,Mole ratio 40/12 : 6.7/1 : 53.3/16 simplifies to 1:2:1. Option B is a multiple of CH₂O.,Empirical Formula Analysis,Hard,Chemistry,Fundamental Concepts
"In a steel plant, 180 kg of Al₂O₃ is electrolyzed. What mass of Al is produced? (Molar mass Al₂O₃=102 g/mol)",54 kg,90 kg,108 kg,180 kg,C,Molar ratio Al₂O₃:Al = 1:2 → (180×2×27)/102 ≈108 kg. Option A uses Al molar mass incorrectly.,Industrial Stoichiometry,Hard,Chemistry,Fundamental Concepts
Which gas law applies when inflating a weather balloon with helium?,Gay-Lussac's Law,Charles's Law,Boyle's Law,Avogadro's Law,D,Avogadro's Law links volume and mole count at constant T/P. Boyle's (C) relates pressure-volume inversely.,Gas Laws in Atmospheric Studies,Medium,Chemistry,Fundamental Concepts
A 500 cm³ sample of oxygen at 20°C is heated to 100°C at constant pressure. What is the new volume?,434 cm³,567 cm³,600 cm³,650 cm³,B,Charles's Law: V₁/T₁ = V₂/T₂ → 500/(293) = V₂/(373) → V≈600 K. Option B is closest.,Temperature-Volume Relationships,Medium,Chemistry,Fundamental Concepts
How much water must be added to dilute 200 cm³ of 3M H₂SO₄ to 0.5M?,200 cm³,600 cm³,1000 cm³,1200 cm³,C,M₁V₁ = M₂V₂ → 3×200 = 0.5×V₂ → V₂=1200 cm³ (1000 added). Option B misses subtraction.,Dilution Calculations,Medium,Chemistry,Fundamental Concepts
A fertilizer has 28% N by mass. What mass of NH₄NO₃ contains 14g N? (Molar mass NH₄NO₃=80 g/mol),40g,60g,80g,100g,A,NH₄NO₃ has 35% N. 14g/0.35 = 40g. Option B uses wrong percentage.,Percents in Agriculture,Hard,Chemistry,Fundamental Concepts
Which industrial process uses fractional distillation?,Salt purification,Crude oil refining,Sugar crystallization,Ethanol dehydration,B,Fractional distillation separates crude oil. Salt (A) uses evaporation; sugar (C) uses crystallization.,Separation Techniques,Easy,Chemistry,Fundamental Concepts
A gas at 100 kPa is compressed to 300 kPa. What is its new volume if initial volume was 6L?,2L,3L,4L,18L,A,Boyle's Law: P₁V₁ = P₂V₂ → 100×6 = 300×V₂ → V₂=2L. Option B divides by 2 instead of 3.,Pressure-Volume Applications,Easy,Chemistry,Fundamental Concepts
"In a lab, 25 cm³ of H₂O₂ decomposes to produce 50 cm³ O₂. What is the stoichiometric ratio of H₂O₂:O₂?",2:1,1:1,1:2,2:3,A,2H₂O₂ → 2H₂O + O₂. Volume H₂O₂:O₂ is 2:1. Option C reverses the ratio.,Gas Volume Stoichiometry,Medium,Chemistry,Fundamental Concepts
A 20% w/w NaCl solution (density=1.1 g/cm³) has what mass/volume percentage?,20%,22%,24.2%,44%,B,20g/100g solution ×1.1g/cm³ =22g/100cm³. Option A ignores density.,Concentration Conversions,Hard,Chemistry,Fundamental Concepts
Which law explains why scuba divers must ascend slowly?,Henry's Law,Dalton's Law,Graham's Law,Bernoulli's Law,A,"Rapid ascent reduces pressure, causing gas bubbles (Henry's Law). Dalton's (B) relates partial pressures.",Gas Laws in Diving,Medium,Chemistry,Fundamental Concepts
"A factory needs 100 kg of SO₃ for sulfuric acid production. How much sulfur is needed? (Molar masses: S=32, O=16)",32 kg,40 kg,64 kg,100 kg,A,SO₃ has 1 S per formula unit. 100kg × 32/(32+48)=32kg. Option C uses 2 moles of S.,Industrial Raw Material Calculations,Hard,Chemistry,Fundamental Concepts
Which process is used to recover salt from seawater in desalination plants?,Filtration,Crystallization,Evaporation,Distillation,C,"Evaporation leaves salt behind. Distillation (D) recovers pure water, not salt.",Industrial Separations,Easy,Chemistry,Fundamental Concepts
A gas mixture contains 50% O₂ and 50% N₂ by volume. What is its average molar mass?,28 g/mol,30 g/mol,32 g/mol,44 g/mol,B,0.5×32 (O₂) +0.5×28 (N₂)=30 g/mol. Option A ignores O₂ contribution.,Molar Mass of Mixtures,Medium,Chemistry,Fundamental Concepts
A factory produces 500 kg of ammonia daily via the Haber process. How many moles of nitrogen gas are consumed daily? (N₂ + 3H₂ → 2NH₃),1.47 × 10⁵ mol,2.94 × 10⁵ mol,4.41 × 10⁵ mol,7.35 × 10⁵ mol,A,Molar mass of NH₃ = 17 g/mol; 500 kg NH₃ = 29411 mol NH₃. Using stoichiometry: 29411 ÷ 2 = 14705 mol N₂. 29411 ÷ 2 = 14705. Option B ignores molar mass.,Stoichiometry in Industrial Processes,Medium,Chemistry,Fundamental Concepts
"In a sulfuric acid plant, 128 kg of sulfur dioxide is oxidized to SO₃. What volume of oxygen gas (STP) is required? (2SO₂ + O₂ → 2SO₃)",11.2 m³,22.4 m³,33.6 m³,44.8 m³,C,Molar mass SO₂ = 64 g/mol; 128 kg = 2000 mol. Stoichiometry: 2000 SO₂ ÷ 2 = 1000 mol O₂. 1000 mol × 22.4 L/mol = 22400 L = 22.4 m³. Option C uses correct ratio.,Gas Volume Calculations,Hard,Chemistry,Fundamental Concepts
A lab dilutes 100 mL of 6 M HCl to 1 L. What is the new concentration?,0.6 M,1.2 M,6.0 M,3.0 M,A,M₁V₁ = M₂V₂ → 6×0.1 = M₂×1 → M₂ = 0.6. Option B incorrectly adds volumes.,Concentration Units,Easy,Chemistry,Fundamental Concepts
A fertilizer plant uses 3.4 kg of NH₃ to produce ammonium nitrate. How much nitric acid (HNO₃) is required? (NH₃ + HNO₃ → NH₄NO₃),3.15 kg,4.50 kg,6.30 kg,9.00 kg,C,Molar mass NH₃ = 17 g/mol; 3400 g = 200 mol. 1:1 ratio with HNO₃ (63 g/mol) → 200 × 63 = 12600 g = 12.6 kg. Option C halves it due to stoichiometry error.,Industrial Fertilizer Synthesis,Medium,Chemistry,Fundamental Concepts
What mass of CaCO₃ must decompose to produce 22.4 L of CO₂ at STP? (CaCO₃ → CaO + CO₂),50 g,100 g,150 g,200 g,B,22.4 L CO₂ = 1 mol. 1:1 ratio with CaCO₃ (100 g/mol) → 100 g. Option A uses incorrect molar mass.,Decomposition Reactions,Easy,Chemistry,Fundamental Concepts
"In a water treatment plant, 1.204 × 10²² Al³⁺ ions are needed daily. What mass of Al₂(SO₄)₃ is required?",6.03 g,12.06 g,18.09 g,24.12 g,C,1.204 × 10²² ions ÷ 6.02 × 10²³ mol⁻¹ = 0.02 mol Al³⁺. 1 mol Al₂(SO₄)₃ provides 2 mol Al³⁺. 0.01 mol × 342 g/mol = 3.42 g. Option C uses 3:1 ratio error.,Avogadro's Number,Hard,Chemistry,Fundamental Concepts
A battery uses 0.25 mol of Pb. How many atoms are in this sample?,1.5 × 10²³,3.0 × 10²³,6.0 × 10²³,1.2 × 10²⁴,A,0.25 mol × 6.02 × 10²³ atoms/mol = 1.5 × 10²³. Option B doubles it mistakenly.,Mole Concept,Easy,Chemistry,Fundamental Concepts
A steel plant burns 24 kg of carbon. What volume of CO₂ is produced at STP? (C + O₂ → CO₂),44.8 m³,22.4 m³,11.2 m³,8.96 m³,A,24 kg C = 2000 mol. 1:1 ratio with CO₂ (22.4 L/mol) → 2000 × 22.4 = 44800 L = 44.8 m³. Option B uses half carbon mass.,Combustion Stoichiometry,Medium,Chemistry,Fundamental Concepts
A lab needs 0.5 mol of NaOH. How many grams of NaOH are required?,10 g,20 g,30 g,40 g,B,Molar mass NaOH = 40 g/mol; 0.5 mol × 40 g/mol = 20 g. Option D ignores decimal.,Molar Mass Calculations,Easy,Chemistry,Fundamental Concepts
"In a soda plant, 100 L of CO₂ gas (STP) is dissolved daily. What mass of NaHCO₃ is formed? (CO₂ + NaOH → NaHCO₃)",164 g,328 g,492 g,640 g,B,100 L CO₂ = 4.46 mol. 1:1 ratio with NaHCO₃ (84 g/mol) → 4.46 × 84 = 374 g. Option B uses 22.4 L/mol but rounds.,Gas Dissolution Reactions,Hard,Chemistry,Fundamental Concepts
Which industrial process uses 2:1 H₂:N₂ ratio?,Haber process,Contact process,Solvay process,Electrolysis of water,A,Haber process combines N₂ and 3H₂ → 2NH₃. 2:1 is incorrect but common misconception. Option B uses SO₃ formation.,Reaction Ratios,Easy,Chemistry,Fundamental Concepts
A lab dilutes 50 mL of 0.6 M HCl to 500 mL. What is the dilution factor?,1:10,1:5,1:2,1:1,A,Final volume is 10× initial volume → 1:10 dilution. Option B ignores full dilution.,Dilution Calculations,Medium,Chemistry,Fundamental Concepts
"What is the empirical formula of a compound with 40% C, 6.67% H, and 53.3% O?",CH₂O,C₂H₄O₂,CH₃O,C₂H₂O₃,A,"Molar ratios: C=40/12=3.33, H=6.67/1=6.67, O=53.3/16=3.33 → divide by 3.33 → CH₂O. Option B doubles ratios incorrectly.",Empirical Formulas,Medium,Chemistry,Fundamental Concepts
A factory produces 1000 kg of urea daily (CO(NH₂)₂). How many moles of NH₃ are consumed?,14285 mol,28570 mol,42855 mol,57140 mol,B,Molar mass urea = 60 g/mol; 1e6 g ÷ 60 = 16666 mol. 1 mol urea requires 2 mol NH₃ → 33333 mol. Option B approximates.,Industrial Urea Synthesis,Hard,Chemistry,Fundamental Concepts
How many molecules are in 22.4 L of O₂ at STP?,6.02 × 10²³,12.04 × 10²³,3.01 × 10²³,1.50 × 10²³,A,22.4 L = 1 mol = 6.02 × 10²³ molecules. Option B doubles Avogadro's number.,Mole-Gas Relationships,Easy,Chemistry,Fundamental Concepts
A lab uses 0.1 mol of Mg to react with HCl. How many liters of H₂ gas are produced at STP? (Mg + 2HCl → MgCl₂ + H₂),0.224 L,2.24 L,22.4 L,44.8 L,B,1 mol Mg → 1 mol H₂. 0.1 mol × 22.4 L/mol = 2.24 L. Option A uses 0.01 mol.,Gas Production Reactions,Medium,Chemistry,Fundamental Concepts
What mass of O₂ is required to burn 12 g of carbon? (C + O₂ → CO₂),16 g,32 g,44 g,8 g,A,12 g C = 1 mol; 1:1 ratio with O₂ (32 g/mol) → 32 g. Option A halves it due to CO formation misconception.,Combustion Stoichiometry,Easy,Chemistry,Fundamental Concepts
Which is a homogeneous mixture?,Air,Suspension of sand in water,Milk,Iron filings + sulfur,A,Air is uniform gas mixture. Sand suspension and milk are heterogeneous; iron+sulfur is a physical mixture.,Mixtures and Solutions,Easy,Chemistry,Fundamental Concepts
"A factory uses the ideal gas law to store chlorine gas at 25°C and 5 atm. If the tank volume is 200 L, what mass of Cl₂ is stored? (R = 0.0821 L·atm/mol·K)",1.4 kg,2.8 kg,3.2 kg,4.6 kg,B,n = PV/RT = (5×200)/(0.0821×298) ≈ 40.88 mol; mass = 40.88×71 ≈ 2898 g. Option A uses 22.4 L/mol at STP incorrectly.,Industrial Gas Laws Application,Medium,Chemistry,Fundamental Concepts
A lab technician dilutes 50 mL of 2 M H₂SO₄ to 500 mL for industrial cleaning. What is the new concentration?,0.02 M,0.2 M,2.0 M,0.4 M,D,M₁V₁ = M₂V₂ → M₂ = (2×50)/500 = 0.2 M. Option D is correct. Option B forgot to divide by 1000 mL.,Solution Dilution in Industry,Easy,Chemistry,Fundamental Concepts
An ammonia plant produces 500 kg NH₃ with 90% yield. What mass of N₂ reacted? (N₂ + 3H₂ → 2NH₃),420 kg,450 kg,500 kg,556 kg,D,Theoretical yield = 500/0.9 ≈ 555.6 kg NH₃. Molar ratio: 28 g N₂ → 34 g NH₃ → 555.6×28/34 ≈ 458 g N₂. Option D applies correction.,Industrial Yield Calculations,Hard,Chemistry,Fundamental Concepts
A polymer plant mixes 2 moles of ethylene and 1.5 moles of propylene. What is the limiting reagent in forming copolymer units? (1:1 ratio),Ethylene,Propylene,Neither,Both,A,Limiting reagent is ethylene (2 vs. 1.5 required). Option B incorrectly identifies excess reagent.,Limiting Reagent in Industrial Synthesis,Medium,Chemistry,Fundamental Concepts
"A balloon factory fills 1000 L H₂ gas using Avogadro’s law. If 500 L O₂ requires 2 moles, how many moles of H₂ are used?",1 mole,2 moles,4 moles,0.5 mole,A,Same volume → same moles. Option B assumes H₂ has double O₂’s molar volume erroneously.,Avogadro’s Principle Application,Easy,Chemistry,Fundamental Concepts
Baking soda (NaHCO₃) produces CO₂ in food processing. How many liters of CO₂ at STP from 1 mole of NaHCO₃?,11.2 L,22.4 L,44.8 L,56.0 L,B,1 mole gas = 22.4 L at STP. Option A assumes half-mole reaction incorrectly.,Molar Volume in Food Chemistry,Medium,Chemistry,Fundamental Concepts
A fuel analysis shows 2.2 g CO₂ and 0.9 g H₂O from combustion. What is the empirical formula of the hydrocarbon?,CH₄,C₂H₄,C₂H₆,C₃H₆,A,C: 2.2/44 = 0.05 mol; H: 0.9×2/18 = 0.1 mol → ratio 1:2 → CH₄. Option B miscounts hydrogen.,Empirical Formula from Combustion,Hard,Chemistry,Fundamental Concepts
A pesticide factory mixes 500 mL of 0.1 M CuSO₄ with 1 L of 0.05 M NaOH. What is the final [Cu²⁺] after precipitation?,0 M,0.025 M,0.05 M,0.1 M,A,Cu²⁺ + 2OH⁻ → Cu(OH)₂ precipitates. Limiting reagent is NaOH; all Cu²⁺ reacts. Option B neglects stoichiometry.,Precipitation in Industrial Solutions,Hard,Chemistry,Fundamental Concepts
A steel plant uses 100 kg of Fe₂O₃ with excess CO. What is the theoretical Fe yield? (Fe₂O₃ + 3CO → 2Fe + 3CO₂),69.9 kg,70.9 kg,84.0 kg,100 kg,A,100 kg Fe₂O₃ × (112/160) = 70 kg Fe. Option A accounts for molar mass differences accurately.,Stoichiometry in Metal Extraction,Medium,Chemistry,Fundamental Concepts
Pharmaceuticals require 0.5 mole of aspirin (C₉H₈O₄). What mass is needed for tablet production?,45.0 g,90.0 g,180.0 g,324.0 g,C,Molar mass = 180 g/mol; 0.5×180 = 90 g. Option C incorrectly doubles the value.,Molar Mass Application,Easy,Chemistry,Fundamental Concepts
A water treatment plant removes Ca²⁺ using Na₂CO₃. How many grams react with 1 mole of Ca²⁺? (Molar mass CaCO₃ = 100 g/mol),106 g,53 g,58.5 g,117 g,A,1 mole Na₂CO₃ (106 g) reacts with 1 mole Ca²⁺. Option B divides by 2 incorrectly.,Ion Removal in Water Treatment,Medium,Chemistry,Fundamental Concepts
A lab technician needs 250 mL of 0.5 M HCl for cleaning. How many mL of 10 M stock are required?,10 mL,12.5 mL,25 mL,50 mL,B,M₁V₁ = M₂V₂ → 10×V₁ = 0.5×250 → V₁ = 12.5 mL. Option A neglects decimal precision.,Dilution Calculations,Easy,Chemistry,Fundamental Concepts
A rocket fuel reaction uses 2 moles of NH₃ and 3 moles of O₂. Which is the limiting reagent? (4NH₃ + 3O₂ → 2N₂ + 6H₂O),NH₃,O₂,Both,Neither,A,NH₃: 2/4 = 0.5; O₂: 3/3 = 1 → NH₃ is limiting. Option B misinterprets ratios.,Limiting Reagent in Combustion,Medium,Chemistry,Fundamental Concepts
Which law states that equal volumes of all gases at the same temperature and pressure contain equal numbers of molecules?,Avogadro's Law,Dalton's Law,Graham's Law,Henry's Law,A,Avogadro's Law defines molecular equality in gas volumes. Dalton's relates to partial pressures in mixtures.,Mole Concept,Easy,Chemistry,Fundamental Concepts
A sample of glucose (C6H12O6) weighs 180 g. How many moles does it contain?,1 mole,0.5 moles,2 moles,3 moles,A,Molar mass of glucose is 180 g/mol. 180 g/180 g/mol = 1 mole. 0.5 moles would be 90 g.,Stoichiometry,Medium,Chemistry,Fundamental Concepts
Which element's isotope is used as the standard for atomic mass units?,Carbon-12,Oxygen-16,Hydrogen-1,Nitrogen-14,A,Carbon-12 is the IUPAC standard. Oxygen-16 was used in older systems but not currently.,Atomic Mass,Easy,Chemistry,Fundamental Concepts
What is the percentage of nitrogen in urea (NH2CONH2) by mass?,46.65%,33.33%,50.00%,66.67%,A,Calculates as (28.02/60.06) × 100 = 46.65%. The 33.33% option assumes one N atom instead of two.,Percentage Composition,Hard,Chemistry,Fundamental Concepts
2.0 L of 0.5 M NaCl solution is diluted to 10 L. What is the new molarity?,0.1 M,0.2 M,0.5 M,1.0 M,A,M1V1 = M2V2 → 0.5×2 = M2×10. The 0.2 M option forgets to use full volume.,Molarity & Dilution,Medium,Chemistry,Fundamental Concepts
Which of these has the highest number of ions in 1 mole?,Na2SO4,K2CO3,Al(NO3)3,MgSO4,C,Al(NO3)3 dissociates into 4 ions (Al³+ + 3NO3⁻). Others produce fewer ions.,Ion Concentration,Medium,Chemistry,Fundamental Concepts
Which property remains unchanged during a physical change?,Mass,Volume,Density,Color,A,Mass is conserved in all changes. Volume/density/color may change during physical processes.,Conservation Laws,Easy,Chemistry,Fundamental Concepts
"A compound has 40% C, 6.67% H, 53.3% O. What is its empirical formula?",CH2O,C2H4O2,C3H6O3,C4H8O4,A,Mole ratio 1:2:1 (40/12 : 6.67/1.008 : 53.3/16 = 1:2:1). CH2O is the simplest ratio.,Empirical Formula,Hard,Chemistry,Fundamental Concepts
Which gas deviates most from ideal behavior?,Hydrogen,Carbon dioxide,Helium,Oxygen,B,"CO2 has strong intermolecular forces and significant volume, violating ideal gas assumptions.",Gas Behavior,Medium,Chemistry,Fundamental Concepts
What is the mass of 1 mole of electrons?,0.55 mg,5.5 mg,55 mg,550 mg,A,1 mole of electrons has mass 9.1×10⁻²⁷ kg per electron × 6.022×10²³ = 0.55 mg.,Mole Concept,Hard,Chemistry,Fundamental Concepts
Which process increases the kinetic energy of gas molecules?,Increasing pressure at constant volume,Adding more gas molecules,Raising temperature,Compressing the gas,C,Temperature is directly proportional to average kinetic energy. Pressure/volume changes don't inherently alter KE.,Kinetic Theory,Medium,Chemistry,Fundamental Concepts
Which isotope has the same number of neutrons as ³⁵Cl?,³⁷Cl,³⁶S,³⁴S,³³P,C,³⁵Cl has 18 neutrons (35-17). ³⁴S (16 protons) also has 18 neutrons (34-16).,Isotopes,Medium,Chemistry,Fundamental Concepts
What is the volume of 0.1 mole of gas at STP?,2.24 L,4.48 L,22.4 L,11.2 L,A,"At STP, 1 mole = 22.4 L → 0.1 mole = 2.24 L. 0.2 mole would be 4.48 L.",Gas Volume,Easy,Chemistry,Fundamental Concepts
Which substance shows the maximum number of oxidation states?,Iron,Chromium,Manganese,Copper,C,"Manganese exhibits +2 to +7 states. Iron has +2,+3; Chromium +2 to +6.",Oxidation States,Hard,Chemistry,Fundamental Concepts
The mass of a neutron is approximately how many times greater than an electron?,1840,1840²,1000,2000,A,Neutron mass is ~1840× electron. 1840² is incorrect as it squares the factor.,Subatomic Particles,Easy,Chemistry,Fundamental Concepts
Which solution has the highest pH?,0.1 M HCl,0.1 M NaOH,0.1 M CH3COOH,0.1 M NH3,B,"NaOH is a strong base (pH ~13). NH3 is weak base (pH ~11.1), HCl is strong acid (pH 1).",pH Calculations,Medium,Chemistry,Fundamental Concepts
Which process is used to separate components of crude oil?,Fractional distillation,Chromatography,Sublimation,Filtration,A,Fractional distillation separates by boiling points. Chromatography is for colored mixtures.,Separation Techniques,Easy,Chemistry,Fundamental Concepts
What is the formula mass of ammonium phosphate [(NH4)3PO4]?,149 g/mol,139 g/mol,150 g/mol,155 g/mol,A,Calculates as 3(14+4×1) + 31 + 4×16 = 149 g/mol. 139 g/mol misses a phosphate group.,Molar Mass,Hard,Chemistry,Fundamental Concepts
Which pair of substances shows hydrogen bonding?,CH3OH and H2O,CO2 and N2,CH4 and NH3,O2 and O3,A,Alcohols and water form H-bonds via -OH and -OH2 groups. CO2 and N2 are nonpolar.,Hydrogen Bonding,Medium,Chemistry,Fundamental Concepts
What is the mass of 3.01×10²³ molecules of O2?,16 g,8 g,32 g,64 g,A,3.01×10²³ is 0.5 mole. Molar mass of O2 is 32 g/mol → 0.5×32 = 16 g. 8 g is 0.25 mole.,Mole Calculations,Medium,Chemistry,Fundamental Concepts
"A 0.5 M solution of NaCl is prepared at 25°C. If the same solution is heated to 50°C, which property remains constant? Assume no evaporation.",Molarity,Molality,Parts per million,Mole fraction,B,"Molality is mass-based and temperature-independent. Molarity depends on volume, which changes with temperature.",Concentration Units,Medium,Chemistry,Fundamental Concepts
A student dilutes 50 mL of 2.0 M H₂SO₄ to 250 mL. What is the new concentration?,0.2 M,0.4 M,0.5 M,1.0 M,B,M₁V₁ = M₂V₂: (2.0 M)(50 mL) = M₂(250 mL). Distractor D ignores dilution factor.,Dilution Calculations,Medium,Chemistry,Fundamental Concepts
Which statement about stoichiometric coefficients is correct?,They indicate the volume ratio of gases only.,They represent the simplest mole ratio in a balanced equation.,They are always equal to oxidation states.,They determine the speed of a reaction.,B,Coefficients show mole ratios from balanced equations. A incorrectly limits their use to gases.,Stoichiometry Basics,Easy,Chemistry,Fundamental Concepts
"During a lab experiment, 12.0 g of Mg reacts with excess O₂. What volume of O₂ gas (at STP) is consumed? (Molar mass of Mg = 24 g/mol)",5.6 L,11.2 L,22.4 L,44.8 L,A,12 g Mg = 0.5 mol; 2Mg + O₂ → 2MgO uses 0.25 mol O₂ = 5.6 L. Distractor B doubles the correct value.,Gas Stoichiometry,Hard,Chemistry,Fundamental Concepts
"Which substance has the highest number of moles in 100 g samples? (Atomic masses: H=1, O=16, C=12, Na=23)",Water (H₂O),Sodium oxide (Na₂O),Carbon dioxide (CO₂),Carbon monoxide (CO),D,"CO has molar mass 28 g/mol (100/28 ≈ 3.57 mol). H₂O (18 g/mol) gives 5.55 mol, but D is next highest.",Molar Mass Calculations,Medium,Chemistry,Fundamental Concepts
A sample of argon gas occupies 2.0 L at 1 atm. What volume will it occupy at 0.5 atm (constant temperature)?,1.0 L,2.0 L,4.0 L,8.0 L,C,Boyle's Law (P₁V₁ = P₂V₂): 1×2 = 0.5×V₂. Distractor A applies inverse incorrectly.,Gas Laws,Easy,Chemistry,Fundamental Concepts
What is the molarity of a solution containing 2.6 g of NaCl in 100 mL? (Molar mass of NaCl = 58.5 g/mol),0.044 M,0.44 M,4.4 M,44.0 M,B,2.6 g × (1 mol/58.5 g) = 0.0445 mol in 0.1 L = 0.445 M. Distractor A ignores decimal shift.,Molarity Calculations,Medium,Chemistry,Fundamental Concepts
Which solution has the greatest number of ions? (Assume complete dissociation),0.1 M NaCl (1 L),0.05 M CaCl₂ (2 L),0.01 M Al₂(SO₄)₃ (10 L),0.2 M KBr (0.5 L),C,Al₂(SO₄)₃ gives 5 ions per formula unit. 0.01 mol/L × 5 × 10 L = 0.5 mol ions. B gives 0.3 mol.,Ionic Solutions,Hard,Chemistry,Fundamental Concepts
Which property is the same for 1 mole of CO₂ and 1 mole of NH₃ at STP?,Volume,Mass,Number of molecules,Both A and C,D,1 mole of any gas occupies 22.4 L and contains Avogadro's number of particles. Mass differs.,Mole Concept,Easy,Chemistry,Fundamental Concepts
A reaction produces 3.0 L of H₂ gas at STP. How many grams of H₂ is this? (Molar mass of H₂ = 2 g/mol),0.27 g,0.54 g,1.08 g,2.16 g,A,3.0 L = 0.134 mol × 2 g/mol = 0.268 g. Distractor B adds 22.4 L incorrectly.,Gas Volume to Mass,Medium,Chemistry,Fundamental Concepts
"What is the empirical formula of a compound with 40.0% C, 6.7% H, and 53.3% O?",CH₂O,C₂H₄O₂,C₃H₆O₃,CH₃O₂,A,40/12 : 6.7/1 : 53.3/16 simplifies to 1:2:1. B gives same ratio but is not empirical.,Empirical Formulas,Medium,Chemistry,Fundamental Concepts
A solution has a pH of 3. How many H⁺ ions are present per liter? (Avogadro's number = 6.02×10²³),6.02×10¹⁷,6.02×10¹⁹,6.02×10²¹,6.02×10²³,C,[H⁺] = 10⁻³ M × 6.02×10²³ = 6.02×10²⁰. Distractor A misses exponent shift.,Concentration to Particles,Hard,Chemistry,Fundamental Concepts
Which law explains the volume expansion of a gas when heated at constant pressure?,Boyle's Law,Charles's Law,Avogadro's Law,Dalton's Law,B,Charles's Law states volume is directly proportional to temperature (K) at constant pressure.,Gas Laws,Easy,Chemistry,Fundamental Concepts
How many grams of O₂ are required to burn 1 mole of C₂H₆? (C₂H₆ + 7/2 O₂ → 2CO₂ + 3H₂O),112 g,56 g,28 g,16 g,B,7/2 mol O₂ × 32 g/mol = 112 g. Distractor A uses incorrect stoichiometry.,Combustion Stoichiometry,Medium,Chemistry,Fundamental Concepts
What is the mass of 3.01×10²³ atoms of carbon? (Avogadro's number = 6.02×10²³),3 g,6 g,12 g,24 g,B,3.01×10²³ ÷ 6.02×10²³ = 0.5 mol × 12 g/mol = 6 g. Distractor A uses half correct value.,Mole-Particle Calculations,Easy,Chemistry,Fundamental Concepts
A gas mixture contains 2 moles of O₂ and 3 moles of N₂. What is the partial pressure of O₂ if total pressure is 5 atm?,2 atm,3 atm,4 atm,5 atm,A,Partial pressure = (moles of O₂ / total moles) × total pressure = (2/5) × 5 = 2 atm.,Partial Pressures,Medium,Chemistry,Fundamental Concepts
What volume of 0.1 M HCl is needed to neutralize 25 mL of 0.2 M NaOH?,10 mL,25 mL,50 mL,100 mL,C,M₁V₁ = M₂V₂ → 0.2×25 = 0.1×V₂. Distractor B ignores concentration ratio.,Acid-Base Titration,Medium,Chemistry,Fundamental Concepts
Which statement about a limiting reactant is correct?,It is the reactant with the lowest mass.,It determines the maximum amount of product.,It is the one with the smallest volume.,It is always the oxidizing agent.,B,Limiting reactant is completely consumed and controls yield. A is irrelevant to stoichiometry.,Limiting Reactants,Easy,Chemistry,Fundamental Concepts
A reaction produces 0.5 mol of CO₂. How many grams of CaCO₃ must have decomposed? (CaCO₃ → CaO + CO₂),25 g,50 g,100 g,200 g,B,1 mol CaCO₃ → 1 mol CO₂. 0.5 mol CaCO₃ × 100 g/mol = 50 g. A uses half molar mass.,Decomposition Stoichiometry,Medium,Chemistry,Fundamental Concepts
A laboratory technician calculates the number of molecules in 2 moles of methane. Which value of Avogadro's number should they use?,6.022 × 10^21,6.022 × 10^22,6.022 × 10^23,6.022 × 10^24,C,"Avogadro's number is 6.022 × 10^23. Option B is 10^22, a common exponent error.",Avogadro's Number,Easy,Chemistry,Fundamental Concepts
A gas sample occupies 22.4 L at STP. What is its molar mass if its density is 1.43 g/L?,28 g/mol,32 g/mol,44 g/mol,56 g/mol,B,"Molar mass = density × 22.4 L/mol. Option A is nitrogen gas's molar mass, an unrelated distractor.",Gas Laws,Medium,Chemistry,Fundamental Concepts
A student mixes 50 mL of 2 M HCl with 50 mL of 2 M NaOH. What is the final molarity of Cl⁻ ions?,1 M,2 M,0.5 M,0.25 M,A,"HCl dissociates fully, and volume doubles. Option B ignores dilution from volume increase.",Solutions,Medium,Chemistry,Fundamental Concepts
Which process explains why helium balloons shrink in cold weather?,Graham's law,Dalton's law,Charles's law,Boyle's law,C,"Charles's law links volume and temperature. Option A relates to effusion rates, not volume.",Gas Laws,Easy,Chemistry,Fundamental Concepts
A reaction forms 44 g of CO₂ from 12 g of carbon. What is the theoretical yield percentage if 50 g is obtained experimentally?,80%,88%,90%,96%,B,Theoretical mass is (44/12)×12 = 44 g. Option A miscalculates mass ratios.,Stoichiometry,Hard,Chemistry,Fundamental Concepts
"Which substance has the highest boiling point? (Molar masses: O₂=32, Cl₂=71, Br₂=160, I₂=254)",O₂,Cl₂,Br₂,I₂,D,Van der Waals forces increase with molar mass. Option C is a distractor with lower mass.,States of Matter,Medium,Chemistry,Fundamental Concepts
A 1 L solution contains 58.5 g of NaCl. What is its osmolarity?,1 Osmol/L,2 Osmol/L,0.5 Osmol/L,1.5 Osmol/L,B,NaCl dissociates into two ions. Option A ignores dissociation.,Solutions,Easy,Chemistry,Fundamental Concepts
A reaction releases 200 kJ of heat. What is the sign of its enthalpy change?,+200 kJ,-200 kJ,0 kJ,+400 kJ,B,Exothermic reactions have negative ΔH. Option A confuses sign convention.,Thermodynamics,Easy,Chemistry,Fundamental Concepts
"Which gas effuses fastest under identical conditions? (Molar masses: H₂=2, O₂=32, N₂=28, CO₂=44)",O₂,N₂,CO₂,H₂,D,Graham's law: lighter gases effuse faster. Option B is a distractor with higher molar mass.,Gas Laws,Medium,Chemistry,Fundamental Concepts
A 100 g sugar solution has 10 g sugar dissolved in water. What is the mass percent of sugar?,10%,11.1%,90%,9%,A,Mass percent = (10/100)×100. Option B miscalculates total solution mass.,Solutions,Easy,Chemistry,Fundamental Concepts
Which equation correctly calculates moles from mass?,Mass × Molar Mass,Mass / Molar Mass,Molar Mass / Mass,Mass + Molar Mass,B,Moles = mass ÷ molar mass. Option A reverses the formula.,Mole Concept,Easy,Chemistry,Fundamental Concepts
A container holds 2 moles of O₂ and 3 moles of N₂. What is the mole fraction of O₂?,0.2,0.4,0.6,0.8,B,Mole fraction = 2/(2+3) = 0.4. Option A ignores total moles.,Mixtures,Medium,Chemistry,Fundamental Concepts
A reaction vessel at equilibrium is cooled. What happens to exothermic reactions?,Shift left,Shift right,No shift,Explode,B,Le Chatelier's principle: cooling favors exothermic reactions. Option A is endothermic behavior.,Chemical Equilibrium,Hard,Chemistry,Fundamental Concepts
"A lab technician needs to prepare a 0.1 M solution of sodium chloride. If they dissolve 5.85 g in 1 liter, which step did they incorrectly follow?",Used incorrect molar mass,Selected wrong volume of solvent,Misapplied dilution formula,Calculated wrong number of moles,A,"NaCl molar mass is 58.5 g/mol; using 5.85 g gives 0.1 mol, but step 2 requires dissolving in total volume, not adding 1 L directly.",Molarity Calculations,Medium,Chemistry,Fundamental Concepts
Which law states that the rate of effusion is inversely proportional to the square root of molar mass?,Boyle's Law,Charles's Law,Graham's Law,Dalton's Law,C,"Graham's Law relates effusion/diffusion rates to molar mass. Boyle's relates pressure-volume, Charles's relates volume-temperature.",Gas Laws,Easy,Chemistry,Fundamental Concepts
A compound has a formula mass of 180 g/mol and an empirical formula of CH₂O. What is its molecular formula?,C₂H₄O₂,C₃H₆O₃,C₄H₈O₄,C₆H₁₂O₆,D,CH₂O (30 g/mol) × 6 = 180 g/mol. Multiply empirical formula by 6 to match molecular mass.,Empirical/Molecular Formulas,Medium,Chemistry,Fundamental Concepts
Which unit measures the number of particles in a specific volume of gas at STP?,Mole,Liter,Molarity,Gram,A,"1 mole of any gas at STP = 22.4 L. Molarity measures concentration, not particles.",Mole Concept,Easy,Chemistry,Fundamental Concepts
A student calculates the theoretical yield of CO₂ from 12 g of C (molar mass 12 g/mol). Which step is critical for accuracy?,Balancing the chemical equation,Ignoring stoichiometric ratios,Using excess reagent mass,Assuming 100% efficiency,A,Balanced equations determine mole ratios. Omitting this step leads to incorrect theoretical yield calculations.,Stoichiometry,Medium,Chemistry,Fundamental Concepts
"Which gas will diffuse fastest under identical conditions: Cl₂ (71 g/mol), O₂ (32 g/mol), NH₃ (17 g/mol), or CO₂ (44 g/mol)?",Cl₂,O₂,NH₃,CO₂,C,"Lighter gases diffuse faster. NH₃ has lowest molar mass, so highest diffusion rate per Graham's law.",Diffusion/Effusion,Medium,Chemistry,Fundamental Concepts
A solution is labeled 0.5 molal. What does this indicate about the solute?,0.5 moles in 1 kg of solution,0.5 moles in 1 L of solution,0.5 moles in 1 kg of solvent,0.5 moles in 100 mL of solution,C,"Molality = moles of solute per kilogram of solvent. Molarity uses volume, not mass.",Concentration Units,Easy,Chemistry,Fundamental Concepts
Which process explains the formation of a gas hydrate from a sodium hydroxide solution exposed to air?,Effusion,Diffusion,Hydrolysis,Absorption,D,"Absorption involves gas incorporating into a liquid. Hydrates form via absorption, not dissolution.",Gas-Liquid Interactions,Hard,Chemistry,Fundamental Concepts
"When 2.5 moles of CaCl₂ dissociate in water, how many moles of Cl⁻ ions are produced?",2.5,5.0,7.5,10.0,B,CaCl₂ → Ca²⁺ + 2Cl⁻. 2.5 moles × 2 = 5.0 moles of Cl⁻. Option A ignores dissociation ratio.,Electrolyte Dissociation,Medium,Chemistry,Fundamental Concepts
Which statement is true about the molar volume of a gas?,Depends on atmospheric pressure,Fixed at 22.4 L regardless of temperature,Defined as 22.4 L at STP,Equal to Avogadro's number,C,"Molar volume is 22.4 L at standard temperature (0°C) and pressure (1 atm), not just any conditions.",Gas Molar Volume,Easy,Chemistry,Fundamental Concepts
A 0.1 M solution of glucose (C₆H₁₂O₆) is hypotonic to cells. What happens when a cell is placed in it?,Cell shrinks,Cell swells,No change,Cell lyses immediately,B,"Hypotonic solutions have lower solute concentration. Water moves into cells, causing swelling.",Osmosis,Medium,Chemistry,Fundamental Concepts
Which pair of substances will form an ideal solution with no heat change?,Ethanol and water,Hexane and heptane,Acetic acid and water,NaCl and water,B,"Hexane and heptane are non-polar hydrocarbons with similar intermolecular forces, forming ideal solutions.",Solutions and Solubility,Medium,Chemistry,Fundamental Concepts
A reaction produces 2 liters of CO₂ gas at STP. How many moles of CO₂ is this?,0.089,0.125,0.178,0.250,A,2 L / 22.4 L/mol ≈ 0.089 moles. Option C incorrectly uses 11.2 L/mol.,Gas Volume to Moles,Easy,Chemistry,Fundamental Concepts
Which factor directly affects the rate of diffusion of a gas?,Color of the gas,Odor intensity,Molar mass,Boiling point,C,Lighter gases diffuse faster. Molar mass determines diffusion rate via Graham's law.,Diffusion Rates,Medium,Chemistry,Fundamental Concepts
"What is the empirical formula of a compound containing 40% C, 6.7% H, and 53.3% O by mass?",CH₂O,C₂H₄O₂,C₃H₆O₃,C₄H₈O₄,A,"Assume 100 g: 40/12 = 3.33 C, 6.7/1 = 6.7 H, 53.3/16 = 3.33 O. Simplify ratios to 1:2:1.",Empirical Formulas,Hard,Chemistry,Fundamental Concepts
A metal with a specific heat of 0.39 J/g°C requires 780 J to raise 100 g by X°C. What is X?,10°C,20°C,50°C,100°C,B,q = mcΔT → 780 = 100 × 0.39 × X → X = 20°C. Option A misses multiplying by mass.,Specific Heat Calculations,Medium,Chemistry,Fundamental Concepts
Which law explains the relationship between pressure and volume of a gas at constant temperature?,Charles's Law,Boyle's Law,Gay-Lussac's Law,Avogadro's Law,B,Boyle's Law states P ∝ 1/V at constant temperature. Charles's relates volume and temperature.,Gas Laws,Easy,Chemistry,Fundamental Concepts
A 1.0 L solution contains 58.5 g of NaCl. What is the concentration if NaCl dissociates completely?,1.0 M,2.0 M,0.5 M,0.1 M,A,"58.5 g = 1.0 mol. NaCl dissociates into 1.0 M of Na⁺ and 1.0 M of Cl⁻, total 2.0 M ions.",Dissociation and Concentration,Medium,Chemistry,Fundamental Concepts
"Which substance has the highest solubility in water at 25°C: KNO₃, NaCl, CaCO₃, or AgCl?",CaCO₃,AgCl,KNO₃,NaCl,C,KNO₃ is highly soluble in water. CaCO₃ and AgCl are insoluble; NaCl is moderately soluble.,Solubility Rules,Hard,Chemistry,Fundamental Concepts
A sample of glucose (C6H12O6) contains 2 moles. How many oxygen atoms are present?,1.204 x 10^24,2.408 x 10^24,3.612 x 10^24,4.816 x 10^24,C,Each glucose molecule has 6 O atoms. Multiply moles by Avogadro's number and O atoms per molecule. Option B fails to account for 6 O atoms.,Avogadro's Number Application,Medium,Chemistry,Fundamental Concepts
Which of the following is NOT a fundamental law in stoichiometry?,Law of conservation of mass,Law of definite proportions,Law of limiting reagents,Law of multiple proportions,C,"Limiting reagents are a concept, not a law. The other options are foundational stoichiometric laws.",Laws of Chemical Combination,Easy,Chemistry,Fundamental Concepts
A compound has an empirical formula of CH2O and molar mass 180 g/mol. What is its molecular formula?,C3H6O3,C4H8O4,C5H10O5,C6H12O6,D,Multiply empirical formula mass (30 g/mol) by 6 to match the molar mass. Option A fails to scale properly.,Empirical to Molecular Formula,Medium,Chemistry,Fundamental Concepts
Which term describes the simplest whole-number ratio of atoms in a compound?,Molecular formula,Structural formula,Empirical formula,Condensed formula,C,"Empirical formula gives the simplest ratio. Molecular formula provides actual atoms, while others describe structure.",Formula Terminology,Easy,Chemistry,Fundamental Concepts
What volume of SO2 gas (at STP) has the same number of molecules as 22 g of CO2?,11.2 L,22.4 L,33.6 L,44.8 L,B,Both samples contain 0.5 moles (44 g CO2 = 22.4 L at STP). Option A confuses mass with volume equivalence.,Molar Volume of Gases,Medium,Chemistry,Fundamental Concepts
Which statement about a balanced chemical equation is correct?,Atom counts are equal on both sides,Volume ratios are always 1:1,Mass changes occur,Mole ratios are irrelevant,A,Balanced equations require equal atom counts. B fails because volume ratios depend on gas stoichiometry.,Balancing Equations,Easy,Chemistry,Fundamental Concepts
250 mL of 0.1 M NaCl is diluted to 500 mL. What is the new concentration?,0.025 M,0.05 M,0.10 M,0.20 M,B,Use C1V1 = C2V2. Doubling volume halves concentration. Option A incorrectly divides by 10 instead of 2.,Dilution Calculations,Medium,Chemistry,Fundamental Concepts
Which property remains constant during a chemical reaction?,Number of moles,Total mass,Volume of gaseous products,Energy content,B,Law of conservation of mass ensures constant total mass. Moles and energy may change.,Mass Conservation,Easy,Chemistry,Fundamental Concepts
A hydrocarbon has 82.76% carbon and 17.24% hydrogen. What is its empirical formula?,CH3,CH4,C2H6,C3H8,A,Convert percentages to mole ratios (82.76/12 = 6.897; 17.24/1 = 17.24) → 1:2.5 → 2:5 → CH3.,Percentage Composition,Hard,Chemistry,Fundamental Concepts
What is the mass of 3.01 x 10^23 molecules of O2?,8.00 g,16.0 g,32.0 g,64.0 g,B,Half a mole (Avogadro's number = 6.02 x 10^23) of O2 = 16.0 g. Option A forgets O2 is diatomic.,Mole-Particle Conversions,Medium,Chemistry,Fundamental Concepts
"In 2H2 + O2 → 2H2O, which statement is true?",Hydrogen is the limiting reactant if 4 moles of H2 react with 2 moles of O2,Oxygen is the limiting reactant in all cases,Reaction requires 1:1 H2:O2 ratio,Mass doubles during reaction,A,"Ratio is 2 H2 per 1 O2. Given 4 H2 and 2 O2, both react completely. Statement B is a misconception.",Limiting Reactants,Hard,Chemistry,Fundamental Concepts
What is the molarity of a solution with 25 g NaOH in 500 mL water?,0.25 M,1.25 M,2.50 M,5.00 M,B,25 g NaOH = 0.625 moles / 0.5 L = 1.25 M. Option A divides by 2 instead of 0.5.,Molarity Calculations,Medium,Chemistry,Fundamental Concepts
Which term defines the mass of 1 mole of a substance?,Avogadro's number,Molar mass,Formula mass,Atomic weight,B,"Molar mass is mass per mole. Avogadro's number counts particles, not mass.",Molar Mass,Easy,Chemistry,Fundamental Concepts
"Which has the highest number of molecules: 1 g of H2, 1 g of N2, or 1 g of O2?",H2,N2,O2,All equal,A,H2 has lowest molar mass (2 g/mol) → most moles → most molecules. Option D ignores molar mass differences.,Mole Concept,Medium,Chemistry,Fundamental Concepts
"In a reaction producing 2 moles of CO2, how many moles of oxygen atoms are present in CO2?",1,2,4,6,C,Each CO2 has 2 O atoms → 2 moles CO2 × 2 = 4 O moles. Option B fails to consider stoichiometry.,Atom Counting,Easy,Chemistry,Fundamental Concepts
A gas sample occupies 11.2 L at STP. How many moles are present?,0.25,0.5,1.0,2.0,B,11.2 L is half of 22.4 L (1 mole at STP). Option C assumes 22.4 L for 11.2 L.,Gas Stoichiometry,Medium,Chemistry,Fundamental Concepts
Which pair has the same empirical formula?,C2H4 and C3H6,C2H2 and C3H4,C2H6 and CH3,C2H4O2 and C4H6O4,A,C2H4 and C3H6 both simplify to CH2. Other options have different ratios.,Empirical Formula Comparison,Easy,Chemistry,Fundamental Concepts
What is the formula mass of Ca3(PO4)2?,278 g/mol,310 g/mol,342 g/mol,380 g/mol,B,Calculate: 3×40 + 2×(31 + 4×16) = 120 + 190 = 310 g/mol. Option A forgets phosphate groups.,Formula Mass Calculations,Hard,Chemistry,Fundamental Concepts
"Which solution has the highest number of ions: 1 M NaCl, 0.5 M MgCl2, or 0.25 M AlCl3?",NaCl,MgCl2,AlCl3,All equal,B,0.5 M MgCl2 → 0.5 + 1.0 = 1.5 total ions. Option C overestimates AlCl3 ions.,Ion Concentration,Hard,Chemistry,Fundamental Concepts
A 10% glucose solution means ____.,10 g glucose in 100 g solution,10 g glucose in 100 g water,10 L glucose in 100 L solution,10 moles glucose in 100 mL solution,A,Percentage concentration refers to mass per total solution. Option B misuses solvent instead of solution.,Concentration Units,Medium,Chemistry,Fundamental Concepts
What mass of NaOH (40 g/mol) is required to prepare 500 mL of 0.1 M solution?,2.0 g,4.0 g,8.0 g,10.0 g,A,Molarity = moles/volume → moles = 0.1 × 0.5 = 0.05. Mass = 0.05 × 40 = 2.0 g. Option B fails by doubling the volume.,Molarity Calculations,Easy,Chemistry,Fundamental Concepts
"If 200 mL of 1.0 M HCl is diluted to 500 mL, what is the new concentration?",0.4 M,0.2 M,0.1 M,0.5 M,A,M1V1 = M2V2 → 1.0 × 200 = M2 × 500 → M2 = 0.4 M. Option B miscalculates volume units.,Dilution Problems,Medium,Chemistry,Fundamental Concepts
How many molecules are in 18 g of H2O (18 g/mol)?,6.022×10^23,3.011×10^23,1.204×10^24,9.033×10^23,A,"18 g is 1 mole, which equals Avogadro’s number. Option C triples the correct value.",Avogadro's Number,Easy,Chemistry,Fundamental Concepts
What is the volume occupied by 3 moles of O2 at STP (22.4 L/mol)?,67.2 L,22.4 L,33.6 L,89.6 L,A,3 × 22.4 L = 67.2 L. Option B uses 1 mole instead of 3.,Molar Volume,Easy,Chemistry,Fundamental Concepts
"What is the % composition of H in CH4 (C=12, H=1)?",25%,50%,75%,10%,A,% H = (4/16) × 100 = 25%. Option B doubles the hydrogen atoms.,Mass Percentage,Medium,Chemistry,Fundamental Concepts
"If 2 moles of H2 react with 2 moles of O2, how many moles of H2O are formed?",2,4,1,3,A,H2 is limiting (2H2 + O2 → 2H2O). Option B assumes full O2 consumption.,Limiting Reactant,Hard,Chemistry,Fundamental Concepts
"What is the empirical formula of a compound with 40% C, 6.7% H, and 53.3% O (C=12, H=1, O=16)?",CH2O,CHO,C2H4O2,C3H6O3,A,Molar ratio C:H:O = 3.33:6.7:3.33 → 1:2:1. Option C triples the ratio.,Empirical Formulas,Medium,Chemistry,Fundamental Concepts
What is [H+] in a solution with pH 4?,1×10^-4 M,1×10^-8 M,1×10^-2 M,1×10^-6 M,A,[H+] = 10^-pH = 1×10^-4. Option D confuses pH with pOH.,pH Calculations,Easy,Chemistry,Fundamental Concepts
What is the pressure of 0.5 moles of gas in 2 L at 273 K (R=0.0821 L·atm/mol·K)?,5.6 atm,11.2 atm,2.8 atm,1.4 atm,A,P = nRT/V = (0.5×0.0821×273)/2 ≈ 5.6. Option B doubles the value.,Ideal Gas Law,Medium,Chemistry,Fundamental Concepts
What is the molar mass of a compound if 5.0 g corresponds to 0.125 moles?,40.0 g/mol,25.0 g/mol,50.0 g/mol,60.0 g/mol,A,Molar mass = mass/moles (5.0/0.125 = 40.0). Option B incorrectly halves the result.,Molar Mass Calculations,Easy,Chemistry,Fundamental Concepts
How many molecules are in 2.5 moles of CO₂? (Avogadro's number = 6.022×10²³),1.5×10²⁴,3.0×10²⁴,6.0×10²³,1.2×10²³,A,Molecules = moles × Avogadro's number (2.5×6.022×10²³ ≈ 1.5×10²⁴). Option C ignores decimal placement.,Avogadro's Number,Easy,Chemistry,Fundamental Concepts
What volume (L) of 0.5 M HCl is needed to prepare 250 mL of 0.2 M HCl?,100 mL,150 mL,200 mL,50 mL,A,V₁ = (M₂V₂)/M₁ = (0.2×0.25)/0.5 = 0.1 L. Option D reverses M₁ and M₂.,Dilution Calculations,Medium,Chemistry,Fundamental Concepts
"What is the % composition of oxygen in H₂O₂? (H=1, O=16)",88.8%,94.1%,66.7%,75.0%,B,%O = (32/34)×100 = 94.1%. Option A miscalculates molecular mass.,Percent Composition,Medium,Chemistry,Fundamental Concepts
A 2.0 g sample of a hydrocarbon contains 1.8 g C and 0.2 g H. What is its empirical formula?,CH₂,CH₃,C₂H₆,CH,A,Moles C:H = 0.15:0.2 → ratio 1:1.33 → CH₂. Option B assumes 1:2 ratio.,Empirical Formula,Hard,Chemistry,Fundamental Concepts
"If 3 moles of N₂ react with 9 moles of H₂, how many moles of NH₃ form? (N₂ + 3H₂ → 2NH₃)",6 moles,4 moles,2 moles,8 moles,A,H₂ is limiting (9/3 = 3); 2/3×9 = 6 moles NH₃. Option B uses N₂ as limiting.,Limiting Reactant,Hard,Chemistry,Fundamental Concepts
What pressure (atm) is exerted by 0.5 mol gas in 10 L at 300 K? (R=0.0821 L·atm/mol·K),1.23 atm,2.46 atm,0.61 atm,3.00 atm,A,P = nRT/V = (0.5×0.0821×300)/10 = 1.23 atm. Option C uses 150 K instead of 300 K.,Ideal Gas Law,Medium,Chemistry,Fundamental Concepts
How many grams of Mg (24.3 g/mol) react with 0.25 mol HCl? (Mg + 2HCl → MgCl₂ + H₂),3.04 g,6.07 g,12.1 g,1.52 g,A,Mg:HCl ratio 1:2 → 0.125 mol Mg × 24.3 = 3.04 g. Option D halves the molar mass.,Stoichiometry,Medium,Chemistry,Fundamental Concepts
What is the molarity of 25.0 g NaCl (58.44 g/mol) in 500 mL solution?,0.855 M,1.71 M,4.28 M,2.55 M,A,Molarity = (25/58.44)/0.5 = 0.855 M. Option B uses 25 g directly over 0.5 L.,Molarity Calculations,Easy,Chemistry,Fundamental Concepts
What mass (g) of O₂ is needed for complete combustion of 12 g C? (C + O₂ → CO₂),32 g,16 g,64 g,8 g,A,12 g C = 1 mol; requires 32 g O₂. Option B uses atomic mass instead of molar mass.,Stoichiometry,Easy,Chemistry,Fundamental Concepts
"How many atoms are in 44 g of CO₂? (C=12, O=16)",6.02×10²³,1.81×10²⁴,3.01×10²³,1.20×10²⁴,B,1 mol CO₂ = 3×Avogadro's number = 1.81×10²⁴. Option A counts only molecules.,Mole-Atom Relationship,Medium,Chemistry,Fundamental Concepts
A 15% (w/v) glucose solution has a density of 1.06 g/mL. What is its molarity? (C₆H₁₂O₆ = 180 g/mol),0.89 M,1.78 M,2.67 M,3.55 M,A,Molarity = (15 g/100 mL × 1000 mL/L)/180 = 0.89 M. Option B assumes pure solution.,Concentration Units,Hard,Chemistry,Fundamental Concepts
What partial pressure (atm) of O₂ in a gas mixture with 2 mol N₂ and 1 mol O₂ at 3 atm total?,1.0 atm,1.5 atm,2.0 atm,0.5 atm,A,O₂ mole fraction = 1/3 → 3 atm × 1/3 = 1.0 atm. Option D reverses mole fractions.,Gas Mixtures,Medium,Chemistry,Fundamental Concepts
How much heat (J) is absorbed when 100 g water warms from 20°C to 30°C? (c=4.184 J/g°C),4184 J,2092 J,8368 J,1046 J,A,q = mcΔT = 100×4.184×10 = 4184 J. Option B uses 5°C instead of 10°C.,Heat Calculations,Easy,Chemistry,Fundamental Concepts
What volume (L) does 0.5 mol NH₃ occupy at STP?,11.2 L,22.4 L,5.6 L,44.8 L,A,"At STP, 1 mol = 22.4 L → 0.5 mol = 11.2 L. Option C uses 0.25 mol.",Gas Volume at STP,Easy,Chemistry,Fundamental Concepts
"What mass (g) of MgO forms from 48 g Mg? (2Mg + O₂ → 2MgO; Mg=24, O=16)",80 g,40 g,60 g,100 g,A,48 g Mg = 2 mol; 2 mol MgO = (24+16)×2 = 80 g. Option B uses Mg mass only.,Stoichiometry,Medium,Chemistry,Fundamental Concepts
Mix 50 mL 1.0 M NaCl with 50 mL 1.0 M KCl. What is [Cl⁻] in the final solution?,1.0 M,2.0 M,0.5 M,0.25 M,A,Total Cl⁻ = 0.05 mol NaCl + 0.05 mol KCl = 0.1 mol in 0.1 L → 1.0 M. Option C ignores total volume.,Ion Concentration,Hard,Chemistry,Fundamental Concepts
"What is the formula mass (g/mol) of Al₂(SO₄)₃? (Al=27, S=32, O=16)",342 g/mol,278 g/mol,450 g/mol,570 g/mol,A,2×27 + 3×(32+4×16) = 54 + 3×96 = 342 g/mol. Option C adds extra oxygen atoms.,Formula Mass,Medium,Chemistry,Fundamental Concepts
"How many moles of H₂O are in 9.0 g of H₂O? (H=1, O=16)",0.5 mol,1.0 mol,2.0 mol,1.5 mol,A,Molar mass H₂O = 18 g/mol → 9.0/18 = 0.5 mol. Option B assumes 9.0 g = 1 mol.,Molar Mass,Easy,Chemistry,Fundamental Concepts
A 0.25 mol sample of NO₂ is heated until it decomposes completely into NO and O₂. How many molecules of O₂ are produced? (Balanced equation: 4NO₂ → 4NO + O₂),3.76 × 10²³,1.5 × 10²³,7.5 × 10²³,6.02 × 10²³,A,4 moles of NO₂ produce 1 mole of O₂. 0.25 mol NO₂ → 0.0625 mol O₂ → 3.76 × 10²³ molecules. Option B fails due to incorrect stoichiometric ratio.,Stoichiometry in Decomposition Reactions,Medium,Chemistry,Fundamental Concepts
What volume (in liters) at STP does 4.5 g of CO₂ occupy? (Molar mass CO₂ = 44 g/mol),2.24,4.48,2.84,1.14,D,Moles CO₂ = 4.5/44 = 0.102 mol. Volume = 0.102 × 22.4 L/mol = 2.28 L; corrected rounding gives 1.14 L. Option A misapplies molar mass.,Gas Volume at STP,Medium,Chemistry,Fundamental Concepts
A 0.5 M solution of NaCl is diluted from 200 mL to 500 mL. What is the final concentration?,0.2 M,0.5 M,1.0 M,0.1 M,A,M₁V₁ = M₂V₂ → 0.5 × 0.2 = M₂ × 0.5 → M₂ = 0.2 M. Option D uses incorrect dilution factor.,Dilution Calculations,Medium,Chemistry,Fundamental Concepts
How many grams of Mg (24.3 g/mol) react with 0.3 mol of HCl? (Reaction: Mg + 2HCl → MgCl₂ + H₂),3.65 g,7.29 g,14.6 g,1.82 g,B,Mg:Cl₂ ratio is 1:2. 0.3 mol HCl = 0.15 mol Mg → 0.15 × 24.3 = 3.645 g. Correct rounding gives 7.29 g. Option A halves the correct value.,Stoichiometry with Ratios,Medium,Chemistry,Fundamental Concepts
2.0 L of gas at 300 K and 1 atm is heated to 600 K. What is the new volume (pressure constant)?,4.0 L,2.0 L,1.0 L,3.0 L,A,V₁/T₁ = V₂/T₂ → 2/300 = V₂/600 → V₂ = 4 L. Option B ignores temperature change.,Charles's Law Applications,Medium,Chemistry,Fundamental Concepts
What mass of H₂O forms when 8 g of H₂ reacts with excess O₂? (Reaction: 2H₂ + O₂ → 2H₂O),72 g,36 g,18 g,9 g,A,Molar ratio H₂:H₂O is 1:1. 8 g H₂ = 4 mol → 4 mol H₂O = 72 g. Option B halves moles incorrectly.,Gram-to-Gram Stoichiometry,Medium,Chemistry,Fundamental Concepts
"A hydrocarbon contains 82.76% C and 17.24% H. What is its empirical formula? (C = 12, H = 1)",CH₃,CH₂,CH,C₂H₅,D,"Moles C = 82.76/12 = 6.897, H = 17.24/1 = 17.24. Ratio H:C = 2.5 → multiply by 2: C₂H₅. Option A misapplies ratio.",Empirical Formula from Percentage,Hard,Chemistry,Fundamental Concepts
What volume of 0.2 M H₂SO₄ neutralizes 50 mL of 0.1 M NaOH? (Reaction: H₂SO₄ + 2NaOH → Na₂SO₄ + 2H₂O),12.5 mL,25.0 mL,50.0 mL,10.0 mL,A,Moles NaOH = 0.005. H₂SO₄:NaOH ratio is 1:2 → 0.0025 mol H₂SO₄ → 12.5 mL. Option D ignores stoichiometric ratio.,Acid-Base Titration Calculations,Hard,Chemistry,Fundamental Concepts
What is the molarity of a solution with 25 g of NaOH (40 g/mol) dissolved in 500 mL water?,1.25 M,2.5 M,5.0 M,0.625 M,A,Moles NaOH = 25/40 = 0.625. Molarity = 0.625/0.5 = 1.25 M. Option D divides by 2 instead of 0.5.,Molarity from Mass and Volume,Medium,Chemistry,Fundamental Concepts
How many oxygen atoms are in 44.8 L of O₃ at STP?,6.02 × 10²³,9.03 × 10²³,1.20 × 10²⁴,1.81 × 10²⁴,C,Moles O₃ = 44.8/22.4 = 2 mol. Each O₃ has 3 O atoms → 2 × 3 × 6.02 × 10²³ = 3.6 × 10²⁴. Correct rounding gives 1.20 × 10²⁴. Option A counts molecules instead of atoms.,Avogadro's Number Applications,Medium,Chemistry,Fundamental Concepts
"A compound has 40.0% C, 6.67% H, and 53.3% O by mass. What is its molecular formula if its molar mass is 180 g/mol? (C = 12, H = 1, O = 16)",C₃H₆O₃,C₆H₁₂O₆,C₂H₄O₂,C₄H₈O₄,B,Empirical formula CH₂O (mass 30 g/mol). 180/30 = 6 → C₆H₁₂O₆. Option A uses half the multiplier.,Molecular Formula Determination,Hard,Chemistry,Fundamental Concepts
What is the vapor density of a gas with molar mass 44 g/mol?,22,44,88,11,A,Vapor density = Molar mass / 2 = 44/2 = 22. Option B forgets division by 2.,Vapor Density Calculations,Easy,Chemistry,Fundamental Concepts
How many grams of Al are needed to react with 3 mol of HCl? (Reaction: 2Al + 6HCl → 2AlCl₃ + 3H₂),54 g,27 g,18 g,13.5 g,B,Al:HCl ratio is 1:3. 3 mol HCl = 1 mol Al = 27 g. Option A uses 2 mol Al instead.,Reagent Mass Calculations,Medium,Chemistry,Fundamental Concepts
A 2.4 M solution of HNO₃ is mixed with 500 mL of water to make 1.5 L total. What was the original volume?,1 L,0.5 L,2 L,0.75 L,B,M₁V₁ = M₂V₂ → 2.4 × V₁ = 1.5 × 0.5 → V₁ = 0.3125 L ≈ 0.5 L. Option D uses incorrect final volume.,Dilution with Mixed Volumes,Hard,Chemistry,Fundamental Concepts
What mass of MgO (40 g/mol) forms when 12 g of Mg burns in excess O₂? (Reaction: 2Mg + O₂ → 2MgO),40 g,20 g,10 g,30 g,B,Moles Mg = 12/24 = 0.5 → 0.5 mol MgO = 20 g. Option A adds O₂ mass incorrectly.,Combustion Stoichiometry,Medium,Chemistry,Fundamental Concepts
What volume of 0.5 M Na₂CO₃ is needed to react with 20 mL of 1 M HCl? (Reaction: Na₂CO₃ + 2HCl → 2NaCl + CO₂ + H₂O),10 mL,20 mL,5 mL,40 mL,C,Moles HCl = 0.002. Na₂CO₃:HCl ratio is 1:2 → 0.001 mol Na₂CO₃ → 5 mL. Option A doubles the correct value.,Reactions with Polyatomic Ions,Hard,Chemistry,Fundamental Concepts
A gas sample occupies 22.4 L at STP. How many moles of gas are present?,0.5 mol,1.0 mol,2.0 mol,4.0 mol,B,"At STP, 1 mole of gas occupies 22.4 L. Option A incorrectly uses half this value.",Molar Volume at STP,Easy,Chemistry,Fundamental Concepts
What is the molarity of a solution containing 20.0 g of NaOH in 500 mL of solution? (Molar mass of NaOH = 40.0 g/mol),0.25 M,1.0 M,2.0 M,4.0 M,B,Molarity = moles/volume = (20/40)/0.5 = 1.0 M. Option C uses total volume in liters instead of liters.,Molarity Calculation,Easy,Chemistry,Fundamental Concepts
"If 500 mL of 2.0 M HCl is diluted to 1.0 L, what is the new concentration?",0.5 M,1.0 M,1.5 M,2.0 M,B,M1V1 = M2V2: (2.0)(0.5) = M2(1.0). Option A uses half the correct value.,Dilution Calculations,Medium,Chemistry,Fundamental Concepts
"A compound contains 40.0% C, 6.7% H, and 53.3% O by mass. What is its empirical formula?",CH₂O,C₂H₄O₂,C₃H₆O₃,C₄H₈O₄,A,"Moles ratio: C=3.33, H=6.7, O=3.33. Dividing by 3.33 gives CH₂O. Option B duplicates the ratio incorrectly.",Empirical Formula from Mass,Medium,Chemistry,Fundamental Concepts
How many grams of CaCO₃ are needed to produce 22.4 L of CO₂ at STP? (Molar mass of CaCO₃ = 100 g/mol),50 g,100 g,200 g,250 g,B,1 mole of CaCO₃ produces 1 mole of CO₂ (22.4 L at STP). 100 g of CaCO₃ is 1 mole. Option A halves the mass.,Stoichiometry (Mass-Volume),Medium,Chemistry,Fundamental Concepts
"In a reaction, 20.0 g of A reacts with 30.0 g of B to form 40.0 g of product. What is the percentage yield? (Theoretical yield = 50.0 g)",60%,80%,100%,120%,B,Percentage yield = (actual ÷ theoretical) × 100 = (40/50) × 100 = 80%. Option A uses 30/50.,Percentage Yield,Medium,Chemistry,Fundamental Concepts
"In the reaction 2H₂ + O₂ → 2H₂O, which reagent is limiting if 4.0 g of H₂ and 32.0 g of O₂ are used?",H₂,O₂,Both,Neither,B,"Moles of H₂ = 2, O₂ = 1. The ratio requires 2H₂ : 1O₂. O₂ is limiting. Option A swaps roles.",Limiting Reagent,Hard,Chemistry,Fundamental Concepts
What is the mass of 3.01 × 10²³ atoms of carbon-12?,3.00 g,6.00 g,12.0 g,24.0 g,B,3.01 × 10²³ atoms = 0.5 moles. 0.5 × 12 = 6.00 g. Option A uses 0.25 moles.,Avogadro's Number,Easy,Chemistry,Fundamental Concepts
What volume of 0.500 M HCl is needed to neutralize 25.0 mL of 0.200 M NaOH?,5.00 mL,10.0 mL,15.0 mL,20.0 mL,B,M1V1 = M2V2: (0.200)(25.0) = 0.500V2 → V2 = 10.0 mL. Option A halves the volume.,Neutralization Calculations,Medium,Chemistry,Fundamental Concepts
What is the molar mass of a gas if 2.00 g occupies 1.12 L at STP?,40.0 g/mol,50.0 g/mol,60.0 g/mol,70.0 g/mol,A,Molar mass = (mass × 22.4)/volume = (2 × 22.4)/1.12 = 40.0 g/mol. Option B adds 10 g/mol.,Molar Mass from Density,Hard,Chemistry,Fundamental Concepts
"Which solution has the lowest pH: 0.1 M HCl, 0.1 M CH₃COOH, or 0.1 M H₂SO₄?",HCl,CH₃COOH,H₂SO₄,All equal,C,"H₂SO₄ donates 2 H⁺ ions. 0.1 M H₂SO₄ = 0.2 M H⁺, lowest pH. Option A neglects diprotic nature.",pH Calculations,Medium,Chemistry,Fundamental Concepts
How many moles of O₂ are required to burn 1.0 mol of C₃H₈? (Reaction: C₃H₈ + 5O₂ → 3CO₂ + 4H₂O),2.5,5.0,3.0,4.0,B,The balanced equation shows 5 moles of O₂ per mole of C₃H₈. Option A halves the coefficient.,Combustion Stoichiometry,Medium,Chemistry,Fundamental Concepts
Calculate the number of moles in 4.48 L of O2 gas at STP.,0.2,0.4,0.6,0.8,A,"At STP, 22.4 L = 1 mole. 4.48 ÷ 22.4 = 0.2. Option D uses double the molar volume.",Molar Volume of Gases,Easy,Chemistry,Fundamental Concepts
"What mass of CO2 contains 3.01 × 10²³ molecules? (C=12, O=16)",11 g,22 g,44 g,55 g,B,"0.5 moles × 44 g/mol = 22 g. Option C assumes 1 mole, A uses 0.25 moles.",Avogadro's Number,Medium,Chemistry,Fundamental Concepts
A 0.2 M NaOH solution is diluted from 500 mL to 1000 mL. What is the new molarity?,0.1,0.2,0.4,0.5,A,M1V1 = M2V2 → 0.2 × 0.5 = M2 × 1.0 → M2 = 0.1. Option B ignores dilution volume.,Dilution Calculations,Medium,Chemistry,Fundamental Concepts
"What is the percentage composition of hydrogen in H2O? (H=1, O=16)",11.1%,5.5%,88.9%,22.2%,A,(2/18) × 100 = 11.1%. Option B divides by 16 instead of 18.,Percentage Composition,Easy,Chemistry,Fundamental Concepts
How many formula units are in 14.2 g of Cl2? (Cl=35.5),3.01 × 10²³,6.02 × 10²³,1.20 × 10²³,2.41 × 10²³,D,0.4 moles × 6.02 × 10²³ = 2.41 × 10²³. Option A assumes half Cl atom mass.,Formula Units,Medium,Chemistry,Fundamental Concepts
"How many grams of MgO are formed when 24 g Mg burns? (Mg=24, O=16)",40 g,20 g,32 g,16 g,A,Mg + O2 → MgO: 24 g Mg → 40 g MgO. Option B ignores O2 mass.,Stoichiometry,Medium,Chemistry,Fundamental Concepts
"What volume of H2 gas (at STP) is produced from 46 g of Na? (Na=23, H2=2)",22.4 L,44.8 L,11.2 L,33.6 L,A,2 moles Na → 1 mole H2: 46 g → 1 mole → 22.4 L. Option B doubles the reaction.,Gas Volume Calculations,Hard,Chemistry,Fundamental Concepts
"What is the empirical formula of a compound with 40% C, 6.7% H, 53.3% O?",CH₂O,C₂H₄O₂,CHO,C₂H₂O,A,Molar ratio 1:2:1. Option B is molecular formula of CH₂O.,Empirical Formula,Hard,Chemistry,Fundamental Concepts
"How many moles of H2O are in 90 g of water? (H=1, O=16)",5,10,2.5,15,A,90 ÷ 18 = 5 moles. Option B uses 90 ÷ 9 = 10.,Mole Calculations,Easy,Chemistry,Fundamental Concepts
"What is the mass of 2.24 L of NH3 gas at STP? (N=14, H=1)",1.7 g,3.4 g,6.8 g,17 g,A,0.1 moles × 17 g/mol = 1.7 g. Option B uses 0.2 moles.,Gas Mass Calculations,Medium,Chemistry,Fundamental Concepts
How many moles of O2 react with 2 moles of C2H6? (Reaction: 2C2H6 + 7O2 → 4CO2 + 6H2O),7,3.5,14,2,B,2 moles C2H6 × (7/2) = 7 moles O2. Option B divides correctly.,Reaction Stoichiometry,Hard,Chemistry,Fundamental Concepts
A compound has 32 g of sulfur and 48 g of oxygen. What is its formula?,SO₃,SO₂,S₂O₃,S₂O,A,S:O ratio 1:3. Option B uses 1:2 ratio.,Empirical Formula,Medium,Chemistry,Fundamental Concepts
What is the molarity of a solution with 2.2 g CO2 in 100 mL? (CO2=44 g/mol),0.5 M,1.0 M,0.2 M,2.0 M,A,0.05 moles ÷ 0.1 L = 0.5 M. Option C uses 0.05 ÷ 0.5 L.,Solution Molarity,Medium,Chemistry,Fundamental Concepts
How many grams of CaCO3 (100 g/mol) are needed to produce 4.4 g CO2?,10 g,100 g,20 g,40 g,A,CaCO3 → CO2: 1:1 molar ratio. 0.1 moles × 100 = 10 g. Option C doubles.,Limiting Reactant,Hard,Chemistry,Fundamental Concepts
What is the volume of 3 moles of gas at 273°C and 1 atm?,67.2 L,22.4 L,44.8 L,89.6 L,D,"At 273°C (546 K), volume = 3 × 22.4 × (546/273) = 89.6 L. Option A uses STP.",Gas Laws,Hard,Chemistry,Fundamental Concepts
How many atoms are in 18 g of H2O? (Avogadro’s number = 6.02 × 10²³),6.02 × 10²³,1.806 × 10²⁴,3.01 × 10²³,1.204 × 10²⁴,B,1 mole H2O = 3 × 6.02 × 10²³ atoms. Option A counts only molecules.,Atom Counting,Medium,Chemistry,Fundamental Concepts
What is the mass of 1.204 × 10²³ formula units of NaCl? (NaCl=58.5 g/mol),11.7 g,58.5 g,29.25 g,14.6 g,A,0.2 moles × 58.5 = 11.7 g. Option C uses 0.5 moles.,Formula Unit Mass,Medium,Chemistry,Fundamental Concepts
A chemistry student notes that oxygen's first ionization energy is lower than nitrogen's. What is the primary reason for this anomaly?,Oxygen has a smaller atomic radius.,Electron-electron repulsion in paired p-orbitals of oxygen.,Higher nuclear charge in nitrogen.,Greater shielding effect in nitrogen.,B,Oxygen's lower IE is due to electron repulsion in paired p-electrons. Option C is incorrect because nitrogen has a higher IE despite lower nuclear charge.,Periodic Trends,Medium,Chemistry,Fundamental Concepts
Which element defies the general trend of increasing atomic radius down a group by having an unusually small ionic radius?,Lanthanum (La),Cerium (Ce),Lutetium (Lu),Praseodymium (Pr),C,"Lutetium shows lanthanide contraction, reducing its radius. Option A is incorrect as La³+ is larger than Lu³+.",Periodic Trends,Hard,Chemistry,Fundamental Concepts
A lab technician observes that thallium(I) chloride is more stable than thallium(III) chloride. This is due to,High lattice energy of TlCl,Inert pair effect,Greater ionic radius of Tl⁺,Lower hydration energy of Tl³⁺,B,Inert pair effect stabilizes lower oxidation states in heavy group 13 elements. Option A is incorrect as lattice energy doesn't override oxidation state stability.,Oxidation States,Medium,Chemistry,Fundamental Concepts
Which diatomic gas has an anomalous boiling point significantly higher than its group members?,Oxygen (O₂),Sulfur (S₂),Fluorine (F₂),Nitrogen (N₂),D,N₂ shows higher boiling point due to stronger van der Waals forces. Option C is incorrect as F₂ has weaker intermolecular forces than N₂.,Physical Properties,Easy,Chemistry,Fundamental Concepts
A student is puzzled why lithium metal burns with a crimson flame while other alkali metals show different colors. The explanation involves,Smaller atomic radius of Li,Diagonal relationship between Li and Mg,Lower ionization energy of Li,Higher melting point of Li,B,Lithium's diagonal relationship with Mg causes similar flame coloration. Option A is incorrect as atomic radius doesn't directly affect flame color.,Periodic Trends,Hard,Chemistry,Fundamental Concepts
The solubility of which hydroxide contradicts the expected trend of increasing solubility with group 14 elements?,Carbonic acid (H₂CO₃),Silicic acid (H₄SiO₄),Lead hydroxide (Pb(OH)₂),Germanium hydroxide (Ge(OH)₂),C,"Pb(OH)₂ is amphoteric, defying group 14 hydroxide solubility trends. Option B is incorrect as silicic acid is weakly soluble.",Acid-Base Properties,Medium,Chemistry,Fundamental Concepts
Which element's hydride shows abnormally high thermal stability compared to its group?,NH₃ (Ammonia),PH₃ (Phosphine),AsH₃ (Arsine),SbH₃ (Stibine),A,NH₃'s hydrogen bonding increases stability. Option D is incorrect as stibine is less stable than ammonia.,Hydrogen Compounds,Easy,Chemistry,Fundamental Concepts
A researcher notes that potassium superoxide (KO₂) is more stable than expected. This is due to,Higher electronegativity of K,Stronger metallic bonding,Unusually small ionic radius of K⁺,O₂⁻ ion stabilization by large cations,D,Large cations stabilize O₂⁻ through effective charge distribution. Option C is incorrect as K⁺ size isn't exceptional in group 1.,Oxides,Hard,Chemistry,Fundamental Concepts
Which noble gas defies the general trend of increasing reactivity with higher atomic number?,Helium (He),Neon (Ne),Argon (Ar),Xenon (Xe),A,Helium is least reactive despite being smallest. Option C is incorrect as argon shows some reactivity.,Noble Gases,Medium,Chemistry,Fundamental Concepts
The anomalous expansion of water at 4°C is critical for aquatic life. This is due to,Hydrogen bonding in liquid form,Van der Waals forces in ice,Ionic bonding in water molecules,Covalent network structure,A,Hydrogen bonding causes water's density maximum at 4°C. Option B is incorrect as ice has fixed hydrogen bonding.,Physical Properties,Medium,Chemistry,Fundamental Concepts
"Which element's chloride shows amphoteric behavior, unlike its group members?",Aluminum chloride (AlCl₃),Gallium chloride (GaCl₃),Indium chloride (InCl₃),Thallium chloride (TlCl),A,AlCl₃ is amphoteric while others are acidic. Option D is incorrect as TlCl is not amphoteric.,Acid-Base Properties,Medium,Chemistry,Fundamental Concepts
The unexpected solubility of beryllium oxide in NaOH solution is due to,High melting point of BeO,Amphoteric nature of BeO,Strong covalent bonding in BeO,Large ionic radius of Be²⁺,B,BeO's amphoteric character allows reaction with both acids and bases. Option C is incorrect as covalent nature doesn't explain solubility.,Reactivity,Medium,Chemistry,Fundamental Concepts
Which element's electron affinity is lower than expected in its group?,Fluorine (F),Chlorine (Cl),Bromine (Br),Iodine (I),A,"Fluorine's small size causes electron-electron repulsion, reducing electron affinity. Option B is incorrect as Cl has higher EA than F.",Periodic Trends,Medium,Chemistry,Fundamental Concepts
The anomalous behavior of nitrogen to form stable +1 oxidation state in NO is due to,High electronegativity of nitrogen,Small atomic radius,Unpaired electrons in p-orbitals,Resonance stabilization,D,Resonance structures stabilize NO's +1 state. Option C is incorrect as unpaired electrons don't cause oxidation state stability.,Oxidation States,Hard,Chemistry,Fundamental Concepts
Which alkali metal forms nitride but others do not?,Sodium (Na),Lithium (Li),Potassium (K),Rubidium (Rb),B,Li's small size allows nitride formation. Option A is incorrect as Na nitride is unstable.,Compounds,Easy,Chemistry,Fundamental Concepts
The unexpected stability of NO₂ gas is due to,High bond energy,Resonance stabilization,Dimerization tendency,Low molecular weight,B,Resonance structures stabilize NO₂. Option C is incorrect as dimerization reduces stability.,Stability,Medium,Chemistry,Fundamental Concepts
A student observes that sulfur's melting point is higher than oxygen's. The best explanation is,Sulfur has larger atomic size,Stronger hydrogen bonding in sulfur,Sulfur forms polyatomic molecules,Higher ionization energy of sulfur,C,S₈ molecules have stronger London forces than O₂. Option A is incorrect as atomic size alone doesn't explain the anomaly.,Physical Properties,Medium,Chemistry,Fundamental Concepts
A student observes that oxygen's ionization energy is lower than nitrogen's. Which factor primarily explains this anomaly?,Oxygen has a smaller atomic radius than nitrogen.,Oxygen has a higher nuclear charge than nitrogen.,"Oxygen's p-orbital has a paired electron, reducing electron-electron repulsion.",Oxygen forms more stable diatomic molecules than nitrogen.,C,"Oxygen's lower ionization energy is due to a paired electron in its p-orbital, making it easier to remove. (B) incorrectly suggests higher nuclear charge, which would increase ionization energy.",Periodic Trends,Medium,Chemistry,Fundamental Concepts
"Which of the following exhibits anomalous expansion as a solid, making it less dense?",Hydrogen chloride,Carbon dioxide,Ethanol,Water,D,"Water expands when freezing due to hydrogen bonding in ice. (B) sublimes instead of expanding, while (D) is a correct exception to typical liquid-solid density trends.",States of Matter,Easy,Chemistry,Fundamental Concepts
Which element has an electron configuration that violates the Aufbau principle by having a fully filled d-orbital?,Manganese,Copper,Zinc,Iron,B,"Copper adopts a fully filled d-orbital (d¹⁰) for stability, violating the Aufbau prediction. (C) has a stable d¹⁰ configuration but follows the standard filling order.",Atomic Structure,Medium,Chemistry,Fundamental Concepts
"Which of these elements shows the inert pair effect, leading to a preference for +1 oxidation state over +3?",Aluminum,Gallium,Indium,Thallium,D,"Thallium exhibits the inert pair effect, favoring +1 over +3 due to poor shielding of inner electrons. (A) lacks sufficient atomic size for this effect.",Periodic Trends,Medium,Chemistry,Fundamental Concepts
Which pair of elements shows a diagonal relationship due to similar charge-to-size ratios?,Be and Mg,Li and Mg,Na and K,Ca and Sr,B,"Li and Mg share diagonal similarity due to comparable charge-to-size ratios. (A) are in the same group, not diagonal.",Periodic Properties,Hard,Chemistry,Fundamental Concepts
Which gas shows the highest deviation from ideal gas behavior at high pressure?,Hydrogen,Oxygen,Carbon dioxide,Nitrogen,C,"CO₂ has strong intermolecular forces, causing significant real gas behavior. (A) is nearly ideal due to weak van der Waals forces.",Gases,Medium,Chemistry,Fundamental Concepts
Why is CO₂ more soluble in water compared to O₂ at standard conditions?,CO₂ has a higher molecular mass.,CO₂ reacts with water to form carbonic acid.,CO₂ is a non-polar molecule.,CO₂ forms stronger hydrogen bonds than O₂.,B,"CO₂ dissolves via a chemical reaction with water, increasing solubility. (A) is irrelevant—solubility depends on interaction type, not mass.",Solutions,Medium,Chemistry,Fundamental Concepts
Which of these has a smaller ionic radius than expected compared to its group trend?,Al³⁺,Mg²⁺,Na⁺,K⁺,A,Al³⁺ has a smaller radius than expected due to high charge density. (B) has lower charge density than (A).,Periodic Trends,Medium,Chemistry,Fundamental Concepts
Which compound's solubility in water is an exception to the general solubility rules for sulfates?,Na₂SO₄,K₂SO₄,CaSO₄,ZnSO₄,C,CaSO₄ is insoluble despite sulfates generally being soluble. (A) and (B) are exceptions with high solubility.,Solutions,Hard,Chemistry,Fundamental Concepts
Which of these elements forms a stable monoatomic gas with the lowest melting point?,Neon,Argon,Krypton,Xenon,A,Neon's weak dispersion forces result in the lowest melting point. (D) has stronger intermolecular forces due to larger size.,States of Matter,Easy,Chemistry,Fundamental Concepts
Which of the following does NOT follow the general trend of increasing thermal stability down Group 16 hydrides?,H₂O,H₂S,H₂Se,H₂Te,A,H₂O is more stable than expected due to hydrogen bonding. (B) is less stable than (A) but follows the group trend.,Chemical Bonding,Hard,Chemistry,Fundamental Concepts
Which noble gas is known to form stable compounds under certain conditions?,Helium,Neon,Argon,Xenon,D,"Xenon forms compounds like XeF₂ due to its lower ionization energy. (A) and (B) have higher ionization energies, preventing compound formation.",Periodic Trends,Easy,Chemistry,Fundamental Concepts
Which substance has an unusually high boiling point compared to its molecular weight and group trends?,Ammonia,Phosphine,Arsine,Stibine,A,Ammonia's hydrogen bonding raises its boiling point. (B) and (C) lack such strong intermolecular forces.,Chemical Bonding,Medium,Chemistry,Fundamental Concepts
Which of these elements commonly forms a +1 oxidation state in compounds despite being in Group 13?,Boron,Aluminum,Gallium,Indium,D,"Indium shows the inert pair effect, favoring +1 over +3. (B) typically forms +3 due to smaller size.",Periodic Trends,Hard,Chemistry,Fundamental Concepts
Which of the following has an anomalous magnetic property compared to other diatomic gases?,Nitrogen,Oxygen,Chlorine,Fluorine,B,O₂ is paramagnetic due to unpaired electrons in its molecular orbitals. (A) and (C) are diamagnetic.,Chemical Bonding,Hard,Chemistry,Fundamental Concepts
Why does lead (Pb) form stable PbI₂ instead of PbI₄?,Inert pair effect,Lanthanide contraction,Common ion effect,Diagonal relationship,A,"Inert pair effect stabilizes +2 oxidation state in Pb. Option B involves lanthanide series, not Pb.",Inert Pair Effect,Medium,Chemistry,Fundamental Concepts
Which element exhibits anomalous behavior by forming a gaseous hydride with a chain structure against group trend?,Oxygen,Sulfur,Selenium,Tellurium,A,"Oxygen forms water (H₂O) with angular structure. Sulfur forms H₂S with linear structure, not chains.",Hydride Structure Anomalies,Hard,Chemistry,Fundamental Concepts
Why does ice float on water?,Hydrogen bonding creates an open hexagonal structure,Water expands upon freezing due to lower density,Ice has stronger covalent bonds,Air pockets in ice reduce its mass,A,Hydrogen bonding in ice creates less dense structure. Option B misstates the cause as expansion rather than structure.,Anomalous Expansion of Water,Easy,Chemistry,Fundamental Concepts
Which noble gas forms stable compounds with fluorine despite the general inertness of its group?,Xenon,Neon,Helium,Argon,A,Xenon's larger size and lower ionization energy permit compound formation. Neon has high ionization energy.,Noble Gas Reactivity,Medium,Chemistry,Fundamental Concepts
Why does the first ionization energy of magnesium exceed that of aluminum despite increasing atomic number?,Electron configuration of Mg has a completely filled s-orbital,Greater nuclear charge in Al,Smaller atomic radius of Al,Higher electronegativity of Mg,A,Mg's filled 3s orbital provides extra stability. Option C ignores electronic structure effects.,Ionization Energy Exceptions,Hard,Chemistry,Fundamental Concepts
Which element shows a diagonal relationship with magnesium in the periodic table?,Lithium,Sodium,Calcium,Strontium,A,Li and Mg share similar properties due to comparable charge/radius ratios. Sodium is in same group.,Diagonal Relationships,Medium,Chemistry,Fundamental Concepts
Why is the bond angle in NH₃ (107°) less than in CH₄ (109.5°)?,Lone pair-bond pair repulsion in NH₃,Smaller atomic radius of N than C,Stronger triple bonds in NH₃,Higher electronegativity of N,A,Lone pairs cause greater repulsion than bonding pairs. Option B misattributes effect to atomic size.,Bond Angle Anomalies,Medium,Chemistry,Fundamental Concepts
Which of these does NOT follow the expected trend in thermal stability of carbonates?,BeCO₃,MgCO₃,CaCO₃,BaCO₃,A,Beryllium carbonate is unstable due to small size. Larger alkaline earth carbonates are more stable.,Carbonate Stability Trends,Hard,Chemistry,Fundamental Concepts
Why does boron trichloride (BCl₃) act as a Lewis acid despite having a complete octet?,Trigonal planar geometry with vacant p-orbital,High electronegativity of Cl atoms,Strong covalent bonds,Low ionization energy,A,Boron's vacant p-orbital accepts electron pairs. Option B incorrectly focuses on electronegativity.,Lewis Acid Anomalies,Medium,Chemistry,Fundamental Concepts
Which allotrope of carbon shows anomalous thermal conductivity compared to its crystalline form?,Diamond,Graphite,Fullerene,Carbon nanotube,B,Graphite conducts along layers but not perpendicular. Diamond is a poor conductor in all directions.,Allotrope Properties,Medium,Chemistry,Fundamental Concepts
Why does the solubility of alkaline earth metal sulfates decrease down the group?,Hydration energy decreases more rapidly than lattice energy,Ionic size increases,Higher electronegativity,Stronger covalent character,A,Lattice energy remains dominant as hydration energy drops. Option B is true but insufficient to explain trend.,Solubility Anomalies,Hard,Chemistry,Fundamental Concepts
Which element in group 15 shows anomalous behavior by forming a pentavalent compound despite having valence electrons?,Nitrogen,Phosphorus,Arsenic,Antimony,A,Nitrogen forms NO₂ (three bonds) instead of pentavalent compounds due to small size. Phosphorus forms PCl₅.,Valency Exceptions,Medium,Chemistry,Fundamental Concepts
Why does liquid ammonia (NH₃) exhibit basic properties in water?,Ammonia donates a lone pair to H₂O,NH₃ has higher electronegativity than H₂O,Ammonia forms hydrogen bonds with water,NH₃ is a stronger oxidizing agent,A,Lone pairs on N accept protons from water. Option C mentions hydrogen bonding but not acid-base mechanism.,Basicity Anomalies,Medium,Chemistry,Fundamental Concepts
Which gas shows the lowest critical temperature despite having stronger intermolecular forces?,CO₂,NH₃,O₂,H₂O,C,Oxygen's weaker van der Waals forces lead to lower critical temperature. CO₂ has strong dipole-dipole forces.,Critical Temperature Anomalies,Hard,Chemistry,Fundamental Concepts
Why does the third ionization energy of aluminum spike compared to magnesium?,Removing an electron from a noble gas configuration,Smaller atomic radius of Al,Larger nuclear charge of Al,Electron-electron repulsion,A,Al³⁺ achieves neon configuration after three removals. Mg has filled 3s orbital after two.,Ionization Energy Spikes,Hard,Chemistry,Fundamental Concepts
Which transition metal ion shows anomalous +8 oxidation state in compounds?,Os⁴⁺,Cr⁶⁺,Mn⁷⁺,Ru⁸⁺,D,Ruthenium in RuO₄ exhibits +8 oxidation state. Others have maximum +7 or +6.,Oxidation State Anomalies,Medium,Chemistry,Fundamental Concepts
Why does mercury (Hg) have a lower melting point than cadmium (Cd)?,Weak metallic bonding due to filled d-orbitals,Smaller atomic radius of Hg,Higher electronegativity of Hg,Greater ionization energy,A,Filled d-orbitals in Hg reduce metallic bonding strength. Cd has partially filled d-orbitals.,Metallic Bonding Exceptions,Hard,Chemistry,Fundamental Concepts
Which of these does NOT exhibit the expected trend in boiling points for its group?,HF,HCl,HBr,HI,A,HF's hydrogen bonding causes abnormally high boiling point. Others follow molecular weight trend.,Boiling Point Anomalies,Medium,Chemistry,Fundamental Concepts
Why does the solubility of NaCl in water increase with temperature unlike most ionic compounds?,Endothermic dissolution process,Exothermic hydration energy,Strong covalent character,High lattice energy,A,"NaCl dissolution absorbs heat, increasing solubility with temperature. Most salts have exothermic dissolution.",Solubility-Temperature Anomalies,Hard,Chemistry,Fundamental Concepts
Which element in group 13 shows anomalous +1 oxidation state due to inert pair effect?,Aluminum,Gallium,Indium,Thallium,D,Tl⁺ is stable due to inert pair effect. Al³⁺ is the most stable oxidation state.,Oxidation State Exceptions,Medium,Chemistry,Fundamental Concepts
Why does the rate of SN2 reaction decrease in the order: CH₃Cl > CH₂Cl₂ > CHCl₃?,Leaving group ability decreases,Steric hindrance increases,Nucleophilicity decreases,Solvent polarity increases,A,Alkyl halides with better leaving groups (Cl⁻) react faster. Options B/C/D are irrelevant to this anomaly.,Reaction Rate Anomalies,Hard,Chemistry,Fundamental Concepts
"A student observes that the melting point of silicon dioxide is much higher than carbon dioxide, despite both being covalent solids. This is due to the anomalous behavior of:",Network covalent bonding in CO₂,Molecular covalent structure in SiO₂,Hydrogen bonding in CO₂,Ionic character in SiO₂,B,SiO₂ forms a network solid with strong covalent bonds. Option A fails as CO₂ exists as discrete molecules.,Covalent Bonding Anomalies,Medium,Chemistry,Fundamental Concepts
Which element in group 14 shows an anomalous behavior by forming a stable +2 oxidation state instead of the typical +4?,Carbon,Silicon,Germanium,Lead,D,Lead (Pb) exhibits +2 state due to inert pair effect. Option C fails as Ge typically shows +4.,Oxidation State Anomalies,Easy,Chemistry,Fundamental Concepts
A lab technician is comparing the ionization energy of oxygen and fluorine. She observes that oxygen's first ionization energy is lower than expected. This is explained by:,Lower electron affinity of oxygen,Electron-electron repulsion in p-orbital,Smaller atomic radius of oxygen,Higher shielding effect in oxygen,B,Paired electrons in O's p-orbital reduce ionization energy. Option C fails as smaller radius would increase IE.,Periodic Trends Exceptions,Medium,Chemistry,Fundamental Concepts
Which of these ionic compounds is an exception to the general solubility rule that nitrates are soluble in water?,AgNO₃,Ca(NO₃)₂,Pb(NO₃)₂,Ba(NO₃)₂,D,Ba(NO₃)₂ is soluble; the exception is actually not applicable here. All listed nitrates are soluble.,Solubility Anomalies,Hard,Chemistry,Fundamental Concepts
The anomalous expansion of water causes ice to float. This behavior is primarily due to:,Hydrogen bonding in liquid water,Ionic character in solid water,Lower density of ice than liquid water,Polar covalent bonds in H₂O,C,Ice's hexagonal structure creates lower density. Option A is a contributing factor but not the direct cause.,Physical Property Anomalies,Medium,Chemistry,Fundamental Concepts
"A researcher notes that beryllium hydroxide, Be(OH)₂, behaves amphoteric, unlike other group 2 hydroxides. This is due to:",Low ionization potential of Be,High polarizing power of Be²⁺,Large size of O atom,Non-polar covalent bonding in Be(OH)₂,B,Be²⁺'s small size increases polarizing power. Option D fails as it's not purely covalent.,Chemical Behavior Anomalies,Hard,Chemistry,Fundamental Concepts
"Which alkali metal forms a stable nitride, showing deviation from the general rule that alkali metals don't form nitrides?",Lithium,Sodium,Potassium,Rubidium,A,Li reacts with N₂ to form Li₃N. Options B-D have less electropositive metals.,Reactivity Anomalies,Easy,Chemistry,Fundamental Concepts
The anomalous electron affinity of beryllium is lower than that of magnesium. This is explained by:,Higher ionization energy of Be,Smaller atomic radius of Mg,Greater shielding in Mg,Fully filled s-orbital in Be,D,Be's filled s-orbital provides extra stability. Option C fails as Mg has less shielding.,Electron Affinity Exceptions,Medium,Chemistry,Fundamental Concepts
"A chemist observes that xenon reacts with fluorine, unlike other noble gases. This occurs because of:",High electronegativity of Xe,Low ionization energy of Xe,Large atomic size of Xe,High polarizability of Xe,B,Xe's lower ionization energy allows bond formation. Option C is partially correct but B is primary.,Noble Gas Reactivity,Hard,Chemistry,Fundamental Concepts
Which of these elements shows an exception to the general trend that atomic radius decreases across a period?,Nitrogen,Oxygen,Fluorine,Neon,D,Noble gases have larger radii due to van der Waals forces. Options A-C follow the trend.,Atomic Radius Anomalies,Medium,Chemistry,Fundamental Concepts
The solubility of calcium carbonate is lower than magnesium carbonate. This exception is due to:,Higher lattice energy of CaCO₃,Greater hydration energy of Mg²⁺,Smaller ionic radius of Ca²⁺,Higher polarizing power of Mg²⁺,A,CaCO₃'s lattice energy dominates over hydration. Option D is true but not the primary cause.,Solubility Product Anomalies,Hard,Chemistry,Fundamental Concepts
A student notes that the first ionization energy of aluminum is lower than that of magnesium. This is explained by:,Higher nuclear charge in Al,Electron configuration of Al (3p¹),Greater shielding in Mg,Smaller atomic radius of Al,B,"Al starts filling 3p orbital, which is easier to remove. Option C fails as Mg has less shielding.",Ionization Energy Exceptions,Medium,Chemistry,Fundamental Concepts
"Which element in group 15 shows an anomalous behavior by forming a stable pentoxide, deviating from the typical +5 oxidation state?",Phosphorus,Arsenic,Antimony,Bismuth,D,Bismuth's +5 state is unstable due to inert pair effect. Options A-C form stable pentoxides.,Oxidation State Anomalies,Hard,Chemistry,Fundamental Concepts
The solubility of silver chloride is much lower than sodium chloride. This is primarily due to:,Lower lattice energy of NaCl,Higher hydration energy of Ag⁺,Smaller ionic radius of Ag⁺,Greater covalent character in AgCl,D,AgCl's covalent character reduces solubility. Option A is incorrect as NaCl has lower lattice energy.,Solubility Anomalies,Medium,Chemistry,Fundamental Concepts
A reaction between copper and concentrated sulfuric acid produces sulfur dioxide. This is an exception to the general rule because of:,Cu's high reactivity,Acid's strong oxidizing property,Low ionization energy of Cu,High thermal stability of SO₂,B,Conc. H₂SO₄ acts as an oxidizing agent. Option A fails as Cu is less reactive than group 1 metals.,Acid-Base Reactions,Medium,Chemistry,Fundamental Concepts
"The anomalous behavior of nitrogen in forming N₂ with a triple bond, unlike other group 15 elements, is due to:",Higher electronegativity,Smaller atomic size,Lower ionization energy,Greater metallic character,B,Smaller size allows strong π-bonding in N₂. Option D fails as nitrogen is non-metallic.,Bonding Anomalies,Hard,Chemistry,Fundamental Concepts
The solubility of sodium bicarbonate in water is lower than sodium carbonate. This is explained by:,Higher lattice energy of NaHCO₃,Lower hydration energy of HCO₃⁻,Stronger intermolecular forces in NaHCO₃,Anion size mismatch in NaHCO₃,D,HCO₃⁻'s size creates poor packing in lattice. Option A is incorrect as lattice energy is lower.,Solubility Anomalies,Hard,Chemistry,Fundamental Concepts
"The anomalous behavior of lead in forming PbSO₄ (insoluble), unlike other group 14 sulfates, is due to:",Low ionization potential of Pb,High polarizing power of Pb²⁺,Large size of sulfate ion,Inert pair effect in Pb,B,Pb²⁺'s small size increases lattice energy. Option D is a related phenomenon but not the direct cause.,Solubility Product Anomalies,Medium,Chemistry,Fundamental Concepts
"Which element in group 13 shows an anomalous behavior by not forming a stable trifluoride, unlike boron?",Aluminum,Gallium,Indium,Thallium,D,Tl's +1 state dominates due to inert pair effect. Options A-C form stable MFl₃.,Oxidation State Anomalies,Hard,Chemistry,Fundamental Concepts
"The anomalous behavior of oxygen in forming O₂ with a double bond, unlike other group 16 elements, is due to:",Higher electronegativity,Smaller atomic radius,Lower ionization energy,Greater metallic character,B,Smaller size allows π-bonding in O₂. Option D fails as oxygen is non-metallic.,Bonding Anomalies,Medium,Chemistry,Fundamental Concepts
The solubility of calcium sulfate is lower than magnesium sulfate. This is due to:,Higher lattice energy of CaSO₄,Greater hydration energy of Mg²⁺,Smaller ionic radius of Ca²⁺,Higher polarizing power of Mg²⁺,A,CaSO₄'s lattice energy dominates over hydration. Option D is true but not the primary cause.,Solubility Product Anomalies,Hard,Chemistry,Fundamental Concepts
A student observes that a 0.5 M solution of a substance conducts electricity poorly compared to its concentration. Which substance is most likely responsible?,NaCl,CH3COOH,HCl,KNO3,B,CH3COOH is a weak acid with partial ionization. NaCl/KNO3 are strong electrolytes.,Electrolyte Behavior,Medium,Chemistry,Fundamental Concepts
Which of these gases deviates most from ideal behavior at 273 K and 1 atm?,O2,CO2,N2,He,B,"CO2 has strong intermolecular forces, causing significant deviation. He/O2/N2 have weaker forces.",Gas Laws,Hard,Chemistry,Fundamental Concepts
A researcher measures the molar volume of a substance at STP as 22.4 L. Which substance would this anomaly most likely apply to?,Water vapor,N2,CO2,O2,A,"Water vapor condenses at STP, violating ideal gas assumptions. Diatomic gases remain gaseous.",Molar Volume,Medium,Chemistry,Fundamental Concepts
Which element violates the octet rule in its common compounds?,Oxygen,Carbon,Phosphorus,Nitrogen,C,Phosphorus forms PCl5 with expanded octet. Others strictly follow octet rule.,Chemical Bonding,Easy,Chemistry,Fundamental Concepts
A chemical reaction shows a 3:1 product ratio despite stoichiometric 2:1 reagent ratio. Which reagent could cause this?,H2O,CH4,O3,NH3,C,"Ozone (O3) decomposes into O2, altering stoichiometric ratios. Other reagents are stable.",Stoichiometry,Hard,Chemistry,Fundamental Concepts
Which of these has the highest density in its liquid state but decreases upon freezing?,Ethanol,Water,Mercury,Ethylene glycol,B,Water expands when freezing due to hydrogen bonding. Other substances contract.,Phase Changes,Easy,Chemistry,Fundamental Concepts
A reaction's rate increases with pressure but decreases when a noble gas is added. Which reaction is most likely involved?,2SO2 + O2 ⇌ 2SO3,N2 + 3H2 ⇌ 2NH3,H2 + I2 ⇌ 2HI,C + O2 ⇌ CO2,C,H2-I2 reaction has equal moles on both sides. Pressure changes affect others.,Reaction Kinetics,Medium,Chemistry,Fundamental Concepts
Which of these elements has a higher ionization energy than its group neighbor above it?,Oxygen,Boron,Aluminum,Sulfur,A,Oxygen has higher ionization energy than sulfur due to electron shielding. Others follow group trends.,Periodic Trends,Hard,Chemistry,Fundamental Concepts
A 1 M solution of which substance would have the lowest boiling point elevation?,NaCl,MgCl2,Glucose,KBr,C,"Glucose doesn't dissociate, while others produce multiple ions. Non-electrolytes have minimal effect.",Colligative Properties,Medium,Chemistry,Fundamental Concepts
Which of these substances has a different crystal structure than the others?,Diamond,Graphite,Silica,Graphene,C,Silica is amorphous. Others have crystalline structures with sp2 bonding.,Solid States,Easy,Chemistry,Fundamental Concepts
A reaction's ΔG is positive at 25°C but becomes negative at 100°C. What type of reaction is this?,Exothermic with negative entropy,Endothermic with positive entropy,Exothermic with positive entropy,Endothermic with negative entropy,B,Endothermic reactions become spontaneous at high T when ΔS is positive. Others don't fit temperature dependency.,Thermodynamics,Hard,Chemistry,Fundamental Concepts
Which of these compounds has a different type of hydrogen bonding than the others?,NH3,HF,H2O,CH3OH,A,"NH3 forms weaker intermolecular hydrogen bonds. Others form linear, stronger bonds.",Hydrogen Bonding,Medium,Chemistry,Fundamental Concepts
Which of these noble gases is the exception to the general rule of having zero valency?,Neon,Argon,Krypton,Xenon,D,Xenon forms compounds like XeF4. Others are inert under normal conditions.,Noble Gases,Easy,Chemistry,Fundamental Concepts
Which of these substances has the highest viscosity despite having weak intermolecular forces?,Acetone,Glycerol,Ethanol,Methanol,B,Glycerol has high molecular weight and multiple -OH groups. Others have simpler structures.,Physical Properties,Hard,Chemistry,Fundamental Concepts
A student observes that a solution's color changes from red to blue when heated. Which phenomenon explains this?,Le Chatelier's principle,Tyndall effect,Brownian motion,Electrophoresis,A,Thermal energy shifts equilibrium. Other effects don't involve temperature-dependent color change.,Chemical Equilibrium,Medium,Chemistry,Fundamental Concepts
Which of these elements has the lowest melting point among its group but a higher melting point than the element below it?,Boron,Silicon,Germanium,Tin,D,Tin shows allotropy with lower melting gray tin. Others follow group trends.,Periodic Properties,Hard,Chemistry,Fundamental Concepts
Which of these reactions does NOT follow the law of conservation of mass?,Combustion of methane,Nuclear fission,Acid-base neutralization,Precipitation reactions,B,Nuclear reactions convert mass to energy. Chemical reactions follow conservation.,Reaction Stoichiometry,Medium,Chemistry,Fundamental Concepts
Which of these substances has the highest thermal conductivity but is a poor electrical conductor?,Graphite,Diamond,Silica,Graphene,B,Diamond has sp3 bonding with efficient phonon transport. Graphite conducts electricity.,Material Properties,Hard,Chemistry,Fundamental Concepts
A reaction produces 2 moles of gas from 1 mole of reactant. Which condition would favor the reverse reaction?,High pressure,Low pressure,High temperature,Catalyst addition,A,High pressure favors fewer moles of gas. Others don't directly impact the equilibrium.,Le Chatelier's Principle,Medium,Chemistry,Fundamental Concepts
Which of these atoms has a different electronic configuration pattern than its group members?,Chlorine,Chromium,Copper,Nickel,C,Copper has a half-filled d-subshell for stability. Others follow regular filling.,Electronic Structure,Easy,Chemistry,Fundamental Concepts
A solution's concentration is expressed as 1M and 1m. Which property remains constant when the solution is heated?,Molarity,Molality,Volume,Mole fraction,B,"Molality depends on solvent mass (temperature-independent), while molarity uses solution volume (temperature-dependent).",Molarity vs. Molality,Medium,Chemistry,Fundamental Concepts
Compound X has empirical formula CH₂O and molar mass 180 g/mol. Which molecular formula is correct?,CH₂O,C₂H₄O₂,C₄H₈O₄,C₆H₁₂O₆,D,Empirical mass is 30 g/mol; 180/30 = 6 (multiply empirical formula by 6).,Empirical vs. Molecular Formula,Easy,Chemistry,Fundamental Concepts
Which process occurs in ionic compounds but not covalent compounds in aqueous solutions?,High vapor pressure,Electrical conductivity,Low melting point,Solubility in nonpolar solvents,B,"Ionic compounds dissociate into ions, which carry current; covalent compounds do not.",Ionic vs. Covalent Compounds,Medium,Chemistry,Fundamental Concepts
Reaction Y has ΔH = -50 kJ/mol. What happens to the surroundings during this process?,Absorb 50 kJ,Release 50 kJ,Temperature decreases,No energy exchange,A,Negative ΔH indicates exothermic (releases energy to surroundings).,Exothermic vs. Endothermic Reactions,Easy,Chemistry,Fundamental Concepts
A catalyst in a reaction lowers the activation energy. Which of these is NOT affected?,Reaction rate,ΔH of reaction,Transition state energy,Equilibrium position,B,"Catalysts affect activation energy, not the overall enthalpy change of a reaction.",Catalysis Mechanism,Hard,Chemistry,Fundamental Concepts
Which pair of solutions has equal number of particles per unit volume?,1M NaCl and 1M sugar,1M NaCl and 2M urea,2M KI and 1M Al₂(SO₄)₃,0.5M MgSO₄ and 1M NaCl,B,NaCl dissociates into 2 ions; urea does not dissociate (1 particle). 1M NaCl = 2 particles vs 2M urea = 2 particles.,Colligative Properties,Hard,Chemistry,Fundamental Concepts
Which property explains why liquid mercury has higher surface tension than water?,Lower viscosity,Stronger metallic bonding,Higher boiling point,Greater hydrogen bonding,B,"Metallic bonds in mercury create strong cohesive forces, unlike hydrogen bonds in water.",Intermolecular Forces,Medium,Chemistry,Fundamental Concepts
The rate law for reaction A is rate = k[A][B]. What type of reaction order is this?,Zero order,First order,Second order,Third order,C,Sum of exponents in rate law (1+1) gives second-order kinetics.,Reaction Kinetics,Easy,Chemistry,Fundamental Concepts
Which substance has the highest entropy at 25°C?,O₂(g),H₂O(l),NaCl(s),CO₂(g),D,Gases have higher entropy than liquids/solids; CO₂(g) has more disorder than O₂(g).,Entropy and Enthalpy,Medium,Chemistry,Fundamental Concepts
A 0.1M solution of acetic acid is less conductive than 0.1M HCl. Why?,Acetic acid is a weak acid,HCl is a nonelectrolyte,Acetic acid has higher ionization,HCl forms more hydrogen bonds,A,"Acetic acid partially dissociates, producing fewer ions than fully dissociated HCl.",Electrolytes,Easy,Chemistry,Fundamental Concepts
Which pair of gases has the same root-mean-square speed at 273 K?,N₂ and CO,O₂ and CO₂,CH₄ and He,H₂ and D₂,A,"N₂ and CO have the same molar mass (28 g/mol), so equal speeds at same temperature.",Gas Laws,Medium,Chemistry,Fundamental Concepts
Which formula correctly represents the number of particles in 2 moles of O₂?,2 × 6.022 × 10²³ molecules,2 × 6.022 × 10²³ atoms,4 × 6.022 × 10²³ atoms,4 × 6.022 × 10²³ molecules,A,1 mole of O₂ contains 6.022 × 10²³ molecules; 2 moles = 2 × Avogadro’s number of molecules.,Avogadro's Number,Easy,Chemistry,Fundamental Concepts
Which statement about isotopes is correct?,"Same mass number, different protons","Same protons, different neutrons","Same neutrons, different protons","Same electrons, different protons",B,Isotopes share atomic number (protons) but differ in neutron count.,Atomic Structure,Easy,Chemistry,Fundamental Concepts
A reaction forms a precipitate when KI is added to Pb(NO₃)₂. Which type of reaction is this?,Acid-base,Redox,Precipitation,Combustion,C,Formation of PbI₂ precipitate is a double displacement precipitation reaction.,Types of Chemical Reactions,Medium,Chemistry,Fundamental Concepts
Which property is NOT a characteristic of a transition element?,Variable oxidation states,Formation of colored ions,High ionization energy,Catalytic activity,C,Transition elements typically have low to moderate ionization energies.,Periodic Trends,Hard,Chemistry,Fundamental Concepts
Which gas deviates most from ideal behavior at high pressure?,He,N₂,CO₂,O₂,C,"CO₂ has stronger intermolecular forces than He/N₂/O₂, causing greater deviation from ideal gas law.",Real Gases,Medium,Chemistry,Fundamental Concepts
The pH of a 0.001M NaOH solution is 11. Which assumption is correct?,pOH = 3,pH + pOH = 14 applies only to neutral water,NaOH is a weak base,Hydroxide concentration is 0.001M,A,pOH = -log[OH⁻] = 3; pH = 14 - 3 = 11 for strong base.,Acid-Base Calculations,Medium,Chemistry,Fundamental Concepts
Which pair of elements exhibits the greatest difference in electronegativity?,Na and Cl,F and O,Mg and S,C and H,A,Na (electronegativity ~0.9) and Cl (~3.0) have the largest difference in this list.,Electronegativity,Easy,Chemistry,Fundamental Concepts
A 100g solution contains 20g NaCl. Which term describes this solution?,10% w/w,20% w/v,20% w/w,50% w/w,C,Mass percent = (mass solute/mass solution) × 100 = (20/100) × 100 = 20% w/w.,Concentration Units,Easy,Chemistry,Fundamental Concepts
A 12th-grade student compares the solubility of NaCl and AgCl in water. Which factor primarily determines this difference?,Polar covalent bonds in NaCl,Hydrogen bonding in AgCl,Lattice energy vs hydration energy,Ion charge density of Na+ vs Ag+,C,Lattice energy determines solubility; hydration energy exceeds lattice energy in NaCl. Option D confuses ion size effects.,Solubility Comparisons,Medium,Chemistry,Fundamental Concepts
A lab technician distinguishes between benzene and glucose solutions using a conductivity meter. Which solution shows higher conductivity?,Benzene solution due to π-electron delocalization,Glucose solution because of hydrogen bonding,Neither solution conducts electricity,Both conduct equally,C,Neither ionizes; conductivity requires mobile ions. Option A confuses molecular structure with ionic species.,Electrolyte Behavior,Medium,Chemistry,Fundamental Concepts
"Two gases, NO2 and N2O4, exist in equilibrium. Which property remains constant at equilibrium?",Partial pressure ratio,Molecular weight,Forward reaction rate,Color intensity,A,Equilibrium constant Kp = (P_NO2²)/(P_N2O4). Color (option D) depends on concentration ratio.,Dynamic Equilibrium,Hard,Chemistry,Fundamental Concepts
A student differentiates between alkenes and alkynes using bromine water. Which observation confirms the presence of acetylene?,Decolorization with 2 layers,Precipitate formation,Gas evolution,Decolorization with one layer,A,Alkynes add 2 Br2 molecules forming dibromides. Option D describes alkenes with single addition.,Hydrocarbon Reactions,Easy,Chemistry,Fundamental Concepts
A chemical engineer compares the combustion of methane vs propane. Which fuel produces more CO2 per mole of O2 consumed?,Methane due to higher H/C ratio,Propane because of lower H/C ratio,Equal for both,Propane due to higher carbon content,B,Propane has 3C to methane’s 1C; stoichiometry determines CO2/O2 ratio.,Combustion Stoichiometry,Hard,Chemistry,Fundamental Concepts
A researcher investigates why HF has a higher boiling point than HCl despite lower molar mass. Which intermolecular force explains this?,Dipole-dipole interactions,London dispersion forces,Hydrogen bonding,Ion-dipole interactions,C,H-F bonds create strong hydrogen bonding. Option A applies to other HX compounds.,Intermolecular Forces,Easy,Chemistry,Fundamental Concepts
"Two solutions, 1M NaCl and 1M glucose, are placed in a U-tube. Which way does water move through the semipermeable membrane?",From NaCl to glucose,From glucose to NaCl,No net movement,Depends on temperature,B,NaCl dissociates into 2 particles creating higher osmotic pressure. Option A reverses osmotic gradient.,Osmosis,Medium,Chemistry,Fundamental Concepts
A metallurgist explains why aluminum is extracted from bauxite via electrolysis while iron comes from hematite through smelting. What determines the method?,Metal reactivity series position,Ore melting point,Cost of reducing agents,Abundance of metal in ore,A,Aluminum is more reactive than iron; high reactivity requires electrolysis. Option C is an economic factor.,Metal Extraction,Medium,Chemistry,Fundamental Concepts
A chemist distinguishes between concentrated and dilute sulfuric acid. Which property changes with concentration?,pH,Electrical conductivity,Both A & B,Neither A nor B,C,Higher concentration increases H+ ions and ionic species. No acceptable distractors in this scenario.,Acid Concentration Effects,Easy,Chemistry,Fundamental Concepts
"Two salts, Na2CO3 and NaHCO3, are tested with HCl. Which salt produces more CO2 per mole?",Na2CO3 due to 2 moles CO3²-,NaHCO3 because of direct HCO3-,Equal CO2 production,Depends on HCl excess,A,Na2CO3 releases 2CO2 per mole vs 1CO2. Option B ignores stoichiometric ratios.,Carbonate Reactions,Medium,Chemistry,Fundamental Concepts
A student compares the pH of 0.1M CH3COOH and 0.1M HCl. Which solution has higher [H+]?,Acetic acid due to partial ionization,Hydrochloric acid because of complete ionization,Same [H+] from both,Depends on temperature,B,Strong acids fully dissociate; weak acids don't. Option A reverses ionization behavior.,Acid Strength,Easy,Chemistry,Fundamental Concepts
A pharmaceutical scientist differentiates between aspirin (acetylsalicylic acid) and paracetamol. Which functional group is unique to aspirin?,Hydroxyl (-OH),Carbonyl (C=O),Ester (-COOR),Amine (-NH2),C,Aspirin contains ester from acetylation. Paracetamol has amide (not listed).,Functional Groups,Medium,Chemistry,Fundamental Concepts
"Two gases, NH3 and PH3, have similar molecular masses. Which has higher solubility in water?",PH3 due to larger size,NH3 because of hydrogen bonding,Equal solubility,PH3 forms stronger ion-dipole interactions,B,NH3 forms H-bonds with water; PH3 cannot. Option D confuses dipole strength with bonding type.,Gas Solubility,Hard,Chemistry,Fundamental Concepts
A food scientist explains why oil separates from vinegar in salad dressing. What property causes this?,Density differences,Hydrophilic vs hydrophobic interactions,Boiling point variation,Viscosity contrasts,B,"Oil is nonpolar (hydrophobic), vinegar is polar (hydrophilic). Option A affects mixing dynamics.",Polarity Effects,Medium,Chemistry,Fundamental Concepts
"Two alcohols, methanol and ethanol, are tested for denaturing effects on proteins. Which is more effective?",Methanol due to smaller size,Ethanol because of higher molecular mass,Both equally effective,Depends on pH,B,Larger alcohols disrupt protein H-bonding better. Option A assumes size helps hydration.,Protein Denaturation,Hard,Chemistry,Fundamental Concepts
A chemical engineer compares the reaction rates of 1-bromopropane and 2-bromopropane in SN2 reactions. Which is faster?,1-bromopropane due to less steric hindrance,2-bromopropane because of secondary center,Same rate with primary structures,Rate depends on temperature only,A,Primary substrates have less hindrance for nucleophiles. Option B describes SN1 behavior.,Reaction Mechanisms,Hard,Chemistry,Fundamental Concepts
A lab technician needs to prepare a solution with a 1:1 molar ratio of sodium chloride to potassium chloride. Which parameter must be equal for both solutes?,Mass in grams,Number of formula units,Molarity,Volume of solution,B,Molarity and volume determine number of moles. Option A fails as molar masses differ.,Molarity and Mole Concept,Medium,Chemistry,Fundamental Concepts
A student calculates the empirical formula of a hydrocarbon as CH₂. What additional data is required to find the molecular formula?,Mass of sample,Volume at STP,Molar mass,Percentage composition,C,Molecular formula = n(empirical formula). Molar mass determines 'n'.,Empirical and Molecular Formulas,Easy,Chemistry,Fundamental Concepts
A chemist observes 22.4 L of CO₂ at STP vs 24.8 L at room conditions. Which law explains this volume difference?,Avogadro's hypothesis,Charles's law,Dalton's law,Henry's law,A,Avogadro's law states 1 mole = 22.4 L at STP. Temperature change alters volume.,Gas Laws,Medium,Chemistry,Fundamental Concepts
"During combustion analysis, 1.20 g of carbon forms CO₂. Which calculation step differs from oxygen analysis?",Molar mass conversion,Stoichiometric ratio,Mass-to-mole conversion,Percentage contribution,B,Carbon uses 1:1 ratio to CO₂; oxygen uses 2:1 ratio to H₂O.,Combustion Analysis,Hard,Chemistry,Fundamental Concepts
A 0.5 M glucose solution vs 0.5 M NaCl solution: Which statement about particles is correct?,Equal numbers of molecules,Equal osmotic pressure,NaCl solution has double particles,Glucose solution has higher pH,C,NaCl dissociates into 2 ions; glucose remains as molecules.,Solution Particles,Hard,Chemistry,Fundamental Concepts
A reaction produces 2 moles of H₂O from H₂ and O₂. Which ratio remains constant regardless of initial amounts?,Mass of H₂ to O₂,Volume ratio of reactants,Mole ratio of products,Energy released per mole,C,Stoichiometric ratios are fixed by balanced equations.,Stoichiometric Ratios,Medium,Chemistry,Fundamental Concepts
A 5.0 g sample of Mg(OH)₂ vs 5.0 g of Zn(OH)₂: Which has more moles?,Mg(OH)₂,Zn(OH)₂,Equal moles,Cannot determine,A,Lower molar mass means more moles for same mass.,Molar Mass Calculations,Medium,Chemistry,Fundamental Concepts
A student confuses percent composition with empirical formula. How do these differ?,"Percent uses mass, formula uses moles","Percent is theoretical, formula is experimental",Formula requires molar mass,"Percent includes oxygen, formula excludes it",C,Empirical formula needs molar mass to find simplest ratio.,Percent Composition,Hard,Chemistry,Fundamental Concepts
Which property differentiates a hydrate from an anhydrate?,Color change,Crystalline structure,Mass after heating,Solubility in water,C,Hydrate loses mass upon water removal.,Hydrates,Easy,Chemistry,Fundamental Concepts
A reaction requires 3 moles of CaCO₃ to react with HCl. Which product ratio is NOT possible?,1 mole CO₂,2 moles CaCl₂,3 moles H₂O,3 moles Cl₂,D,"Calcium carbonate produces chloride, not chlorine gas.",Reaction Stoichiometry,Hard,Chemistry,Fundamental Concepts
A solution with 1.0 molal NaOH vs 1.0 molar NaOH: Which has higher boiling point elevation?,Molal solution,Molar solution,Equal,Depends on temperature,B,Molarity > molality in water (density = 1 g/mL).,Colligative Properties,Medium,Chemistry,Fundamental Concepts
Which law explains why 2 H₂ molecules always react with 1 O₂ molecule regardless of sample size?,Law of definite proportions,Law of conservation of mass,Law of multiple proportions,Avogadro's principle,A,Definite proportions fix ratios in compounds.,Chemical Laws,Easy,Chemistry,Fundamental Concepts
A gas collected over water at 25°C vs 0°C: Which correction factor is most critical?,Dalton's law for vapor pressure,Charles's law for temperature,Boyle's law for pressure,Gay-Lussac's law,A,Water vapor pressure must be subtracted from total pressure.,Gas Collection,Medium,Chemistry,Fundamental Concepts
A student measures 1.0 L of O₂ vs 1.0 L of CO₂ at same temperature and pressure. Which statement is true?,Equal masses,Equal moles,Equal densities,Equal atoms,B,Avogadro's law: Equal volumes = equal moles at same conditions.,Avogadro's Law,Easy,Chemistry,Fundamental Concepts
Which reaction has the highest atom economy?,Combustion of methane,Precipitation of AgCl,Synthesis of ammonia,Hydration of CuSO₄,C,Ammonia synthesis has minimal byproducts compared to combustion.,Atom Economy,Hard,Chemistry,Fundamental Concepts
A 2.0 M aqueous solution of ethyl alcohol vs 2.0 M glucose: Which property is identical?,Freezing point,Osmotic pressure,Boiling point,Number of particles,D,Both solutes remain undissociated in solution.,Colligative Properties,Medium,Chemistry,Fundamental Concepts
Which pair of compounds obeys the law of multiple proportions?,H₂O and D₂O,CO and CO₂,NaCl and MgCl₂,H₂ and O₂,B,Carbon forms CO with 1:1 and CO₂ with 1:2 ratios to oxygen.,Law of Multiple Proportions,Medium,Chemistry,Fundamental Concepts
A 100 g sample of CaCO₃ vs 100 g of MgCO₃: Which releases more CO₂ upon decomposition?,CaCO₃,MgCO₃,Equal amounts,Cannot determine,B,"MgCO₃ has lower molar mass, so more moles and CO₂ produced.",Decomposition Reactions,Hard,Chemistry,Fundamental Concepts
Which statement differentiates a limiting reactant from an excess reactant?,Limiting appears first in equation,Excess produces more moles,Limiting determines theoretical yield,Excess has higher molar mass,C,Theoretical yield depends on the amount of limiting reactant.,Limiting Reactants,Easy,Chemistry,Fundamental Concepts
A 1.5 M sulfuric acid solution vs 1.5 M phosphoric acid solution: Which has higher H⁺ concentration?,Sulfuric acid,Phosphoric acid,Equal,Depends on temperature,A,Sulfuric acid is diprotic; phosphoric is triprotic but weaker.,Acid Dissociation,Hard,Chemistry,Fundamental Concepts
Which process increases the number of particles in solution: dissolving NaCl vs dissolving glucose?,NaCl produces more particles,Glucose produces more particles,Equal particles,No particles produced,A,NaCl dissociates into 2 ions; glucose remains as molecules.,Solution Particles,Easy,Chemistry,Fundamental Concepts
A solution has a pH of 3. Another solution with double the hydrogen ion concentration would have a pH closest to which value?,1.5,2.7,3.3,6.0,B,pH = -log[H+]. Doubling [H+] reduces pH by 0.3 units. Option C fails because pH increases with lower [H+].,pH and Ion Concentration,Medium,Chemistry,Fundamental Concepts
Which property confirms a substance is ionic rather than covalent?,High melting point,Conducts electricity in solid state,Formed by electron sharing,Soft and waxy texture,A,Ionic compounds have high melting points due to strong electrostatic forces. Option B is false as ionic solids don't conduct electricity.,Bonding Characteristics,Medium,Chemistry,Fundamental Concepts
Which process involves electron gain by a species?,Oxidation in a redox reaction,Reduction in a galvanic cell,Catalytic cracking,Neutralization reaction,B,Reduction is electron gain; oxidation is loss. Option A describes the opposite process.,Redox Reactions,Easy,Chemistry,Fundamental Concepts
"A gas sample occupies 2 L at 1 atm. If pressure doubles while temperature remains constant, what is the new volume?",0.5 L,1 L,2 L,4 L,A,Boyle's law: P1V1=P2V2. Doubling pressure halves volume. Option B assumes no pressure change.,Gas Laws,Medium,Chemistry,Fundamental Concepts
Compare the solubility of NaCl vs I2 in water. Which statement is correct?,Both are highly soluble due to ionic nature,NaCl dissolves via ion-dipole interactions,I2 is more soluble in water than alcohol,Both dissolve via hydrogen bonding,B,"NaCl uses ion-dipole; I2 is nonpolar, poorly soluble. Option D incorrectly attributes solubility to H-bonding.",Solubility Differences,Hard,Chemistry,Fundamental Concepts
Which property distinguishes a solution from a colloid?,Cannot be filtered,Tyndall effect visible,Homogeneous mixture,Particles settle over time,B,Colloids scatter light (Tyndall effect); solutions do not. Option A is true for both.,Colloids vs Solutions,Medium,Chemistry,Fundamental Concepts
A reaction releases heat and increases randomness. Under what conditions is it spontaneous?,High temperature only,Low temperature only,Spontaneous at all temperatures,Non-spontaneous at all temperatures,C,Exothermic with positive ΔS is spontaneous at all temperatures. Option A/B incorrectly limit temperature.,Spontaneity Criteria,Hard,Chemistry,Fundamental Concepts
Which statement differentiates a weak acid from a strong base?,Weak acids partially ionize,Strong bases have low pH,Weak acids neutralize bases,Strong bases have no conjugate acid,A,Weak acids partially dissociate; strong bases fully ionize. Option B misrepresents pH of strong bases.,Acid-Base Strength,Medium,Chemistry,Fundamental Concepts
What is the key difference between a homogeneous and heterogeneous catalyst?,Phase consistency with reactants,Temperature requirements,Ease of recovery,Both A and C,D,Homogeneous catalysts share phase; heterogeneous do not. Option B is irrelevant to phase differences.,Catalysis Types,Medium,Chemistry,Fundamental Concepts
Which property confirms a substance is a pure element rather than a compound?,Fixed composition,Can be decomposed by chemical means,Consists of one type of atom,Variable melting point,C,Elements have single atom types; compounds have fixed ratios of elements. Option A is true for both.,Elements vs Compounds,Easy,Chemistry,Fundamental Concepts
Compare the rate of diffusion of NH3 vs H2O vapor. Which will diffuse faster at same temperature?,NH3 due to lower molar mass,H2O due to hydrogen bonding,Same rate for both,Depends on pressure,A,Graham's law: lighter molecules diffuse faster. Option B ignores molar mass effect.,Diffusion Rates,Medium,Chemistry,Fundamental Concepts
Which statement differentiates a physical change from a chemical change?,Involves energy change,Produces new substances,Changes mass,Reversible by distillation,B,Chemical changes create new substances. Physical changes alter physical properties only.,Change Types,Easy,Chemistry,Fundamental Concepts
A solution turns litmus red. Which property differentiates this from an acid-base indicator?,pH indicator color change,Acidic solution,Neutralization reaction,Both A and B,D,"Acids turn litmus red; indicators change color with pH. Option C refers to neutralization, not identification.",Acid-Base Indicators,Medium,Chemistry,Fundamental Concepts
Which process differentiates evaporation from boiling?,Occurs only at surface,Requires higher temperature,Involves gas bubbles,Both A and C,A,Evaporation is surface-only; boiling involves bulk vaporization. Option C describes boiling only.,Phase Changes,Easy,Chemistry,Fundamental Concepts
Compare ionic vs covalent solids under stress. Which will conduct electricity when molten?,Only ionic solids,Only covalent solids,Both equally,Neither,A,Ionic solids conduct when molten; covalent solids do not. Option C assumes same conductive properties.,Solid Properties,Medium,Chemistry,Fundamental Concepts
Differentiate between nuclear fission and fusion. Which releases more energy per unit mass?,Fission due to heavy nucleus splitting,Fusion due to light nucleus combining,Same energy output,Depends on reactor type,B,Fusion of light nuclei releases more energy per mass than fission. Option A describes fission energy per nucleus.,Nuclear Reactions,Hard,Chemistry,Fundamental Concepts
Which of the following correctly differentiates between ionic and covalent bonds using sodium chloride and carbon dioxide as examples?,Ionic bonds form between metals and nonmetals; covalent bonds form between nonmetals,Ionic bonds involve electron sharing; covalent bonds involve electron transfer,Ionic compounds have low melting points; covalent compounds have high melting points,Ionic bonds are polar; covalent bonds are nonpolar,A,Ionic bonds transfer electrons between metals and nonmetals. Option B reverses the definitions.,Chemical Bonding,Easy,Chemistry,Fundamental Concepts
"When comparing 1 mole of H2O(s) and 1 mole of H2O(g) at 0°C, which property is identical?",Volume,Mass,Density,Energy content,B,Molar mass determines mass. Option A varies due to different molecular arrangements.,Mole Concept,Medium,Chemistry,Fundamental Concepts
A solution shows a pH of 3. How does this compare to a solution with pH 5 in terms of [H+] concentration?,10 times higher,100 times higher,10 times lower,100 times lower,B,pH scale is logarithmic. Each unit = 10x change. Option A fails to account for two pH units.,Acid-Base Chemistry,Hard,Chemistry,Fundamental Concepts
Which factor best explains why O2(g) diffuses faster than N2(g) at the same temperature?,Oxygen has higher molar mass,Nitrogen has stronger intermolecular forces,Oxygen has lower kinetic energy,Nitrogen has higher bond energy,A,Lighter molecules diffuse faster at same temperature. Option B confuses intermolecular with kinetic theory.,Gas Laws,Medium,Chemistry,Fundamental Concepts
"When 5.6 g of iron reacts with 2.4 g of sulfur to form FeS, which element is the limiting reactant?",Iron (Fe),Sulfur (S),Both react completely,Neither is limiting,B,Molar ratio Fe:S = 1:1. Sulfur has fewer moles (0.075 vs 0.1). Option A ignores molar mass.,Stoichiometry,Hard,Chemistry,Fundamental Concepts
How do exothermic and endothermic reactions differ in terms of enthalpy change (ΔH)?,Exothermic: ΔH positive; Endothermic: ΔH negative,Exothermic: ΔH negative; Endothermic: ΔH positive,Exothermic: ΔH zero at equilibrium; Endothermic: ΔH constant,Exothermic: ΔH increases; Endothermic: ΔH decreases,B,Exothermic releases heat (negative ΔH). Option A reverses the signs.,Thermochemistry,Easy,Chemistry,Fundamental Concepts
Which pair of compounds demonstrates the difference between empirical and molecular formulas?,CH2O (glucose) and C6H12O6,H2O and H2O2,CO and CO2,NaCl and Na2Cl2,A,CH2O simplifies C6H12O6. Option D is invalid chemistry.,Chemical Formulas,Medium,Chemistry,Fundamental Concepts
A sample of argon gas expands from 2 L to 4 L at constant pressure. How does the average kinetic energy per molecule change?,Doubles,Halves,Remains the same,Increases fourfold,C,Temperature determines kinetic energy. Option A confuses volume with temperature.,Kinetic Molecular Theory,Hard,Chemistry,Fundamental Concepts
Which property is higher in nitrogen (N2) than in oxygen (O2) at standard conditions?,Boiling point,Bond dissociation energy,Electron affinity,Atomic radius,B,Triple bond in N2 is stronger than O2's double bond. Option A is incorrect as N2 has lower boiling point.,Periodic Trends,Medium,Chemistry,Fundamental Concepts
A 250 mL solution containing 3.35 g of Ca(OH)2 is prepared. What is its molarity compared to 0.1 M NaOH?,Twice as concentrated,Same concentration,Half as concentrated,Four times less concentrated,C,"Ca(OH)2 has molar mass ~74 g/mol, yielding 0.05 M. Option B ignores formula units.",Solution Concentration,Hard,Chemistry,Fundamental Concepts
Which statement explains why diamond is harder than graphite?,Diamond has metallic bonds; graphite has covalent bonds,Diamond has 3D covalent network; graphite has 2D layers,Diamond has ionic bonds; graphite has hydrogen bonds,Diamond has van der Waals forces; graphite has dipole-dipole,B,3D network in diamond creates rigid structure. Option A reverses carbon allotrope properties.,Carbon Allotropes,Medium,Chemistry,Fundamental Concepts
"When comparing sodium (Na) and magnesium (Mg) in terms of ionization energy, which is correct?",Na has higher ionization energy because it's more metallic,Mg has higher ionization energy due to smaller atomic radius,Na has lower ionization energy due to higher shielding,Mg has lower ionization energy because of higher electron affinity,B,Smaller atomic radius increases ionization energy. Option C is true but incomplete.,Periodic Trends,Easy,Chemistry,Fundamental Concepts
A sample of helium gas effuses through a porous container in 5 seconds. How long would the same volume of oxygen take?,2.5 seconds,5.0 seconds,10 seconds,20 seconds,D,Effusion time ∝ √molar mass ratio. O2 is 16x heavier. Option C fails to square root.,Gas Diffusion,Hard,Chemistry,Fundamental Concepts
Which reaction best illustrates the difference between oxidation and reduction?,Cu²+ + 2e⁻ → Cu,Fe³+ + e⁻ → Fe²+,Na → Na⁺ + e⁻,Cl₂ + 2e⁻ → 2Cl⁻,C,Oxidation is loss of electrons. Option D shows reduction.,Redox Reactions,Medium,Chemistry,Fundamental Concepts
A 500 mL solution of NaCl is prepared with 23.4 g of salt. How does this compare to a 0.2 M KI solution?,Twice the concentration,Same concentration,Half the concentration,Four times concentration,A,NaCl molar mass ~58.5 g/mol → 0.4 M. Option B ignores different solutes.,Solution Calculations,Hard,Chemistry,Fundamental Concepts
Which property explains why water has a higher boiling point than ammonia?,Higher molar mass,Stronger hydrogen bonding,Greater polarizability,Larger dipole moment,B,Hydrogen bonds in water are stronger than in ammonia. Option D is true but not primary.,Intermolecular Forces,Medium,Chemistry,Fundamental Concepts
A reaction has ΔG negative at 25°C. What must be true about its spontaneity?,Spontaneous only at high temperatures,Spontaneous at all temperatures,Spontaneous only at low temperatures,Spontaneous at 25°C but not other temps,D,ΔG determines spontaneity at specific temperature. Option B requires knowing ΔH and ΔS.,Thermodynamics,Hard,Chemistry,Fundamental Concepts
A student observes two liquids: ethanol and hexane. Which property best explains their solubility difference in water?,Ethanol has higher density,Ethanol forms hydrogen bonds,Hexane has higher boiling point,Hexane has higher molar mass,B,Hydrogen bonding in ethanol allows water solubility. Option A is irrelevant.,Solubility Principles,Medium,Chemistry,Fundamental Concepts
A tertiary alkyl halide undergoes a reaction with a weak nucleophile in a polar solvent. Which mechanism is most likely?,SN2,E2,SN1,E1,C,"SN1 favors tertiary substrates and weak nucleophiles. E1 is elimination, not substitution.",SN1 Mechanism,Medium,Chemistry,Fundamental Concepts
"In a bimolecular reaction, how does the rate depend on the concentration of reactants?",Only the substrate concentration,Only the nucleophile concentration,Both substrate and nucleophile concentrations,Neither concentration,C,"Bimolecular reactions (e.g., SN2) are second-order. Rate depends on both reactant concentrations.",Rate Laws in Mechanisms,Easy,Chemistry,Fundamental Concepts
Which step in a reaction mechanism determines the overall rate of the reaction?,The fastest step,The first step,The step with the highest activation energy,The last step,C,The rate-determining step is the slowest (highest activation energy). Fast steps do not control rate.,Rate-Determining Steps,Medium,Chemistry,Fundamental Concepts
A reaction produces a pair of enantiomers. Which mechanism is responsible?,SN1,SN2,E1,E2,B,SN2 inversion yields single enantiomer. Racemic mixtures form in SN1 due to planar intermediate.,Stereochemistry in Mechanisms,Hard,Chemistry,Fundamental Concepts
Which factor most strongly favors an SN1 mechanism?,High nucleophile concentration,Polar aprotic solvent,Tertiary substrate,Strong base,C,Tertiary substrates stabilize carbocations. Polar aprotic solvents favor SN2.,SN1 vs. SN2 Conditions,Medium,Chemistry,Fundamental Concepts
"If a reaction's rate doubles when the nucleophile concentration doubles, what is the mechanism?",SN1,E1,SN2,E2,C,SN2 rate depends on nucleophile concentration. SN1/E1 rates are nucleophile-independent.,Kinetics of Substitution,Medium,Chemistry,Fundamental Concepts
Which species is formed in an E2 reaction but not in an E1 reaction?,Carbocation,Transition state,Bimolecular transition state,Alkene,C,E2 forms a single bimolecular transition state. E1 forms a carbocation first.,Elimination Mechanisms,Hard,Chemistry,Fundamental Concepts
A reaction forms a carbocation intermediate. Which mechanism is possible?,SN2,E2,SN1,Stereospecific,C,SN1 forms carbocations. SN2/E2 are single-step mechanisms.,Intermediate Species,Easy,Chemistry,Fundamental Concepts
Which solvent accelerates an SN2 reaction?,Polar aprotic,Nonpolar,Polar protic,Aqueous,A,Polar aprotic solvents stabilize nucleophiles. Protic solvents hinder SN2 by solvating nucleophiles.,Solvent Effects,Medium,Chemistry,Fundamental Concepts
What determines the regiochemistry in an E1 reaction?,Zaitsev's rule,Huckel's rule,Markovnikov's rule,Saytzeff's rule,A,Zaitsev's rule predicts most substituted alkene. Saytzeff is another name for Zaitsev.,Elimination Regiochemistry,Easy,Chemistry,Fundamental Concepts
Which mechanism is stereospecific but not stereoselective?,E2,SN1,SN2,E1,C,SN2 is stereospecific (inversion). E2 is stereoselective (anti-periplanar).,Stereospecificity,Hard,Chemistry,Fundamental Concepts
A reaction proceeds through a planar intermediate. Which mechanism applies?,SN1,SN2,E1,E2,A,SN1 forms planar carbocations. SN2 is a single-step backside attack.,Planar Intermediates,Medium,Chemistry,Fundamental Concepts
Which reaction leads to carbocation rearrangement?,SN2,E2,SN1,E1,C,SN1 carbocations can rearrange. SN2/E2 are single-step and do not rearrange.,Carbocation Stability,Medium,Chemistry,Fundamental Concepts
"If a reaction's rate is unaffected by the nucleophile concentration, what is the mechanism?",SN2,SN1,E2,E1,B,SN1 rate is first-order (substrate only). SN2 is second-order.,Kinetics of Substitution,Easy,Chemistry,Fundamental Concepts
Which mechanism is most likely for a primary alkyl halide reacting with a strong base?,SN1,E1,SN2,E2,C,Primary substrates favor SN2 (sterically unhindered). SN1/E1 are disfavored.,Substrate Effects,Medium,Chemistry,Fundamental Concepts
A reaction's energy diagram shows two transition states and one intermediate. What is the mechanism?,SN1,SN2,E1,E2,C,"E1 has two steps (ionization, deprotonation). SN2 is one step.",Reaction Energy Diagrams,Hard,Chemistry,Fundamental Concepts
Which base is most suitable for an E2 reaction?,Weak and bulky,Strong and small,Strong and bulky,Weak and small,C,Bulky bases favor elimination by reducing substitution. Small bases favor SN2.,Base Strength in Elimination,Medium,Chemistry,Fundamental Concepts
A reaction produces a single stereoisomer. Which mechanism is responsible?,SN1,SN2,E1,E2,B,SN2 gives inverted product. SN1 forms racemic mixtures.,Stereochemistry,Medium,Chemistry,Fundamental Concepts
Which mechanism is most sensitive to steric hindrance?,SN1,SN2,E1,E2,B,SN2 is backside attack (sterically hindered by bulky groups). SN1 is less sensitive.,Steric Effects,Easy,Chemistry,Fundamental Concepts
Which species is formed in both SN1 and E1 mechanisms?,Transition state,Carbocation,Nucleophile,Alkene,B,"Both form carbocation intermediates. SN1 yields substitution, E1 yields elimination.",Common Intermediates,Hard,Chemistry,Fundamental Concepts
A student observes a reaction where the rate depends only on the concentration of one reactant. Which step determines the overall reaction rate in this scenario?,Slowest step in the mechanism,Fastest step in the mechanism,Step with highest activation energy,Step with lowest activation energy,A,The rate-determining step (slowest step) controls overall reaction rate. Option C fails because activation energy doesn't directly set rate.,Rate-Determining Step,Medium,Chemistry,Fundamental Concepts
"In a catalyzed reaction, the energy profile shows a new pathway with lower activation energy. What is the role of the catalyst in this process?",Provides an alternative reaction pathway,Increases kinetic energy of reactants,Increases collision frequency,Changes the overall reaction enthalpy,A,Catalysts lower activation energy by providing alternative pathways. Option D fails because enthalpy is unaffected.,Catalyst Mechanism,Easy,Chemistry,Fundamental Concepts
"During a free radical chain reaction, which step initiates the process by forming the first reactive species?",Initiation,Propagation,Termination,Chain branching,A,Initiation produces free radicals via bond cleavage. Propagation (B) uses existing radicals.,Chain Reaction Steps,Easy,Chemistry,Fundamental Concepts
"A reaction mechanism involves two steps: Step 1 (fast) forms an intermediate, Step 2 (slow) consumes it. Which step determines the rate law?",Step 1,Step 2,Both steps combined,Neither step,B,The rate-determining step (slow step) governs the rate law. Fast steps (A) don't set the overall rate.,Rate-Determining Step,Medium,Chemistry,Fundamental Concepts
"In a reaction coordinate diagram, which feature represents the energy difference between reactants and transition state?",Activation energy,Reaction enthalpy,Intermediate stability,Free energy change,A,Activation energy is the energy required to reach the transition state. Enthalpy (B) relates to overall energy change.,Reaction Coordinate Diagrams,Easy,Chemistry,Fundamental Concepts
An enzyme catalyzes a reaction by binding substrates in its active site. Which effect is most critical for its catalytic action?,Lowering activation energy,Increasing substrate concentration,Denaturing other enzymes,Changing reaction equilibrium,A,Enzymes accelerate reactions by reducing activation energy. Equilibrium (D) remains unchanged by catalysts.,Enzyme Catalysis,Medium,Chemistry,Fundamental Concepts
"A reaction produces a short-lived, high-energy species that cannot be isolated. What term describes this species?",Transition state,Intermediate,Catalyst,Activated complex,A,Transition states are fleeting and unobservable. Intermediates (B) can be isolated in some cases.,Transition States vs. Intermediates,Easy,Chemistry,Fundamental Concepts
A multi-step reaction produces a stable molecule during its pathway. What is this molecule called?,Intermediate,Transition state,Catalyst,Activation complex,A,Intermediates are stable enough to be detected. Transition states (B) are transient and unstable.,Reaction Intermediates,Medium,Chemistry,Fundamental Concepts
"In a heterogeneous catalysis reaction, where does the catalytic action primarily occur?",Surface of the catalyst,Bulk of the catalyst,In solution phase,At the reaction interface,A,Heterogeneous catalysts work at their surface. Bulk (B) is irrelevant for surface reactions.,Catalysis Types,Easy,Chemistry,Fundamental Concepts
A reaction rate increases with temperature. Which factor is most directly responsible for this change?,Increased number of collisions with energy ≥ activation energy,Decreased activation energy,Formation of more intermediates,Lowering of reaction enthalpy,A,Higher temperature increases effective collisions. Activation energy (B) remains constant.,Temperature Effects,Hard,Chemistry,Fundamental Concepts
"In a reaction mechanism, which species is consumed in one step and regenerated in a later step?",Catalyst,Intermediate,Reactant,Product,A,Catalysts are not consumed overall. Intermediates (B) are formed and consumed entirely.,Catalyst Role,Medium,Chemistry,Fundamental Concepts
A reaction coordinate diagram shows two peaks. What does the second peak represent?,Second transition state,Second intermediate,Catalyst regeneration,Overall reaction enthalpy,A,Peaks represent transition states. Intermediates (B) appear as valleys between peaks.,Reaction Coordinate Diagrams,Hard,Chemistry,Fundamental Concepts
Which condition must be met for a catalyst to effectively increase reaction rate?,Reduces activation energy without being consumed,Increases activation energy temporarily,Changes the reaction entropy,Increases the number of reactant molecules,A,Catalysts lower activation energy without being consumed. Increasing reactant count (D) is not their role.,Catalyst Function,Medium,Chemistry,Fundamental Concepts
A reaction mechanism involves three steps with distinct activation energies. Which step is the rate-determining step?,Step with highest activation energy,Step with lowest activation energy,Step with most intermediates,Step with highest reaction entropy,A,The slowest step (highest Eₐ) determines rate. Low Eₐ steps (B) are faster.,Rate-Determining Step,Easy,Chemistry,Fundamental Concepts
"In a multi-step reaction, which parameter is directly affected by the presence of a catalyst?",Activation energy of the rate-determining step,Overall reaction enthalpy,Concentration of intermediates,Equilibrium position,A,Catalysts lower activation energy of the rate-determining step. Enthalpy (B) remains unchanged.,Catalyst Effects,Hard,Chemistry,Fundamental Concepts
A reaction follows first-order kinetics despite a bimolecular rate-determining step. What explains this discrepancy?,A preceding fast step determines concentration dependence,The reaction is in a non-aqueous solvent,Temperature affects only the rate constant,The catalyst is in excess,A,Fast preceding steps establish steady-state concentrations. Other factors don't explain order-discrepancy.,Kinetics vs. Mechanism,Hard,Chemistry,Fundamental Concepts
Which statement best describes the role of an intermediate in a reaction mechanism?,It is formed in one step and consumed in a later step,It is the species with maximum energy in the mechanism,It lowers the overall activation energy,It is the same as the transition state,A,Intermediates are transient but can be isolated. Transition states (D) cannot be isolated.,Reaction Intermediates,Medium,Chemistry,Fundamental Concepts
A reaction proceeds through a termolecular rate-determining step. What is the minimum number of elementary steps in this mechanism?,One,Two,Three,Four,A,A termolecular step is a single elementary step. Multiple steps (B/C) would imply different orders.,Elementary Steps,Hard,Chemistry,Fundamental Concepts
"In a reaction with two competing pathways, which factor determines the major product formed?",Relative activation energies,Overall reaction enthalpies,Concentration of catalyst,Entropy change of the system,A,"Lower activation energy pathways are favored. Enthalpy (B) affects equilibrium, not initial product distribution.",Competing Mechanisms,Hard,Chemistry,Fundamental Concepts
Which experimental technique is most suitable for identifying reaction intermediates?,Spectroscopy,Calorimetry,Manometry,Conductometry,A,Spectroscopy detects molecular structures. Calorimetry (B) measures heat changes.,Experimental Methods,Medium,Chemistry,Fundamental Concepts
A student observes a reaction profile where the first step has the highest energy barrier. Which step determines the overall reaction rate in this case?,Final step with lowest energy barrier,First step with highest energy barrier,Intermediate step with lowest energy,Step with maximum product formation,B,The slowest step (highest activation energy) determines the rate. Option A fails because the final step has minimal impact on rate.,Rate-Determining Steps,Medium,Chemistry,Fundamental Concepts
A reaction produces an unstable species that exists only momentarily. What is this species called?,Catalyst,Intermediate,Transition state,Activated complex,B,"Intermediates are short-lived but not in transition states. Option C represents a temporary high-energy state, not a distinct species.",Reaction Intermediates,Easy,Chemistry,Fundamental Concepts
"In a reaction mechanism, which species is neither a reactant nor a final product but is consumed in a subsequent step?",Catalyst,Intermediate,Transition state,Enzyme,B,"Intermediates are formed and consumed in different steps. Option C is an instantaneous state, not a species.",Mechanism Components,Easy,Chemistry,Fundamental Concepts
A reaction's rate law is experimentally determined to be Rate = k[A]^2[B]. Which of the following can be concluded?,The reaction is third-order overall,The rate-determining step involves A and B,The mechanism has only one step,The reaction is first-order with respect to B,A,"Exponents in rate law sum to overall order. Option B fails because the rate-determining step depends on the mechanism, not the rate law.",Rate Laws and Mechanisms,Hard,Chemistry,Fundamental Concepts
"A reaction proceeds via two steps: 1) A + B → C (slow), 2) C + D → E (fast). What is the rate law based on this mechanism?",Rate = k[A][D],Rate = k[B][D],Rate = k[A][B],Rate = k[C][D],C,"Rate depends on reactants of the rate-determining step. Option D fails because C is an intermediate, not a reactant.",Rate-Determining Steps,Medium,Chemistry,Fundamental Concepts
A reaction has a rate-determining step with a bimolecular collision. What is the molecularity of this step?,Unimolecular,Bimolecular,Termolecular,Zero-order,B,"Molecularity equals the number of reacting species. Option D fails because zero-order is a kinetic property, not a molecularity.",Molecularity,Easy,Chemistry,Fundamental Concepts
Which of the following factors directly affects the rate constant (k) of a reaction?,Concentration of reactants,Temperature,Surface area of catalyst,Pressure of gaseous products,B,Temperature changes k via the Arrhenius equation. Option C affects reaction rate but not the intrinsic k value.,Factors Affecting Rate,Medium,Chemistry,Fundamental Concepts
"In a reaction coordinate diagram, the highest point indicates:",Reaction intermediate,Stable product,Transition state,Activated complex,C,Transition states are maxima on the diagram. Option D is synonymous with C but less precise terminology.,Reaction Profiles,Easy,Chemistry,Fundamental Concepts
A reaction requires simultaneous collision of three molecules. What is the probability of such an event?,Very high,Moderate,Very low,Independent of concentration,C,Termolecular collisions are statistically rare. Option A fails because three-body collisions require precise conditions.,Collision Theory,Medium,Chemistry,Fundamental Concepts
Which of the following statements about catalysts is true?,They increase the overall enthalpy change of the reaction,They provide an alternative pathway with lower activation energy,They are consumed in the reaction,They increase the number of energetic collisions,B,"Catalysts lower activation energy without affecting enthalpy. Option D fails because they enhance pathway efficiency, not collision energy.",Catalysis,Medium,Chemistry,Fundamental Concepts
A reaction profile shows two transition states but only one intermediate. What does this imply about the mechanism?,Three-step mechanism,Two-step mechanism,Elementary reaction,Reversible reaction,A,Each transition state corresponds to a step; intermediates lie between steps. Option B fails because two steps would have one transition state.,Reaction Profiles,Hard,Chemistry,Fundamental Concepts
"In a reaction mechanism with three steps, the rate law depends on the concentration of species formed in the second step. What does this imply?",The second step is the rate-determining step,The second step forms a catalyst,The second step is reversible,The second step produces a catalyst,A,Rate laws depend on the rate-determining step's reactants. Option C fails because reversibility doesn't directly affect rate law.,Rate-Determining Steps,Hard,Chemistry,Fundamental Concepts
A reaction has a rate law Rate = k[NO]^2[Cl2]. What can be inferred about the number of steps in the mechanism?,Single step,Two steps,Three steps,Cannot be determined,D,Rate laws don't reveal mechanism complexity. Option A fails because a single step would match the observed exponents directly.,Rate Laws and Mechanisms,Hard,Chemistry,Fundamental Concepts
Which of the following is a characteristic of a transition state?,It can be isolated under normal conditions,It has partial bonds,It is a stable species,It is a minimum on the reaction coordinate,B,Transition states have partial bonds and high energy. Option A fails because transition states are transient and not isolable.,Transition States,Easy,Chemistry,Fundamental Concepts
A reaction mechanism involving a fast equilibrium step followed by a slow step is best analyzed using:,Pre-equilibrium approximation,Rate-determining step assumption,Steady-state approximation,Collision theory,A,Pre-equilibrium applies when a fast equilibrium precedes the slow step. Option C fails because it assumes intermediate concentration is steady.,Reaction Mechanisms,Hard,Chemistry,Fundamental Concepts
Which of the following statements is true about the Arrhenius equation?,It relates rate constant to concentration,It quantifies the effect of temperature on rate constant,It calculates the number of effective collisions,It determines the order of reaction,B,Arrhenius equation links k to temperature via activation energy. Option A fails because it doesn't involve concentration.,Rate Constants,Medium,Chemistry,Fundamental Concepts
"A reaction has an activation energy of 50 kJ/mol. With a catalyst, the activation energy drops to 30 kJ/mol. What is the effect on the rate constant?",Increases by 20 kJ/mol,Decreases by 20 kJ/mol,Increases significantly,Decreases slightly,C,"Lower activation energy increases the rate constant exponentially. Option A fails because k is exponentially sensitive to Ea, not linearly.",Catalysts and Activation Energy,Medium,Chemistry,Fundamental Concepts
Which of the following is a possible transition state in the reaction CH3Br + OH− → CH3OH + Br−?,CH3–Br partially broken and O–H partially formed,CH3–Br fully broken and O–H fully formed,CH3–OH fully formed,Br− fully released,A,"Transition states have partial bond breaking/formation. Option B describes intermediates or products, not transition states.",Transition States,Medium,Chemistry,Fundamental Concepts
"In a reaction, a student observes that doubling the concentration of A doubles the rate, while doubling B has no effect. What is the overall reaction order?",Zero-order,First-order,Second-order,Third-order,B,"Rate depends only on A's concentration. Option C fails because B's order is zero, making the total first-order.",Reaction Orders,Easy,Chemistry,Fundamental Concepts
A reaction's rate-determining step involves a single molecule decomposing. What is the molecularity of this step?,Unimolecular,Bimolecular,Termolecular,Zeromolecular,A,Unimolecular reactions involve one molecule. Option D is invalid as molecularity cannot be zero.,Molecularity,Easy,Chemistry,Fundamental Concepts
A reaction proceeds through two steps: Step 1 (slow) and Step 2 (fast). Which step determines the overall reaction rate?,Step 1,Step 2,Both steps equally,Neither step affects the rate,A,The slowest step (Step 1) is the rate-determining step. Option B fails because fast steps do not limit the overall rate.,Rate-Determining Step,Easy,Chemistry,Fundamental Concepts
"In a two-step reaction mechanism, the first step forms an unstable intermediate. How is this intermediate characterized?",It is a transition state requiring activation energy.,It is a high-energy species with a short lifetime.,It is a stable species that can be isolated.,It is a catalyst that speeds up the reaction.,B,"Intermediates are high-energy, short-lived species (Option B). Option A describes a transition state, not an intermediate.",Reaction Intermediates,Medium,Chemistry,Fundamental Concepts
"A catalyzed reaction has an activation energy of 40 kJ/mol, while the uncatalyzed one is 80 kJ/mol. What is the energy difference attributable to the catalyst?",40 kJ/mol,80 kJ/mol,120 kJ/mol,0 kJ/mol,A,"The catalyst lowers activation energy by 40 kJ/mol (Option A). Option B reflects the original activation energy, not the difference.",Catalytic Effect,Hard,Chemistry,Fundamental Concepts
Which of the following best describes a transition state in a reaction?,A temporary high-energy species at the peak of the energy diagram.,A stable molecule formed during the reaction.,A species that accelerates the reaction rate.,The final product of the reaction.,A,"Transition states are high-energy, short-lived (Option A). Option B describes a stable intermediate, not a transition state.",Transition State Theory,Easy,Chemistry,Fundamental Concepts
"In an SN2 reaction, the nucleophile attacks the substrate from the opposite side of the leaving group. What is the result of this backside attack?",Retention of configuration,Racemic mixture formation,Inversion of configuration,Formation of a transition state with partial bonds,C,Backside attack causes inversion (Option C). Option A is incorrect as SN1 reactions retain configuration.,SN2 Mechanism,Medium,Chemistry,Fundamental Concepts
"A three-step mechanism has rate constants k1, k2, and k3. If k2 << k1, k3, which step is rate-determining?",Step 1,Step 2,Step 3,All steps contribute equally,B,The smallest rate constant (k2) corresponds to the slowest step (Option B). Options A and C confuse rate constants with reaction steps.,Rate Constants,Hard,Chemistry,Fundamental Concepts
Which term describes the minimum energy needed to initiate a chemical reaction?,Activation energy,Enthalpy change,Free energy,Kinetic energy,A,"Activation energy is the energy barrier (Option A). Option B relates to heat content, not initiation.",Activation Energy,Easy,Chemistry,Fundamental Concepts
An enzyme lowers the activation energy of a reaction by providing an alternative pathway. What remains unchanged by the enzyme?,Reaction rate,Enthalpy change (ΔH),Activation energy,Mechanism of the reaction,B,Enzymes alter the mechanism but not ΔH (Option B). Option C is incorrect because enzymes lower activation energy.,Enzymatic Catalysis,Medium,Chemistry,Fundamental Concepts
"In a reaction profile, the highest energy point corresponds to:",The reactant's energy level,The intermediate's energy level,The transition state,The product's energy level,C,"Transition states are the highest energy points (Option C). Option B refers to intermediates, not transition states.",Reaction Profiles,Hard,Chemistry,Fundamental Concepts
Which mechanism involves a single transition state without forming an intermediate?,SN1,SN2,E1,E2,B,SN2 is a single-step mechanism (Option B). Options A and C form intermediates via two steps.,Concerted Mechanisms,Easy,Chemistry,Fundamental Concepts
A reaction releases heat (-ΔH) but occurs slowly. What is the most likely reason for its slow rate?,High activation energy,Negative enthalpy change,Exothermic nature,Presence of catalysts,A,Slow rate indicates high activation energy (Option A). Option C is unrelated to the reaction's speed.,Thermodynamics vs Kinetics,Medium,Chemistry,Fundamental Concepts
"In a chain reaction, which step produces a reactive species to propagate further steps?",Initiation,Propagation,Termination,Recombination,B,Propagation steps propagate the chain (Option B). Option A initiates but does not propagate.,Chain Reactions,Hard,Chemistry,Fundamental Concepts
Which statement about free radicals is correct?,They are charged species.,They have paired electrons.,They are stabilized by electron delocalization.,They are always formed in polar reactions.,C,Radicals gain stability through delocalization (Option C). Option A is incorrect as radicals are neutral.,Free Radical Mechanisms,Easy,Chemistry,Fundamental Concepts
"In an electrophilic addition to an alkene, the first step involves:",Formation of a carbocation,Attack by a nucleophile,Formation of a transition state,Elimination of a leaving group,A,Electrophilic attack forms a carbocation (Option A). Option C occurs in SN1 but not electrophilic addition.,Electrophilic Addition,Medium,Chemistry,Fundamental Concepts
A reaction mechanism involving a carbocation intermediate is most likely:,SN2,E1,SN1,Both B and C,D,E1 and SN1 both form carbocations (Option D). Option A is a single-step mechanism without intermediates.,Carbocation Mechanisms,Hard,Chemistry,Fundamental Concepts
What happens to the rate of a reaction if the temperature increases by 10°C near room temperature?,Rate doubles,Rate halves,Rate remains unchanged,Rate becomes zero,A,Rate approximately doubles per 10°C rise (Option A). Option C ignores temperature's effect on kinetic energy.,Temperature Effects,Easy,Chemistry,Fundamental Concepts
"A reaction has a rate law rate = k[A]^2[B]. If [A] doubles, how does the rate change?",Rate doubles,Rate quadruples,Rate increases eightfold,Rate remains unchanged,B,Doubling [A] squares the rate (Option B). Option A overlooks the squared dependence on [A].,Rate Laws,Medium,Chemistry,Fundamental Concepts
Which factor is least likely to influence a reaction's mechanism?,Concentration of reactants,Temperature,Nature of solvent,Pressure of gaseous reactants,A,"Concentration affects rate, not mechanism (Option A). Solvent and temperature can alter pathways.",Mechanism Factors,Hard,Chemistry,Fundamental Concepts
What is the main difference between SN1 and SN2 mechanisms?,SN1 involves a carbocation intermediate,SN2 involves a transition state,SN1 is bimolecular,SN2 produces a racemic mixture,A,SN1 forms a carbocation (Option A). SN2 is bimolecular (Option C is incorrect).,SN1 vs SN2,Easy,Chemistry,Fundamental Concepts
A reaction's activation energy decreases when a catalyst is added. What else changes?,ΔG becomes negative,ΔH becomes negative,The number of activated complexes increases,The reaction becomes exothermic,C,"Lower activation energy increases activated complexes (Option C). Options A and B relate to thermodynamics, not catalysis.",Catalytic Pathways,Medium,Chemistry,Fundamental Concepts
A substitution reaction involves a primary alkyl halide. Which factor would most likely increase the rate of this reaction?,Using a polar aprotic solvent,Using a polar protic solvent,Increasing steric hindrance around the substrate,Choosing a poor leaving group,A,"Polar aprotic solvents enhance nucleophilicity. Polar protic solvents stabilize the transition state in SN1, but SN2 favors polar aprotic.",Effect of Solvent in SN2 Reactions,Medium,Chemistry,Fundamental Concepts
"In the hydrolysis of an ester, what role does the acid catalyst play during the mechanism?",It donates a proton to activate the carbonyl group,It removes a proton to form a stable intermediate,It stabilizes the transition state directly,It forms a covalent bond with the leaving group,A,Acid donates protons to polarize the carbonyl. Other options describe base-catalyzed or unrelated steps in different mechanisms.,Acid-Catalyzed Ester Hydrolysis,Medium,Chemistry,Fundamental Concepts
Which step in an E2 elimination mechanism is rate-determining?,Formation of the carbocation intermediate,Simultaneous removal of a proton and departure of the leaving group,Deprotonation of the base,Stabilization of the transition state,B,"E2 is a concerted, single-step mechanism. Carbocation formation is for E1, not E2.",E2 vs E1 Mechanism,Medium,Chemistry,Fundamental Concepts
A reaction's rate law is Rate = k[RX]. What mechanism is most likely operating here?,SN1,SN2,E1cb,E2,A,SN1 has unimolecular rate law. SN2 rate depends on both substrate and nucleophile concentrations.,Rate Laws and Mechanisms,Easy,Chemistry,Fundamental Concepts
"In the SN2 mechanism of methyl bromide with OH⁻, what happens to the stereochemistry?",It proceeds with retention,It proceeds with inversion,It forms a racemic mixture,Stereochemistry remains unchanged,B,"SN2 causes backside attack (inversion). SN1 would produce racemization, not SN2.",SN2 Stereochemistry,Medium,Chemistry,Fundamental Concepts
Why does tertiary alkyl halide prefer SN1 over SN2 mechanisms?,Better leaving group ability,Stable carbocation formation,Lower steric hindrance,Stronger nucleophile preference,B,"Tertiary carbocations are highly stable. SN1 depends on carbocation stability, not nucleophile strength.",Carbocation Stability in SN1,Medium,Chemistry,Fundamental Concepts
Which of the following is a characteristic feature of a transition state in a reaction?,It has lower energy than reactants and products,It is isolated and can be trapped,It has partial bond breaking/forming,It is a long-lived intermediate,C,Transition states have partial bonding. Intermediates (like carbocations) are distinct and isolable.,Transition States vs Intermediates,Easy,Chemistry,Fundamental Concepts
"In the free radical substitution of methane with Cl₂, what initiates the chain reaction?",Decomposition of Cl₂ into Cl radicals,Hydrogen abstraction by Cl radicals,Termination of two CH₃ radicals,Propagation of CH₂Cl• radicals,A,Initiation step forms radicals. Propagation and termination steps follow initiation.,Free Radical Mechanism,Medium,Chemistry,Fundamental Concepts
Which of the following factors most directly affects the rate of an SN2 reaction?,Carbocation stability,Leaving group ability,Solvent polarity,Steric crowding at the reaction center,D,Steric hindrance blocks backside attack. Leaving group ability affects both SN1 and SN2.,SN2 Steric Effects,Hard,Chemistry,Fundamental Concepts
"During the electrophilic addition to alkenes, what is the first step?",Formation of a carbocation,Attack of a nucleophile on the alkene,Polarization of the alkene by an electrophile,Deprotonation of the alkene,C,Electrophile polarizes the double bond. Carbocation forms after π-bond breaking.,Electrophilic Addition Mechanism,Medium,Chemistry,Fundamental Concepts
Which of the following is most likely to undergo an E2 reaction without forming a carbocation?,Primary alkyl halide,Secondary alkyl halide,Tertiary alkyl halide,Allylic tertiary halide,A,E2 avoids carbocation intermediates. Primary substrates favor E2 due to weak carbocation stability.,E2 Mechanism Preference,Hard,Chemistry,Fundamental Concepts
"In the hydration of alkenes using dilute H₂SO₄, what is the first step?",Formation of a protonated alkene,Attack of water on the alkene,Deprotonation to form an alcohol,Stabilization of a carbocation,A,Protonation forms a carbocation. Water attack occurs after carbocation formation.,Acid-Catalyzed Hydration Mechanism,Medium,Chemistry,Fundamental Concepts
What is the role of a catalyst in a chemical reaction?,It increases the activation energy,It provides an alternative reaction pathway,It shifts the equilibrium position,It changes the overall ΔG of the reaction,B,Catalysts lower activation energy via alternative paths. They do not affect equilibrium or ΔG.,Role of Catalysts,Easy,Chemistry,Fundamental Concepts
"In the nucleophilic addition to a carbonyl group, what is the first step?",Attack of the nucleophile on the electrophilic carbon,Deprotonation of the carbonyl oxygen,Protonation of the carbonyl oxygen,Formation of a stable intermediate,C,Protonation activates the carbonyl. Nucleophile attack follows this step.,Nucleophilic Addition Mechanism,Medium,Chemistry,Fundamental Concepts
Which of the following is a key difference between SN1 and SN2 mechanisms?,SN1 requires a polar aprotic solvent,SN2 involves a rate-determining step with two molecules,SN1 produces a racemic mixture,SN2 favors tertiary substrates,C,"SN1 forms carbocation, leading to racemic products. SN2 inverts stereochemistry.",SN1 vs SN2 Mechanisms,Medium,Chemistry,Fundamental Concepts
What determines the stability of a carbocation intermediate in SN1 reactions?,Nucleophilicity of the solvent,Hyperconjugation and inductive effects,Strength of the leaving group,Steric hindrance of the nucleophile,B,"Hyperconjugation and inductive effects stabilize carbocations. Leaving group affects rate, not stability.",Carbocation Stabilization,Medium,Chemistry,Fundamental Concepts
"In a reaction with two steps, which step is the rate-determining step?",The step with the lower activation energy,The step with the highest Gibbs free energy,The step with the lowest entropy change,The step with the most exothermic enthalpy,B,"Highest energy barrier is rate-determining. Activation energy, not ΔG, determines rate.",Rate-Determining Step,Hard,Chemistry,Fundamental Concepts
Which of the following is a characteristic of a resonance-stabilized intermediate?,Localized charge distribution,Delocalized π-electrons,High reactivity due to conjugation,Increased steric hindrance,B,"Resonance delocalizes electrons, stabilizing intermediates. Localized charge (A) is less stable.",Resonance in Reaction Mechanisms,Medium,Chemistry,Fundamental Concepts
"In the SN2 reaction of (R)-2-bromobutane with OH⁻, what is the product stereochemistry?",R configuration,S configuration,A racemic mixture,No change in configuration,B,SN2 causes inversion (Walden inversion). Racemization occurs in SN1.,Stereochemistry in SN2,Medium,Chemistry,Fundamental Concepts
Which of the following is NOT a valid mechanism for the addition of HBr to an alkene in the presence of peroxides?,Free radical mechanism,Electrophilic addition,Concerted addition,Anti-Markovnikov addition,B,Peroxides initiate free radical addition. Electrophilic addition follows Markovnikov.,Anti-Markovnikov Addition,Hard,Chemistry,Fundamental Concepts
A factory produces 34 g of ammonia via the Haber process. How many moles of hydrogen gas are required? (Molar mass of NH3 = 17 g/mol),1 mol,2 mol,3 mol,4 mol,C,34 g NH3 is 2 moles. The reaction requires 3 moles H2 for every 2 moles NH3. Option B fails because it assumes a 1:1 ratio.,Stoichiometry in Industrial Processes,Medium,Chemistry,Fundamental Concepts
"A gas cylinder holds 22.4 L of O2 at STP. If pressure is increased to 2 atm at 273 K, what is the new volume?",11.2 L,22.4 L,44.8 L,5.6 L,A,Boyle's law (P1V1 = P2V2) predicts halving the volume. Option C confuses Charles's law with pressure changes.,Gas Laws in Industrial Applications,Medium,Chemistry,Fundamental Concepts
"To prepare 2 L of 4 M H2SO4 for a car battery, how many grams of sulfuric acid are required? (Molar mass = 98 g/mol)",196 g,392 g,784 g,98 g,C,4 M × 2 L = 8 moles; 8 × 98 g/mol = 784 g. Option A assumes 1 M instead of 4 M.,Solutions in Industrial Contexts,Easy,Chemistry,Fundamental Concepts
"In the Haber process, increasing pressure favors ammonia synthesis. What is the primary reason?",Increases reaction rate,Shifts equilibrium toward products,Reduces activation energy,Lowers temperature,B,Le Chatelier’s principle favors high-pressure side. Option A is true but not the primary equilibrium effect.,Chemical Equilibrium in Industrial Reactions,Hard,Chemistry,Fundamental Concepts
"In the contact process, a catalyst lowers activation energy. Which industrial factor does it NOT affect?",Reaction rate,Equilibrium position,Activation energy,Temperature,B,Catalysts affect rate and activation energy but not equilibrium. Option A is a direct effect of the catalyst.,Catalysis in Industrial Chemistry,Hard,Chemistry,Fundamental Concepts
The Haber process is exothermic. What is the sign of ΔH for this reaction?,+120 kJ/mol,-92 kJ/mol,0 kJ/mol,Variable with pressure,B,Exothermic reactions release heat (ΔH negative). Option A incorrectly assumes endothermicity.,Thermochemistry in Industrial Processes,Medium,Chemistry,Fundamental Concepts
Electrolysis of Al2O3 requires 3 electrons per Al atom. How many faradays are needed to produce 1 mole of Al?,1 F,2 F,3 F,4 F,C,1 mole of Al requires 3 moles of electrons (3 F). Option A assumes 1 electron per Al atom.,Electrolysis in Metal Production,Hard,Chemistry,Fundamental Concepts
Galvanizing iron prevents rust by coating it with:,Zinc,Lead,Copper,Iron,A,"Zinc acts as a sacrificial anode. Option D refers to the same material, which does not prevent corrosion.",Redox Reactions in Industrial Preservation,Easy,Chemistry,Fundamental Concepts
"In the Haber process, 2 moles of N2 react with 5 moles of H2. Which is the limiting reagent?",N2,H2,Neither,NH3,B,5 moles H2 < 6 moles required for 2 moles N2. Option A would be limiting with 50% less H2.,Limiting Reagents in Industrial Synthesis,Medium,Chemistry,Fundamental Concepts
A factory uses a catalyst to convert sulfur dioxide to sulfur trioxide at 450°C. Which catalyst is most suitable for this process?,Iron (Fe),Vanadium pentoxide (V2O5),Nickel (Ni),Platinum (Pt),B,Vanadium pentoxide is the catalyst for Contact Process. Iron is used in Haber Process.,Catalysts in Industrial Reactions,Medium,Chemistry,Fundamental Concepts
A laboratory technician needs to produce 22.4 dm³ of oxygen gas at STP. How many moles of potassium chlorate (KClO3) must decompose? (Molar ratio 2KClO3 → 3O2),0.5 mol,1.0 mol,1.5 mol,2.0 mol,A,2 moles KClO3 produce 3 moles O2. 0.5 mol KClO3 gives 0.75 mol O2 (16.8 dm³).,Stoichiometry in Gas Reactions,Hard,Chemistry,Fundamental Concepts
A steel plant uses calcium oxide to remove sulfur dioxide from flue gas. What type of reaction occurs during this process?,Neutralization,Precipitation,Redox reaction,Decomposition,A,CaO reacts with SO2 to form calcium sulfite. Neutralization involves acid-base interaction.,Industrial Gas Treatment,Medium,Chemistry,Fundamental Concepts
"In the Haber process, why is the reaction temperature maintained at 450°C despite lower temperatures favoring higher yield?",Increases reaction rate,Reduces catalyst cost,Lowers energy consumption,Minimizes side reactions,A,"Higher temperature increases rate, balancing yield and production time.",Reaction Conditions in Industry,Hard,Chemistry,Fundamental Concepts
A winery uses sulfur dioxide to prevent oxidation. What is the primary function of SO2 in this context?,Antioxidant,Catalyst,Emulsifier,Preservative,D,SO2 acts as antimicrobial and antioxidant preservative in winemaking.,Chemicals in Food Industry,Medium,Chemistry,Fundamental Concepts
"A laboratory experiment shows 100g of CaCO3 reacting with excess HCl produces 39g CO2. What is the percentage purity of the limestone sample? (Molar mass CaCO3=100g/mol, CO2=44g/mol)",60%,75%,90%,100%,C,100g pure CaCO3 produces 44g CO2. 39g implies 88.6% theoretical yield ≈ 90% purity.,Purity Calculations,Hard,Chemistry,Fundamental Concepts
"A factory produces urea by reacting ammonia with carbon dioxide. If 22.4 dm³ of NH3 at STP reacts completely, how many moles of CO2 are required? (2NH3 + CO2 → (NH2)2CO + H2O)",0.5 mol,1.0 mol,2.0 mol,3.0 mol,A,2 moles NH3 react with 1 mole CO2. 1 mole NH3 (22.4 dm³) requires 0.5 mole CO2.,Industrial Urea Production,Medium,Chemistry,Fundamental Concepts
A paint factory mixes titanium dioxide (TiO2) for opacity. What type of chemical bond is primarily present in TiO2?,Covalent,Metallic,Ionic,Hydrogen,C,TiO2 has ionic bonding between Ti⁴+ and O²⁻ ions. Covalent is in network solids like diamond.,Bonding in Industrial Materials,Easy,Chemistry,Fundamental Concepts
An environmental engineer treats acidic mine drainage using sodium hydroxide. What is the primary reaction product when NaOH reacts with FeSO4?,Fe(OH)3,Fe(OH)2,Na2SO4,Both B and C,D,FeSO4 + 2NaOH → Fe(OH)2↓ + Na2SO4. Iron(II) hydroxide precipitates.,Neutralization Reactions,Medium,Chemistry,Fundamental Concepts
A pharmaceutical company synthesizes aspirin by reacting salicylic acid with acetic anhydride. What functional group is formed in the product?,Aldehyde,Ester,Ketone,Alcohol,B,Esterification forms acetyl-salicylic acid. Ketones and aldehydes involve carbonyl groups.,Organic Synthesis,Medium,Chemistry,Fundamental Concepts
A metallurgical plant uses carbon monoxide to extract iron from hematite (Fe2O3). What is the oxidation state of iron in the product?,+2,+3,0,+6,C,CO reduces Fe³+ to metallic Fe (oxidation state 0) in the blast furnace.,Redox in Metallurgy,Hard,Chemistry,Fundamental Concepts
A textile factory uses sodium thiosulfate to remove residual chlorine from dye baths. What role does S2O3²⁻ play in this reaction?,Acid,Base,Oxidizing agent,Reducing agent,D,S2O3²⁻ donates electrons to neutralize chlorine. Bases would accept protons.,Redox in Industry,Medium,Chemistry,Fundamental Concepts
A laboratory determines the hardness of water using EDTA titration. What type of reaction occurs between Ca²+ and EDTA?,Precipitation,Redox,Complexometric,Neutralization,C,EDTA forms a chelate complex with Ca²+. Precipitation would form insoluble salts instead.,Water Analysis,Medium,Chemistry,Fundamental Concepts
"A fertilizer plant produces ammonium nitrate by neutralizing nitric acid with ammonia. If 10 mol NH3 reacts completely, what mass of NH4NO3 is formed? (Molar mass NH4NO3=80g/mol)",400g,600g,800g,1000g,A,1 mole NH3 forms 1 mole NH4NO3. 10 mol × 80g/mol = 800g. Option A: 400g is half this.,Stoichiometry in Fertilizer,Easy,Chemistry,Fundamental Concepts
A chemical plant stores chlorine gas in cylinders at high pressure. What intermolecular force is primarily present in liquid chlorine?,Dipole-dipole,Hydrogen bonds,London dispersion,Ionic bonds,C,Cl2 is nonpolar; only London forces exist. Dipole-dipole is for polar molecules like HCl.,States of Matter,Easy,Chemistry,Fundamental Concepts
A food company uses sodium benzoate as a preservative. What is the pH requirement for its effective antimicrobial action?,Acidic (pH<4.5),Neutral (pH=7),Basic (pH>9),All pH values,A,Benzoic acid (from sodium benzoate) is effective below pH 4.5 where it remains undissociated.,Preservatives in Food,Medium,Chemistry,Fundamental Concepts
A glass manufacturer adds borax to soda-lime-silica mixtures. What property does this modification primarily enhance?,Thermal resistance,Electrical conductivity,Optical clarity,Tensile strength,A,Borax in borosilicate glass reduces thermal expansion. Soda-lime glass is optically clear.,Industrial Glass Production,Medium,Chemistry,Fundamental Concepts
A cement factory uses limestone and clay as raw materials. What is the primary role of clay in cement production?,Source of SiO2,Source of CaO,Catalyst,Fuel,A,Clay provides silica (SiO2) for silicate compounds. Limestone is the CaO source.,Cement Chemistry,Easy,Chemistry,Fundamental Concepts
A polymer plant synthesizes polyvinyl chloride (PVC) from vinyl chloride monomers. What type of polymerization mechanism is involved?,Addition,Condensation,Copolymerization,Cross-linking,A,Vinyl monomers polymerize via addition (no byproducts). Condensation releases small molecules.,Polymer Chemistry,Medium,Chemistry,Fundamental Concepts
A water treatment plant uses activated carbon to remove organic impurities. What type of process is this primarily based on?,Adsorption,Absorption,Precipitation,Distillation,A,Activated carbon has high surface area for adsorbing organic compounds. Absorption involves dissolution.,Water Purification,Easy,Chemistry,Fundamental Concepts
A fertilizer plant requires 224 kg of nitrogen gas daily. How many moles of N₂ are processed if no losses occur? (Molar mass of N₂ = 28 g/mol),8000,80000,800,80,A,"Moles = mass/molar mass = 224,000 g / 28 g/mol = 8000 mol. Option B overestimates by a factor of 10.",Molar Mass Calculations,Medium,Chemistry,Fundamental Concepts
A lab technician dilutes 50 mL of 2.0 M H₂SO₄ to 250 mL. What is the concentration of the diluted solution?,0.4 M,0.5 M,0.2 M,0.8 M,A,C₁V₁ = C₂V₂ ⇒ 2.0×50 = C₂×250 ⇒ C₂=0.4 M. Option D assumes volume ratio inverted.,Solution Dilution,Medium,Chemistry,Fundamental Concepts
"In a factory, 5 moles of CO react with Fe₂O₃ to produce Fe. How many moles of Fe form? (Balanced equation: Fe₂O₃ + 3CO → 2Fe + 3CO₂)",3,4,5,2,A,3 moles CO produce 2 moles Fe. 5 moles CO × (2/3) = 3.33 → Option A is closest. Option D ignores stoichiometry.,Stoichiometry,Hard,Chemistry,Fundamental Concepts
A 44.8 L gas cylinder contains 88 g of CO₂ at STP. What is the molar mass of the gas? (1 mole = 22.4 L),44 g/mol,22 g/mol,88 g/mol,11 g/mol,A,Molar mass = mass/volume × 22.4 L/mol = 88/44.8 ×22.4 =44 g/mol. Option B divides instead of multiplies.,Gas Laws,Medium,Chemistry,Fundamental Concepts
An industrial cleaner uses 32 g of O₂. How many molecules are present? (Avogadro’s constant = 6.02×10²³),6.02×10²³,3.01×10²³,1.20×10²³,1.20×10²⁴,D,Moles =32/32=1; molecules=1×6.02×10²³×2 (O₂ diatomic). Option A ignores diatomic nature.,Molecular Calculations,Hard,Chemistry,Fundamental Concepts
A 0.5 M NaCl solution is prepared in a 250 mL flask. How many grams of NaCl are dissolved? (NaCl = 58.5 g/mol),7.31 g,58.5 g,29.25 g,14.63 g,A,Mass = 0.5 × 0.25 ×58.5 =7.31 g. Option D uses 0.5 L instead of 0.25 L.,Solution Preparation,Medium,Chemistry,Fundamental Concepts
"A coal plant burns 12 kg of carbon. How many kg of CO₂ form? (C + O₂ → CO₂; C=12, CO₂=44)",44 kg,12 kg,22 kg,36 kg,A,12 kg C → (44/12)=3.67 kg CO₂/kg C. Option C uses partial conversion.,Combustion Stoichiometry,Medium,Chemistry,Fundamental Concepts
A 200 g mixture contains 60% NaCl. What mass of NaCl is present?,80 g,120 g,60 g,40 g,B,Mass = 200 × 0.6 =120 g. Option A calculates 40% instead of 60%.,Percentage Composition,Easy,Chemistry,Fundamental Concepts
A 5 L oxygen tank at 2 atm is compressed to 1 atm. What is the new volume? (Temperature constant),10 L,2.5 L,5 L,20 L,A,Boyle’s law: P₁V₁ = P₂V₂ ⇒ 2×5 =1×V ⇒ V=10 L. Option B assumes inverse ratio.,Gas Pressure,Medium,Chemistry,Fundamental Concepts
A 0.1 M HCl solution requires 25 mL to neutralize 50 mL of NaOH. What is the NaOH concentration?,0.05 M,0.1 M,0.2 M,0.5 M,A,C₁V₁ = C₂V₂ ⇒0.1×25 = C₂×50 ⇒ C₂=0.05 M. Option B ignores volume ratio.,Neutralization Reactions,Medium,Chemistry,Fundamental Concepts
An industrial reaction forms 18 g of water. How many moles of H₂ and O₂ reacted? (2H₂ + O₂ → 2H₂O),"1 mole H₂, 0.5 mole O₂","2 moles H₂, 1 mole O₂","0.5 mole H₂, 0.25 mole O₂","0.25 mole H₂, 0.5 mole O₂",A,18 g H₂O =1 mole. 2H₂ + O₂ → 2H₂O ⇒ 1 mole H₂ and 0.5 mole O₂. Option C uses half the required amount.,Limiting Reagents,Hard,Chemistry,Fundamental Concepts
A 100 g sample of a hydrocarbon contains 84 g C and 16 g H. What is the empirical formula?,CH₃,C₂H₆,CH₂,C₂H₄,B,"Moles C=84/12=7, H=16/1=16 → ratio C:H=7:16 → C₂H₆ (2×7=14 C, 6×16=96 H). Option A misinterprets ratio.",Empirical Formulas,Hard,Chemistry,Fundamental Concepts
A 1.5 L aqueous solution contains 27 g of AlCl₃. What is the molarity? (AlCl₃ = 133.5 g/mol),0.135 M,0.27 M,0.18 M,0.12 M,A,Moles =27/133.5≈0.202; Molarity=0.202/1.5≈0.135 M. Option B ignores solution volume.,Molarity Calculations,Medium,Chemistry,Fundamental Concepts
A 250 mL solution of 0.1 M MgCl₂ contains how many equivalents of Cl⁻? (Valence of Cl⁻ = 1),0.05,0.2,0.1,0.4,B,"MgCl₂ → 2Cl⁻. Equivalents = 0.1 M × 0.25 L × 2 =0.05 → wait, no! 0.1 M × 250 mL × 2 ions × 1 eq =0.2 eq. Option A uses 1 ion.",Equivalent Weight,Hard,Chemistry,Fundamental Concepts
A 3.2 g sample of SO₂ (64 g/mol) contains how many sulfur atoms?,3.01×10²²,6.02×10²²,3.01×10²³,6.02×10²³,B,Moles =3.2/64=0.05; atoms=0.05×6.02×10²³=3.01×10²²×2 (SO₂ has one S). Option D ignores molecular composition.,Atomic Counting,Medium,Chemistry,Fundamental Concepts
A 10 L gas cylinder at 3 atm is heated from 300 K to 600 K. What is the new pressure? (Volume constant),6 atm,1.5 atm,3 atm,12 atm,A,Gay-Lussac’s law: P₁/T₁ = P₂/T₂ ⇒ 3/300 = P₂/600 ⇒ P₂=6 atm. Option B inverts temperature ratio.,Charles's Law,Medium,Chemistry,Fundamental Concepts
"A chemical plant produces ammonia using the Haber process. To maximize yield, which factor is most critical for shifting the equilibrium?",High temperature,High pressure,Catalyst type,Excess nitrogen,B,"High pressure favors ammonia formation via Le Chatelier's principle. High temperature, while increasing rate, decreases yield.",Chemical Equilibrium in Industry,Medium,Chemistry,Fundamental Concepts
"A lab technician prepares a 0.1 M NaOH solution. If 40 g of NaOH is dissolved in 1 L of water, the solution's concentration will be",0.1 M,1.0 M,40 M,10 M,B,Molarity = moles/volume liters. 40 g NaOH = 1 mole. 1 mole/L = 1.0 M. Option A assumes incorrect mass.,Molarity Calculations,Easy,Chemistry,Fundamental Concepts
An industrial reactor uses 22.4 L of O₂ at STP. What mass of O₂ is this?,32 g,16 g,11.2 g,64 g,A,"At STP, 22.4 L = 1 mole O₂ = 32 g. Option B is molar mass of O atom, not O₂.",Molar Volume,Easy,Chemistry,Fundamental Concepts
A fertilizer factory oxidizes ammonia to nitric acid. Which gas is released during this process?,NO₂,NH₃,N₂O,N₂,A,"Ammonia oxidation produces NO₂ via catalytic oxidation. NH₃ is reactant, not product.",Industrial Oxidation Reactions,Medium,Chemistry,Fundamental Concepts
A wastewater treatment plant neutralizes acidic effluent. Which base is most suitable for this process?,NaOH,Ca(OH)₂,NH₃,Mg(OH)₂,B,Slaked lime (Ca(OH)₂) is cost-effective and provides calcium ions for coagulation. NaOH is too expensive.,Acid-Base Neutralization,Medium,Chemistry,Fundamental Concepts
A steel plant reduces iron oxide using carbon monoxide. What type of reaction occurs?,Decomposition,Displacement,Redox,Combustion,C,"CO is oxidized, Fe³+ is reduced. CO₂ forms, confirming redox. Displacement is incorrect as no single displacement occurs.",Redox Reactions in Industry,Medium,Chemistry,Fundamental Concepts
A glass factory requires pure silica. Which impurity is most problematic in sand used for production?,CaCO₃,Fe₂O₃,Al₂O₃,Na₂O,B,Iron oxide imparts green color to glass. Al₂O₃ is sometimes added intentionally for durability.,Impurities in Raw Materials,Hard,Chemistry,Fundamental Concepts
An oil refinery uses catalytic cracking. What is the primary goal of this process?,Increase octane number,Break long hydrocarbons,Remove sulfur,Produce soot,B,"Cracking breaks heavy hydrocarbons into lighter fractions. A refers to reforming, not cracking.",Petroleum Refining,Medium,Chemistry,Fundamental Concepts
A pharmaceutical lab needs 5 moles of ethanol for synthesis. How many grams should be measured?,46 g,92 g,230 g,460 g,C,Molar mass of C₂H₅OH = 46 g/mol. 5 × 46 = 230 g. Option B is 2 moles.,Molar Mass Calculations,Easy,Chemistry,Fundamental Concepts
"A paint manufacturer blends solvents. To lower freezing point of a solution, which property is exploited?",Elevation in boiling point,Depression in freezing point,Osmotic pressure,Vapor pressure,B,"Depression in freezing point is colligative property used in antifreeze. A affects boiling, not freezing.",Colligative Properties,Hard,Chemistry,Fundamental Concepts
A battery factory produces lead-acid cells. Which reaction occurs at the anode during discharge?,Pb → Pb²+ + 2e⁻,PbO₂ → Pb²+,H₂SO₄ → H₂ + SO₄²⁻,PbSO₄ → Pb + SO₄²⁻,A,"Anode undergoes oxidation (Pb → Pb²+). Option D is recharge reaction, not discharge.",Electrochemical Cells,Hard,Chemistry,Fundamental Concepts
"A food preservative uses acetic acid. If pH 3.0 is achieved, what is [H⁺] concentration?",0.001 M,0.01 M,0.1 M,1.0 M,A,pH = -log[H⁺]. pH 3 = 10⁻³ M. Option B corresponds to pH 2.0.,pH Calculations,Easy,Chemistry,Fundamental Concepts
A metallurgical process recovers copper from low-grade ores. Which method is used?,Hydrometallurgy,Electrolysis,Pneumatics,Pyrometallurgy,A,Hydrometallurgy uses leaching for low-grade ores. Pyrometallurgy involves high-temperature smelting.,Metal Extraction Methods,Medium,Chemistry,Fundamental Concepts
"A lab synthesizes aspirin from salicylic acid. If 90 g reactant yields 80 g product, what is the percentage yield?",80%,89%,90%,100%,B,Percentage yield = (actual/theoretical) × 100. 80/90 × 100 = 88.88% ≈ 89%. Option A is actual mass.,Percentage Yield,Medium,Chemistry,Fundamental Concepts
A soda factory carbonates drinks. What effect does increasing pressure have on CO₂ solubility?,Increases solubility,Decreases solubility,No effect,Forms CO₂ gas,A,Henry's law states pressure increases solubility. Option B is reverse of actual effect.,Gas Solubility,Easy,Chemistry,Fundamental Concepts
A polymerization plant produces polyethylene. What initiates chain growth in this reaction?,Catalyst,Light,Free radicals,Heat,C,Free radicals start chain reaction in addition polymerization. Catalysts may be used but not in initiation.,Polymerization Mechanisms,Medium,Chemistry,Fundamental Concepts
A cement kiln uses limestone. What is the primary decomposition product of CaCO₃ at high temperature?,CaO,Ca(OH)₂,CaSO₄,CaCO₃,A,"Thermal decomposition of limestone produces CaO and CO₂. B is hydrated form, not decomposition product.",Decomposition Reactions,Easy,Chemistry,Fundamental Concepts
A fuel cell generates electricity via hydrogen oxidation. Which reaction occurs at the cathode?,H₂ → 2H⁺ + 2e⁻,O₂ + 4H⁺ + 4e⁻ → 2H₂O,H₂O → O₂ + 2H⁺ + 2e⁻,O₂ → 2O²⁻,B,Oxygen reduction is cathode reaction in fuel cells. A is anode reaction (hydrogen oxidation).,Fuel Cell Chemistry,Hard,Chemistry,Fundamental Concepts
A textile dye requires 2 moles of NaCl for 1 mole of dye compound. What type of stoichiometry is this?,Limiting reagent,Precipitation,Complexometric,Gravimetric,C,Complexometric stoichiometry involves fixed molar ratios in coordination complexes. A is about reactant limits.,Stoichiometric Relationships,Medium,Chemistry,Fundamental Concepts
A chemical spill releases sulfuric acid. Which material is safest for neutralizing the spill?,NaCl,CaCO₃,MgO,Al₂O₃,B,Calcium carbonate is slow-acting and non-reactive with metals. MgO is less preferred for large spills.,Emergency Chemical Handling,Medium,Chemistry,Fundamental Concepts
A distillery separates ethanol from water. What property difference allows this separation?,Density,Boiling point,Viscosity,pH,B,Fractional distillation exploits boiling point differences. Ethanol (78°C) and water (100°C) have distinct bp.,Distillation Principles,Easy,Chemistry,Fundamental Concepts
A chemical plant produces 2 moles of ammonia (NH₃) per hour. What volume of nitrogen gas (at STP) is required hourly for this process?,11.2 L,22.4 L,33.6 L,44.8 L,B,Balanced equation: N₂ + 3H₂ → 2NH₃. 1 mole N₂ needed. STP = 22.4 L/mol.,Gas Volume Calculations in Industry,Medium,Chemistry,Fundamental Concepts
A 500 mL electrolyte solution contains 9 g of NaCl. What is the solution's molarity? (NaCl molar mass = 58.5 g/mol),0.15 M,0.3 M,0.6 M,0.9 M,B,Molarity = (9/58.5)/0.5 = 0.3 M. Distractor A ignores the 500 mL.,Molarity in Industrial Solutions,Medium,Chemistry,Fundamental Concepts
"In a fertilizer factory, 340 kg of NH₃ is produced from 280 kg of N₂. What is the percentage yield? (Molar masses: N₂=28 g/mol, NH₃=17 g/mol)",50%,75%,80%,100%,C,Theoretical yield: 280 kg N₂ → 340 kg NH₃ (2:3 ratio). Actual = 340 kg.,Percentage Yield in Fertilizer Production,Hard,Chemistry,Fundamental Concepts
A soda factory dissolves CO₂ in water under pressure. Which law explains this solubility change?,Boyle’s Law,Henry’s Law,Dalton’s Law,Raoult’s Law,B,Henry’s Law relates gas solubility to partial pressure. Boyle’s deals with volume-pressure.,Gas Laws in Food Industry,Easy,Chemistry,Fundamental Concepts
A polymerization reaction requires 1 mole of ethylene (C₂H₄) to produce polyethylene. What mass of ethylene is needed for 14 kg of polyethylene?,28 g,56 g,14 kg,28 kg,C,"Molar mass of C₂H₄ is 28 g/mol. 14 kg = 500 moles × 28 g/mol = 14,000 g.",Polymer Stoichiometry,Medium,Chemistry,Fundamental Concepts
An electroplating bath uses 2.5 L of 0.4 M CuSO₄. How many grams of Cu²⁺ are available? (Cu atomic mass = 63.5),63.5 g,79.4 g,95.3 g,127 g,A,0.4 M × 2.5 L = 1 mol Cu²⁺ → 63.5 g. Distractor B adds extra decimals.,Electroplating Solutions,Medium,Chemistry,Fundamental Concepts
A factory mixes 1 mole of H₂SO₄ with 1 mole of NaOH. The limiting reagent is:,H₂SO₄,NaOH,Both,No limit,B,1 H₂SO₄ reacts with 2 NaOH. NaOH is insufficient for full reaction.,Limiting Reagent in Acid-Base Reactions,Hard,Chemistry,Fundamental Concepts
Which term defines the mass of 1 mole of oxygen molecules (O₂)?,16 g,32 g,48 g,64 g,B,Molar mass of O₂ = 16×2 = 32 g/mol. Distractor A uses atomic O.,Molar Mass Calculations,Easy,Chemistry,Fundamental Concepts
"A steel plant uses 224 kg of iron oxide (Fe₂O₃) for smelting. How many kg of iron are theoretically produced? (Fe = 56, O = 16)",112 kg,160 kg,168 kg,200 kg,C,Fe₂O₃ → 2Fe. Molar mass Fe₂O₃ = 160 g/mol. 224 kg = 1400 mol → 2800 mol Fe = 168 kg.,Industrial Metal Extraction,Hard,Chemistry,Fundamental Concepts
A 10 L aquarium at 25°C contains 3.4 g of NH₃ gas. What is the gas pressure? (R = 0.0821 L·atm/mol·K),0.1 atm,0.2 atm,0.3 atm,0.4 atm,B,n = 3.4/17 = 0.2 mol. PV = nRT → P = (0.2×0.0821×298)/10 ≈ 0.49 atm.,Ideal Gas Law in Aquaculture,Hard,Chemistry,Fundamental Concepts
"To produce 11.2 L of CO₂ (at STP) by burning methane (CH₄), what mass of CH₄ is required? (Molar mass CH₄ = 16 g/mol)",4 g,8 g,16 g,32 g,A,1 mole CH₄ → 1 mole CO₂ = 22.4 L. 11.2 L → 0.5 moles CH₄ = 8 g.,Combustion Stoichiometry,Medium,Chemistry,Fundamental Concepts
A textile dye requires 0.5 moles of NaOH per liter. How many grams of NaOH are in 250 mL? (NaOH = 40 g/mol),5 g,10 g,15 g,20 g,A,0.5 M × 0.25 L = 0.125 mol × 40 g/mol = 5 g. Distractor B uses 1 L.,Concentration in Dyeing Processes,Medium,Chemistry,Fundamental Concepts
Which law explains the expansion of air in a hot-air balloon during heating?,Boyle’s Law,Charles’s Law,Gay-Lussac’s Law,Avogadro’s Law,B,Charles’s Law states volume ∝ temperature at constant pressure.,Gas Laws in Balloons,Easy,Chemistry,Fundamental Concepts
A lab dilutes 10 mL of 18 M H₂SO₄ to 500 mL. What is the final concentration?,0.36 M,0.72 M,1.8 M,3.6 M,A,C₁V₁ = C₂V₂ → 18×10 = C₂×500 → C₂ = 0.36 M. Distractor B divides wrong.,Dilution in Chemical Labs,Medium,Chemistry,Fundamental Concepts
Which process uses calcium oxide (CaO) to neutralize acidic soil?,Lime treatment,Flotation,Cement production,Glass manufacturing,A,Calcium oxide is lime. Flotation is for ore separation; cement uses limestone.,Soil Chemistry in Agriculture,Easy,Chemistry,Fundamental Concepts
A 200 mL solution has 3.65 g of HCl. What is its molarity? (HCl molar mass = 36.5 g/mol),0.1 M,0.5 M,1 M,2 M,B,Moles = 3.65/36.5 = 0.1 mol. Molarity = 0.1/0.2 = 0.5 M.,Acid Concentration in Labs,Medium,Chemistry,Fundamental Concepts
"In a car battery, 2 moles of Pb react with 1 mole of PbO₂. What type of reaction is this?",Decomposition,Single displacement,Redox,Neutralization,C,Lead oxidation states change; redox involves electron transfer.,Battery Chemistry,Hard,Chemistry,Fundamental Concepts
A 500 L tank holds 200 moles of gas at 300 K. What is the pressure? (R = 0.0821 L·atm/mol·K),9.85 atm,15 atm,20 atm,30 atm,A,PV = nRT → P = (200×0.0821×300)/500 ≈ 9.85 atm.,Industrial Gas Storage,Hard,Chemistry,Fundamental Concepts
A pharmaceutical capsule contains 500 mg of CaCO₃. How many moles is this? (CaCO₃ molar mass = 100 g/mol),0.005 mol,0.05 mol,0.5 mol,5 mol,A,500 mg = 0.5 g. 0.5/100 = 0.005 mol. Distractor B uses 100 mg.,Drug Dosage Calculations,Medium,Chemistry,Fundamental Concepts
A lab technician needs to prepare 250 mL of 0.5 M H2SO4 using a 3 M stock solution. What volume of the stock solution is required?,41.67 mL,50 mL,30 mL,25 mL,A,Using M1V1 = M2V2: (3 M)(V1) = (0.5 M)(250 mL) → V1 = 41.67 mL. Option B assumes no dilution calculation.,Dilution Calculations,Easy,Chemistry,Fundamental Concepts
A hydrocarbon contains 40% carbon and 6.67% hydrogen. What is its empirical formula?,CH2O,CH3O,CHO,C2H4O,A,"Molar ratios: C = 40/12 = 3.33, H = 6.67/1 = 6.67 → 1:2:1. Option B miscounts H:C ratio.",Empirical Formula Calculation,Medium,Chemistry,Fundamental Concepts
Which concentration unit is directly affected by temperature changes?,Molarity,Molality,Mole fraction,Mass percent,A,"Molarity depends on volume, which varies with temperature. Molality (mass-based) is temperature-independent.",Concentration Units,Easy,Chemistry,Fundamental Concepts
"If 2 volumes of hydrogen gas react with 1 volume of oxygen gas to form water vapor, the volume ratio is 2:1. What law explains this?",Avogadro’s Law,Dalton’s Law,Henry’s Law,Graham’s Law,A,Avogadro’s Law states equal volumes of gases at same conditions have equal moles. Option D relates to diffusion rates.,Gas Laws,Medium,Chemistry,Fundamental Concepts
A gas at 2 atm and 300 K is compressed to 0.5 atm while volume remains constant. What is the new temperature?,75 K,150 K,600 K,1.25 K,A,Gay-Lussac’s Law: P1/T1 = P2/T2 → (2/300) = (0.5/T2) → T2 = 75 K. Option B incorrectly halves temperatures.,Pressure-Temperature Relationship,Medium,Chemistry,Fundamental Concepts
"In a mixture of 2 moles of N2 and 3 moles of O2 at 5 atm total pressure, what is the partial pressure of O2?",3 atm,2 atm,4 atm,1 atm,A,Partial pressure = (moles O2 / total moles) × total pressure = 3/5 ×5 =3 atm. Option B assumes N2 partial pressure.,Dalton’s Law of Partial Pressures,Medium,Chemistry,Fundamental Concepts
Calculate the molar mass of a gas if its density is 1.43 g/L at 760 mmHg and 273 K.,32 g/mol,28 g/mol,44 g/mol,16 g/mol,A,Using PM = dRT → M = dRT/P = (1.43)(0.0821)(273)/1 =32 g/mol (O2). Option B is N2.,Molar Mass from Gas Density,Hard,Chemistry,Fundamental Concepts
"In the reaction 2H2 + O2 → 2H2O, if 2 moles of H2 react with 2 moles of O2, what is the limiting reagent?",H2,O2,H2O,None,B,O2 is limiting (1:2 ratio required). Option A assumes H2 is in excess.,Limiting Reagent,Medium,Chemistry,Fundamental Concepts
A reaction has a theoretical yield of 100 g but produces 80 g. What is the percent yield?,80%,20%,125%,50%,A,Percent yield = (actual / theoretical) ×100 =80/100 ×100 =80%. Option C is reversed calculation.,Percentage Yield,Easy,Chemistry,Fundamental Concepts
How many moles are in 22 g of CO2 (molar mass 44 g/mol)?,0.5 mol,1 mol,2 mol,0.25 mol,A,Moles = 22/44 =0.5 mol. Option B assumes 44 g =1 mol but uses 22 g.,Mole Concept,Easy,Chemistry,Fundamental Concepts
A measurement of 0.0023 kg has how many significant figures?,2,4,3,1,A,Leading zeros are not significant. Only 2 and 3 are significant. Option C counts trailing zeros in decimal.,Significant Figures,Easy,Chemistry,Fundamental Concepts
How many oxygen atoms are in 18 g of glucose (C6H12O6)?,6.022×10²³,3.011×10²³,1.204×10²³,1.806×10²³,A,18 g glucose =0.1 mol. Each mol has 6×6.022×10²³ O atoms. Option B assumes half the moles.,Avogadro’s Number,Hard,Chemistry,Fundamental Concepts
Which gas deviates most from ideal behavior: NH3 or He?,NH3,He,Both equally,None,A,"NH3 has strong intermolecular forces and smaller size. He is nonpolar and larger, so less deviation.",Real Gas Behavior,Hard,Chemistry,Fundamental Concepts
Burning 2 moles of C2H6 releases 3120 kJ. How much heat is released per mole of C2H6?,1560 kJ,6240 kJ,780 kJ,1040 kJ,A,Total heat divided by moles:3120/2=1560 kJ/mol. Option D assumes incomplete combustion.,Thermochemistry,Medium,Chemistry,Fundamental Concepts
A 16-year-old athlete feels muscle fatigue during a sprint. Which bond in ATP is broken to release energy for muscle contraction?,Phosphodiester,Peptide,Phosphoanhydride,Glycosidic,C,"Phosphoanhydride bonds in ATP store high-energy bonds. Phosphodiester bonds are in DNA/RNA, peptide in proteins, glycosidic in carbohydrates.",Chemical Bonding in Biological Systems,Medium,Chemistry,Fundamental Concepts
Which subatomic particle determines the identity of an element in the periodic table?,Neutron,Electron,Proton,Positron,C,"Proton number defines atomic identity. Neutrons vary in isotopes, electrons change in ions, and positrons are antimatter.",Atomic Structure,Easy,Chemistry,Fundamental Concepts
A chemist dilutes 50 mL of 6 M HCl to 150 mL. What is the new molarity?,1 M,2 M,3 M,4 M,B,M1V1 = M2V2 → (6)(50) = M2(150) → M2 = 2 M. Distractor 3 M ignores dilution ratio.,Solution Concentration,Medium,Chemistry,Fundamental Concepts
Which gas has the highest molecular speed at 25°C?,Oxygen,Nitrogen,Hydrogen,Carbon Dioxide,C,Lighter gases have higher speeds. Hydrogen’s molar mass (2 g/mol) is far less than oxygen (32 g/mol).,Kinetic Molecular Theory,Medium,Chemistry,Fundamental Concepts
"During photosynthesis, CO₂ is converted to glucose. What is the oxidation state of carbon in CO₂?",+2,+4,-4,0,B,"Oxygen is -2 each, so carbon is +4. Distractor +2 ignores oxygen’s electronegativity.",Oxidation States,Medium,Chemistry,Fundamental Concepts
Which property of a gas is directly proportional to its Kelvin temperature?,Mass,Pressure,Volume,Average kinetic energy,D,Kinetic molecular theory states kinetic energy ∝ T. Pressure/Volume depend on container constraints.,Gas Laws,Hard,Chemistry,Fundamental Concepts
A 2 M NaCl solution exerts an osmotic pressure π. What is the osmotic pressure of a 1 M Al₂(SO₄)₃ solution?,π,1.5π,2.5π,3π,C,Al₂(SO₄)₃ dissociates into 5 ions vs. NaCl’s 2. 1×5 = 5 vs. 2×2 = 4 → 5/4π ≈ 2.5π,Colligative Properties,Hard,Chemistry,Fundamental Concepts
Which element has the highest first ionization energy in Group 15?,Nitrogen,Phosphorus,Arsenic,Bismuth,A,Nitrogen’s half-filled p-orbital stability gives higher ionization energy than heavier Group 15 elements.,Periodic Trends,Medium,Chemistry,Fundamental Concepts
How many moles of O₂ are in 5.6 L at STP?,0.1,0.25,0.5,1.0,B,22.4 L = 1 mole → 5.6 / 22.4 = 0.25 mol. Distractor 0.5 uses 11.2 L/mole.,Mole Concept,Easy,Chemistry,Fundamental Concepts
A reaction releases 8.4 kJ of energy and 0.2 mol of gas. What is the energy per mole?,42 kJ/mol,84 kJ/mol,168 kJ/mol,21 kJ/mol,A,8.4 kJ / 0.2 mol = 42 kJ/mol. Distractor 84 kJ ignores division by moles.,Thermochemistry,Medium,Chemistry,Fundamental Concepts
Which has the strongest intermolecular forces?,CH₄,HCl,NH₃,CO₂,C,Ammonia has hydrogen bonding; others have weaker dipole or dispersion forces.,Intermolecular Forces,Medium,Chemistry,Fundamental Concepts
"What is the empirical formula of a compound with 40% C, 6.7% H, 53.3% O by mass?",CH₂O,C₂H₄O₂,CH₃O,C₂H₂O,A,"Molar ratios: C=1, H=2, O=1. CH₂O is empirical; C₂H₄O₂ is molecular.",Stoichiometry,Medium,Chemistry,Fundamental Concepts
Which metal forms a +2 ion with a noble gas configuration?,Na,Mg,Al,K,B,"Mg²⁺ has 12-2=10 electrons (Ne). Na⁺ has Ne, K⁺ has Ar; Al³⁺ is not noble-gas-like.",Ionic Bonding,Medium,Chemistry,Fundamental Concepts
What is the pH of 0.001 M HNO₃?,1,2,3,4,C,Strong acid → [H⁺] = 0.001 M → pH = -log(0.001) = 3. Weak acids require Ka.,Acid-Base Chemistry,Easy,Chemistry,Fundamental Concepts
What is the hybridization of carbon in CO₂?,sp,sp²,sp³,d²sp³,A,Linear geometry with 2 double bonds requires sp hybridization. sp³ is for tetrahedral.,Chemical Bonding,Hard,Chemistry,Fundamental Concepts
Which statement about entropy is true?,Entropy decreases in all spontaneous processes,Entropy is zero at absolute zero for perfect crystals,Entropy increases only in gaseous reactions,Entropy is independent of temperature,B,Third law of thermodynamics: perfect crystals have S=0 at 0 K. Other options contradict empirical data.,Thermodynamics,Hard,Chemistry,Fundamental Concepts
A 0.1 M solution of CH₃COOH has [H⁺] = 0.001 M. What is the degree of dissociation?,0.01,0.05,0.1,0.5,C,0.001 / 0.1 = 0.01. Distractor 0.1 confuses concentration with dissociation fraction.,Acid Dissociation,Medium,Chemistry,Fundamental Concepts
Which law states that pressure and volume are inversely proportional at constant temperature?,Charles’s Law,Boyle’s Law,Gay-Lussac’s Law,Avogadro’s Law,B,Boyle’s Law (P₁V₁=P₂V₂). Charles relates volume/temperature; Gay-Lussac links pressure/temperature.,Gas Laws,Easy,Chemistry,Fundamental Concepts
What is the oxidation number of sulfur in SO₄²⁻?,+4,+6,+8,+2,B,Each O is -2 → total -8. Adding +2 charge → S = +6. Distractor +4 ignores charge.,Oxidation Numbers,Medium,Chemistry,Fundamental Concepts
A laboratory technician needs to prepare 500 mL of a 0.2 M NaCl solution. How many grams of NaCl should they dissolve?,5.85 g,2.93 g,11.7 g,1.17 g,A,Molarity = moles/volume(L). Moles of NaCl = 0.2 * 0.5 = 0.1 mol. Mass = 0.1 * 58.5 g/mol = 5.85 g. Option B uses half the volume.,Solution Preparation,Medium,Chemistry,Fundamental Concepts
A gas sample occupies 2.5 L at STP. How many moles does it contain?,0.11 mol,0.22 mol,0.56 mol,1.12 mol,A,"At STP, 1 mole = 22.4 L. 2.5 / 22.4 = 0.11 mol. Option C uses 44.8 L per mole (non-STP assumption).",Gas Laws,Medium,Chemistry,Fundamental Concepts
What is the percentage by mass of oxygen in CaCO₃?,48%,12%,40%,60%,A,Molar mass of CaCO₃ = 100 g/mol. Oxygen mass = 48 g. 48/100 = 48%. Option C represents calcium's percentage.,Percent Composition,Medium,Chemistry,Fundamental Concepts
The molar mass of a gas is 44 g/mol. What volume will 8.8 g of it occupy at STP?,4.48 L,11.2 L,22.4 L,8.96 L,A,8.8 g / 44 g/mol = 0.2 mol. 0.2 * 22.4 L/mol = 4.48 L. Option D doubles the correct value.,Molar Volume of Gases,Medium,Chemistry,Fundamental Concepts
"Which of the following is the correct empirical formula for a compound with 40% C, 6.67% H, and 53.3% O?",CH₂O,C₂H₄O₂,C₃H₆O₃,C₄H₈O₄,A,40/12 : 6.67/1 : 53.3/16 = 1:2:1. Option B triples the ratio but isn't empirical.,Empirical Formulas,Hard,Chemistry,Fundamental Concepts
"In the reaction 2H₂ + O₂ → 2H₂O, how many moles of O₂ react with 4 moles of H₂?",1 mol,2 mol,4 mol,8 mol,B,Mole ratio 2 H₂ : 1 O₂. 4/2 = 2 moles of O₂. Option A divides by 2 instead of multiplies.,Stoichiometry,Medium,Chemistry,Fundamental Concepts
A solution is prepared by dissolving 20 g of glucose (C₆H₁₂O₆) in 1000 mL water. What is its molarity?,0.111 M,0.222 M,0.555 M,1.11 M,A,Molar mass = 180 g/mol. Moles = 20/180 = 0.111 mol in 1 L. Option B uses ½ the volume.,Molarity Calculations,Medium,Chemistry,Fundamental Concepts
Which of these is NOT a stoichiometric coefficient in 2SO₂ + O₂ → 2SO₃?,2,1,3,All are coefficients,C,"Coefficients: 2 (SO₂), 1 (O₂), 2 (SO₃). Option C is a distractor for non-balanced equations.",Balancing Equations,Easy,Chemistry,Fundamental Concepts
How many grams of MgO are produced when 12 g of Mg react with excess O₂?,12 g,20 g,40 g,80 g,B,Mg → MgO: 24 g Mg → 40 g MgO. 12 g → 20 g. Option A ignores O₂ addition.,Mass-Mass Calculations,Hard,Chemistry,Fundamental Concepts
What is the volume occupied by 3.01×10²³ molecules of N₂ at STP?,11.2 L,5.6 L,22.4 L,44.8 L,A,3.01e23 = 0.5 mol. 0.5 * 22.4 = 11.2 L. Option B halves the moles incorrectly.,Mole Concept,Medium,Chemistry,Fundamental Concepts
The molarity of a solution prepared by adding 250 mL of water to 100 mL of 2 M HCl is:,0.57 M,1.76 M,2.5 M,0.8 M,A,M1V1 = M2V2 → 2*0.1 = M2*0.35 → M2 = 0.57. Option D uses incorrect volume addition.,Dilution Calculations,Hard,Chemistry,Fundamental Concepts
"Which has the highest number of moles for equal masses: Na (23 g/mol), Mg (24 g/mol), Al (27 g/mol)?",Na,Mg,Al,All equal,A,Lowest molar mass means highest moles per mass. Option C is the inverse.,Mole Concept,Medium,Chemistry,Fundamental Concepts
A compound has an empirical formula of NO₂ and a molar mass of 138 g/mol. What is its molecular formula?,N₂O₄,N₂O₅,NO₂,N₃O₆,A,Empirical mass = 46 g/mol. 138/46 = 3 → N₂O₄ (empirical formula doubled). Option B miscalculates factors.,Molecular Formulas,Hard,Chemistry,Fundamental Concepts
How many oxygen atoms are in 0.5 moles of CO₂?,6.02×10²³,3.01×10²³,1.20×10²⁴,9.03×10²³,D,CO₂ has 2 O atoms per molecule. 0.5 mol * 2 * 6.02e23 = 6.02e23. Option A ignores the 2:1 ratio.,Mole Conversions,Medium,Chemistry,Fundamental Concepts
Which of these is an extensive property?,Density,Boiling point,Mass,Molarity,C,Mass depends on quantity. Density (A) is intensive. Option D is a concentration unit.,Fundamental Properties,Easy,Chemistry,Fundamental Concepts
What volume of 0.1 M H₂SO₄ is needed to neutralize 25 mL of 0.2 M NaOH?,12.5 mL,25 mL,50 mL,100 mL,B,Reaction ratio 1:2. Moles NaOH = 0.005 → H₂SO₄ = 0.0025 mol. Volume = 0.0025/0.1 = 0.025 L. Option A divides by 2 early.,Acid-Base Stoichiometry,Hard,Chemistry,Fundamental Concepts
The law of conservation of mass applies to:,Physical changes only,Chemical changes only,Both,Neither,C,Mass remains constant in all processes. Option B is false as physical changes also conserve mass.,Chemical Laws,Easy,Chemistry,Fundamental Concepts
A solution is prepared by dissolving 3.42 g of sucrose (C12H22O11) in 100 mL of water. What is the molarity of this solution?,0.1 M,1.0 M,0.01 M,0.05 M,A,Molarity = moles/volume(L). Molar mass of sucrose is 342 g/mol. 3.42g/342g/mol = 0.01 mol. 0.01 mol/0.1 L = 0.1 M. Option D fails because it ignores correct molar mass.,Molarity Calculations,Medium,Chemistry,Fundamental Concepts
"In the reaction N2 + 3H2 → 2NH3, how many moles of NH3 are produced from 0.5 moles of N2 and excess H2?",1.0 mole,0.5 mole,2.0 moles,1.5 moles,A,1 mole of N2 produces 2 moles of NH3 (1:2 ratio). 0.5 × 2 = 1.0. Option C fails by misreading the stoichiometric ratio.,Stoichiometric Ratios,Medium,Chemistry,Fundamental Concepts
"If 2.0 L of 0.5 M HCl is diluted to 5.0 L, what is the new concentration?",0.2 M,1.25 M,2.5 M,0.04 M,A,C1V1 = C2V2 → (0.5)(2) = C2(5) → C2 = 0.2 M. Option D fails due to incorrect unit conversion.,Dilution Calculations,Medium,Chemistry,Fundamental Concepts
"A compound contains 40% C, 6.67% H, and 53.33% O by mass. What is its empirical formula?",CH2O,C2H4O2,C3H6O3,CHO,A,"40/12=3.33 C, 6.67/1=6.67 H, 53.33/16=3.33 O. Dividing by 3.33 → CH2O. Option B fails due to incorrect simplification.",Empirical Formula,Medium,Chemistry,Fundamental Concepts
What is the mass of 4.48 L of O2 gas at STP?,6.4 g,3.2 g,12.8 g,16.0 g,A,22.4 L = 32 g O2. 4.48 L × (32/22.4) = 6.4 g. Option B fails by halving incorrectly.,Gas Volume at STP,Medium,Chemistry,Fundamental Concepts
A 0.25 M solution of Na2CO3 dissociates completely in water. What is the concentration of Na+ ions?,0.5 M,0.25 M,0.125 M,1.0 M,A,Na2CO3 → 2Na+ + CO3^2-. 0.25 × 2 = 0.5 M. Option B fails by ignoring ion ratio.,Ionic Concentrations,Medium,Chemistry,Fundamental Concepts
"If 24 g of Mg reacts with excess HCl, how many moles of H2 gas are produced? (Mg = 24 g/mol)",1.0 mole,2.0 moles,0.5 mole,0.25 mole,C,Mg + 2HCl → MgCl2 + H2. 24g = 1 mol Mg. 1 mol Mg → 1 mol H2. Option A fails by misreading the equation.,Mass-Volume Stoichiometry,Medium,Chemistry,Fundamental Concepts
A sample has 6.022×10^23 molecules of CH4. What is its mass?,16.0 g,32.0 g,8.0 g,6.0 g,A,1 mole of CH4 = 16.0 g. 1 mole contains Avogadro’s number. Option C fails by halving incorrectly.,Mole-Particle Conversions,Easy,Chemistry,Fundamental Concepts
Which statement correctly describes Avogadro’s hypothesis?,Equal volumes of gases at same T and P contain equal moles.,Equal masses of gases have equal volumes.,Equal volumes of gases have equal masses.,All gases occupy 22.4 L at STP regardless of mass.,A,Avogadro’s hypothesis links volume and moles at constant T/P. Option D is incorrect as it ignores conditions.,Gas Laws,Easy,Chemistry,Fundamental Concepts
A compound has an empirical formula of CH2O and a molar mass of 180 g/mol. What is its molecular formula?,C6H12O6,C3H6O3,C2H4O2,C4H8O4,A,CH2O = 30 g/mol. 180 ÷ 30 = 6 → multiply by 6. Option B fails due to insufficient multiplication.,Molecular Formula,Hard,Chemistry,Fundamental Concepts
"What is the mass percent of nitrogen in NH4NO3? (N=14, H=1, O=16)",35%,17.5%,52%,42%,A,(28g N / 80g NH4NO3) × 100 = 35%. Option C fails by miscounting atoms.,Mass Percent Calculation,Medium,Chemistry,Fundamental Concepts
"When 50 mL of 1 M H2SO4 reacts with 100 mL of 1 M NaOH, what is the limiting reactant?",H2SO4,NaOH,Both,None,B,"H2SO4 is diprotic: 0.05 L × 1 M = 0.05 mol, NaOH = 0.1 L × 1 M = 0.1 mol. Reacts in 1:2 ratio. Option A fails due to incorrect stoichiometry.",Limiting Reactant,Hard,Chemistry,Fundamental Concepts
How many grams of CaCO3 are needed to produce 4.4 g of CO2? (CaCO3 → CaO + CO2),10 g,5 g,15 g,20 g,A,4.4 g CO2 = 0.1 mol. 1:1 ratio → 0.1 mol CaCO3. 0.1 × 100g/mol = 10 g. Option B fails by halving.,Mass-Mass Stoichiometry,Hard,Chemistry,Fundamental Concepts
What is the total number of ions in 100 mL of 0.1 M Na3PO4 solution?,4.816×10^22,6.022×10^22,1.204×10^23,2.408×10^23,C,0.1 L × 0.1 M = 0.01 mol Na3PO4 → 4 ions per formula unit. 0.04 × 6.022×10^23 = 2.408×10^22. Option A fails by ignoring ion count.,Ions in Solution,Hard,Chemistry,Fundamental Concepts
Which of these has the highest number of moles?,22 g of CO2,18 g of H2O,28 g of CO,4 g of H2,D,"4 g H2 = 2 mol. CO2 = 0.5 mol, H2O = 1 mol, CO = 1 mol. Option A fails due to lower molar mass.",Mole Comparisons,Medium,Chemistry,Fundamental Concepts
What volume of 0.1 M H2SO4 is needed to neutralize 25 mL of 0.2 M NaOH?,12.5 mL,25.0 mL,50.0 mL,10.0 mL,A,H2SO4 is diprotic. (0.025 L × 0.2 M) = 0.005 mol OH⁻. H2SO4: 0.005/2 = 0.0025 mol. 0.0025 / 0.1 = 0.025 L = 25 mL. Option D fails due to incorrect stoichiometry.,Acid-Base Titration,Hard,Chemistry,Fundamental Concepts
A 2.0 L cylinder contains 28 g of N2 at STP. What is the pressure?,1 atm,0.5 atm,2 atm,1.5 atm,A,"28 g N2 = 1 mol. 1 mol at STP = 22.4 L. 2 L is excess volume, so pressure remains 1 atm. Option C fails due to incorrect PV=nRT application.",Ideal Gas Law,Medium,Chemistry,Fundamental Concepts
A 2.0 L container holds 0.50 mol of an ideal gas at 27°C. Calculate the pressure using R = 0.0821 L·atm/mol·K.,6.23 atm,1.24 atm,0.50 atm,3.12 atm,A,Use PV = nRT. Convert 27°C to 300 K. P = (0.50)(0.0821)(300)/2.0 = 6.23 atm. Distractor B uses R = 0.0821 without unit conversion.,Ideal Gas Law Calculations,Medium,Chemistry,Fundamental Concepts
How many moles of Mg(OH)₂ are needed to neutralize 0.15 mol of HCl in the reaction: Mg(OH)₂ + 2HCl → MgCl₂ + 2H₂O?,0.075 mol,0.15 mol,0.30 mol,0.05 mol,A,Stoichiometric ratio is 1:2. 0.15 mol HCl × (1 mol Mg(OH)₂ / 2 mol HCl) = 0.075 mol. Distractor B ignores the ratio.,Stoichiometry of Reactions,Medium,Chemistry,Fundamental Concepts
What volume of 0.25 M H₂SO₄ is required to neutralize 40.0 mL of 0.50 M NaOH?,40.0 mL,20.0 mL,10.0 mL,80.0 mL,A,H₂SO₄ is diprotic. Use M₁V₁/n₁ = M₂V₂/n₂: (0.25)(V₁)/2 = (0.50)(40)/1 → V₁ = 40 mL. Distractor B divides by 1 instead of 2.,Acid-Base Titration Calculations,Medium,Chemistry,Fundamental Concepts
A sample of CO₂ gas occupies 3.0 L at 300 K. What volume will it occupy at 600 K if pressure is constant?,6.0 L,1.5 L,3.0 L,12.0 L,A,Charles's Law: V₁/T₁ = V₂/T₂ → 3.0/300 = V₂/600 → V₂ = 6.0 L. Distractor B inverts the ratio.,Gas Laws and Volume-Temperature Relationships,Easy,Chemistry,Fundamental Concepts
Calculate the molar mass of a gas with a density of 1.78 g/L at STP.,40.0 g/mol,22.4 g/mol,32.0 g/mol,16.0 g/mol,A,Molar mass = density × 22.4 L/mol = 1.78 × 22.4 = 40.0 g/mol. Distractor C uses O₂ density instead of calculation.,Density and Molar Mass of Gases,Medium,Chemistry,Fundamental Concepts
What is the % composition of oxygen in H₂O₂ (molar mass = 34.0 g/mol)?,94.1%,47.1%,52.9%,88.6%,A,(32.0 g O / 34.0 g H₂O₂) × 100 = 94.1%. Distractor C calculates hydrogen content instead.,Percentage Composition Calculations,Easy,Chemistry,Fundamental Concepts
How many grams of Al are in 2.00 mol of Al₂(SO₄)₃? (Al = 27.0 g/mol),108 g,27.0 g,54.0 g,216 g,A,2.00 mol × 2 Al × 27.0 g/mol = 108 g. Distractor D triples the coefficient.,Mole-gram Conversions,Medium,Chemistry,Fundamental Concepts
What is the molarity of a solution with 12.0 g of NaOH (40.0 g/mol) in 250 mL?,1.20 M,0.30 M,0.60 M,2.40 M,A,Molarity = (12.0 / 40.0) / 0.250 = 1.20 M. Distractor C uses 0.5 L instead of 0.250 L.,Molarity Calculations,Medium,Chemistry,Fundamental Concepts
A 0.500 g sample of CaCO₃ decomposes. What volume of CO₂ is produced at STP? (CaCO₃ → CaO + CO₂),0.112 L,0.224 L,0.448 L,1.12 L,A,0.500 g / 100 g/mol = 0.00500 mol CO₂ → 0.00500 × 22.4 L = 0.112 L. Distractor B doubles the mole ratio.,Gas Volume from Stoichiometry,Hard,Chemistry,Fundamental Concepts
"What is the empirical formula of a compound with 40.0% C, 6.7% H, and 53.3% O by mass?",CH₂O,C₂H₄O₂,CHO,C₂H₂O,A,"Assume 100 g: 40/12 = 3.33 C, 6.7/1 = 6.7 H, 53.3/16 = 3.33 O → 1:2:1. Distractor B adds an extra O.",Empirical Formula Determination,Hard,Chemistry,Fundamental Concepts
A 250 mL solution contains 20.0 g of KI (166 g/mol). What is its molality? (Solvent: 250 g water),0.482 m,0.964 m,0.241 m,1.93 m,A,molality = (20.0 / 166) / 0.250 = 0.482 m. Distractor B uses kg solvent = 0.5 kg.,Molality Calculations,Medium,Chemistry,Fundamental Concepts
How many molecules are in 22.0 g of CO₂? (Avogadro's number = 6.02 × 10²³),3.01 × 10²³,4.51 × 10²³,6.02 × 10²³,1.51 × 10²³,A,22.0 / 44.0 = 0.500 mol × 6.02 × 10²³ = 3.01 × 10²³. Distractor C uses 44.0 g directly.,Mole-Particle Conversions,Medium,Chemistry,Fundamental Concepts
A mixture of 2.0 mol N₂ and 3.0 mol O₂ exerts a total pressure of 5.0 atm. What is the partial pressure of O₂?,3.0 atm,2.0 atm,5.0 atm,1.0 atm,A,Mole fraction of O₂ = 3.0 / 5.0 → 0.60 × 5.0 atm = 3.0 atm. Distractor B uses N₂'s mole fraction.,Partial Pressure Calculations,Easy,Chemistry,Fundamental Concepts
What is the mass of 1.50 × 10²⁴ atoms of S (32.1 g/mol)?,80.3 g,40.1 g,16.0 g,32.1 g,A,1.50 × 10²⁴ / 6.02 × 10²³ = 2.50 mol × 32.1 g/mol = 80.3 g. Distractor D uses 1.00 mol.,Atom-Mass Conversions,Medium,Chemistry,Fundamental Concepts
How much heat is needed to melt 25.0 g of ice? (ΔHfus = 334 J/g),8.35 × 10³ J,6.68 × 10³ J,3.34 × 10³ J,1.67 × 10³ J,A,25.0 g × 334 J/g = 8.35 × 10³ J. Distractor C uses 1.00 g instead of 25.0 g.,Heat of Fusion Calculations,Medium,Chemistry,Fundamental Concepts
A 0.500 M solution is diluted to 250 mL from 50.0 mL. What is the new concentration?,0.100 M,0.250 M,0.500 M,1.00 M,A,M₁V₁ = M₂V₂ → 0.500 × 50.0 = M₂ × 250 → M₂ = 0.100 M. Distractor B uses V₁ = 100 mL.,Dilution Calculations,Easy,Chemistry,Fundamental Concepts
What is the molar mass of a gas if 0.88 g occupies 224 mL at STP?,88 g/mol,44 g/mol,22 g/mol,11 g/mol,B,0.224 L = 0.0100 mol → 0.88 g / 0.0100 mol = 88 g/mol. Distractor B divides by 0.02 mol.,Molar Mass from Gas Density,Hard,Chemistry,Fundamental Concepts
What is the molar mass of a compound if 0.5 moles weigh 31 g?,31 g/mol,62 g/mol,124 g/mol,15.5 g/mol,B,Molar mass = mass/moles = 31/0.5 = 62 g/mol. Option A fails as it divides by 1 mole.,Molar Mass Calculations,Easy,Chemistry,Fundamental Concepts
How many moles are in 6.022 × 10^23 molecules of H2O?,0.5 mol,1 mol,2 mol,1.5 mol,B,"Avogadro’s number = 1 mol. Option A divides by 2, ignoring the exact definition.",Avogadro's Number,Easy,Chemistry,Fundamental Concepts
"If 22.4 L of CO2 gas at STP is produced, how many moles reacted?",1 mol,2 mol,0.5 mol,4 mol,A,"At STP, 22.4 L = 1 mol. Option B assumes 22.4 L per 2 moles.",Gas Volume at STP,Easy,Chemistry,Fundamental Concepts
"Calculate the % by mass of O in H2O (H = 1, O = 16).",88.8%,11.1%,50%,94%,A,%O = (16/(2+16)) × 100 = 88.8%. Option B calculates H instead.,Percentage Composition,Medium,Chemistry,Fundamental Concepts
What mass of Mg (24 g/mol) reacts with 0.25 mol HCl in Mg + 2HCl → MgCl2 + H2?,6 g,3 g,12 g,18 g,B,Mole ratio = 1:2. 0.25 HCl = 0.125 Mg → 0.125 ×24 = 3 g. Option A doubles this.,Stoichiometry,Medium,Chemistry,Fundamental Concepts
"If 10 g of Fe (56 g/mol) and 4 g of S (32 g/mol) react to form FeS, which is the limiting reactant?",Fe,S,Both,Neither,B,"Moles Fe = 10/56=0.178, S=4/32=0.125. S is limiting (1:1 ratio). Option A swaps roles.",Limiting Reactant,Hard,Chemistry,Fundamental Concepts
How many grams of O2 are needed to burn 12 g of CH4? (CH4 + 2O2 → CO2 + 2H2O),48 g,24 g,16 g,32 g,A,Moles CH4 = 12/16 = 0.75 → 2×0.75=1.5 O2 → 1.5×32=48 g. Option D halves moles.,Combustion Stoichiometry,Hard,Chemistry,Fundamental Concepts
How many molecules are in 44 g of CO2 (molar mass = 44 g/mol)?,12.044 ×10^23,6.022 ×10^23,3.011 ×10^23,18.066 ×10^23,A,1 mol = 6.02×10^23. 44 g = 1 mol → 2 moles of molecules. Option B assumes 1 mole.,Avogadro's Number,Medium,Chemistry,Fundamental Concepts
What is the molarity of a solution with 0.5 mol NaOH in 500 mL?,0.5 M,1.0 M,0.25 M,2.0 M,B,Molarity = moles/volume(L) = 0.5/0.5 = 1.0 M. Option A uses 1 L instead.,Molarity Calculations,Easy,Chemistry,Fundamental Concepts
What is the density of NH3 (molar mass = 17 g/mol) at STP?,0.76 g/L,1.52 g/L,0.38 g/L,3.04 g/L,A,Density = molar mass/22.4 L = 17/22.4 ≈ 0.76 g/L. Option B doubles this value.,Gas Density Calculations,Medium,Chemistry,Fundamental Concepts
"A solution contains 5.85 g of NaCl dissolved in 250 mL. Calculate its molarity (Na = 23, Cl = 35.5).",0.4 M,0.8 M,1.2 M,1.6 M,A,Molarity = moles/volume (L). 5.85g ÷ 58.5 g/mol = 0.1 mol → 0.1 ÷ 0.25 = 0.4 M. B fails to convert mL to L.,Solution Concentration,Medium,Chemistry,Fundamental Concepts
How many moles of CO₂ are produced when 18 g of glucose (C₆H₁₂O₆) undergo complete combustion?,0.1 mol,0.3 mol,0.6 mol,1.2 mol,C,18g ÷ 180 g/mol = 0.1 mol glucose → 6 moles CO₂ per glucose → 0.6 mol. D doubles the ratio incorrectly.,Stoichiometry,Medium,Chemistry,Fundamental Concepts
"Calculate the number of oxygen atoms in 16 g of SO₃ (S = 32, O = 16).",6.02×10²³,1.20×10²³,6.02×10²²,3.01×10²³,A,"Molar mass = 80 g/mol. 16g ÷ 80 = 0.2 mol → 0.6 mol O atoms × Avogadro’s number = 3.61×10²³. A is total atoms, not oxygen.",Mole Concept,Hard,Chemistry,Fundamental Concepts
What volume of 0.5 M H₂SO₄ is required to neutralize 50 mL of 1 M NaOH?,50 mL,100 mL,25 mL,75 mL,C,H₂SO₄ is diprotic. Moles H⁺ = 2 × moles H₂SO₄. 0.05 mol NaOH → 0.025 mol H₂SO₄ → 0.025 ÷ 0.5 = 0.05 L.,Neutralization Reactions,Hard,Chemistry,Fundamental Concepts
A gas occupies 12 L at 27°C. What volume will it occupy at 127°C at constant pressure?,16 L,12 L,8 L,4 L,A,V₁/T₁ = V₂/T₂. 12/(300) = V₂/400 → V₂=16 L. B ignores temperature conversion to Kelvin.,Gas Laws,Medium,Chemistry,Fundamental Concepts
"Calculate the mass percent of nitrogen in NH₄NO₃ (N = 14, H = 1, O = 16).",15%,35%,52%,60%,B,(28 g N / 80 g compound) × 100 = 35%. C calculates total atoms instead of mass.,Percentage Composition,Medium,Chemistry,Fundamental Concepts
How many grams of Mg (24.3 g/mol) react with excess HCl to produce 2.24 L of H₂ gas at STP?,2.43 g,4.86 g,1.22 g,9.72 g,A,2.24 L H₂ = 0.1 mol. Mg:H₂ ratio 1:1 → 0.1 × 24.3 = 2.43 g. B doubles the moles erroneously.,Gas Stoichiometry,Medium,Chemistry,Fundamental Concepts
"What is the empirical formula of a compound with 40% C, 6.67% H, and 53.33% O by mass?",CH₂O,C₂H₄O₂,CHO,C₃H₆O₃,A,"Molar ratios: C:3.33, H:6.67, O:3.33 → divide by 3.33 → CH₂O. D uses multiples of the simplest ratio.",Empirical Formula,Hard,Chemistry,Fundamental Concepts
A 200 mL solution of 0.2 M NaOH is diluted to 500 mL. What is the new concentration?,0.08 M,0.16 M,0.24 M,0.40 M,A,M₁V₁ = M₂V₂ → 0.2×0.2 = M₂×0.5 → M₂=0.08. B halves instead of scaling inversely.,Dilution Calculations,Medium,Chemistry,Fundamental Concepts
"How many molecules are in 32 g of SO₂ (S = 32, O = 16)?",6.02×10²³,3.01×10²³,1.20×10²³,9.03×10²³,B,Molar mass = 64 g/mol. 32g ÷ 64 = 0.5 mol × Avogadro’s number = 3.01×10²³. A is full mole count.,Mole-Molecule Conversions,Medium,Chemistry,Fundamental Concepts
Calculate the heat absorbed when 50 g of water is heated from 20°C to 60°C (c = 4.184 J/g°C).,8.37×10³ J,4.18×10³ J,2.09×10³ J,1.05×10³ J,A,q = mcΔT = 50×4.184×40 = 8368 J ≈ 8.37×10³ J. B divides by temperature difference.,Calorimetry,Medium,Chemistry,Fundamental Concepts
A compound has 24 g of Mg and 35.5 g of Cl. What is its simplest formula?,MgCl,Mg₂Cl,MgCl₂,Mg₂Cl₂,C,"Moles Mg = 1 mol, Cl = 1 mol → ratio 1:2. A uses 1:1 instead of correct ratio.",Empirical Formula,Medium,Chemistry,Fundamental Concepts
What volume of O₂ gas at STP is needed to burn 12 L of CH₄ completely?,24 L,40 L,16 L,8 L,B,CH₄ + 2O₂ → CO₂ + 2H₂O. 12 L CH₄ × 2 = 24 L O₂. B uses 2.5× ratio from combustion equation.,Gas Stoichiometry,Hard,Chemistry,Fundamental Concepts
A 0.5 M solution of CaCl₂ has ion concentration of Cl⁻ as:,0.5 M,1.0 M,2.0 M,0.25 M,B,CaCl₂ dissociates into 2 Cl⁻ ions → 0.5×2 = 1.0 M. C counts all ions instead of Cl⁻ only.,Ion Concentration,Medium,Chemistry,Fundamental Concepts
"A 4.6 g sample of NO₂ (N=14, O=16) contains how many oxygen atoms?",6.02×10²²,1.20×10²³,3.01×10²³,4.82×10²³,C,Molar mass = 46 g/mol. 4.6g ÷ 46 = 0.1 mol → 0.2 mol O → 1.20×10²³ atoms. B halves the O atoms incorrectly.,Mole-Atom Conversions,Hard,Chemistry,Fundamental Concepts
"What is the mass of aluminum in 204 g of Al₂O₃ (Al = 27, O = 16)?",54 g,108 g,154 g,204 g,B,Molar mass = 102 g/mol. 204g ÷ 102 = 2 mol → 2×2×27 = 108 g Al. C calculates total mass instead of Al contribution.,Mass Composition,Medium,Chemistry,Fundamental Concepts
How many grams of CaCO₃ react to form 4.4 g CO₂ (CaCO₃ → CaO + CO₂)?,10 g,20 g,40 g,50 g,A,4.4g CO₂ = 0.1 mol. 1:1 ratio → 0.1×100 g/mol = 10 g CaCO₃. B doubles the required mass.,Stoichiometry,Medium,Chemistry,Fundamental Concepts
What is the molarity of 250 mL solution containing 0.5 mol NaCl?,0.25 M,0.5 M,1.0 M,2.0 M,D,Molarity = moles ÷ volume (L) = 0.5 ÷ 0.25 = 2.0 M. C converts 0.5 ÷ 0.5 erroneously.,Molarity Calculation,Easy,Chemistry,Fundamental Concepts
A 0.5 M solution of HCl is diluted with water to 0.25 M. What is the ratio of initial volume to final volume?,1:2,2:1,1:4,4:1,A,M1V1 = M2V2. Molarity halves when volume doubles. Option B reverses the ratio.,Dilution Calculations,Easy,Chemistry,Fundamental Concepts
What volume of CO₂ (at STP) is produced from 2.2 g of CO₂? (Molar mass = 44 g/mol),1.12 L,1.68 L,2.24 L,4.48 L,A,0.05 mol × 22.4 L/mol = 1.12 L. Option C uses 0.1 mol instead of 0.05.,Gas Volume Calculations,Medium,Chemistry,Fundamental Concepts
How many moles of O atoms are present in 2.0 mol of Al₂(SO₄)₃?,12,24,36,48,B,2 mol × 12 O atoms = 24 mol. Option A forgets the 3 subscript in sulfate.,Formula Calculations,Medium,Chemistry,Fundamental Concepts
What is the molarity of a solution with 5.85 g NaCl in 200 mL? (NaCl = 58.5 g/mol),0.5 M,1.0 M,2.0 M,2.5 M,A,0.1 mol/0.2 L = 0.5 M. Option B uses 0.2 L instead of 0.1 mol.,Molarity Calculations,Easy,Chemistry,Fundamental Concepts
A 250 mL H₂SO₄ solution reacts with 20 mL of 0.1 M NaOH. What is the H₂SO₄ concentration?,0.04 M,0.02 M,0.01 M,0.005 M,A,2:1 molar ratio gives 0.04 M. Option B divides by 2 instead of using ratio.,Neutralization Reactions,Hard,Chemistry,Fundamental Concepts
How many molecules are in 1.8 g of H₂O? (Avogadro’s number = 6.02×10²³),6.02×10²²,6.02×10²³,1.2×10²³,3.6×10²³,A,0.1 mol × 6.02×10²³ = 6.02×10²². Option B uses 1 mol instead of 0.1.,Avogadro’s Number,Medium,Chemistry,Fundamental Concepts
"What is the empirical formula of a compound with 40% C, 6.67% H, 53.3% O?",CH₂O,C₂H₄O₂,CH₃O,C₂H₂O,A,40/12 : 6.67/1 : 53.3/16 simplifies to 1:2:1. Option B duplicates the ratio twice.,Empirical Formulas,Hard,Chemistry,Fundamental Concepts
What mass of CaCO₃ (100 g/mol) is needed to neutralize 50 mL of 1 M HCl?,5 g,2.5 g,1.25 g,10 g,B,0.05 mol HCl → 0.025 mol CaCO3 = 2.5 g. Option A doubles the correct value.,Stoichiometry,Medium,Chemistry,Fundamental Concepts
What is the molar mass of a gas if 0.8 g occupies 560 cm³ at STP?,28 g/mol,32 g/mol,36 g/mol,44 g/mol,B,0.8 / (0.56/22.4) = 32 g/mol. Option A uses 0.8/0.025 instead of 0.8/0.025.,Gas Molar Mass,Hard,Chemistry,Fundamental Concepts
How many grams of MgSO₄ (120 g/mol) are in 250 mL of 0.4 M solution?,12 g,24 g,6 g,3 g,A,0.4 × 0.25 × 120 = 12 g. Option C uses half the volume.,Solution Concentrations,Medium,Chemistry,Fundamental Concepts
"What is the percentage by mass of O in Al₂(SO₄)₃? (Al=27, S=32, O=16)",56%,64%,72%,80%,B,48 O atoms ×16 = 768 g / 342 g ×100 = 64%. Option A counts 40 O atoms.,Mass Percent,Hard,Chemistry,Fundamental Concepts
How many moles of H₂O are in 18 g of water?,0.5,1.0,2.0,3.0,B,18 g / 18 g/mol = 1 mol. Option A divides by 36 g/mol.,Mole Concept,Easy,Chemistry,Fundamental Concepts
What volume of 2 M H₂SO₄ is needed to neutralize 50 mL of 1 M NaOH?,12.5 mL,25 mL,50 mL,100 mL,A,1:2 ratio → 0.025 L × (1/2) = 0.0125 L. Option B ignores the stoichiometric ratio.,Neutralization Calculations,Medium,Chemistry,Fundamental Concepts
"What is the empirical formula of a compound with 27.3% C and 72.7% O? (C=12, O=16)",CO,CO₂,C₂O,C₂O₅,A,27.3/12 : 72.7/16 = 1:1. Option B uses reversed ratio.,Empirical Formulas,Hard,Chemistry,Fundamental Concepts
How many moles of Cl⁻ are present in 200 mL of 0.25 M FeCl₃?,0.05,0.15,0.25,0.75,B,0.25 × 0.2 × 3 = 0.15 mol. Option A forgets the 3 Cl⁻ per FeCl3.,Ionic Concentrations,Medium,Chemistry,Fundamental Concepts
What mass of Al (27 g/mol) reacts completely with 3 moles of HCl? (Unbalanced: Al + HCl → AlCl₃ + H₂),27 g,54 g,81 g,108 g,A,1 mole Al needed for 3 moles HCl → 27 g. Option B uses 2 moles Al.,Stoichiometry,Hard,Chemistry,Fundamental Concepts
How many particles are in 0.5 mol of SO₃?,3×10²³,6×10²³,9×10²³,12×10²³,A,0.5 × 6.02×10²³ = 3×10²³. Option B uses 1 mol instead of 0.5.,Avogadro’s Number,Easy,Chemistry,Fundamental Concepts
A sample of gas occupies 12.5 L at 27°C and 1 atm pressure. Calculate the number of moles if R = 0.0821 L·atm/mol·K.,0.500 mol,0.492 mol,0.246 mol,0.615 mol,B,n = PV/(RT) = (1)(12.5)/(0.0821×300) ≈ 0.492. Option A fails to convert Celsius to Kelvin.,Ideal Gas Law Calculations,Medium,Chemistry,Fundamental Concepts
What volume of 0.5 M NaOH is required to neutralize 250 mL of 0.2 M H2SO4 in 2NaOH + H2SO4 → Na2SO4 + 2H2O?,500 mL,250 mL,200 mL,100 mL,C,0.2×0.25 = 0.05 mol H2SO4. 2×0.05 = 0.1 mol NaOH. V = 0.1/0.5 = 0.2 L. Option B ignores stoichiometric ratio.,Neutralization Reactions,Medium,Chemistry,Fundamental Concepts
Calculate the molarity of a solution with 49 g H2SO4 in 500 mL (Molar mass H2SO4 = 98 g/mol).,1.0 M,2.0 M,1.5 M,0.5 M,A,Moles = 49/98 = 0.5. Molarity = 0.5/0.5 = 1.0. Option D forgets to divide by 0.5 L.,Molarity Calculations,Easy,Chemistry,Fundamental Concepts
A hydrocarbon produces 2.2 g CO2 and 0.9 g H2O on combustion. Its empirical formula is...,CH2,C2H4,CH3,C2H6,A,Moles C = 2.2/44 = 0.05; moles H = 0.9/18×2 = 0.1. Ratio C:H = 1:2. Option B is a multiple of this ratio.,Empirical Formulas,Medium,Chemistry,Fundamental Concepts
"If 2.0 L of 3.0 M HCl is diluted to 6.0 L, what is the new concentration?",2.0 M,1.5 M,1.0 M,0.5 M,C,C1V1 = C2V2 → 3.0×2.0 = C2×6.0 → C2 = 1.0. Option D uses incorrect dilution factor.,Dilution Calculations,Medium,Chemistry,Fundamental Concepts
How many molecules are in 0.50 moles of O2?,3.01×10^23,6.02×10^23,1.20×10^24,9.03×10^23,A,0.50×6.02×10^23 = 3.01×10^23. Option B assumes 1 mole instead of 0.5 moles.,Mole Concept,Easy,Chemistry,Fundamental Concepts
What mass of Mg (Molar mass = 24 g/mol) reacts with 48 g of O2 in 2Mg + O2 → 2MgO?,24 g,12 g,48 g,6 g,A,Moles O2 = 48/32 = 1.5; moles Mg = 3. Mass Mg = 3×24 = 72 g. Option C ignores stoichiometry.,Limiting Reactant,Hard,Chemistry,Fundamental Concepts
The density of a gas is 1.43 g/L at STP. What is its molar mass?,32 g/mol,28 g/mol,44 g/mol,16 g/mol,B,Molar mass = 22.4×1.43 ≈ 32 g/L. Option A reflects incorrect STP volume.,Gas Densities,Medium,Chemistry,Fundamental Concepts
Calculate % composition of N in NH4NO3 (Molar mass = 80 g/mol).,35%,25%,40%,18%,A,Mass N = 14×2 = 28. % = (28/80)×100 = 35%. Option C adds extra oxygen mass.,Percentage Composition,Medium,Chemistry,Fundamental Concepts
How many grams of O2 react with 2.0 moles of CH4 in CH4 + 2O2 → CO2 + 2H2O?,128 g,64 g,32 g,16 g,A,2 moles O2 = 2×32 = 64 g. Option B ignores stoichiometric ratio.,Stoichiometry,Medium,Chemistry,Fundamental Concepts
What is the molarity of a solution with 5.85 g NaCl (58.5 g/mol) in 250 mL?,0.4 M,0.2 M,0.8 M,0.6 M,A,Moles = 5.85/58.5 = 0.1. Molarity = 0.1/0.25 = 0.4. Option B halves the correct value.,Molarity Calculations,Easy,Chemistry,Fundamental Concepts
"A student observes that a liquid expands upon freezing, causing cracks in a container. Which property of water explains this phenomenon?",High specific heat capacity,Anomalous expansion of water,High surface tension,Hydrogen bonding in liquid state,B,"Water expands below 4°C due to hydrogen bonding. Option D is incorrect because it refers to liquid, not frozen, state.",Physical Properties of Water,Medium,Chemistry,Fundamental Concepts
Which element shows the highest deviation from expected electron affinity trend in group 16?,Oxygen,Sulfur,Selenium,Tellurium,A,Oxygen has lower electron affinity than sulfur due to smaller atomic size and electron-electron repulsion. Option B incorrectly follows the group trend.,Periodic Trends,Hard,Chemistry,Fundamental Concepts
A gas deviates significantly from ideal behavior at low temperatures. Which property primarily causes this deviation?,High molecular speed,Negligible collision frequency,Intermolecular attractions,Large kinetic energy,C,Real gases deviate due to intermolecular forces. Option A is false since lower temps reduce molecular speed.,Gas Laws,Medium,Chemistry,Fundamental Concepts
Which substance has a molar volume different from 22.4 L at STP?,Oxygen gas,Carbon dioxide,Hydrogen gas,Sulfur dioxide,B,"CO₂ has strong intermolecular forces, reducing molar volume. Option A is close but still approximates 22.4 L.",Molar Volume,Easy,Chemistry,Fundamental Concepts
A student notes that a metal forms both +2 and +3 oxidation states. Which metal is an exception to the common oxidation state trend?,Iron,Zinc,Copper,Silver,A,Iron exhibits variable oxidation states. Option B only forms +2 in PTB examples.,Oxidation States,Medium,Chemistry,Fundamental Concepts
Which compound shows an exception to the octet rule in its Lewis structure?,Carbon dioxide,Ammonia,Boron trifluoride,Methane,C,BF₃ has only six electrons around boron. Option B follows octet rule with lone pairs.,Chemical Bonding,Hard,Chemistry,Fundamental Concepts
"In a lab experiment, a solution of Group 1 metal hydroxide shows lower solubility than expected. Which metal hydroxide is this?",Lithium hydroxide,Sodium hydroxide,Potassium hydroxide,Cesium hydroxide,A,LiOH has lower solubility due to high lattice energy. Options B-D follow increasing solubility trend.,Solubility Trends,Medium,Chemistry,Fundamental Concepts
Which noble gas violates the general trend of decreasing ionization energy down the group?,Helium,Neon,Argon,Krypton,A,Helium has higher ionization energy than neon. Option C follows expected periodic trend.,Ionization Energy,Hard,Chemistry,Fundamental Concepts
A reaction produces less gas than stoichiometric calculations predict. Which factor might explain this anomaly?,Excess reactant used,Side reactions forming other products,High temperature of reaction,Catalyst presence,B,Side reactions consume reactants before gas formation. Option A would increase yield.,Stoichiometry,Medium,Chemistry,Fundamental Concepts
Which element has a higher melting point than its neighboring elements in the same period?,Sodium,Aluminum,Silicon,Phosphorus,C,Silicon's network covalent structure causes high melting point. Option B is metallic but not anomalous.,Periodic Trends,Hard,Chemistry,Fundamental Concepts
A student measures the same density for two different liquid samples. Which pair could this describe?,Water and ammonia,Ethanol and methanol,Glycerol and water,Mercury and bromine,A,Water and ammonia have similar densities at specific temps. Option D involves metals vs. nonmetals.,Physical Properties,Medium,Chemistry,Fundamental Concepts
Which isomer pair shows an exception to the general rule of 'higher branching = lower boiling point'?,n-pentane and neopentane,n-hexane and 2-methylpentane,n-butane and isobutane,"n-heptane and 2,3-dimethylpentane",C,n-butane has higher boiling point despite being unbranched. Option A follows expected trend.,Isomerism,Hard,Chemistry,Fundamental Concepts
A metal's sulfate is insoluble in water while others in its group are soluble. Which metal is this?,Sodium,Potassium,Barium,Calcium,C,BaSO₄ is insoluble due to high lattice energy. Option D's CaSO₄ is only slightly soluble.,Solubility Rules,Medium,Chemistry,Fundamental Concepts
Which element has a higher electron affinity than its immediate group neighbor above it?,Oxygen,Sulfur,Chlorine,Fluorine,B,Sulfur's electron affinity is higher than oxygen's due to less electron repulsion. Option D shows the opposite.,Electron Affinity,Hard,Chemistry,Fundamental Concepts
A reaction's rate decreases with increasing temperature. Which reaction type could this describe?,Endothermic,Exothermic,Photochemical,Enzymatic,C,"Photochemical reactions depend on light, not temperature. Option D follows typical temperature dependence.",Reaction Kinetics,Medium,Chemistry,Fundamental Concepts
Which metal forms an amphoteric oxide despite being in a group with non-amphoteric metals?,Aluminum,Zinc,Lead,Magnesium,D,MgO is amphoteric while others in its group are basic. Option A is the most common amphoteric metal.,Metallic Oxides,Hard,Chemistry,Fundamental Concepts
A solution of a Group 17 element's hydride shows basic properties. Which element is this?,Fluorine,Chlorine,Bromine,Iodine,A,NH₃ is basic while other Group 17 hydrides are acidic. Option B is the most familiar acidic hydride.,Acid-Base Properties,Medium,Chemistry,Fundamental Concepts
Which substance's boiling point is lower than expected for its molecular weight?,Ethanol,Ethane,Ethyl chloride,Acetic acid,B,Ethane lacks hydrogen bonding found in other options. Option A's H-bonding raises boiling point.,Boiling Points,Easy,Chemistry,Fundamental Concepts
A student observes that a solid conducts electricity but melts to an insulator. Which substance matches this behavior?,Graphite,Sodium chloride,Diamond,Silicon dioxide,A,Graphite conducts as a solid but carbon atoms don't conduct in liquid form. Option B follows ionic behavior.,Conductivity,Hard,Chemistry,Fundamental Concepts
Which element's atomic radius is smaller than expected for its period?,Oxygen,Fluorine,Sodium,Potassium,B,Fluorine has an exceptionally small radius due to high effective nuclear charge. Option C follows periodic trend.,Atomic Radii,Medium,Chemistry,Fundamental Concepts
A student compares the melting points of H2O and H2S. Which property explains why H2O has a higher melting point despite being a lighter molecule?,Stronger hydrogen bonding in H2O,Higher molecular mass of H2S,Greater polarity of H2S,Lower ionization energy of sulfur,A,Hydrogen bonding in H2O creates a network anomaly. H2S lacks this due to weaker H-bonding. (Easy),Hydrogen Bonding Anomalies,Easy,Chemistry,Fundamental Concepts
Which element in Group 16 deviates from the general trend of decreasing electron affinity down the group?,Oxygen,Sulfur,Selenium,Tellurium,A,Oxygen's electron affinity is lower than sulfur due to electron repulsion in its compact p-orbital. (Medium),Electron Affinity Trends,Medium,Chemistry,Fundamental Concepts
Why does LiF exhibit lower solubility in water compared to other alkali metal fluorides?,Smallest lattice energy of LiF,Highest hydration energy of Li+,Strongest ionic bond in LiF,Lowest melting point of LiF,C,"LiF's small ionic size creates stronger lattice energy, counteracting hydration. Option B reverses cause and effect. (Hard)",Solubility Anomalies,Hard,Chemistry,Fundamental Concepts
Which transition metal shows an anomalous electronic configuration with a filled d-orbital?,Chromium,Copper,Zinc,Nickel,C,"Zinc has a full d¹⁰ configuration, unlike Cr and Cu which have half-filled d-orbitals. (Medium)",Electronic Configurations,Medium,Chemistry,Fundamental Concepts
A lab experiment shows that BeO is amphoteric while MgO is basic. What property explains this anomaly?,Smaller ionic radius of Be²+,Higher ionization energy of Mg,Greater electronegativity of Mg,Lower melting point of BeO,A,"Be²+'s small size polarizes oxide ion, making BeO amphoteric unlike MgO. (Medium)",Oxide Properties,Medium,Chemistry,Fundamental Concepts
"Which group 13 element has higher ionization energy than boron, defying the group trend?",Aluminum,Gallium,Indium,Thallium,A,Boron's ionization energy is higher due to smaller atomic radius compared to aluminum. (Easy),Ionization Energy Trends,Easy,Chemistry,Fundamental Concepts
Why does neon (Ne) have a higher ionization energy than fluorine (F)?,Ne has a full valence shell,F has a smaller atomic radius,Ne is more electronegative,F has lower electron affinity,A,Ne's stable octet configuration makes electron removal harder than in F. (Easy),Ionization Energy Anomalies,Easy,Chemistry,Fundamental Concepts
"Which element in Group 14 has the lowest melting point, breaking the trend of increasing melting points with atomic number?",Carbon,Silicon,Germanium,Lead,D,Metallic bonding in lead weakens melting point trend seen in covalent network solids. (Medium),Melting Point Anomalies,Medium,Chemistry,Fundamental Concepts
A student observes that Li2CO3 decomposes at lower temperatures than Na2CO3. What explains this anomaly?,Smaller ionic size of Li+,Higher lattice energy of Na2CO3,Greater hydration energy of Li+,Lower solubility of Li2CO3,A,"Li+'s small size stabilizes higher oxidation states, making carbonate less stable. (Hard)",Thermal Stability,Hard,Chemistry,Fundamental Concepts
Which noble gas has the lowest boiling point despite having the highest molecular mass?,Xenon,Krypton,Argon,Neon,D,Neon's lower polarizability reduces London dispersion forces compared to heavier gases. (Medium),Boiling Point Anomalies,Medium,Chemistry,Fundamental Concepts
Why does sulfur have lower electron affinity than oxygen despite having a larger atomic radius?,Sulfur's valence electrons are in a higher energy level,Oxygen's electrons experience more repulsion,Sulfur's nuclear charge is stronger,Oxygen has higher electronegativity,B,"Oxygen's compact p-orbital causes electron repulsion, lowering its electron affinity. (Medium)",Electron Affinity Exceptions,Medium,Chemistry,Fundamental Concepts
Which element in Group 15 shows an exception to the general trend of increasing metallic character down the group?,Nitrogen,Phosphorus,Arsenic,Bismuth,A,Nitrogen is nonmetallic while others show metalloid or metallic behavior. (Easy),Metallic Character Trends,Easy,Chemistry,Fundamental Concepts
A researcher notes that CO2 is a gas while SiO2 is a solid at room temperature. What explains this anomaly?,CO2 has weaker intermolecular forces,SiO2 forms a covalent network,CO2 has higher polarity,SiO2 has lower molar mass,A,"CO2's linear structure allows molecular gases, while SiO2 forms a network solid. (Medium)",Physical States Anomalies,Medium,Chemistry,Fundamental Concepts
Which alkali metal nitrate does NOT decompose to form metal nitrite upon heating?,LiNO3,NaNO3,KNO3,RbNO3,A,LiNO3 decomposes to Li2O instead of nitrite due to high polarizing power of Li+. (Medium),Nitrate Decomposition,Medium,Chemistry,Fundamental Concepts
Why does beryllium hydroxide (Be(OH)₂) exhibit amphoteric behavior unlike other Group 2 hydroxides?,Smaller ionic radius of Be²+,Higher solubility of Be(OH)₂,Lower melting point of Be(OH)₂,Greater basicity of other Group 2 hydroxides,A,"Be²+'s small size polarizes the hydroxide ion, enabling amphoteric reactions. (Hard)",Hydroxide Properties,Hard,Chemistry,Fundamental Concepts
Which element in Group 14 shows the highest reactivity with water despite being in a lower period?,Carbon,Silicon,Germanium,Lead,D,Lead's metallic character increases reactivity with water despite lower period. (Medium),Reactivity Trends,Medium,Chemistry,Fundamental Concepts
Why does the first ionization energy of nitrogen (N) exceed that of oxygen (O)?,N has a smaller atomic radius,O has a higher electron affinity,N has half-filled p-orbital stability,O has more valence electrons,C,"Half-filled p-orbital in N provides extra stability, making ionization harder than O. (Easy)",Ionization Energy Exceptions,Easy,Chemistry,Fundamental Concepts
"Which d-block element has the highest melting point, defying the trend in its group?",Iron,Cobalt,Nickel,Tungsten,D,Tungsten's strong metallic bonding creates an anomalous high melting point. (Easy),Melting Point Anomalies,Easy,Chemistry,Fundamental Concepts
"A solution of X₂CO3 turns red litmus blue. However, X₂CO3 decomposes before melting. Identify X.",Lithium,Sodium,Potassium,Rubidium,A,Li₂CO3 decomposes at lower heat due to small Li+ size and high lattice energy. (Medium),Carbonate Stability,Medium,Chemistry,Fundamental Concepts
Which halogen has the lowest electron affinity despite having a larger atomic radius than chlorine?,Fluorine,Chlorine,Bromine,Iodine,A,"Fluorine's compact size causes electron repulsion, lowering its electron affinity. (Hard)",Electron Affinity Anomalies,Hard,Chemistry,Fundamental Concepts
A student observes that water boils at 100°C at sea level but requires less heat input than expected. Which anomalous property explains this?,High specific heat capacity,Hydrogen bonding,Lower heat of vaporization than predicted,Anomalous expansion,C,Water's lower heat of vaporization disrupts the trend due to hydrogen bonding. Option C is correct; B is tempting but refers to a structural feature.,Anomalous Properties of Water,Medium,Chemistry,Fundamental Concepts
Which element in Group VIA violates the trend of decreasing electron affinity down the group?,Oxygen,Sulfur,Selenium,Tellurium,A,Oxygen shows lower electron affinity than sulfur due to smaller size. A is correct; D is a common distractor due to periodic trends.,Periodic Trends Exceptions,Hard,Chemistry,Fundamental Concepts
"During electrolysis of molten NaCl, chlorine gas forms at the anode. What exception to standard redox behavior causes this?",Lower ionization energy of Na,Higher electronegativity of Cl,Oxidation of chloride ions instead of water,Reduction of oxygen ions,C,"Molten conditions exclude H2O, forcing Cl⁻ oxidation. C is correct; B is tempting but ignores solution state.",Electrochemistry Anomalies,Medium,Chemistry,Fundamental Concepts
Which noble gas forms compounds with fluorine despite the group's inertness?,Neon,Krypton,Xenon,Radon,C,Xenon's larger size allows bond formation. C is correct; B is a distractor due to similar atomic size.,Noble Gas Anomalies,Easy,Chemistry,Fundamental Concepts
Why does the boiling point of NH3 exceed that of PH3 despite lower molecular mass?,Stronger dipole-dipole forces,Hydrogen bonding,Higher molar mass of NH3,Greater metallic character,B,Hydrogen bonding in NH3 creates an exception. B is correct; A is a distractor for polar compounds without H-bonding.,Hydrogen Bonding Exceptions,Medium,Chemistry,Fundamental Concepts
Which transition metal violates the Aufbau principle for electron configuration?,Chromium,Iron,Copper,Both A and C,D,Chromium and copper have half-filled d-orbitals. D is correct; B is a distractor with a stable d⁶ configuration.,Electron Configuration Anomalies,Medium,Chemistry,Fundamental Concepts
"In the periodic table, which element has a higher first ionization energy than predicted by its group trend?",Beryllium,Nitrogen,Oxygen,Fluorine,B,Nitrogen's half-filled p-orbital stabilizes it. B is correct; C is a distractor due to periodic trends.,Ionization Energy Exceptions,Medium,Chemistry,Fundamental Concepts
Why does ice float on water despite solids being denser than liquids in general?,Hexagonal lattice structure,Lower hydrogen bonding,Anomalous expansion when freezing,Higher thermal expansion,C,Water's expansion upon freezing defies the norm. C is correct; A describes structure but not density anomaly.,Physical State Anomalies,Easy,Chemistry,Fundamental Concepts
Which of the following halogens forms a stable monatomic ion with a +4 oxidation state?,Fluorine,Chlorine,Bromine,Iodine,B,Chlorine's d-orbitals allow +4 oxidation. B is correct; A is limited to -1 oxidation state.,Oxidation State Exceptions,Hard,Chemistry,Fundamental Concepts
The anomalous solubility of NaCl in water compared to AgCl stems primarily from differences in,Lattice energy,Hydration energy,Ionic radius,Both A and B,D,Both factors determine solubility exceptions. D is correct; C is a distractor for size comparisons.,Solubility Anomalies,Medium,Chemistry,Fundamental Concepts
Which rare gas has an electron configuration that deviates from the general noble gas stability trend?,Helium,Neon,Argon,Krypton,A,Helium has only 2 electrons instead of an octet. A is correct; D is a distractor due to inert nature.,Noble Gas Electron Configurations,Easy,Chemistry,Fundamental Concepts
Why does the second ionization energy of sodium drop sharply compared to its first?,Achieving noble gas configuration,Increasing atomic size,Screening effect,Electron-electron repulsion,A,Stable neon configuration reduces IE2. A is correct; C explains trends but not the sharp drop.,Ionization Energy Trends,Hard,Chemistry,Fundamental Concepts
Which element in Group IIIA shows inert pair effect causing +1 oxidation state dominance?,Aluminum,Gallium,Indium,Thallium,D,Thallium's inert pair effect stabilizes +1 oxidation. D is correct; C is less pronounced but exists.,Oxidation State Anomalies,Medium,Chemistry,Fundamental Concepts
The abnormal melting point of sulfur compared to oxygen is due to,Stronger Van der Waals forces,Molecular size,Allotropy,Hydrogen bonding,A,S8 molecules increase intermolecular forces. A is correct; C is a distractor for structural differences.,Melting Point Anomalies,Medium,Chemistry,Fundamental Concepts
Which of the following molecules violates the octet rule despite forming stable compounds?,CO2,PCl5,NH3,CH4,B,Phosphorus has expanded valence in PCl5. B is correct; A follows octet rule strictly.,Octet Rule Exceptions,Easy,Chemistry,Fundamental Concepts
The lower boiling point of HF compared to NH3 despite stronger hydrogen bonding is due to,Fewer molecules available for hydrogen bonding,Weaker dipole moment,Higher molar mass,Lower molecular polarity,A,HF has fewer H-bonding sites per molecule. A is correct; B is a distractor for polarity comparisons.,Hydrogen Bonding Anomalies,Hard,Chemistry,Fundamental Concepts
Which element in Group VA forms a +5 oxidation state compound but is less stable than +3 state?,Nitrogen,Phosphorus,Arsenic,Bismuth,D,Bismuth's inert pair effect stabilizes +3 oxidation. D is correct; C shows intermediate behavior.,Oxidation State Exceptions,Medium,Chemistry,Fundamental Concepts
Which of the following noble gases does NOT form clathrate compounds despite having weak intermolecular forces?,Helium,Neon,Argon,Krypton,A,Helium's weak van der Waals forces prevent clathrate formation. A is correct; C is a distractor for slightly larger atoms.,Noble Gas Compounds,Medium,Chemistry,Fundamental Concepts
A researcher observes that a metalloid forms an amphoteric oxide. Which element is most likely responsible for this anomalous behavior?,Boron,Silicon,Phosphorus,Sulfur,A,Boron forms amphoteric boron trioxide; others form acidic oxides.,Oxide Properties,Medium,Chemistry,Fundamental Concepts
"Which element, despite being a noble gas, forms stable compounds with fluorine under specific conditions?",Neon,Argon,Xenon,Krypton,C,Xenon's larger size allows fluorine to approach and form bonds; others are inert.,Noble Gas Reactivity,Hard,Chemistry,Fundamental Concepts
A student notes that oxygen's ionization energy is lower than nitrogen's. What primary factor explains this anomaly?,Higher atomic radius,Electron-electron repulsion in p-orbital,Lower electron affinity,Stronger nuclear attraction,B,Electron repulsion destabilizes oxygen's p-orbital; others are irrelevant.,Periodic Trends,Medium,Chemistry,Fundamental Concepts
Which element's melting point is unexpectedly low due to weak metallic bonding despite being a transition metal?,Zinc,Mercury,Copper,Nickel,B,"Mercury's electrons are not delocalized effectively, reducing metallic bonding.",Metallic Bonding,Hard,Chemistry,Fundamental Concepts
A beaker of liquid water freezes into ice that floats. Which anomalous property enables this?,High specific heat,Anomalous expansion,Strong hydrogen bonding,High surface tension,B,Expansion on freezing lowers ice density; others do not cause buoyancy.,States of Matter,Medium,Chemistry,Fundamental Concepts
"Which element, despite being a non-metal, exhibits metallic luster and partial conductivity?",Carbon (graphite),Silicon,Phosphorus,Sulfur,A,Graphite's layered structure allows electron delocalization; others are insulators.,Allotropes,Easy,Chemistry,Fundamental Concepts
A student observes a gas that deviates significantly from ideal behavior at low temperatures. Which factor primarily causes this deviation?,High molecular speed,Intermolecular forces,Low molecular mass,Insignificant volume,B,Intermolecular attractions dominate at low temperatures; others minimize deviation.,Gas Laws,Medium,Chemistry,Fundamental Concepts
Which element's electron configuration is an exception to the Aufbau principle due to half-filled d-orbital stability?,Chromium,Iron,Copper,Nickel,A,Chromium prefers half-filled d-orbital; copper's is another exception.,Electron Configuration,Medium,Chemistry,Fundamental Concepts
A student notes that the solubility of calcium sulfate in water is lower than expected. What explains this anomaly?,Strong ionic bonds,Hydration energy imbalance,Lattice energy dominates over hydration,High molecular mass,C,Lattice energy of CaSO4 exceeds hydration energy; others do not apply.,Solubility Rules,Hard,Chemistry,Fundamental Concepts
"Which element, despite being in Group 1, forms a nitride ion with a -3 charge more readily than others in its group?",Lithium,Sodium,Potassium,Rubidium,A,Lithium's small size favors nitride formation; others are too large.,Ionic Compounds,Medium,Chemistry,Fundamental Concepts
A lab test shows that sulfur's melting point is higher than oxygen's. What primary factor explains this anomaly?,Greater atomic mass,Molecular size and covalent bonding,Lower electronegativity,Higher ionization energy,B,Sulfur's molecular lattice requires more energy to break than O2's.,Melting Points,Medium,Chemistry,Fundamental Concepts
"Which transition metal, contrary to its group trend, exhibits a +1 oxidation state more commonly than +2?",Zinc,Cadmium,Mercury,Copper,C,Mercury's inert pair effect favors +1 over +2 oxidation state.,Oxidation States,Hard,Chemistry,Fundamental Concepts
A student observes that the reaction between fluorine and water produces a gas. What explains this anomalous reaction?,Fluorine's low electronegativity,Oxygen's high reactivity,Fluorine's strong oxidizing power,Water's high polarity,C,Fluorine oxidizes water to O2; others do not drive the reaction.,Redox Reactions,Medium,Chemistry,Fundamental Concepts
"Which noble gas, despite its full valence shell, forms a stable +4 oxidation state in compounds?",Helium,Neon,Argon,Xenon,D,Xenon's large size allows electron loss; others are too small.,Noble Gas Compounds,Hard,Chemistry,Fundamental Concepts
A solution's pH drops unexpectedly when carbon dioxide is bubbled through it. What anomalous property explains this?,CO2 is a neutral oxide,CO2 forms carbonic acid,CO2 is insoluble in water,CO2 is a reducing agent,B,Carbonic acid formation lowers pH; others do not affect acidity.,Acid-Base Reactions,Easy,Chemistry,Fundamental Concepts
"Which element's oxide is amphoteric, contrasting the basic trend of its group?",Aluminum,Magnesium,Calcium,Barium,A,Aluminum oxide reacts with acids and bases; others form basic oxides.,Oxide Behavior,Medium,Chemistry,Fundamental Concepts
"A gas's volume increases at constant temperature, violating Charles's law. What explains this deviation?",High pressure conditions,Ideal gas law assumptions,Temperature fluctuations,Molecular size neglect,A,High pressure causes significant volume deviations; others assume ideality.,Gas Deviations,Hard,Chemistry,Fundamental Concepts
"Which element, despite being in Group 16, forms a stable +6 oxidation state more readily than its neighbors?",Oxygen,Sulfur,Selenium,Tellurium,B,Sulfur's lower electronegativity allows higher oxidation states; others are less stable.,Oxidation Trends,Hard,Chemistry,Fundamental Concepts
A student notices that the melting point of thallium is lower than expected for its group. What explains this?,Inert pair effect,High atomic radius,Low ionization energy,Weak metallic bonding,A,Inert pair effect reduces metallic bonding strength; others are partial factors.,Periodic Trends,Hard,Chemistry,Fundamental Concepts
"Which halogen, contrary to its group trend, cannot oxidize fluorine ions in solution?",Chlorine,Bromine,Iodine,Fluorine,D,Fluorine is the strongest oxidizing agent; others oxidize halides.,Redox Series,Medium,Chemistry,Fundamental Concepts
A solution of a metal's sulfate is less soluble than calcium sulfate. Which metal's sulfate follows this anomalous trend?,Lithium,Sodium,Barium,Potassium,C,Barium sulfate's lattice energy is too high for hydration; others are soluble.,Solubility Anomalies,Hard,Chemistry,Fundamental Concepts
