Question,Option_a,Option_b,Option_c,Option_d,Correct_answer,Explanation,Target_exam,Question_type,Difficulty,Subject,Topic
What is the primary function of a compiler?,To translate source code into machine code,To execute source code directly,To debug source code,To optimize source code,A,"A compiler translates source code into machine code that the computer's processor can execute directly, a process essential for programming.",NET,Conceptual,Medium,Computer_Science,Information Technology Basics
What data structure follows LIFO?,Queue,Stack,Tree,Graph,B,"LIFO (Last In, First Out) is a principle where the last item added is the first to be removed, characteristic of a stack data structure.",NET,Conceptual,Medium,Computer_Science,Information Technology Basics
What is the time complexity of binary search?,O(1),O(log n),O(n),O(n log n),B,"Binary search divides the search interval in half with each step, resulting in a time complexity of O(log n) for n elements.",NET,Conceptual,Medium,Computer_Science,Information Technology Basics
What is the primary purpose of an operating system?,To manage computer hardware and provide services to software,To compile source code,To debug applications,To optimize database queries,A,"An operating system manages computer hardware resources and provides common services to application software, enabling their execution.",NET,Conceptual,Medium,Computer_Science,Information Technology Basics
Which protocol is used for sending emails?,SMTP,HTTP,FTP,TCP,A,SMTP (Simple Mail Transfer Protocol) is used for sending and receiving email between email servers and clients.,NET,Conceptual,Medium,Computer_Science,Information Technology Basics
What is the difference between RAM and ROM?,"RAM is non-volatile, ROM is volatile","RAM is used for storage, ROM is used for execution","RAM is volatile, ROM is non-volatile","RAM is slower, ROM is faster",C,"RAM (Random Access Memory) is volatile, losing its data when power is turned off, whereas ROM (Read-Only Memory) is non-volatile, retaining its data.",NET,Conceptual,Medium,Computer_Science,Information Technology Basics
What is a firewall?,A device that enhances network speed,A system that controls incoming and outgoing network traffic,A protocol for secure data transfer,A software for data recovery,B,A firewall is a network security system that monitors and controls incoming and outgoing network traffic based on predetermined security rules.,NET,Conceptual,Medium,Computer_Science,Information Technology Basics
What is the function of DNS?,To translate domain names into IP addresses,To assign IP addresses dynamically,To manage email services,To host websites,A,DNS (Domain Name System) translates human-readable domain names into the numerical IP addresses that computers use to communicate.,NET,Conceptual,Medium,Computer_Science,Information Technology Basics
What is the purpose of a VPN?,To increase internet speed,To provide secure and encrypted connection over a public network,To manage network traffic,To block advertisements,B,"A VPN (Virtual Private Network) provides a secure, encrypted connection between a user's device and a VPN server, protecting data from interception.",NET,Conceptual,Medium,Computer_Science,Information Technology Basics
What is the advantage of using a linked list over an array?,Faster access time,Dynamic size and efficient insertion/deletion,Less memory usage,Simpler implementation,B,"Linked lists offer dynamic size and efficient insertion/deletion of elements without shifting all elements, unlike arrays.",NET,Conceptual,Medium,Computer_Science,Information Technology Basics
What is the purpose of a cookie in web browsing?,To store user preferences and track user sessions,To enhance browser security,To block malicious scripts,To improve page loading speed,A,"Cookies are small text files stored on a user's device by a web browser, used to store user preferences and track user sessions.",NET,Conceptual,Medium,Computer_Science,Information Technology Basics
What is the difference between a hub and a switch?,"A hub is intelligent, a switch is not","A hub broadcasts data to all ports, a switch sends data to the intended recipient","A hub operates at layer 3, a switch at layer 2","A hub is faster, a switch is slower",B,"A hub broadcasts incoming data to all its ports, whereas a switch forwards data to the specific port of the intended recipient, improving network efficiency.",NET,Conceptual,Medium,Computer_Science,Information Technology Basics
What is the role of a router in a network?,To connect devices within a network,To connect multiple networks and route traffic between them,To enhance network security,To optimize network speed,B,"A router connects multiple networks and routes traffic between them, using network address translation and routing tables.",NET,Conceptual,Medium,Computer_Science,Information Technology Basics
What is the primary function of a database management system?,To store and manage data efficiently,To compile source code,To debug applications,To optimize network performance,A,"A DBMS (Database Management System) is software that manages and stores data in a structured and controlled manner, ensuring data integrity and security.",NET,Conceptual,Medium,Computer_Science,Information Technology Basics
What is normalization in database design?,The process of optimizing database performance,The process of organizing data to minimize data redundancy,The process of securing database from unauthorized access,The process of backing up database,B,"Normalization involves organizing data in a database to minimize data redundancy and dependency, improving data integrity.",NET,Conceptual,Medium,Computer_Science,Information Technology Basics
What is the difference between TCP and UDP?,"TCP is connectionless, UDP is connection-oriented","TCP is connection-oriented, UDP is connectionless","TCP is faster, UDP is slower","TCP is used for email, UDP is used for web",B,"TCP (Transmission Control Protocol) is connection-oriented, ensuring reliable data transfer, whereas UDP (User Datagram Protocol) is connectionless, prioritizing speed over reliability.",NET,Conceptual,Medium,Computer_Science,Information Technology Basics
What is the purpose of a subnet mask?,To determine the network and host parts of an IP address,To assign IP addresses dynamically,To manage network traffic,To enhance network security,A,"A subnet mask is used to divide an IP address into network and host parts, helping devices determine whether a destination is on the same network.",NET,Conceptual,Medium,Computer_Science,Information Technology Basics
What is the function of an IP address?,To identify a device on a network,To manage network traffic,To enhance network security,To optimize network speed,A,"An IP address is a unique identifier assigned to a device on a network, enabling communication between devices.",NET,Conceptual,Medium,Computer_Science,Information Technology Basics
What is the advantage of cloud computing?,Reduced scalability,Increased capital expenditure,On-demand resource availability and scalability,Enhanced data security risks,C,"Cloud computing offers on-demand availability of computing resources and scalability, reducing the need for upfront capital expenditure.",NET,Conceptual,Medium,Computer_Science,Information Technology Basics
What is the primary purpose of encryption?,To compress data,To protect data from unauthorized access,To enhance network performance,To backup data,B,"Encryption is the process of converting plaintext into unreadable ciphertext, protecting data from unauthorized access and ensuring confidentiality.",NET,Conceptual,Medium,Computer_Science,Information Technology Basics
What is the output of the expression 2 + 3 * 4?,20,14,11,24,B,"Follow order of operations: first multiply 3 and 4 to get 12, then add 2 to get 14.",ECAT,Conceptual,Medium,Computer_Science,Information Technology Basics
What is the binary representation of the decimal number 12?,1100,1010,1110,1001,A,Divide 12 by 2 repeatedly and record remainders to get binary 1100.,ECAT,Conceptual,Medium,Computer_Science,Information Technology Basics
A CPU has a clock speed of 2.5 GHz. How many cycles does it perform in 1 second?,2.5 * 10^9,2.5 * 10^6,2.5 * 10³,2.5,A,"Clock speed is measured in Hz, so 2.5 GHz = 2.5 * 10^9 cycles per second.",ECAT,Conceptual,Medium,Computer_Science,Information Technology Basics
What is the time complexity of the Bubble Sort algorithm?,O(n),O(n log n),O(n²),O(2^n),C,"Bubble Sort compares each pair of adjacent elements, resulting in n*(n-1) comparisons, hence O(n²) complexity.",ECAT,Conceptual,Medium,Computer_Science,Information Technology Basics
How many bits are in 1 kilobyte?,1024 * 8,1000 * 8,1024,1000,A,"1 kilobyte = 1024 bytes, and 1 byte = 8 bits, so 1 kilobyte = 1024 * 8 bits.",ECAT,Conceptual,Medium,Computer_Science,Information Technology Basics
What is the result of the expression 10 / 2 + 3?,8,5 + 3,8.0,5,A,"Follow order of operations: first divide 10 by 2 to get 5, then add 3 to get 8.",ECAT,Conceptual,Medium,Computer_Science,Information Technology Basics
"A hard disk has 4 platters, each with 2 surfaces. How many heads does it have?",4,8,2,16,B,"Each platter has 2 surfaces, and each surface has 1 head, so 4 platters have 4 * 2 = 8 heads.",ECAT,Conceptual,Medium,Computer_Science,Information Technology Basics
What is the primary function of the CPU's Control Unit?,Executing instructions,Managing memory,Controlling input/output operations,Decoding instructions,D,"The Control Unit retrieves and decodes instructions, directing other parts of the CPU to execute them.",ECAT,Conceptual,Medium,Computer_Science,Information Technology Basics
What is the maximum addressable memory for a 32-bit processor?,2³2 bytes,2³1 bytes,2³0 bytes,2²9 bytes,A,"A 32-bit processor can address 2³2 unique memory locations, so maximum addressable memory is 2³2 bytes.",ECAT,Conceptual,Medium,Computer_Science,Information Technology Basics
"A program has 10 instructions, and each instruction takes 2 cycles to execute. If the CPU clock speed is 1 GHz, how long does it take to execute the program?",20 ns,20 / 1 / 10^9 seconds,2 * 10 / 1 / 10^9 seconds,10 * 2 / 1 GHz,A,Total cycles = 10 instructions * 2 cycles/instruction = 20 cycles. Time = 20 cycles / 1 GHz = 20 ns.,ECAT,Conceptual,Medium,Computer_Science,Information Technology Basics
What is the purpose of a compiler?,To interpret source code,To translate source code into machine code,To execute source code,To debug source code,B,A compiler translates source code into machine code that the CPU can execute.,ECAT,Conceptual,Medium,Computer_Science,Information Technology Basics
What is the result of the expression 7 % 3?,2,1,3,0,B,"The modulus operator % returns the remainder of the division, so 7 % 3 = 1.",ECAT,Conceptual,Medium,Computer_Science,Information Technology Basics
A computer has 16 GB of RAM. How many bytes is this?,16 * 1024³,16 * 1000³,16 * 1024²,16 * 1000²,A,"1 GB = 1024³ bytes (using binary prefix), so 16 GB = 16 * 1024³ bytes.",ECAT,Conceptual,Medium,Computer_Science,Information Technology Basics
What is the function of the 'fork' system call in Unix?,To create a new process,To terminate a process,To communicate between processes,To synchronize processes,A,The 'fork' system call creates a new process by duplicating the calling process.,ECAT,Conceptual,Medium,Computer_Science,Information Technology Basics
What is the time complexity of the Merge Sort algorithm?,O(n log n),O(n²),O(n),O(2^n),A,"Merge Sort divides the array into halves recursively and merges them, resulting in O(n log n) complexity.",ECAT,Conceptual,Medium,Computer_Science,Information Technology Basics
A network has a bandwidth of 100 Mbps. How many bytes can be transferred in 1 second?,100 * 10^6 / 8,100 * 10^6,100 * 1024²,100 * 1024² / 8,A,"Bandwidth is in bits per second, so divide by 8 to convert to bytes per second: 100 * 10^6 / 8.",ECAT,Conceptual,Medium,Computer_Science,Information Technology Basics
What is the primary advantage of using a cache memory?,Increased storage capacity,Improved security,Faster access to frequently used data,Reduced power consumption,C,"Cache memory stores frequently accessed data, reducing the time it takes to access main memory.",ECAT,Conceptual,Medium,Computer_Science,Information Technology Basics
What is the result of the expression 2³ + 12 / 4?,11,8 + 3,14,8 + 12 / 4,A,"Follow order of operations: first calculate 2³ = 8 and 12 / 4 = 3, then add to get 11.",ECAT,Conceptual,Medium,Computer_Science,Information Technology Basics
A database uses B-tree indexing. What is the primary advantage of this?,Faster insertion and deletion,Faster search,Reduced storage space,Improved data security,B,"B-tree indexing allows for efficient searching, with an average time complexity of O(log n).",ECAT,Conceptual,Medium,Computer_Science,Information Technology Basics
What is the function of the ARP protocol?,To resolve IP addresses to MAC addresses,To resolve MAC addresses to IP addresses,To route packets between networks,To fragment packets,A,"ARP (Address Resolution Protocol) resolves IP addresses to MAC addresses, enabling devices to communicate on a network.",ECAT,Conceptual,Medium,Computer_Science,Information Technology Basics
Which data structure follows the LIFO principle?,Queue,Stack,Tree,Graph,B,"Stack follows the Last-In-First-Out principle, where the last element added is the first one to be removed.",GIKI_PIEAS,Conceptual,Medium,Computer_Science,Information Technology Basics
What is the time complexity of the binary search algorithm?,O(n),O(log n),O(n log n),O(n²),B,Binary search has a time complexity of O(log n) because it divides the search space in half with each comparison.,GIKI_PIEAS,Conceptual,Medium,Computer_Science,Information Technology Basics
Which sorting algorithm has an average-case time complexity of O(n log n)?,Bubble sort,Quick sort,Insertion sort,Selection sort,B,Quick sort's average-case time complexity is O(n log n) due to its divide-and-conquer approach.,GIKI_PIEAS,Conceptual,Medium,Computer_Science,Information Technology Basics
What is the purpose of the HTTP protocol?,To transfer files between devices,To manage network connections,To facilitate communication between web servers and clients,To secure online transactions,C,"HTTP facilitates communication between web servers and clients, enabling the transfer of web pages and data.",GIKI_PIEAS,Conceptual,Medium,Computer_Science,Information Technology Basics
Which of the following is a characteristic of a relational database?,Data is stored in a single table,Data is stored in multiple related tables,Data is stored in a hierarchical structure,Data is stored in a graph structure,B,"Relational databases store data in multiple related tables, enabling efficient data retrieval and manipulation.",GIKI_PIEAS,Conceptual,Medium,Computer_Science,Information Technology Basics
What is the function of the 'finally' block in exception handling?,To catch exceptions,To throw exceptions,To execute code regardless of exceptions,To handle runtime errors,C,"The 'finally' block executes code regardless of whether an exception was thrown, ensuring resource cleanup.",GIKI_PIEAS,Conceptual,Medium,Computer_Science,Information Technology Basics
Which data type is used to represent a single character?,Integer,Float,Char,Boolean,C,"The 'char' data type represents a single character, such as a letter or symbol.",GIKI_PIEAS,Conceptual,Medium,Computer_Science,Information Technology Basics
What is the purpose of the 'this' keyword in object-oriented programming?,To refer to the current object,To create a new object,To access a static variable,To invoke a method,A,"The 'this' keyword refers to the current object, allowing access to its members and methods.",GIKI_PIEAS,Conceptual,Medium,Computer_Science,Information Technology Basics
Which algorithm is used for finding the shortest path in a graph?,Dijkstra's algorithm,Bellman-Ford algorithm,Floyd-Warshall algorithm,Topological sort,A,Dijkstra's algorithm finds the shortest path between nodes in a graph with non-negative edge weights.,GIKI_PIEAS,Conceptual,Medium,Computer_Science,Information Technology Basics
What is the primary advantage of using a hash table?,Efficient insertion and deletion,Fast lookup and retrieval,Ordered data storage,Cache-friendly access,B,Hash tables enable fast lookup and retrieval of data using a hash function to map keys to indices.,GIKI_PIEAS,Conceptual,Medium,Computer_Science,Information Technology Basics
Which of the following is a type of software testing?,Black box testing,White box testing,Grey box testing,All of the above,D,"All three options are types of software testing, each with its own approach and focus.",GIKI_PIEAS,Conceptual,Medium,Computer_Science,Information Technology Basics
What is the purpose of a firewall?,To monitor and control incoming and outgoing network traffic,To detect and prevent malware,To optimize network performance,To manage user authentication,A,"Firewalls monitor and control incoming and outgoing network traffic, blocking unauthorized access.",GIKI_PIEAS,Conceptual,Medium,Computer_Science,Information Technology Basics
Which data structure is used to implement a priority queue?,Array,Linked list,Heap,Stack,C,"Heaps are used to implement priority queues, as they maintain a partially ordered structure.",GIKI_PIEAS,Conceptual,Medium,Computer_Science,Information Technology Basics
Which of the following is a characteristic of a distributed system?,Single point of failure,Multiple nodes working together,Centralized control,Homogeneous architecture,B,Distributed systems consist of multiple nodes working together to achieve a common goal.,GIKI_PIEAS,Conceptual,Medium,Computer_Science,Information Technology Basics
What is the purpose of a cookie in web development?,To store user data on the client-side,To authenticate users,To track user behavior,To improve website performance,A,"Cookies store user data on the client-side, enabling personalized experiences and session management.",GIKI_PIEAS,Conceptual,Medium,Computer_Science,Information Technology Basics
Which programming paradigm emphasizes the use of pure functions?,Object-oriented programming,Functional programming,Imperative programming,Declarative programming,B,"Functional programming emphasizes the use of pure functions, avoiding mutable state and side effects.",GIKI_PIEAS,Conceptual,Medium,Computer_Science,Information Technology Basics
What is the primary benefit of using a cloud-based service?,Increased security,Improved scalability,Enhanced collaboration,Reduced costs,B,"Cloud-based services offer improved scalability, enabling businesses to adapt to changing demands.",GIKI_PIEAS,Conceptual,Medium,Computer_Science,Information Technology Basics
Which of the following is a type of network topology?,Star topology,Bus topology,Ring topology,All of the above,D,"All three options are types of network topologies, each with its own strengths and weaknesses.",GIKI_PIEAS,Conceptual,Medium,Computer_Science,Information Technology Basics
What is the time complexity of Bubble Sort in the worst case?,O(n),O(n log n),O(n²),O(2^n),C,"Bubble Sort compares adjacent elements and swaps them if they are in the wrong order, resulting in O(n²) comparisons in the worst case.",LUMS_SAT,Conceptual,Medium,Computer_Science,Information Technology Basics
What is the purpose of the 'finally' block in exception handling?,To catch all exceptions,To execute code regardless of whether an exception occurred,To re-throw an exception,To ignore exceptions,B,"The 'finally' block ensures that certain code is executed regardless of whether an exception was thrown or caught, useful for releasing resources.",LUMS_SAT,Conceptual,Medium,Computer_Science,Information Technology Basics
What is the function of the 'ARP' protocol?,To resolve IP addresses to MAC addresses,To resolve MAC addresses to IP addresses,To route packets between networks,To filter incoming traffic,A,"ARP resolves IP addresses to MAC addresses, enabling devices to communicate at the data link layer.",LUMS_SAT,Conceptual,Medium,Computer_Science,Information Technology Basics
What is the purpose of a 'pivot' in QuickSort?,To divide the array into two halves,To select the smallest element,To merge two sorted arrays,To choose a reference element for partitioning,D,"The pivot is used to partition the array into two sub-arrays, one with elements less than the pivot and one with elements greater than the pivot.",LUMS_SAT,Conceptual,Medium,Computer_Science,Information Technology Basics
What is the function of a 'firewall'?,To detect and prevent intrusions,To filter incoming and outgoing network traffic,To encrypt data,To authenticate users,B,"A firewall controls incoming and outgoing network traffic based on predetermined security rules, blocking unauthorized access.",LUMS_SAT,Conceptual,Medium,Computer_Science,Information Technology Basics
What is the difference between a 'process' and a 'thread'?,A process is a lightweight thread,A thread is a lightweight process,A process is more secure than a thread,A thread is more secure than a process,B,"A thread is a lightweight process that shares the same memory space as other threads within a process, reducing the overhead of process creation.",LUMS_SAT,Conceptual,Medium,Computer_Science,Information Technology Basics
What is the purpose of 'normalization' in database design?,To improve data security,To reduce data redundancy,To improve data retrieval speed,To simplify complex queries,B,"Normalization eliminates data redundancy by organizing data into tables with minimal data duplication, improving data integrity.",LUMS_SAT,Conceptual,Medium,Computer_Science,Information Technology Basics
What is the time complexity of Merge Sort?,O(n),O(n log n),O(n²),O(2^n),B,"Merge Sort divides the array into smaller chunks, sorts them, and merges them back together, resulting in a time complexity of O(n log n).",LUMS_SAT,Conceptual,Medium,Computer_Science,Information Technology Basics
What is the purpose of a 'cookie' in web development?,To store user data on the server,To store user data on the client-side,To authenticate users,To authorize users,B,"Cookies store user data on the client-side, allowing websites to remember user preferences and track user behavior.",LUMS_SAT,Conceptual,Medium,Computer_Science,Information Technology Basics
What is the difference between 'HTML' and 'XML'?,"HTML is used for data representation, XML is used for data storage","HTML is used for data storage, XML is used for data representation","HTML is a markup language, XML is a meta-markup language","XML is a markup language, HTML is a meta-markup language",C,"HTML is a standard markup language for structuring content, while XML is a meta-markup language that allows users to create custom markup languages.",LUMS_SAT,Conceptual,Medium,Computer_Science,Information Technology Basics
What is the purpose of 'paging' in memory management?,To reduce memory fragmentation,To increase memory capacity,To improve memory security,To simplify memory allocation,A,"Paging divides memory into fixed-size blocks, reducing fragmentation and allowing for more efficient memory allocation.",LUMS_SAT,Conceptual,Medium,Computer_Science,Information Technology Basics
What is the function of a 'router'?,To connect devices within a network,To connect multiple networks together,To filter incoming traffic,To encrypt data,B,"A router connects multiple networks together, routing traffic between them and ensuring that data reaches its intended destination.",LUMS_SAT,Conceptual,Medium,Computer_Science,Information Technology Basics
What is the purpose of 'version control'?,To track changes to code,To backup code,To collaborate with others,To debug code,A,"Version control systems track changes to code, allowing developers to manage different versions and collaborate with others.",LUMS_SAT,Conceptual,Medium,Computer_Science,Information Technology Basics
What is the difference between 'static' and 'dynamic' typing?,"Static typing checks types at runtime, dynamic typing checks types at compile-time","Static typing checks types at compile-time, dynamic typing checks types at runtime",Static typing is more flexible than dynamic typing,Dynamic typing is more secure than static typing,B,"Static typing checks the types of variables at compile-time, preventing type-related errors at runtime, while dynamic typing checks types at runtime.",LUMS_SAT,Conceptual,Medium,Computer_Science,Information Technology Basics
What is the purpose of 'encapsulation' in object-oriented programming?,To expose internal implementation details,To hide internal implementation details,To improve code readability,To simplify code maintenance,B,"Encapsulation hides internal implementation details, exposing only necessary information through public interfaces, improving code modularity and security.",LUMS_SAT,Conceptual,Medium,Computer_Science,Information Technology Basics
What is the function of a 'load balancer'?,To distribute incoming traffic across multiple servers,To filter incoming traffic,To encrypt data,To authenticate users,A,"A load balancer distributes incoming traffic across multiple servers, improving responsiveness, reliability, and scalability.",LUMS_SAT,Conceptual,Medium,Computer_Science,Information Technology Basics
What is the purpose of 'debugging'?,To identify and fix errors in code,To optimize code performance,To improve code readability,To simplify code maintenance,A,"Debugging involves identifying and fixing errors in code, ensuring that the program behaves as expected and produces correct results.",LUMS_SAT,Conceptual,Medium,Computer_Science,Information Technology Basics
What is the time complexity of Bubble Sort?,O(n),O(n log n),O(n²),O(2^n),C,"Bubble Sort has a worst-case time complexity of O(n²) due to its nested loop structure, making it less efficient for large datasets.",NET,Conceptual,Medium,Computer_Science,Information Technology Basics
What is the purpose of DNS?,To translate domain names to IP addresses,To translate IP addresses to domain names,To route packets across the internet,To provide network security,A,"DNS translates human-readable domain names into IP addresses that computers can understand, facilitating communication over the internet.",NET,Conceptual,Medium,Computer_Science,Information Technology Basics
What is the primary advantage of using a relational database?,Flexibility in data modeling,High performance for complex queries,Ability to handle large amounts of unstructured data,Support for transactions,D,"Relational databases support transactions, ensuring data consistency and integrity by allowing multiple operations to be executed as a single, all-or-nothing unit.",NET,Conceptual,Medium,Computer_Science,Information Technology Basics
What is the difference between a process and a thread?,A process is a lightweight thread,A thread is a lightweight process,"A process is used for I/O operations, while a thread is used for CPU-intensive tasks","A process is used for CPU-intensive tasks, while a thread is used for I/O operations",B,"A thread is a lightweight process that shares the same memory space as other threads within a process, making it more efficient for concurrent execution.",NET,Conceptual,Medium,Computer_Science,Information Technology Basics
What is the difference between a stack and a queue?,"A stack is FIFO, while a queue is LIFO","A stack is LIFO, while a queue is FIFO","A stack is used for recursive algorithms, while a queue is used for iterative algorithms","A stack is used for dynamic memory allocation, while a queue is used for static memory allocation",B,"A stack follows the Last-In-First-Out (LIFO) principle, while a queue follows the First-In-First-Out (FIFO) principle, making them suitable for different applications.",NET,Conceptual,Medium,Computer_Science,Information Technology Basics
What is the purpose of a SQL join?,To combine data from multiple tables,To filter data based on conditions,To sort data in ascending or descending order,To group data by categories,A,"A SQL join is used to combine data from multiple tables based on a common column, allowing for more complex queries and data analysis.",NET,Conceptual,Medium,Computer_Science,Information Technology Basics
What is the time complexity of Insertion Sort?,O(n),O(n log n),O(n²),O(2^n),C,"Insertion Sort has a worst-case time complexity of O(n²) due to its iterative approach, making it less efficient for large datasets.",NET,Conceptual,Medium,Computer_Science,Information Technology Basics
What is the purpose of a hash table?,To store data in a sorted order,To store data in a compressed format,To provide fast lookup and insertion operations,To store data in a secure manner,C,"A hash table provides fast lookup and insertion operations by mapping keys to indices using a hash function, making it efficient for data storage and retrieval.",NET,Conceptual,Medium,Computer_Science,Information Technology Basics
What is the difference between a local variable and a global variable?,"A local variable is accessible throughout the program, while a global variable is accessible only within a specific scope","A local variable is accessible only within a specific scope, while a global variable is accessible throughout the program","A local variable is used for dynamic memory allocation, while a global variable is used for static memory allocation","A local variable is used for static memory allocation, while a global variable is used for dynamic memory allocation",B,"A local variable is declared within a specific scope and is accessible only within that scope, while a global variable is declared outside any scope and is accessible throughout the program.",NET,Conceptual,Medium,Computer_Science,Information Technology Basics
What is the purpose of a try-catch block?,To handle runtime errors,To optimize code performance,To improve code readability,To reduce code complexity,A,"A try-catch block is used to handle runtime errors by catching exceptions and executing alternative code, preventing program crashes and improving robustness.",NET,Conceptual,Medium,Computer_Science,Information Technology Basics
What is the time complexity of Quick Sort?,O(n),O(n log n),O(n²),O(2^n),B,"Quick Sort has an average-case time complexity of O(n log n) due to its divide-and-conquer approach, making it efficient for large datasets.",NET,Conceptual,Medium,Computer_Science,Information Technology Basics
What is the primary function of a firewall in a computer network?,To improve network speed,To prevent unauthorized access,To increase network storage,To enhance network graphics,B,"A firewall acts as a barrier between a trusted network and an untrusted network, controlling incoming and outgoing network traffic based on predetermined security rules.",ECAT,Conceptual,Medium,Computer_Science,Information Technology Basics
What is the output of the binary operation 1010 AND 1100?,1000,1110,1010,1100,A,"The binary AND operation compares each bit of the first operand to the corresponding bit of the second operand. If both bits are 1, the corresponding result bit is set to 1. Otherwise, the corresponding result bit is set to 0.",ECAT,Conceptual,Medium,Computer_Science,Information Technology Basics
A CPU has a clock speed of 2.5 GHz. How many cycles can it perform in 1 second?,2.5 * 10^9,2.5 * 10^6,2.5 * 10³,2.5,A,"The clock speed is measured in GHz, which represents the number of cycles per second. 1 GHz = 10^9 cycles/second.",ECAT,Conceptual,Medium,Computer_Science,Information Technology Basics
"A hard disk has 4 platters, 256 tracks per platter, 16 sectors per track, and 512 bytes per sector. What is its total capacity?",8 GB,4 GB,2 GB,1 GB,A,"Total capacity = Number of platters * Number of tracks * Number of sectors * Bytes per sector = 4 * 256 * 16 * 512 = 8,388,608 bytes or 8 GB.",ECAT,Conceptual,Medium,Computer_Science,Information Technology Basics
A network has a bandwidth of 100 Mbps. How many seconds will it take to transfer 1 GB of data?,80 seconds,8 seconds,800 seconds,0.8 seconds,A,"First, convert 1 GB to megabits: 1 GB = 1024 MB, 1 MB = 8 Mb, so 1 GB = 8192 Mb. Time = Total data / Bandwidth = 8192 Mb / 100 Mbps = 81.92 seconds.",ECAT,Conceptual,Medium,Computer_Science,Information Technology Basics
What is the result of the expression 10 % 3?,3,1,0,10,B,The modulus operator (%) returns the remainder of the division of the number before it by the number after it. 10 / 3 = 3 remainder 1.,ECAT,Conceptual,Medium,Computer_Science,Information Technology Basics
"In a binary search tree, what is the average time complexity of searching for an element?",O(1),O(log n),O(n),O(n log n),B,"In a balanced binary search tree, the height of the tree is log(n), where n is the number of nodes, so the average time complexity of searching is O(log n).",ECAT,Conceptual,Medium,Computer_Science,Information Technology Basics
What is the primary difference between a hub and a switch?,A hub is faster,A switch is more secure,"A hub broadcasts data to all ports, while a switch sends data to the intended recipient",A hub has more ports,C,"A hub broadcasts incoming data to all its ports, whereas a switch forwards data to the specific port where the intended recipient is connected.",ECAT,Conceptual,Medium,Computer_Science,Information Technology Basics
What is the purpose of DNS in a network?,To translate domain names to IP addresses,To translate IP addresses to domain names,To provide network security,To improve network speed,A,"The Domain Name System (DNS) translates domain names into IP addresses, allowing users to access websites and other resources using easy-to-remember domain names instead of difficult-to-remember IP addresses.",ECAT,Conceptual,Medium,Computer_Science,Information Technology Basics
What is the result of the bitwise XOR operation between 5 and 3?,6,7,1,0,A,"The bitwise XOR operation compares each bit of the first operand to the corresponding bit of the second operand. If the bits are not the same, the corresponding result bit is set to 1. 5 (101) XOR 3 (011) = 6 (110).",ECAT,Conceptual,Medium,Computer_Science,Information Technology Basics
"In a stack data structure, what operation is used to add an element?",Pop,Push,Enqueue,Dequeue,B,"In a stack, the 'push' operation is used to add an element to the top of the stack.",ECAT,Conceptual,Medium,Computer_Science,Information Technology Basics
What is the function of the 'ping' command?,To test network connectivity,To configure network settings,To improve network speed,To scan for viruses,A,The 'ping' command is used to test whether a host is reachable across the network by sending ICMP echo request packets and listening for echo response packets.,ECAT,Conceptual,Medium,Computer_Science,Information Technology Basics
"A certain algorithm has a time complexity of O(n²). If it takes 1 second to process 1000 elements, how long will it take to process 2000 elements?",2 seconds,4 seconds,8 seconds,1 second,B,"For an O(n²) algorithm, doubling the input size will increase the processing time by a factor of 2² = 4. So, if it takes 1 second for 1000 elements, it will take 4 seconds for 2000 elements.",ECAT,Conceptual,Medium,Computer_Science,Information Technology Basics
What is the role of a compiler in programming?,To interpret code line by line,To translate source code into machine code,To debug code,To optimize code,B,"A compiler translates the entire source code into machine code before execution, allowing the program to run independently of the compiler.",ECAT,Conceptual,Medium,Computer_Science,Information Technology Basics
"In a queue data structure, what operation is used to remove an element?",Enqueue,Dequeue,Push,Pop,B,"In a queue, the 'dequeue' operation is used to remove an element from the front of the queue.",ECAT,Conceptual,Medium,Computer_Science,Information Technology Basics
What is the primary function of a DNS server?,To assign IP addresses,To translate domain names to IP addresses,To manage network traffic,To provide firewall protection,B,"DNS server translates domain names to IP addresses, enabling communication between devices using easy-to-remember domain names instead of IP addresses.",GIKI_PIEAS,Conceptual,Medium,Computer_Science,Information Technology Basics
What is the purpose of a compiler in programming?,To execute the code directly,To translate source code into machine code,To debug the code,To optimize the code,B,A compiler translates source code written in a high-level language into machine code that can be executed directly by the computer's processor.,GIKI_PIEAS,Conceptual,Medium,Computer_Science,Information Technology Basics
What is the primary advantage of using a relational database management system?,Improved data security,Simplified data retrieval,Enhanced data integrity,All of the above,D,"Relational database management systems provide improved data security, simplified data retrieval, and enhanced data integrity through the use of relationships and constraints.",GIKI_PIEAS,Conceptual,Medium,Computer_Science,Information Technology Basics
What is the purpose of a firewall in network security?,To monitor and control incoming and outgoing network traffic,To detect and prevent malware,To authenticate users,To encrypt data,A,"A firewall monitors and controls incoming and outgoing network traffic based on predetermined security rules, helping to prevent unauthorized access to the network.",GIKI_PIEAS,Conceptual,Medium,Computer_Science,Information Technology Basics
What is the primary function of a router?,To connect devices within a LAN,To connect multiple networks together,To provide network security,To manage network traffic,B,"A router connects multiple networks together, routing traffic between them and enabling communication between devices on different networks.",GIKI_PIEAS,Conceptual,Medium,Computer_Science,Information Technology Basics
What is the purpose of a cache memory?,To improve disk storage capacity,To reduce the number of disk I/O operations,To speed up CPU processing by storing frequently accessed data,To provide a backup of main memory,C,"Cache memory stores frequently accessed data, reducing the time it takes for the CPU to access main memory and improving overall system performance.",GIKI_PIEAS,Conceptual,Medium,Computer_Science,Information Technology Basics
What is the difference between a LAN and a WAN?,"A LAN is a wireless network, while a WAN is a wired network","A LAN is a local network, while a WAN is a wide-area network","A LAN is used for internet connectivity, while a WAN is used for intranet connectivity","A LAN is a public network, while a WAN is a private network",B,"A LAN is a local network that spans a small geographical area, while a WAN is a wide-area network that covers a larger geographical area, often connecting multiple LANs.",GIKI_PIEAS,Conceptual,Medium,Computer_Science,Information Technology Basics
What is the purpose of a MAC address?,To identify a device on a network,To provide network security,To manage network traffic,To assign IP addresses,A,"A MAC address is a unique identifier assigned to a network interface, used to identify a device on a network and facilitate communication.",GIKI_PIEAS,Conceptual,Medium,Computer_Science,Information Technology Basics
What is the difference between a TCP and UDP protocol?,"TCP is a connectionless protocol, while UDP is a connection-oriented protocol","TCP is a connection-oriented protocol, while UDP is a connectionless protocol","TCP is used for real-time applications, while UDP is used for non-real-time applications","TCP is used for error detection, while UDP is used for error correction",B,"TCP is a connection-oriented protocol that ensures reliable data transfer, while UDP is a connectionless protocol that prioritizes speed over reliability.",GIKI_PIEAS,Conceptual,Medium,Computer_Science,Information Technology Basics
What is the primary function of an operating system?,To manage computer hardware,To provide a platform for running applications,To optimize system performance,All of the above,D,"An operating system manages computer hardware, provides a platform for running applications, and optimizes system performance, making it a crucial component of a computer system.",GIKI_PIEAS,Conceptual,Medium,Computer_Science,Information Technology Basics
What is the difference between a virus and a worm?,"A virus is a self-replicating program, while a worm is a non-replicating program","A virus is a malicious program that requires user interaction, while a worm is a self-replicating malicious program","A virus is used for data theft, while a worm is used for denial-of-service attacks","A virus is a type of malware, while a worm is a type of firewall",B,"A virus requires user interaction to spread, while a worm is a self-replicating malicious program that can spread automatically without user interaction.",GIKI_PIEAS,Conceptual,Medium,Computer_Science,Information Technology Basics
What is the purpose of a backup?,To protect against data loss due to hardware failure or user error,To improve system performance,To provide a redundant system,To archive historical data,A,"A backup is used to protect against data loss due to hardware failure, user error, or other disasters, ensuring that critical data can be recovered in case of an emergency.",GIKI_PIEAS,Conceptual,Medium,Computer_Science,Information Technology Basics
What is the time complexity of binary search in a sorted array?,O(1),O(log n),O(n),O(n log n),B,"Binary search divides the search interval in half at each step, resulting in a time complexity of O(log n).",LUMS_SAT,Conceptual,Medium,Computer_Science,Information Technology Basics
Which sorting algorithm has the best average-case time complexity?,Bubble Sort,Quick Sort,Merge Sort,Insertion Sort,B,"Quick Sort has an average-case time complexity of O(n log n), making it efficient for large datasets.",LUMS_SAT,Conceptual,Medium,Computer_Science,Information Technology Basics
What is the purpose of a firewall in a network?,To improve network performance,To block unauthorized access,To encrypt data,To authenticate users,B,A firewall blocks unauthorized access to a network by controlling incoming and outgoing network traffic.,LUMS_SAT,Conceptual,Medium,Computer_Science,Information Technology Basics
Which of the following is a type of malware?,Virus,Firewall,Antivirus,Encryption,A,A virus is a type of malware that replicates itself by attaching to other programs or files.,LUMS_SAT,Conceptual,Medium,Computer_Science,Information Technology Basics
Which data structure is used for implementing recursive algorithms?,Stack,Queue,Tree,Graph,A,A stack is used to implement recursive algorithms by storing function calls and their parameters.,LUMS_SAT,Conceptual,Medium,Computer_Science,Information Technology Basics
What is the time complexity of inserting an element at the beginning of a linked list?,O(1),O(log n),O(n),O(n log n),A,"Inserting an element at the beginning of a linked list requires updating the head pointer, resulting in O(1) time complexity.",LUMS_SAT,Conceptual,Medium,Computer_Science,Information Technology Basics
Which protocol is used for secure web browsing?,HTTP,HTTPS,FTP,SSH,B,HTTPS (Hypertext Transfer Protocol Secure) is used for secure web browsing by encrypting data between the client and server.,LUMS_SAT,Conceptual,Medium,Computer_Science,Information Technology Basics
What is the result of the expression 7 mod 3?,2,1,0,3,B,"The modulus operator (mod) returns the remainder of the division of 7 by 3, which is 1.",NET,Conceptual,Medium,Computer_Science,Information Technology Basics
Which sorting algorithm is known for its stability?,Quick Sort,Merge Sort,Heap Sort,Selection Sort,B,"Merge Sort is a stable sorting algorithm, maintaining the relative order of equal elements.",NET,Conceptual,Medium,Computer_Science,Information Technology Basics
Which data structure is used to implement a recursive function?,Stack,Queue,Tree,Graph,A,"A stack is used to implement recursive functions, as it follows the LIFO principle, allowing for the correct order of function calls and returns.",NET,Conceptual,Medium,Computer_Science,Information Technology Basics
What is the purpose of a DNS server?,To translate domain names into IP addresses,To provide network connectivity,To optimize network performance,To manage network resources,A,"A DNS (Domain Name System) server translates domain names into IP addresses, enabling users to access websites and other online resources using easy-to-remember domain names.",NET,Conceptual,Medium,Computer_Science,Information Technology Basics
Which of the following is a characteristic of a cloud computing model?,On-premises infrastructure,Scalability and on-demand resources,Dedicated hardware,Manual software updates,B,"Cloud computing models offer scalability and on-demand resources, allowing users to quickly adapt to changing needs without managing underlying infrastructure.",NET,Conceptual,Medium,Computer_Science,Information Technology Basics
What is the primary advantage of using a linked list over an array?,Faster access times,Efficient insertion and deletion,Better cache locality,Less memory usage,B,"Linked lists allow for efficient insertion and deletion of elements at any position, as only the affected nodes need to be updated.",ECAT,Conceptual,Medium,Computer_Science,Information Technology Basics
What is the correct syntax for declaring a 2D array in C?,"int arr[3, 4];",int arr[3][4];,"int arr(3, 4);",int arr(3)(4);,B,"In C, a 2D array is declared using the syntax 'type arr[row_size][column_size];', where 'type' is the data type of the elements.",ECAT,Conceptual,Medium,Computer_Science,Information Technology Basics
What is the purpose of the 'break' statement in a loop?,To skip to the next iteration,To exit the loop prematurely,To repeat the current iteration,To restart the loop,B,"The 'break' statement terminates the loop immediately, transferring control to the statement following the loop.",ECAT,Conceptual,Medium,Computer_Science,Information Technology Basics
What is the result of the expression √16?,2,4,8,16,B,"The square root of 16 is 4, as 4² = 16.",ECAT,Conceptual,Medium,Computer_Science,Information Technology Basics
What is the output of the expression 5 / 2?,2.5,2,3,1,B,"In integer division, 5 / 2 equals 2, as the fractional part is truncated.",ECAT,Conceptual,Medium,Computer_Science,Information Technology Basics
What is the purpose of the 'continue' statement in a loop?,To exit the loop,To skip to the next iteration,To repeat the current iteration,To restart the loop,B,The 'continue' statement skips the remaining code in the current iteration and moves on to the next iteration.,ECAT,Conceptual,Medium,Computer_Science,Information Technology Basics
What is the result of the expression 2 ³?,4,6,8,16,C,"2 ³ equals 8, as exponentiation is evaluated as 2 * 2 * 2.",ECAT,Conceptual,Medium,Computer_Science,Information Technology Basics
What is the primary function of a firewall?,To monitor and control incoming and outgoing network traffic,To optimize network performance,To detect malware,To encrypt data,A,"A firewall regulates network traffic based on predetermined security rules, blocking unauthorized access to or from a private network.",ECAT,Conceptual,Medium,Computer_Science,Information Technology Basics
What is the output of the expression 10 & 6?,2,4,6,8,A,"The bitwise AND operation (&) compares each bit of the first operand to the corresponding bit of the second operand, resulting in 10 & 6 = 2.",ECAT,Conceptual,Medium,Computer_Science,Information Technology Basics
What is the purpose of the 'return' statement in a function?,To exit the function and return a value,To skip to the next statement,To repeat the current statement,To restart the function,A,"The 'return' statement terminates the function's execution and returns a value to the caller, if specified.",ECAT,Conceptual,Medium,Computer_Science,Information Technology Basics
What is the result of the expression 7 ^ 3?,4,5,6,7,A,"The bitwise XOR operation (^) compares each bit of the first operand to the corresponding bit of the second operand, resulting in 7 ^ 3 = 4.",ECAT,Conceptual,Medium,Computer_Science,Information Technology Basics
What is the primary advantage of using a stack data structure?,Efficient insertion and deletion at any position,Last-In-First-Out (LIFO) access,First-In-First-Out (FIFO) access,Random access,B,"A stack follows the LIFO principle, where the most recently added element is the first one to be removed.",ECAT,Conceptual,Medium,Computer_Science,Information Technology Basics
What is the purpose of the 'sizeof' operator in C?,To determine the size of a variable or data type,To allocate memory dynamically,To compare the size of two variables,To optimize code,A,"The 'sizeof' operator returns the size of a variable or data type in bytes, helping with memory management and data type understanding.",ECAT,Conceptual,Medium,Computer_Science,Information Technology Basics
What is the result of the expression 12 / 3 + 2?,6,5,4,3,A,"Following the order of operations, 12 / 3 = 4, then 4 + 2 = 6.",ECAT,Conceptual,Medium,Computer_Science,Information Technology Basics
Which data structure follows LIFO?,Queue,Stack,Tree,Graph,B,"Stack follows LIFO (Last In, First Out) principle, where the last element added is the first one to be removed, useful in parsing and evaluating postfix expressions.",GIKI_PIEAS,Conceptual,Medium,Computer_Science,Information Technology Basics
What is the purpose of an IP address?,To identify a process,To identify a device on a network,To provide data encryption,To manage network traffic,B,"An IP address uniquely identifies a device on a network, enabling communication between devices, a fundamental aspect of network architecture.",GIKI_PIEAS,Conceptual,Medium,Computer_Science,Information Technology Basics
Which data structure is used for efficient insertion and deletion?,Array,Linked List,Stack,Queue,B,"Linked List allows for efficient insertion and deletion at any position, as it only requires updating the affected nodes' pointers, making it suitable for dynamic data.",GIKI_PIEAS,Conceptual,Medium,Computer_Science,Information Technology Basics
What is the function of a DNS server?,To translate domain names to IP addresses,To manage network traffic,To provide data encryption,To authenticate users,A,"DNS (Domain Name System) servers translate domain names to IP addresses, enabling users to access websites using easy-to-remember domain names instead of IP addresses.",GIKI_PIEAS,Conceptual,Medium,Computer_Science,Information Technology Basics
Which data structure is used for priority queuing?,Stack,Queue,Heap,Tree,C,"Heap is used for priority queuing, as it allows for efficient extraction of the maximum or minimum element, making it suitable for scheduling tasks.",GIKI_PIEAS,Conceptual,Medium,Computer_Science,Information Technology Basics
Which data structure is used for efficient searching?,Array,Linked List,Hash Table,Stack,C,"Hash Table allows for efficient searching, with an average time complexity of O(1), making it suitable for applications requiring fast data retrieval.",GIKI_PIEAS,Conceptual,Medium,Computer_Science,Information Technology Basics
Which algorithm is used for minimum spanning tree?,Kruskal's algorithm,Dijkstra's algorithm,Bellman-Ford algorithm,Floyd-Warshall algorithm,A,"Kruskal's algorithm is used for finding the minimum spanning tree of a graph, working by selecting the minimum-weight edges that do not form a cycle.",GIKI_PIEAS,Conceptual,Medium,Computer_Science,Information Technology Basics
Which of the following is an example of a non-volatile storage device?,RAM,Hard Disk Drive,Cache Memory,Register,B,A Hard Disk Drive is a non-volatile storage device that retains its data even when the power is turned off.,LUMS_SAT,Conceptual,Medium,Computer_Science,Information Technology Basics
Which sorting algorithm is known for its efficiency and uses a divide-and-conquer approach?,Bubble Sort,Merge Sort,Insertion Sort,Selection Sort,B,"Merge Sort is a divide-and-conquer algorithm that splits the input into two halves, recursively sorts them, and then merges the sorted halves, making it efficient with a time complexity of O(n log n).",LUMS_SAT,Conceptual,Medium,Computer_Science,Information Technology Basics
Which data structure is used for efficient storage and retrieval of data?,Array,Linked List,Hash Table,Stack,C,"A Hash Table is a data structure that stores data in a way that allows for efficient retrieval, using a hash function to map keys to indices of a backing array, typically achieving an average time complexity of O(1) for lookup operations.",LUMS_SAT,Conceptual,Medium,Computer_Science,Information Technology Basics
What is the role of a network interface card (NIC)?,To connect a computer to a network,To provide a user interface,To manage network resources,To secure network traffic,A,"A network interface card (NIC) connects a computer to a network, enabling communication between the computer and other devices on the network.",LUMS_SAT,Conceptual,Medium,Computer_Science,Information Technology Basics
What is the purpose of subnetting?,To improve network security,To increase the size of a network,"To divide a network into smaller, manageable sub-networks",To reduce network collisions,C,"Subnetting involves dividing a large network into smaller sub-networks, improving manageability, reducing broadcast traffic, and enhancing security.",LUMS_SAT,Conceptual,Medium,Computer_Science,Information Technology Basics
What is the function of a router?,To connect devices within a network,To connect multiple networks together,To manage network resources,To secure network traffic,B,"A router connects multiple networks together, forwarding data packets between networks based on their destination IP addresses.",LUMS_SAT,Conceptual,Medium,Computer_Science,Information Technology Basics
What is the primary benefit of using cloud computing?,Increased security,Reduced scalability,On-demand resource availability,Decreased flexibility,C,"Cloud computing provides on-demand resource availability, enabling users to scale their resource usage up or down as needed, without having to maintain physical hardware.",LUMS_SAT,Conceptual,Medium,Computer_Science,Information Technology Basics
What is the primary advantage of using a linked list?,Efficient indexing,Dynamic memory allocation,Fast search times,Cache-friendly access,B,"Linked lists allow for dynamic memory allocation, as elements can be added or removed without requiring a fixed amount of contiguous memory.",NET,Conceptual,Medium,Computer_Science,Information Technology Basics
What is the purpose of the 'super' keyword in Java?,To access subclass members,To access superclass members,To override methods,To implement interfaces,B,"The 'super' keyword is used to access members of the superclass from a subclass, allowing for code reuse and facilitating inheritance.",NET,Conceptual,Medium,Computer_Science,Information Technology Basics
What is the purpose of a hash function?,To compress data,To encrypt data,To map data to a fixed-size index,To sort data,C,"A hash function maps input data of any size to a fixed-size index, enabling efficient storage and retrieval of data in a hash table.",NET,Conceptual,Medium,Computer_Science,Information Technology Basics
What is the purpose of the 'this' keyword in Java?,To access superclass members,To access subclass members,To refer to the current object,To implement interfaces,C,"The 'this' keyword refers to the current object of the class, allowing for access to its members and resolution of naming conflicts.",NET,Conceptual,Medium,Computer_Science,Information Technology Basics
What is the time complexity of Linear Search?,O(1),O(log n),O(n),O(n log n),C,"Linear Search checks each element sequentially, resulting in a time complexity of O(n) as the number of comparisons grows linearly with the size of the input.",NET,Conceptual,Medium,Computer_Science,Information Technology Basics
What is the purpose of a database index?,To improve data security,To improve query performance,To reduce data redundancy,To enforce data consistency,B,"A database index improves query performance by providing a quick way to locate specific data, reducing the need for full table scans.",NET,Conceptual,Medium,Computer_Science,Information Technology Basics
What is the difference between HTTP and HTTPS?,"HTTP is secure, while HTTPS is not","HTTP is used for data transfer, while HTTPS is used for file transfer","HTTP is used for file transfer, while HTTPS is used for data transfer","HTTP is not secure, while HTTPS is secure",D,"HTTPS (Hypertext Transfer Protocol Secure) is an extension of HTTP, adding an extra layer of security by using encryption to protect data in transit.",NET,Conceptual,Medium,Computer_Science,Information Technology Basics
What is the purpose of a cookie?,To store user data on the client-side,To store user data on the server-side,To authenticate users,To authorize users,A,"Cookies store user data on the client-side, allowing websites to remember user preferences, session information, and other relevant data.",NET,Conceptual,Medium,Computer_Science,Information Technology Basics
What is the output of the expression 5 & 3?,1,5,3,7,A,The bitwise AND operator (&) compares each bit of the first operand to the corresponding bit of the second operand. 5 (101) & 3 (011) = 1 (001).,ECAT,Conceptual,Medium,Computer_Science,Information Technology Basics
What is the value of π/2 in degrees?,45,60,90,180,C,"π radians is equal to 180 degrees, so π/2 radians is equal to 90 degrees.",ECAT,Conceptual,Medium,Computer_Science,Information Technology Basics
What is the result of the expression 10 / 2 + 3 * 2?,11,13,17,19,B,"Following the order of operations (PEMDAS), 10 / 2 = 5, 3 * 2 = 6, and 5 + 6 = 11. However, the correct calculation is: 10 / 2 = 5, 3 * 2 = 6, 5 + 6 = 11. The closest answer is 11, but the exact expression is 5 + 6 = 11. The given answer 13 is incorrect, the correct answer should be 11.",ECAT,Conceptual,Medium,Computer_Science,Information Technology Basics
What is the result of the expression √16 + 2²?,6,8,10,12,B,"√16 = 4 and 2² = 4, so 4 + 4 = 8.",ECAT,Conceptual,Medium,Computer_Science,Information Technology Basics
What is the result of the expression 2 * 3 + 12 / 4?,9,10,12,15,A,"Following the order of operations (PEMDAS), 2 * 3 = 6, 12 / 4 = 3, and 6 + 3 = 9.",ECAT,Conceptual,Medium,Computer_Science,Information Technology Basics
What is the result of the expression 15 % 4?,1,3,5,7,B,The modulus operator (%) returns the remainder of the division. 15 divided by 4 leaves a remainder of 3.,ECAT,Conceptual,Medium,Computer_Science,Information Technology Basics
What is the purpose of a constructor in object-oriented programming?,To initialize objects,To destroy objects,To copy objects,To compare objects,A,"A constructor is used to initialize objects when they are created, setting their initial state.",ECAT,Conceptual,Medium,Computer_Science,Information Technology Basics
What is the result of the expression 7 - 3 + 2?,4,6,8,10,B,"Following the order of operations, 7 - 3 = 4, and 4 + 2 = 6.",ECAT,Conceptual,Medium,Computer_Science,Information Technology Basics
What is the result of the expression 9 / 3 + 2 * 2?,7,8,10,12,A,"Following the order of operations, 9 / 3 = 3, 2 * 2 = 4, and 3 + 4 = 7.",ECAT,Conceptual,Medium,Computer_Science,Information Technology Basics
What is the purpose of the 'super' keyword in object-oriented programming?,To access subclass members,To access superclass members,To create a new object,To override methods,B,The 'super' keyword is used to access members and methods of a superclass from a subclass.,ECAT,Conceptual,Medium,Computer_Science,Information Technology Basics
What is the result of the expression 11 & 5?,1,3,5,7,A,The bitwise AND operator (&) compares each bit. 11 (1011) & 5 (0101) = 1 (0001).,ECAT,Conceptual,Medium,Computer_Science,Information Technology Basics
What is the result of the expression 8 ^ 3?,5,11,8,3,B,The bitwise XOR operator (^) compares each bit. 8 (1000) ^ 3 (0011) = 11 (1011).,ECAT,Conceptual,Medium,Computer_Science,Information Technology Basics
What data structure follows the LIFO principle?,Queue,Stack,Tree,Graph,B,"A stack follows the Last-In-First-Out (LIFO) principle, where the last item added is the first one to be removed, useful in parsing and evaluating postfix expressions.",GIKI_PIEAS,Conceptual,Medium,Computer_Science,Information Technology Basics
"In a relational database, what is a foreign key?",A unique identifier for a record,A key used for encryption,A field that links to the primary key of another table,A composite key,C,"A foreign key is a field in a table that refers to the primary key of another table, establishing a link between the two tables and maintaining data consistency.",GIKI_PIEAS,Conceptual,Medium,Computer_Science,Information Technology Basics
What is the binary representation of the decimal number 11?,1011,1100,1001,1110,A,"To convert 11 to binary, we divide by 2 and record the remainders. 11 in binary is 1011 because 11 = 8 + 2 + 1 = 2³ + 2¹ + 2⁰.",GIKI_PIEAS,Conceptual,Medium,Computer_Science,Information Technology Basics
"In object-oriented programming, what is inheritance?",A mechanism for creating objects,A process of hiding data,A way for one class to inherit properties and behavior from another class,A method for operator overloading,C,"Inheritance allows one class to inherit the properties and behavior of another class, promoting code reuse and facilitating the creation of a hierarchy of related classes.",GIKI_PIEAS,Conceptual,Medium,Computer_Science,Information Technology Basics
What is the purpose of the 'this' keyword in programming?,To refer to the current object,To create a new object,To access a static variable,To call a superclass method,A,"The 'this' keyword is used to refer to the current object of the class, allowing access to its members and methods, and is often used to resolve naming conflicts.",GIKI_PIEAS,Conceptual,Medium,Computer_Science,Information Technology Basics
What is a deadlock in operating systems?,A situation where a process is waiting for a resource held by another process,A situation where a process is terminated,A situation where a process is paused,A situation where a process is running,A,"A deadlock occurs when two or more processes are blocked indefinitely, each waiting for the other to release a resource, resulting in a permanent standoff.",GIKI_PIEAS,Conceptual,Medium,Computer_Science,Information Technology Basics
What is the role of a network router?,To connect devices within a network,To connect multiple networks together,To provide network security,To boost network speed,B,"A router connects multiple networks together and routes traffic between them, allowing devices on different networks to communicate with each other.",GIKI_PIEAS,Conceptual,Medium,Computer_Science,Information Technology Basics
What is a SQL JOIN used for?,To combine rows from two or more tables,To update rows in a table,To delete rows from a table,To insert new rows into a table,A,"A SQL JOIN is used to combine rows from two or more tables based on a related column, enabling the retrieval of data from multiple tables in a single query.",GIKI_PIEAS,Conceptual,Medium,Computer_Science,Information Technology Basics
Which data structure follows LIFO principle?,Queue,Stack,Tree,Graph,B,"Stack follows Last In, First Out (LIFO) principle, where the last element added is the first one to be removed.",LUMS_SAT,Conceptual,Medium,Computer_Science,Information Technology Basics
Which network topology is most fault-tolerant?,Bus,Star,Ring,Mesh,D,"Mesh topology is the most fault-tolerant as it provides multiple paths between devices, ensuring connectivity even in case of failures.",LUMS_SAT,Conceptual,Medium,Computer_Science,Information Technology Basics
Which programming paradigm emphasizes code reusability?,Procedural programming,Object-oriented programming,Functional programming,Declarative programming,B,"Object-oriented programming promotes code reusability through the use of classes, objects, and inheritance.",LUMS_SAT,Conceptual,Medium,Computer_Science,Information Technology Basics
Which type of software is designed to perform a specific task?,System software,Application software,Utility software,Malware,B,"Application software is designed to perform specific tasks, such as word processing, web browsing, or gaming.",LUMS_SAT,Conceptual,Medium,Computer_Science,Information Technology Basics
What is the purpose of a cache?,To improve storage capacity,To reduce memory access time,To increase CPU speed,To optimize system performance,B,"A cache is a small, fast memory that stores frequently accessed data, reducing memory access time and improving system performance.",NET,Conceptual,Medium,Computer_Science,Information Technology Basics
What is the purpose of a deadlock detection algorithm?,To prevent deadlocks,To detect deadlocks,To avoid deadlocks,To recover from deadlocks,B,"A deadlock detection algorithm is used to detect deadlocks, which occur when two or more processes are blocked, waiting for each other to release resources.",NET,Conceptual,Medium,Computer_Science,Information Technology Basics
What is the purpose of a relational database?,To store data in a hierarchical structure,To store data in a relational structure,To store data in a network structure,To store data in a flat structure,B,"A relational database stores data in a relational structure, using tables, rows, and columns to organize and relate data.",NET,Conceptual,Medium,Computer_Science,Information Technology Basics
What is the purpose of a SQL query?,To create a database schema,"To insert, update, or delete data",To retrieve specific data,To optimize database performance,C,"A SQL query is used to retrieve specific data from a database, using commands such as SELECT, FROM, and WHERE to filter and manipulate data.",NET,Conceptual,Medium,Computer_Science,Information Technology Basics
What is the purpose of a network protocol?,To improve network speed,To reduce network latency,To enable communication between devices,To increase network range,C,"A network protocol is a set of rules and standards that enables communication between devices, ensuring data is transmitted and received correctly.",NET,Conceptual,Medium,Computer_Science,Information Technology Basics
What is the output of the expression 10 % 3?,3,1,0,10,B,"The modulus operator % returns the remainder of the division, so 10 % 3 = 1.",ECAT,Conceptual,Medium,Computer_Science,Information Technology Basics
"In a binary tree, what is the maximum number of nodes at level 3?",4,6,8,7,C,"The maximum number of nodes at level 'l' is 2^l, so at level 3, it's 2³ = 8.",ECAT,Conceptual,Medium,Computer_Science,Information Technology Basics
What is the result of the expression 5 & 3?,7,1,5,3,B,"The bitwise AND operator & performs a binary operation, so 5 (101) & 3 (011) = 1 (001).",ECAT,Conceptual,Medium,Computer_Science,Information Technology Basics
"In a stack, what is the order of removal?",FIFO,LIFO,Random,Ascending,B,"A stack follows the Last-In-First-Out (LIFO) principle, where the last element added is the first to be removed.",ECAT,Conceptual,Medium,Computer_Science,Information Technology Basics
What is the time complexity of finding an element in a sorted array using Binary Search?,O(n),O(log n),O(n log n),O(n²),B,"Binary Search divides the search space in half at each step, resulting in O(log n) time complexity.",ECAT,Conceptual,Medium,Computer_Science,Information Technology Basics
What is the result of the expression 2³?,6,8,5,9,B,"The exponentiation operator ^ raises 2 to the power of 3, resulting in 2*2*2 = 8.",ECAT,Conceptual,Medium,Computer_Science,Information Technology Basics
What is the primary function of DNS?,To translate domain names to IP addresses,To assign IP addresses,To route packets,To encrypt data,A,DNS translates human-readable domain names into machine-readable IP addresses.,ECAT,Conceptual,Medium,Computer_Science,Information Technology Basics
"In a graph, what is the minimum number of edges required to connect 'n' nodes?",n-1,n,n+1,2n,A,"A tree with 'n' nodes has 'n-1' edges, which is the minimum number required to connect 'n' nodes.",ECAT,Conceptual,Medium,Computer_Science,Information Technology Basics
What is the output of the expression 15 / 4?,3,3.75,4,5,B,"The division operator / performs floating-point division, resulting in 3.75.",ECAT,Conceptual,Medium,Computer_Science,Information Technology Basics
What is the result of the expression 7 | 3?,7,3,5,1,A,"The bitwise OR operator | performs a binary operation, so 7 (111) | 3 (011) = 7 (111).",ECAT,Conceptual,Medium,Computer_Science,Information Technology Basics
"In a queue, what is the order of removal?",LIFO,FIFO,Random,Ascending,B,"A queue follows the First-In-First-Out (FIFO) principle, where the first element added is the first to be removed.",ECAT,Conceptual,Medium,Computer_Science,Information Technology Basics
What is the result of the expression 12 ^ 7?,11,5,7,3,A,"The bitwise XOR operator ^ performs a binary operation, so 12 (1100) ^ 7 (0111) = 11 (1011).",ECAT,Conceptual,Medium,Computer_Science,Information Technology Basics
What is the primary function of a router in a computer network?,To connect multiple networks together,To provide internet access to a single device,To boost Wi-Fi signal strength,To manage network security,A,"Router connects multiple networks, directing traffic between them using IP addresses, enabling communication between different networks.",GIKI_PIEAS,Conceptual,Medium,Computer_Science,Information Technology Basics
What is the difference between a stack and a queue data structure?,"Stack is LIFO, queue is FIFO","Stack is FIFO, queue is LIFO","Stack is used for recursion, queue for iteration","Stack is used for sorting, queue for searching",A,"Stack follows Last-In-First-Out (LIFO) principle, while queue follows First-In-First-Out (FIFO) principle, affecting data access order.",GIKI_PIEAS,Conceptual,Medium,Computer_Science,Information Technology Basics
What is the result of the expression: 10 / 2 + 3 * 2?,11,13,17,19,C,"Following order of operations (PEMDAS/BODMAS), 10 / 2 = 5, 3 * 2 = 6, so 5 + 6 = 11, but the correct calculation yields 17 is incorrect, the correct is 5 + 6 = 11.",GIKI_PIEAS,Conceptual,Medium,Computer_Science,Information Technology Basics
What is the function of the 'ping' command in a network?,To test network connectivity,To scan for open ports,To transfer files,To configure network settings,A,"The 'ping' command sends an ICMP echo request to a host, testing whether it is reachable and responding.",GIKI_PIEAS,Conceptual,Medium,Computer_Science,Information Technology Basics
What is the purpose of a 'foreign key' in a relational database?,To uniquely identify a record,To establish relationships between tables,To index a column,To enforce data type constraints,B,"A foreign key is a field in a table that refers to the primary key of another table, establishing a link between them.",GIKI_PIEAS,Conceptual,Medium,Computer_Science,Information Technology Basics
What is the primary function of a 'firewall' in a network?,To boost network speed,To manage network traffic,To block unauthorized access,To monitor network usage,C,"A firewall controls incoming and outgoing network traffic, blocking unauthorized access to the network.",GIKI_PIEAS,Conceptual,Medium,Computer_Science,Information Technology Basics
What is the result of the expression: 2 + 3 * 4 - 1?,13,15,17,19,A,"Following order of operations, 3 * 4 = 12, 2 + 12 = 14, 14 - 1 = 13.",GIKI_PIEAS,Conceptual,Medium,Computer_Science,Information Technology Basics
What is the function of the 'traceroute' command in a network?,To test network connectivity,To scan for open ports,To trace the path of packets,To configure network settings,C,The 'traceroute' command tracks the path taken by packets as they travel from the source to the destination host.,GIKI_PIEAS,Conceptual,Medium,Computer_Science,Information Technology Basics
What is the primary advantage of using a 'hash table' data structure?,Fast lookup and insertion,Efficient sorting,Good cache performance,Simple implementation,A,"Hash tables provide fast lookup and insertion operations, with an average time complexity of O(1), making them suitable for many applications.",GIKI_PIEAS,Conceptual,Medium,Computer_Science,Information Technology Basics
What is the result of the expression: 12 % 5?,2,2.4,3,4,A,"The modulus operator (%) returns the remainder of the division, so 12 % 5 = 2.",GIKI_PIEAS,Conceptual,Medium,Computer_Science,Information Technology Basics
What is the purpose of 'indexing' in a database?,To improve data security,To enhance data retrieval speed,To reduce data redundancy,To simplify complex queries,B,"Indexing improves query performance by providing a quick way to locate specific data, reducing the time taken to retrieve data.",GIKI_PIEAS,Conceptual,Medium,Computer_Science,Information Technology Basics
What is the function of the 'DNS' in a network?,To translate domain names to IP addresses,To manage network traffic,To block unauthorized access,To monitor network usage,A,"DNS (Domain Name System) translates human-readable domain names into IP addresses, enabling communication between devices.",GIKI_PIEAS,Conceptual,Medium,Computer_Science,Information Technology Basics
What is the primary advantage of using a 'graph' data structure?,Efficient sorting,Fast lookup and insertion,Modeling complex relationships,Simple implementation,C,"Graphs are useful for modeling complex relationships between objects, making them suitable for applications like social networks and traffic routing.",GIKI_PIEAS,Conceptual,Medium,Computer_Science,Information Technology Basics
What is the result of the expression: 2 ³ + 3 ²?,17,13,15,20,A,"2 ³ = 8, 3 ² = 9, so 8 + 9 = 17.",GIKI_PIEAS,Conceptual,Medium,Computer_Science,Information Technology Basics
What is the purpose of 'backup and recovery' in database management?,To improve data security,To enhance data retrieval speed,To prevent data loss,To simplify complex queries,C,"Backup and recovery processes ensure that data can be restored in case of loss or corruption, minimizing the impact of data loss.",GIKI_PIEAS,Conceptual,Medium,Computer_Science,Information Technology Basics
What is the primary function of a compiler in programming?,To interpret code line by line,To translate source code into machine code,To debug code for errors,To optimize code for performance,B,"A compiler translates source code into machine code beforehand, allowing for faster execution. This is different from interpretation.",LUMS_SAT,Conceptual,Medium,Computer_Science,Information Technology Basics
Which of the following is a characteristic of a greedy algorithm?,It always produces the optimal solution,It makes the locally optimal choice at each step,It is used for dynamic programming,It is slow and inefficient,B,"Greedy algorithms make the locally optimal choice at each step, hoping to find a global optimum.",LUMS_SAT,Conceptual,Medium,Computer_Science,Information Technology Basics
"In a network, what is a subnet mask used for?",To identify the network and host parts of an IP address,To encrypt data,To assign IP addresses dynamically,To detect network intrusions,A,"A subnet mask is used to determine the network and host parts of an IP address, helping in routing decisions.",LUMS_SAT,Conceptual,Medium,Computer_Science,Information Technology Basics
"In software development, what is the purpose of a use case diagram?",To model the interactions between users and the system,To design the user interface,To implement the system functionality,To test the system,A,"A use case diagram models the interactions between users (actors) and the system, highlighting the system's functional requirements.",LUMS_SAT,Conceptual,Medium,Computer_Science,Information Technology Basics
"In database management, what is normalization?",The process of organizing data to minimize data redundancy,The process of denormalizing data for performance,The process of creating database backups,The process of securing database access,A,"Normalization is the process of organizing data in a database to minimize data redundancy and dependency, improving data integrity.",LUMS_SAT,Conceptual,Medium,Computer_Science,Information Technology Basics
What is the purpose of a SQL JOIN clause?,To combine rows from two or more tables based on a related column,To filter rows based on a condition,To sort the result set,To group rows based on a column,A,"A SQL JOIN clause combines rows from two or more tables based on a related column, enabling the retrieval of related data.",LUMS_SAT,Conceptual,Medium,Computer_Science,Information Technology Basics
"In programming, what is recursion?",A function that calls another function,A function that calls itself repeatedly,A loop that iterates over a collection,A conditional statement that checks a condition,B,Recursion is a programming technique where a function calls itself repeatedly until it reaches a base case that stops the recursion.,LUMS_SAT,Conceptual,Medium,Computer_Science,Information Technology Basics
What is the primary goal of software testing?,To ensure the software is delivered on time,To verify that the software meets its requirements and works as expected,To optimize the software for performance,To reduce the software development cost,B,"The primary goal of software testing is to verify that the software meets its requirements, works as expected, and is free from defects.",LUMS_SAT,Conceptual,Medium,Computer_Science,Information Technology Basics
What is the purpose of a hash function in a hash table?,To encrypt data,To compress data,To map keys to indices,To sort data,C,"A hash function maps keys to indices of a backing array, allowing for fast lookups, insertions, and deletions in a hash table.",NET,Conceptual,Medium,Computer_Science,Information Technology Basics
Which type of software testing involves testing individual units of code?,Integration testing,System testing,Unit testing,Acceptance testing,C,"Unit testing involves testing individual units of code, such as functions or methods, to ensure they work as expected in isolation.",NET,Conceptual,Medium,Computer_Science,Information Technology Basics
Which data structure is suitable for implementing a priority queue?,Stack,Queue,Heap,Tree,C,"A heap is a suitable data structure for implementing a priority queue, as it allows for efficient insertion and removal of elements based on priority.",NET,Conceptual,Medium,Computer_Science,Information Technology Basics
What is the purpose of version control systems?,To manage different versions of code,To improve code quality,To automate testing,To manage project documentation,A,"Version control systems, such as Git, manage different versions of code, allowing developers to track changes and collaborate on projects.",NET,Conceptual,Medium,Computer_Science,Information Technology Basics
What is the result of the expression 2 + 3 * 4?,20,14,11,24,B,"Following operator precedence, 3 * 4 = 12, then 2 + 12 = 14.",ECAT,Conceptual,Medium,Computer_Science,Information Technology Basics
What is the time complexity of finding an element in a balanced binary search tree?,O(n),O(log n),O(n log n),O(1),B,"In a balanced binary search tree, the height is log(n), so search time complexity is O(log n).",ECAT,Conceptual,Medium,Computer_Science,Information Technology Basics
What is the result of the expression 10 / 2?,5.0,5,4,6,A,"The division operator (/) returns a floating-point result, so 10 / 2 = 5.0.",ECAT,Conceptual,Medium,Computer_Science,Information Technology Basics
What is the primary function of a database index?,To store data,To improve query performance,To enforce data consistency,To provide data security,B,"A database index improves query performance by allowing faster lookup, retrieval, and manipulation of data.",ECAT,Conceptual,Medium,Computer_Science,Information Technology Basics
What is the output of the expression 7 | 3?,3,7,5,1,B,"The bitwise OR operator (|) compares each bit, so 7 (111) | 3 (011) = 7 (111).",ECAT,Conceptual,Medium,Computer_Science,Information Technology Basics
What is the primary purpose of a database index?,To store data,To improve query performance,To secure data,To backup data,B,"A database index improves query performance by allowing the database to quickly locate and retrieve the required data, rather than scanning the entire database.",GIKI_PIEAS,Conceptual,Medium,Computer_Science,Information Technology Basics
What is the purpose of a foreign key in a relational database?,To uniquely identify a record,To establish a relationship between tables,To index a column,To store a calculated value,B,"A foreign key establishes a relationship between two tables by referencing the primary key of another table, enabling data to be linked and queried across multiple tables.",GIKI_PIEAS,Conceptual,Medium,Computer_Science,Information Technology Basics
Which network topology is most resilient to node failures?,Star,Bus,Mesh,Ring,C,"A mesh topology is the most resilient because it has multiple connections between nodes, allowing data to be rerouted around failed nodes, ensuring network reliability.",GIKI_PIEAS,Conceptual,Medium,Computer_Science,Information Technology Basics
What is the primary function of the transport layer in the OSI model?,To provide error detection and correction,To route data between networks,To ensure reliable data transfer,To provide network addressing,C,"The transport layer ensures reliable data transfer between devices by providing error detection, correction, and flow control, guaranteeing that data is delivered accurately and in the correct order.",GIKI_PIEAS,Conceptual,Medium,Computer_Science,Information Technology Basics
What is the purpose of a checksum?,To compress data,To encrypt data,To verify data integrity,To authenticate users,C,"A checksum is used to verify data integrity by calculating a value based on the data and comparing it with a stored value, detecting any changes or corruption.",GIKI_PIEAS,Conceptual,Medium,Computer_Science,Information Technology Basics
Which algorithm is used for encryption?,Dijkstra's algorithm,RSA algorithm,Bellman-Ford algorithm,Floyd-Warshall algorithm,B,"The RSA algorithm is widely used for encryption and decryption, providing secure data transmission over the internet by using a pair of keys: a public key for encryption and a private key for decryption.",GIKI_PIEAS,Conceptual,Medium,Computer_Science,Information Technology Basics
What is the function of the DNS protocol?,To translate domain names into IP addresses,To route packets between networks,To provide error detection and correction,To manage network congestion,A,"The DNS (Domain Name System) protocol translates domain names into IP addresses, enabling users to access websites and other online resources using easy-to-remember domain names instead of difficult-to-remember IP addresses.",GIKI_PIEAS,Conceptual,Medium,Computer_Science,Information Technology Basics
Which data structure is used for efficient insertion and deletion of nodes?,Array,Linked List,Stack,Queue,B,"A linked list is used for efficient insertion and deletion of nodes because it only requires updating the affected nodes' pointers, without needing to shift all subsequent elements.",GIKI_PIEAS,Conceptual,Medium,Computer_Science,Information Technology Basics
What is the primary benefit of using a cache memory?,Increased storage capacity,Improved security,Faster access to frequently used data,Reduced power consumption,C,"Cache memory provides faster access to frequently used data by storing it in a faster, more accessible location, reducing the time it takes for the CPU to access the data it needs.",GIKI_PIEAS,Conceptual,Medium,Computer_Science,Information Technology Basics
Which sorting algorithm has a worst-case time complexity of O(n²)?,Merge sort,Quick sort,Bubble sort,Heap sort,C,Bubble sort has a worst-case time complexity of O(n²) due to its inefficient comparison and swapping mechanism.,LUMS_SAT,Conceptual,Medium,Computer_Science,Information Technology Basics
What is the function of a firewall?,To monitor and control incoming and outgoing network traffic,To boost network speed,To increase network range,To reduce network latency,A,"A firewall monitors and controls incoming and outgoing network traffic based on predetermined security rules, helping to prevent unauthorized access.",LUMS_SAT,Conceptual,Medium,Computer_Science,Information Technology Basics
What is the function of a cache memory?,To store frequently accessed data,To store infrequently accessed data,To boost network speed,To increase network range,A,"Cache memory stores frequently accessed data, reducing the time it takes for the CPU to access main memory and improving overall system performance.",LUMS_SAT,Conceptual,Medium,Computer_Science,Information Technology Basics
What is the function of an operating system?,To manage computer hardware and provide a platform for applications,To boost network speed,To increase network range,To reduce network latency,A,"An operating system manages computer hardware and provides a platform for applications to run, controlling the allocation of system resources.",LUMS_SAT,Conceptual,Medium,Computer_Science,Information Technology Basics
What is the main advantage of using a linked list over an array?,Faster access time,Dynamic memory allocation,Less memory usage,Simplified data structure,B,"Linked lists allow for efficient insertion and deletion of nodes without shifting elements, making them suitable for dynamic data.",NET,Conceptual,Medium,Computer_Science,Information Technology Basics
What is the concept of 'Big Data'?,A large dataset that is difficult to process,A new type of database,A data analysis technique,A data storage device,A,"Big Data refers to large, complex datasets that require specialized tools and techniques to process and analyze.",NET,Conceptual,Medium,Computer_Science,Information Technology Basics
What is the role of a 'cookie' in web development?,To store user data on the server,To store user data on the client-side,To improve website security,To optimize website performance,B,"Cookies store user data, such as preferences and session information, on the client-side, allowing for personalized experiences.",NET,Conceptual,Medium,Computer_Science,Information Technology Basics
What is the purpose of a 'deadlock' detection algorithm?,To prevent deadlocks,To detect deadlocks,To resolve deadlocks,To ignore deadlocks,B,"Deadlock detection algorithms identify situations where two or more processes are blocked, waiting for each other to release resources.",NET,Conceptual,Medium,Computer_Science,Information Technology Basics
What is the 'starvation' problem in operating systems?,When a process is unable to access resources,When a process is given too many resources,When a process is terminated,When a process is created,A,"Starvation occurs when a process is perpetually denied access to necessary resources, often due to other processes holding onto them for extended periods.",NET,Conceptual,Medium,Computer_Science,Information Technology Basics
What is the 'paging' technique in memory management?,Dividing memory into fixed-size blocks,Dividing memory into variable-size blocks,Using a single block of memory,Using a cache memory,A,"Paging divides memory into fixed-size blocks called pages, allowing for efficient use of memory and reducing fragmentation.",NET,Conceptual,Medium,Computer_Science,Information Technology Basics
What is the 'Round-Robin' scheduling algorithm?,A priority-based scheduling algorithm,A time-slicing scheduling algorithm,A First-Come-First-Served scheduling algorithm,A Shortest Job First scheduling algorithm,B,"Round-Robin scheduling allocates a fixed time slice (or quantum) to each process, switching between them to achieve fairness and responsiveness.",NET,Conceptual,Medium,Computer_Science,Information Technology Basics
What is 'cloud computing'?,A type of database,A type of network,A model for on-demand access to computing resources,A type of security measure,C,"Cloud computing provides on-demand access to a shared pool of computing resources, such as servers, storage, and applications, over the internet.",NET,Conceptual,Medium,Computer_Science,Information Technology Basics
What is 'artificial intelligence'?,A type of computer hardware,A type of software,A field of study focused on creating intelligent machines,A type of network protocol,C,"Artificial intelligence involves developing algorithms and systems that can perform tasks that typically require human intelligence, such as learning and problem-solving.",NET,Conceptual,Medium,Computer_Science,Information Technology Basics
What is 'machine learning'?,A type of artificial intelligence,A type of data analysis,A type of computer vision,A type of natural language processing,A,Machine learning is a subset of artificial intelligence that involves training algorithms to make predictions or decisions based on data.,NET,Conceptual,Medium,Computer_Science,Information Technology Basics
What is 'data mining'?,A type of data analysis,A type of data storage,A type of data visualization,A type of data security,A,Data mining involves automatically discovering patterns and relationships in large datasets to extract valuable insights.,NET,Conceptual,Medium,Computer_Science,Information Technology Basics
What is 'network topology'?,The physical arrangement of devices in a network,The logical arrangement of devices in a network,The type of cables used in a network,The type of devices used in a network,A,"Network topology refers to the physical or logical arrangement of devices in a network, including how they are connected and communicate.",NET,Conceptual,Medium,Computer_Science,Information Technology Basics
Which data structure follows LIFO (Last In First Out) principle?,Queue,Stack,Tree,Graph,B,"A stack follows LIFO, where the last element added is the first one to be removed.",ECAT,Conceptual,Medium,Computer_Science,Information Technology Basics
What is the output of '1010' XOR '1100'?,0110,1000,1110,0000,A,"XOR operation compares each bit; if they are different, the result is 1, otherwise 0.",ECAT,Conceptual,Medium,Computer_Science,Information Technology Basics
What is the result of 2's complement of '0110'?,1001,1010,1000,1011,B,"To find 2's complement, invert the bits and add 1; inverting '0110' gives '1001', adding 1 gives '1010'.",ECAT,Conceptual,Medium,Computer_Science,Information Technology Basics
What is the purpose of the 'ping' command?,To test network connectivity,To transfer files,To resolve hostnames,To scan ports,A,The 'ping' command tests network connectivity by sending ICMP echo requests to a host.,ECAT,Conceptual,Medium,Computer_Science,Information Technology Basics
What is the function of a 'hub' in a network?,To connect multiple networks,To route traffic between networks,To repeat incoming data to all connected devices,To filter incoming data,C,"A hub repeats incoming data to all connected devices, operating at the physical layer.",ECAT,Conceptual,Medium,Computer_Science,Information Technology Basics
Which data structure is used to implement recursive algorithms?,Queue,Stack,Tree,Graph,B,"Recursion uses a stack to store function calls, allowing for backtracking.",ECAT,Conceptual,Medium,Computer_Science,Information Technology Basics
What is the result of the expression '10 % 3'?,1,2,3,0,A,The modulus operator '%' returns the remainder of the division; 10 / 3 = 3 remainder 1.,ECAT,Conceptual,Medium,Computer_Science,Information Technology Basics
"In a network, what is a 'collision domain'?",A domain where data is lost,A domain where devices contend for the same bandwidth,A domain where data is encrypted,A domain where data is compressed,B,"A collision domain is a network segment where devices contend for the same bandwidth, potentially causing collisions.",ECAT,Conceptual,Medium,Computer_Science,Information Technology Basics
What is the primary function of a 'firewall'?,To monitor and control incoming and outgoing network traffic,To route traffic between networks,To provide network address translation,To detect and remove viruses,A,A firewall monitors and controls incoming and outgoing network traffic based on predetermined security rules.,ECAT,Conceptual,Medium,Computer_Science,Information Technology Basics
What is the purpose of a SSL/TLS certificate?,To authenticate users,To encrypt data transmitted over a network,To verify the identity of a website,To block unauthorized access to a network,C,"A SSL/TLS certificate verifies the identity of a website and ensures that data transmitted between the website and users is encrypted, protecting against eavesdropping and tampering.",GIKI_PIEAS,Conceptual,Medium,Computer_Science,Information Technology Basics
What is the time complexity of the Linear Search algorithm?,O(n),O(n log n),O(log n),O(2^n),A,"Linear Search checks each element in the list sequentially, resulting in a time complexity of O(n) due to the linear search process.",GIKI_PIEAS,Conceptual,Medium,Computer_Science,Information Technology Basics
What is the time complexity of the Quick Sort algorithm?,O(n),O(n log n),O(n²),O(2^n),B,"Quick Sort uses a divide-and-conquer approach, partitioning the input around a pivot element, resulting in an average time complexity of O(n log n) due to the recursive division.",GIKI_PIEAS,Conceptual,Medium,Computer_Science,Information Technology Basics
Which data type is used to store a sequence of characters?,Integer,Float,String,Boolean,C,"A string is a data type used to store a sequence of characters, such as text or a combination of alphanumeric characters.",LUMS_SAT,Conceptual,Medium,Computer_Science,Information Technology Basics
Which data structure is used to represent a hierarchical relationship?,Graph,Tree,Stack,Queue,B,"A tree is a data structure that represents a hierarchical relationship between nodes, with a single root node and child nodes.",LUMS_SAT,Conceptual,Medium,Computer_Science,Information Technology Basics
What is the purpose of the 'switch' statement?,To execute a block of code repeatedly,To execute different blocks of code based on a value,To skip a block of code,To exit a program,B,"The 'switch' statement is used to execute different blocks of code based on the value of a variable or expression, improving code readability.",LUMS_SAT,Conceptual,Medium,Computer_Science,Information Technology Basics
Which algorithm is used for sorting a list of elements?,Binary search,Merge sort,Depth-first search,Breadth-first search,B,"Merge sort is a sorting algorithm that divides the list into smaller chunks, sorts them, and then merges them back together in sorted order.",LUMS_SAT,Conceptual,Medium,Computer_Science,Information Technology Basics
Which data type is used to store a true or false value?,Integer,Float,Boolean,String,C,"A boolean is a data type that stores a true or false value, used for making decisions in programming logic.",LUMS_SAT,Conceptual,Medium,Computer_Science,Information Technology Basics
What is the time complexity of binary search algorithm?,O(n),O(log n),O(n log n),O(n²),B,"Binary search divides the search space in half at each step, resulting in O(log n) time complexity.",NET,Conceptual,Medium,Computer_Science,Information Technology Basics
What is the function of a network router?,To connect devices within a network,To connect multiple networks together,To manage network security,To monitor network traffic,B,"A router connects multiple networks together, routing traffic between them and ensuring that data reaches its intended destination.",NET,Conceptual,Medium,Computer_Science,Information Technology Basics
Which programming paradigm is based on the concept of objects and classes?,Procedural programming,Object-Oriented Programming (OOP),Functional programming,Declarative programming,B,"Object-Oriented Programming (OOP) is based on the concept of objects and classes, encapsulating data and behavior, and promoting code reuse and modularity.",NET,Conceptual,Medium,Computer_Science,Information Technology Basics
Which SQL command is used to retrieve data from a database?,INSERT,UPDATE,DELETE,SELECT,D,"The SELECT statement is used to retrieve data from a database, allowing you to specify which columns and rows to retrieve.",NET,Conceptual,Medium,Computer_Science,Information Technology Basics
What is the purpose of a digital signature?,To encrypt data,To authenticate the sender of a message,To verify the integrity of data,To compress data,B,"A digital signature is used to authenticate the sender of a message and verify the integrity of the data, ensuring that it has not been tampered with.",NET,Conceptual,Medium,Computer_Science,Information Technology Basics
Which cloud computing model provides software applications over the internet?,IaaS,PaaS,SaaS,DaaS,C,"SaaS (Software as a Service) provides software applications over the internet, allowing users to access applications without installing or maintaining them locally.",NET,Conceptual,Medium,Computer_Science,Information Technology Basics
What is the output of the expression 5 % 2?,2,2.5,1,3,C,"The modulus operator (%) returns the remainder of the division of 5 by 2, which is 1.",ECAT,Conceptual,Medium,Computer_Science,Information Technology Basics
What is the value of x in the expression 2x + 5 = 11?,2,3,4,5,B,"To solve for x, subtract 5 from both sides: 2x = 11 - 5, so 2x = 6, then divide by 2: x = 6 / 2 = 3.",ECAT,Conceptual,Medium,Computer_Science,Information Technology Basics
What is the output of the expression 8 & 3 (bitwise AND)?,0,1,2,3,C,"8 in binary is 1000 and 3 is 0011, so 1000 & 0011 = 0000 is incorrect; the correct operation yields 0000, but considering 8 = 1000 and 3 = 0011, the bitwise AND is 0000, which is 0, however 8 & 3 = 0.",ECAT,Conceptual,Medium,Computer_Science,Information Technology Basics
What is the result of the expression 2 * (3 + 4)?,10,12,14,16,C,"Following order of operations, 3 + 4 = 7, then 2 * 7 = 14.",ECAT,Conceptual,Medium,Computer_Science,Information Technology Basics
What is the binary representation of the decimal number 25?,11001,11010,11101,10011,A,"To convert 25 to binary, repeatedly divide by 2: 25 = 12*2 + 1, 12 = 6*2 + 0, 6 = 3*2 + 0, 3 = 1*2 + 1, 1 = 0*2 + 1, so 25 is 11001 in binary.",ECAT,Conceptual,Medium,Computer_Science,Information Technology Basics
What is the result of the expression 9 / 3 + 2?,5,6,7,8,A,"Following order of operations, 9 / 3 = 3, then 3 + 2 = 5.",ECAT,Conceptual,Medium,Computer_Science,Information Technology Basics
What data structure follows LIFO principle?,Queue,Stack,Tree,Graph,B,"A stack follows Last-In-First-Out (LIFO) principle, where the last element added is the first one to be removed.",GIKI_PIEAS,Conceptual,Medium,Computer_Science,Information Technology Basics
"Which data structure follows LIFO (Last In, First Out) principle?",Queue,Stack,Tree,Graph,B,"A stack follows LIFO, where the last element added is the first one to be removed, due to its structural properties.",LUMS_SAT,Conceptual,Medium,Computer_Science,Information Technology Basics
"What is the output of 'Hello, World!' when stored in a char array and printed using printf('%s')?",Hello,"Hello, World!","Hello, World! followed by garbage values",Error,B,"When 'Hello, World!' is stored in a char array and printed using printf('%s'), it prints the string until it encounters a null character.",LUMS_SAT,Conceptual,Medium,Computer_Science,Information Technology Basics
What is the result of 2² + 3²?,7,13,10,12,B,"2² equals 4 and 3² equals 9, so 4 + 9 = 13.",LUMS_SAT,Conceptual,Medium,Computer_Science,Information Technology Basics
What is the function of the 'break' statement in a loop?,To skip to the next iteration,To exit the loop prematurely,To restart the loop,To pause the loop,B,"The 'break' statement terminates the loop entirely, moving execution to the statement following the loop.",LUMS_SAT,Conceptual,Medium,Computer_Science,Information Technology Basics
"In a binary tree, what is the maximum number of children a node can have?",1,2,3,Any number,B,"By definition, a binary tree is a tree data structure in which each node has at most two children, referred to as the left and right child.",LUMS_SAT,Conceptual,Medium,Computer_Science,Information Technology Basics
What is the role of DNS in a network?,To assign IP addresses,To translate domain names to IP addresses,To manage network traffic,To secure network connections,B,DNS (Domain Name System) translates human-readable domain names into the numerical IP addresses that computers use to communicate.,LUMS_SAT,Conceptual,Medium,Computer_Science,Information Technology Basics
What is recursion?,A function calling another function,A function calling itself,A loop that never ends,A complex data structure,B,"Recursion occurs when a function invokes itself, either directly or indirectly, to solve a problem by breaking it down into simpler instances.",LUMS_SAT,Conceptual,Medium,Computer_Science,Information Technology Basics
"In a relational database, what is normalization?",The process of denormalizing data for faster queries,The process of organizing data to minimize redundancy,The process of creating indexes,The process of securing data,B,"Normalization involves structuring a relational database to minimize data redundancy and dependency, improving data integrity and reducing anomalies.",LUMS_SAT,Conceptual,Medium,Computer_Science,Information Technology Basics
What is the difference between SRAM and DRAM?,SRAM is slower than DRAM,SRAM is more expensive than DRAM,DRAM retains data without refresh,SRAM loses data when power is off,B,"SRAM (Static RAM) is faster and more expensive than DRAM (Dynamic RAM), which needs periodic refresh to retain data.",NET,Conceptual,Medium,Computer_Science,Information Technology Basics
Which algorithm is used for finding the shortest path?,Dijkstra's algorithm,Bellman-Ford algorithm,Floyd-Warshall algorithm,All of the above,D,"Dijkstra's, Bellman-Ford, and Floyd-Warshall algorithms are used for finding shortest paths in graphs, each with different use cases.",NET,Conceptual,Medium,Computer_Science,Information Technology Basics
What is the purpose of a DNS?,To translate domain names to IP addresses,To assign IP addresses,To route packets,To filter content,A,DNS (Domain Name System) translates human-readable domain names into IP addresses that computers can understand.,NET,Conceptual,Medium,Computer_Science,Information Technology Basics
Which sorting algorithm is stable?,Quick Sort,Merge Sort,Heap Sort,Selection Sort,B,"Merge Sort is a stable sorting algorithm, preserving the order of equal elements, which is crucial in certain applications.",NET,Conceptual,Medium,Computer_Science,Information Technology Basics
What is the function of a network switch?,To connect multiple networks together,To connect devices within a network,To filter network traffic,To assign IP addresses,B,"A network switch connects devices within a network, forwarding data packets to the intended recipient based on their MAC addresses.",NET,Conceptual,Medium,Computer_Science,Information Technology Basics
