Question,Option_a,Option_b,Option_c,Option_d,Correct_answer,Explanation,Target_exam,Question_type,Difficulty,Subject,Topic
What is the primary purpose of a firewall in network security?,To detect and prevent intrusions,To encrypt data transmitted over the network,To control incoming and outgoing network traffic,To authenticate users accessing the network,C,"A firewall controls incoming and outgoing network traffic based on predetermined security rules, acting as a barrier between a trusted network and an untrusted network.",NET,Conceptual,Medium,Computer_Science,Network Security
Which protocol is commonly used for secure web browsing?,HTTP,FTP,HTTPS,SSH,C,HTTPS (Hypertext Transfer Protocol Secure) is used for secure web browsing as it encrypts data between the client and server using SSL/TLS.,NET,Conceptual,Medium,Computer_Science,Network Security
What type of attack involves guessing or cracking passwords?,Phishing,Brute Force,SQL Injection,Cross-Site Scripting,B,"A brute force attack involves trying all possible combinations of passwords to guess the correct one, often using automated tools.",NET,Conceptual,Medium,Computer_Science,Network Security
Which of the following is a characteristic of a symmetric encryption algorithm?,It uses different keys for encryption and decryption,It is slower than asymmetric encryption,It uses the same key for encryption and decryption,It is less secure than asymmetric encryption,C,"Symmetric encryption uses the same key for both encryption and decryption, making it faster but requiring secure key exchange.",NET,Conceptual,Medium,Computer_Science,Network Security
What is the term for a security threat that comes from within an organization?,Insider Threat,External Threat,Malware,Phishing,A,"An insider threat refers to a security risk that originates from within an organization, often due to employees or contractors with authorized access.",NET,Conceptual,Medium,Computer_Science,Network Security
Which security measure involves creating a backup of data to prevent loss?,Encryption,Firewalls,Data Backup,Intrusion Detection,C,"Data backup involves creating copies of data to restore in case of data loss due to disasters, attacks, or system failures.",NET,Conceptual,Medium,Computer_Science,Network Security
What is the primary function of an Intrusion Detection System (IDS)?,To prevent intrusions,To detect and alert on potential intrusions,To encrypt network traffic,To authenticate users,B,An IDS monitors network traffic for signs of unauthorized access or malicious activities and alerts administrators.,NET,Conceptual,Medium,Computer_Science,Network Security
Which type of malware demands payment in exchange for restoring access to data?,Virus,Worm,Ransomware,Trojan,C,Ransomware is malware that encrypts a victim's files or locks their device and demands a ransom in exchange for the decryption key or unlock code.,NET,Conceptual,Medium,Computer_Science,Network Security
What is the term for the practice of tricking individuals into revealing sensitive information?,Social Engineering,Phishing,Spoofing,Sniffing,A,"Social engineering involves manipulating individuals into divulging confidential information, often through psychological tactics.",NET,Conceptual,Medium,Computer_Science,Network Security
Which protocol is used for secure remote access to a network?,Telnet,SSH,HTTP,FTP,B,"SSH (Secure Shell) is a protocol used for secure remote access to a network, providing encrypted communication between the client and server.",NET,Conceptual,Medium,Computer_Science,Network Security
What is a common method used to protect passwords stored on a server?,Hashing,Encryption,Compression,Encoding,A,"Hashing is a one-way process that transforms a password into a fixed-length string of characters, making it difficult to retrieve the original password.",NET,Conceptual,Medium,Computer_Science,Network Security
Which of the following is NOT a type of malware?,Virus,Firewall,Worm,Trojan,B,"A firewall is a security system that controls incoming and outgoing network traffic, not a type of malware.",NET,Conceptual,Medium,Computer_Science,Network Security
What is the purpose of a digital signature in network security?,To encrypt data,To authenticate the sender's identity,To compress data,To detect malware,B,"A digital signature is used to verify the authenticity of a message or document, ensuring it comes from the claimed sender.",NET,Conceptual,Medium,Computer_Science,Network Security
Which security protocol is used to secure email communications?,PGP,SSL/TLS,IPSec,HTTP,A,PGP (Pretty Good Privacy) is a data encryption and decryption program that provides secure email communications.,NET,Conceptual,Medium,Computer_Science,Network Security
What is a vulnerability in network security?,A weakness in a system that can be exploited,A strength in a system that prevents attacks,A type of malware,A security protocol,A,A vulnerability is a weakness or flaw in a system that can be exploited by attackers to gain unauthorized access or disrupt service.,NET,Conceptual,Medium,Computer_Science,Network Security
Which of the following is an example of a denial-of-service (DoS) attack?,Flooding a network with traffic to overwhelm it,Stealing sensitive data from a database,Encrypting data to demand a ransom,Tricking users into revealing passwords,A,A DoS attack involves flooding a network or system with traffic in an attempt to overwhelm it and make it unavailable to users.,NET,Conceptual,Medium,Computer_Science,Network Security
What is the primary goal of a security awareness training program?,To train users on how to use security software,To educate users on security best practices and threats,To implement security policies,To conduct vulnerability assessments,B,"Security awareness training aims to educate users on security best practices, common threats, and how to identify and respond to security incidents.",NET,Conceptual,Medium,Computer_Science,Network Security
Which security measure involves segmenting a network into smaller sub-networks?,VLAN,VPN,Firewall,IDS,A,"VLAN (Virtual Local Area Network) segmentation involves dividing a network into smaller, isolated segments to improve security and reduce the attack surface.",NET,Conceptual,Medium,Computer_Science,Network Security
What type of attack involves intercepting and altering communication between two parties?,Man-in-the-Middle,Denial-of-Service,Phishing,SQL Injection,A,"A man-in-the-middle attack involves intercepting and potentially altering communication between two parties, often to eavesdrop or inject malware.",NET,Conceptual,Medium,Computer_Science,Network Security
Which of the following is a benefit of using a Virtual Private Network (VPN)?,Increased network speed,Enhanced security for remote access,Reduced network complexity,Improved network availability,B,"A VPN provides a secure, encrypted connection for remote access to a network, protecting data from interception and eavesdropping.",NET,Conceptual,Medium,Computer_Science,Network Security
What is the primary goal of a firewall in network security?,To detect and prevent intrusions,To encrypt data transmitted over the network,To authenticate users accessing the network,To block unauthorized access to or from a private network,D,"A firewall's primary goal is to control incoming and outgoing network traffic, blocking unauthorized access to or from a private network.",ECAT,Conceptual,Medium,Computer_Science,Network Security
What is a common attack vector used by malware to spread?,Phishing emails,Infected software downloads,Vulnerable network services,All of the above,D,"Malware can spread through various attack vectors, including phishing emails, infected software downloads, and vulnerable network services.",ECAT,Conceptual,Medium,Computer_Science,Network Security
What is the term for a security threat that involves intercepting and altering communication between two parties?,Man-in-the-Middle (MitM) attack,Denial of Service (DoS) attack,SQL Injection attack,Cross-Site Scripting (XSS) attack,A,"A Man-in-the-Middle (MitM) attack involves intercepting and altering communication between two parties, often to steal sensitive information.",ECAT,Conceptual,Medium,Computer_Science,Network Security
Which of the following is a type of symmetric-key block cipher?,AES,RSA,Diffie-Hellman,Elliptic Curve Cryptography,A,AES (Advanced Encryption Standard) is a symmetric-key block cipher used for encrypting data at rest and in transit.,ECAT,Conceptual,Medium,Computer_Science,Network Security
What is the primary purpose of a digital signature?,To encrypt data,To authenticate the sender's identity,To ensure data integrity,Both B and C,D,"A digital signature ensures the authenticity and integrity of a message, verifying the sender's identity and that the data has not been tampered with.",ECAT,Conceptual,Medium,Computer_Science,Network Security
What is a common vulnerability in web applications that allows attackers to inject malicious SQL code?,SQL Injection,Cross-Site Scripting (XSS),Cross-Site Request Forgery (CSRF),Buffer Overflow,A,"SQL Injection occurs when an attacker injects malicious SQL code into a web application's database, potentially leading to unauthorized data access or modification.",ECAT,Conceptual,Medium,Computer_Science,Network Security
What is the term for a security threat that involves overwhelming a system with traffic in order to make it unavailable?,Denial of Service (DoS) attack,Man-in-the-Middle (MitM) attack,SQL Injection attack,Cross-Site Scripting (XSS) attack,A,"A Denial of Service (DoS) attack involves overwhelming a system with traffic, making it unavailable to legitimate users.",ECAT,Conceptual,Medium,Computer_Science,Network Security
Which of the following is a type of asymmetric-key encryption algorithm?,AES,RSA,DES,Blowfish,B,RSA (Rivest-Shamir-Adleman) is an asymmetric-key encryption algorithm used for secure data transmission and digital signatures.,ECAT,Conceptual,Medium,Computer_Science,Network Security
What is the primary purpose of a VPN?,To encrypt data transmitted over the internet,To authenticate users accessing the network,To block unauthorized access to or from a private network,To provide a secure and encrypted connection between two networks,D,"A VPN (Virtual Private Network) provides a secure and encrypted connection between two networks, protecting data transmitted over the internet.",ECAT,Conceptual,Medium,Computer_Science,Network Security
Which of the following is a security benefit of using a network segmentation?,Improved network performance,Reduced attack surface,Simplified network management,Increased network complexity,B,"Network segmentation reduces the attack surface by isolating sensitive areas of the network, making it more difficult for attackers to move laterally.",ECAT,Conceptual,Medium,Computer_Science,Network Security
What is the term for a security threat that involves tricking users into revealing sensitive information?,Phishing,Spear Phishing,Whaling,All of the above,D,"Phishing, Spear Phishing, and Whaling are all types of social engineering attacks that involve tricking users into revealing sensitive information.",ECAT,Conceptual,Medium,Computer_Science,Network Security
Which protocol is used for secure email transmission?,SMTP,PGP,S/MIME,Both B and C,D,"PGP (Pretty Good Privacy) and S/MIME (Secure/Multipurpose Internet Mail Extensions) are both used for secure email transmission, providing encryption and digital signatures.",ECAT,Conceptual,Medium,Computer_Science,Network Security
What is the primary purpose of a intrusion detection system (IDS)?,To prevent intrusions,To detect and alert on potential security threats,To block unauthorized access to or from a private network,To encrypt data transmitted over the network,B,"An IDS detects and alerts on potential security threats, providing real-time monitoring and incident response.",ECAT,Conceptual,Medium,Computer_Science,Network Security
Which of the following is a type of password cracking attack?,Brute Force attack,Dictionary attack,Rainbow Table attack,All of the above,D,"Brute Force, Dictionary, and Rainbow Table attacks are all types of password cracking attacks used to gain unauthorized access to systems or data.",ECAT,Conceptual,Medium,Computer_Science,Network Security
What is the term for a security threat that involves exploiting a vulnerability in a software or system?,Exploit,Vulnerability,Threat,Risk,A,"An exploit is a security threat that involves taking advantage of a vulnerability in a software or system, potentially leading to unauthorized access or malicious activity.",ECAT,Conceptual,Medium,Computer_Science,Network Security
Which of the following is a security best practice for password management?,Using the same password across multiple accounts,Using a password manager to generate and store unique passwords,Sharing passwords with colleagues or friends,Using simple and easily guessable passwords,B,"Using a password manager to generate and store unique passwords is a security best practice, reducing the risk of password-related security breaches.",ECAT,Conceptual,Medium,Computer_Science,Network Security
What is the primary purpose of a security information and event management (SIEM) system?,To collect and analyze security-related data from various sources,To block unauthorized access to or from a private network,To encrypt data transmitted over the network,To authenticate users accessing the network,A,"A SIEM system collects and analyzes security-related data from various sources, providing real-time monitoring and incident response.",ECAT,Conceptual,Medium,Computer_Science,Network Security
Which of the following is a type of security threat that involves holding data hostage in exchange for payment?,Ransomware,Malware,Virus,Worm,A,"Ransomware is a type of malware that holds data hostage in exchange for payment, often using encryption to lock the data.",ECAT,Conceptual,Medium,Computer_Science,Network Security
Which of the following is an example of a symmetric key encryption algorithm?,RSA,AES,Diffie-Hellman,Elliptic Curve Cryptography,B,AES (Advanced Encryption Standard) is a symmetric key encryption algorithm that uses the same key for both encryption and decryption.,GIKI_PIEAS,Conceptual,Medium,Computer_Science,Network Security
Which protocol is used to securely authenticate users and encrypt data transmitted between a client and a server?,HTTP,FTP,SSH,SMTP,C,SSH (Secure Shell) is a cryptographic network protocol used for secure authentication and data encryption between a client and a server.,GIKI_PIEAS,Conceptual,Medium,Computer_Science,Network Security
Which of the following is an example of a network attack that involves overwhelming a system with traffic?,Phishing,Denial of Service (DoS),Man-in-the-Middle (MitM),SQL Injection,B,"A Denial of Service (DoS) attack involves overwhelming a system with traffic, making it unavailable to legitimate users.",GIKI_PIEAS,Conceptual,Medium,Computer_Science,Network Security
What is the primary difference between a hub and a switch in a network?,"A hub is a Layer 3 device, while a switch is a Layer 2 device","A hub broadcasts incoming data to all connected devices, while a switch forwards data to the intended recipient","A hub is used for wireless networks, while a switch is used for wired networks",A hub is more secure than a switch,B,"A hub broadcasts incoming data to all connected devices, while a switch forwards data to the intended recipient, reducing network collisions and improving security.",GIKI_PIEAS,Conceptual,Medium,Computer_Science,Network Security
Which of the following is an example of a password cracking technique?,Brute Force Attack,Dictionary Attack,Rainbow Table Attack,All of the above,D,"All three options are examples of password cracking techniques: Brute Force Attack tries all possible combinations, Dictionary Attack uses a list of common passwords, and Rainbow Table Attack uses precomputed tables of hash values.",GIKI_PIEAS,Conceptual,Medium,Computer_Science,Network Security
What is the purpose of a VPN (Virtual Private Network) in network security?,To encrypt data transmitted over the internet,To authenticate users accessing the network,To control incoming and outgoing network traffic,To provide a secure connection between two networks,D,"A VPN provides a secure and encrypted connection between two networks over the internet, allowing remote users to access a private network securely.",GIKI_PIEAS,Conceptual,Medium,Computer_Science,Network Security
Which of the following is an example of a security threat that involves intercepting and modifying data in transit?,Man-in-the-Middle (MitM) Attack,Denial of Service (DoS) Attack,SQL Injection,Cross-Site Scripting (XSS),A,"A Man-in-the-Middle (MitM) Attack involves intercepting and modifying data in transit, allowing attackers to eavesdrop or alter sensitive information.",GIKI_PIEAS,Conceptual,Medium,Computer_Science,Network Security
What is the primary goal of intrusion detection in network security?,To prevent intrusions from occurring,To detect and alert on potential security threats,To encrypt data transmitted over the network,To authenticate users accessing the network,B,"Intrusion detection systems monitor network traffic for signs of potential security threats, alerting administrators to take action.",GIKI_PIEAS,Conceptual,Medium,Computer_Science,Network Security
Which of the following is an example of a security measure that involves limiting user privileges?,Authentication,Authorization,Encryption,Firewall Configuration,B,"Authorization involves granting users the minimum privileges necessary to perform their tasks, reducing the risk of security breaches.",GIKI_PIEAS,Conceptual,Medium,Computer_Science,Network Security
What is the purpose of a security patch in network security?,To fix vulnerabilities in software or systems,To enhance system performance,To add new features to software or systems,To remove malware from infected systems,A,"Security patches are used to fix vulnerabilities in software or systems, preventing attackers from exploiting known weaknesses.",GIKI_PIEAS,Conceptual,Medium,Computer_Science,Network Security
Which of the following is an example of a security risk associated with wireless networks?,Data breaches due to weak passwords,Interception of data transmitted over the network,Unauthorized access to the network,All of the above,D,"Wireless networks are vulnerable to various security risks, including data breaches, interception of data, and unauthorized access, due to the broadcast nature of wireless communication.",GIKI_PIEAS,Conceptual,Medium,Computer_Science,Network Security
What is the primary benefit of using a secure communication protocol like HTTPS?,To improve network performance,To encrypt data transmitted between a client and a server,To authenticate users accessing the network,To control incoming and outgoing network traffic,B,"HTTPS (Hypertext Transfer Protocol Secure) encrypts data transmitted between a client and a server, protecting sensitive information from eavesdropping or tampering.",GIKI_PIEAS,Conceptual,Medium,Computer_Science,Network Security
Which of the following is an example of a security measure that involves monitoring network traffic?,Firewall Configuration,Intrusion Detection,Encryption,Authentication,B,"Intrusion detection involves monitoring network traffic for signs of potential security threats, allowing administrators to respond to incidents.",GIKI_PIEAS,Conceptual,Medium,Computer_Science,Network Security
What is the purpose of a backup in network security?,To protect against data loss due to hardware failure or other disasters,To improve network performance,To enhance system security,To authenticate users accessing the network,A,"Backups are used to protect against data loss due to hardware failure, software corruption, or other disasters, ensuring business continuity.",GIKI_PIEAS,Conceptual,Medium,Computer_Science,Network Security
Which of the following is an example of a security threat that involves tricking users into revealing sensitive information?,Phishing,SQL Injection,Cross-Site Scripting (XSS),Denial of Service (DoS) Attack,A,"Phishing involves tricking users into revealing sensitive information, such as passwords or credit card numbers, often through email or other communication channels.",GIKI_PIEAS,Conceptual,Medium,Computer_Science,Network Security
What is the primary goal of incident response in network security?,To prevent security incidents from occurring,To detect and respond to security incidents,To encrypt data transmitted over the network,To authenticate users accessing the network,B,"Incident response involves detecting and responding to security incidents, minimizing the impact of a breach or attack on the organization.",GIKI_PIEAS,Conceptual,Medium,Computer_Science,Network Security
Which of the following is an example of a security measure that involves educating users about security best practices?,Security Awareness Training,Firewall Configuration,Intrusion Detection,Encryption,A,"Security Awareness Training educates users about security best practices, such as using strong passwords and avoiding phishing scams, to reduce the risk of security breaches.",GIKI_PIEAS,Conceptual,Medium,Computer_Science,Network Security
What is a common method used to protect data at rest?,Encryption,Firewall,Intrusion Detection System,Authentication,A,"Encryption is used to protect data at rest by converting plaintext into unreadable ciphertext, requiring a decryption key to access the data.",LUMS_SAT,Conceptual,Medium,Computer_Science,Network Security
What is the term for a security vulnerability that is publicly known and exploitable?,Zero-Day,Patch,Exploit,CVE,C,"An exploit is a piece of code that takes advantage of a security vulnerability, and a publicly known vulnerability can be exploited by attackers.",LUMS_SAT,Conceptual,Medium,Computer_Science,Network Security
Which security measure involves verifying the identity of users?,Authentication,Authorization,Encryption,Firewalls,A,"Authentication verifies the identity of users, ensuring that only authorized individuals have access to sensitive information and systems.",LUMS_SAT,Conceptual,Medium,Computer_Science,Network Security
What is a common type of network attack that involves overwhelming a system with traffic?,DDoS,Phishing,SQL Injection,Cross-Site Scripting,A,"A Distributed Denial-of-Service (DDoS) attack overwhelms a system with traffic from multiple sources, rendering it unavailable to users.",LUMS_SAT,Conceptual,Medium,Computer_Science,Network Security
Which of the following is a characteristic of a secure password?,It is short and simple,It is a common word or phrase,"It contains a mix of characters, numbers, and special characters",It is shared among multiple users,C,"A secure password is complex, containing a mix of uppercase and lowercase letters, numbers, and special characters, making it harder to guess or crack.",LUMS_SAT,Conceptual,Medium,Computer_Science,Network Security
What type of security threat is characterized by an attacker intercepting and altering communication?,Man-in-the-Middle,Denial-of-Service,Phishing,SQL Injection,A,"A Man-in-the-Middle (MitM) attack involves intercepting and altering communication between two parties, often to steal sensitive information or eavesdrop.",LUMS_SAT,Conceptual,Medium,Computer_Science,Network Security
What is the term for a security update that fixes a vulnerability?,Patch,Exploit,Vulnerability,CVE,A,"A patch is a software update that fixes a security vulnerability, preventing attackers from exploiting it.",LUMS_SAT,Conceptual,Medium,Computer_Science,Network Security
Which security protocol is used to secure email communication?,SSL/TLS,PGP,HTTP,FTP,B,"Pretty Good Privacy (PGP) is a data encryption and decryption program that secures email communication, using public-key cryptography.",LUMS_SAT,Conceptual,Medium,Computer_Science,Network Security
What is a common risk associated with using public Wi-Fi networks?,Data encryption,Man-in-the-Middle attacks,Firewall configuration,Antivirus software,B,"Public Wi-Fi networks are vulnerable to Man-in-the-Middle attacks, as attackers can intercept and eavesdrop on unencrypted communication.",LUMS_SAT,Conceptual,Medium,Computer_Science,Network Security
Which of the following is a best practice for password management?,Using the same password across multiple accounts,Sharing passwords with colleagues,Using a password manager,Writing down passwords,C,"Using a password manager securely stores and generates complex passwords, reducing the risk of password-related security breaches.",LUMS_SAT,Conceptual,Medium,Computer_Science,Network Security
What is the term for a security incident that involves unauthorized access to sensitive data?,Breach,Vulnerability,Exploit,Patch,A,"A breach occurs when unauthorized individuals gain access to sensitive data, often resulting in data theft or other security consequences.",LUMS_SAT,Conceptual,Medium,Computer_Science,Network Security
Which security measure involves controlling access to resources based on user identity?,Authentication,Authorization,Encryption,Firewalls,B,"Authorization controls access to resources based on user identity, ensuring that users can only access data and systems they are permitted to use.",LUMS_SAT,Conceptual,Medium,Computer_Science,Network Security
What is a common type of social engineering attack?,Phishing,SQL Injection,Cross-Site Scripting,DDoS,A,"Phishing is a social engineering attack that involves tricking users into revealing sensitive information, such as login credentials or financial data.",LUMS_SAT,Conceptual,Medium,Computer_Science,Network Security
Which of the following is NOT a characteristic of a secure network?,Use of firewalls,Use of strong passwords,Use of outdated software,Use of encryption,C,"Using outdated software is a security risk, as it may contain known vulnerabilities that can be exploited by attackers, compromising network security.",LUMS_SAT,Conceptual,Medium,Computer_Science,Network Security
What is the primary benefit of implementing a security awareness program?,Improved network performance,Reduced risk of social engineering attacks,Increased storage capacity,Enhanced data encryption,B,"A security awareness program educates users about security best practices, reducing the risk of social engineering attacks and improving overall security posture.",LUMS_SAT,Conceptual,Medium,Computer_Science,Network Security
Which protocol is used for secure web browsing?,HTTP,HTTPS,FTP,SSH,B,HTTPS (Hypertext Transfer Protocol Secure) is used for secure web browsing as it encrypts data in transit.,NET,Conceptual,Medium,Computer_Science,Network Security
What type of attack involves guessing a password?,Brute Force Attack,Phishing Attack,SQL Injection,Cross-Site Scripting,A,A brute force attack involves trying all possible combinations of a password to guess it.,NET,Conceptual,Medium,Computer_Science,Network Security
Which of the following is a type of malware that demands payment?,Virus,Worm,Ransomware,Trojan,C,Ransomware is malware that encrypts a victim's files and demands a ransom in exchange for the decryption key.,NET,Conceptual,Medium,Computer_Science,Network Security
What is the primary function of a digital signature?,To encrypt data,To authenticate the sender,To ensure data integrity,Both B and C,D,"A digital signature authenticates the sender and ensures that the message has not been tampered with, thus ensuring data integrity.",NET,Conceptual,Medium,Computer_Science,Network Security
Which protocol is used for secure remote access?,Telnet,SSH,FTP,HTTP,B,"SSH (Secure Shell) is used for secure remote access as it encrypts data in transit, unlike Telnet which sends data in plain text.",NET,Conceptual,Medium,Computer_Science,Network Security
What is a common method used to protect against SQL injection attacks?,Input Validation,Using a Firewall,Encrypting Data,Using a VPN,A,Input validation involves checking user input to prevent malicious SQL code from being injected into a database.,NET,Conceptual,Medium,Computer_Science,Network Security
What type of attack involves overwhelming a system with traffic?,Denial of Service (DoS),Man-in-the-Middle (MitM),Phishing,SQL Injection,A,A DoS attack involves flooding a system with traffic to make it unavailable to users.,NET,Conceptual,Medium,Computer_Science,Network Security
Which of the following is NOT a common type of malware?,Virus,Worm,Firewall,Trojan,C,"A firewall is a security system that controls incoming and outgoing network traffic, it is not a type of malware.",NET,Conceptual,Medium,Computer_Science,Network Security
What is the purpose of a honeypot in network security?,To detect and divert attacks,To encrypt sensitive data,To authenticate users,To filter incoming traffic,A,"A honeypot is a decoy system that attracts attackers, allowing security teams to detect and analyze attack patterns.",NET,Conceptual,Medium,Computer_Science,Network Security
Which encryption algorithm is commonly used for secure data transmission?,AES,RSA,MD5,SHA-1,A,AES (Advanced Encryption Standard) is a symmetric encryption algorithm widely used for secure data transmission.,NET,Conceptual,Medium,Computer_Science,Network Security
What is a key characteristic of a symmetric encryption algorithm?,It uses a pair of keys,It uses the same key for encryption and decryption,It is slower than asymmetric encryption,It is less secure than asymmetric encryption,B,"Symmetric encryption uses the same key for both encryption and decryption, making it faster but requiring secure key exchange.",NET,Conceptual,Medium,Computer_Science,Network Security
What is the primary benefit of using a Virtual Private Network (VPN)?,Improved network performance,Enhanced security for remote access,Increased storage capacity,Better network management,B,"A VPN provides a secure and encrypted connection for remote access, protecting data from interception.",NET,Conceptual,Medium,Computer_Science,Network Security
Which of the following is a security benefit of using a public key infrastructure (PKI)?,It simplifies password management,It enables secure communication over an insecure channel,It improves network performance,It reduces the need for firewalls,B,PKI enables secure communication by using public and private key pairs to authenticate and encrypt data.,NET,Conceptual,Medium,Computer_Science,Network Security
What is a common vulnerability in web applications?,SQL Injection,Cross-Site Scripting (XSS),Buffer Overflow,All of the above,D,"All the mentioned vulnerabilities (SQL Injection, XSS, Buffer Overflow) are common security risks in web applications.",NET,Conceptual,Medium,Computer_Science,Network Security
What is the purpose of a security patch?,To add new features,To fix vulnerabilities,To improve performance,To change configuration settings,B,"A security patch is used to fix known vulnerabilities in software, thereby preventing exploitation by attackers.",NET,Conceptual,Medium,Computer_Science,Network Security
Which security measure involves monitoring network traffic for signs of unauthorized access?,Intrusion Detection System (IDS),Firewall,VPN,Encryption,A,An IDS monitors network traffic to identify potential security threats and alert administrators.,NET,Conceptual,Medium,Computer_Science,Network Security
Which of the following is a symmetric encryption algorithm?,RSA,AES,Diffie-Hellman,Elliptic Curve Cryptography,B,AES (Advanced Encryption Standard) is a symmetric-key block cipher used for encrypting data.,ECAT,Conceptual,Medium,Computer_Science,Network Security
What is the primary function of a VPN?,To improve network speed,To encrypt internet traffic,To block malware,To detect intrusions,B,VPNs (Virtual Private Networks) encrypt internet traffic to secure data in transit.,ECAT,Conceptual,Medium,Computer_Science,Network Security
Which network security protocol provides authentication and encryption?,IPSec,SSL/TLS,PGP,All of the above,D,"All listed protocols (IPSec, SSL/TLS, PGP) provide authentication and/or encryption.",ECAT,Conceptual,Medium,Computer_Science,Network Security
What is a common technique used to protect against SQL Injection?,Input Validation,Output Encoding,Using Prepared Statements,All of the above,D,"Multiple techniques (Input Validation, Output Encoding, Prepared Statements) help protect against SQL Injection.",ECAT,Conceptual,Medium,Computer_Science,Network Security
What is the term for the process of verifying the identity of a user?,Authentication,Authorization,Accounting,Auditing,A,Authentication verifies the identity of users or systems.,ECAT,Conceptual,Medium,Computer_Science,Network Security
Which security measure involves creating multiple layers of defense?,Defense in Depth,Single Sign-On,Two-Factor Authentication,Encryption,A,Defense in Depth involves multiple security layers to protect against various threats.,ECAT,Conceptual,Medium,Computer_Science,Network Security
What is the primary purpose of a honeypot in network security?,To detect and distract attackers,To encrypt sensitive data,To improve network performance,To authenticate users,A,"Honeypots are decoy systems or resources that attract attackers, helping detect and analyze threats.",ECAT,Conceptual,Medium,Computer_Science,Network Security
What type of attack involves flooding a network with traffic?,DDoS,Phishing,SQL Injection,Cross-Site Scripting,A,"DDoS (Distributed Denial of Service) attacks overwhelm networks with traffic, causing service disruptions.",ECAT,Conceptual,Medium,Computer_Science,Network Security
Which security framework includes guidelines for securing sensitive data?,PCI-DSS,HIPAA,GDPR,All of the above,D,"Multiple frameworks (PCI-DSS, HIPAA, GDPR) provide guidelines for securing sensitive data.",ECAT,Conceptual,Medium,Computer_Science,Network Security
What is the term for the process of analyzing network traffic to detect threats?,Network Monitoring,Intrusion Detection,Penetration Testing,Vulnerability Assessment,B,Intrusion Detection involves analyzing network traffic to identify potential threats.,ECAT,Conceptual,Medium,Computer_Science,Network Security
Which type of security control is a firewall?,Preventive,Detective,Corrective,Deterrent,A,Firewalls are preventive controls that block unauthorized network access.,ECAT,Conceptual,Medium,Computer_Science,Network Security
What is the primary goal of incident response?,To prevent incidents,To detect incidents,To respond to and contain incidents,To punish those responsible,C,"Incident response aims to respond to and contain security incidents, minimizing damage.",ECAT,Conceptual,Medium,Computer_Science,Network Security
Which security practice involves regularly updating and patching systems?,Vulnerability Management,Penetration Testing,Compliance,Risk Assessment,A,Vulnerability Management involves identifying and remediating vulnerabilities through updates and patches.,ECAT,Conceptual,Medium,Computer_Science,Network Security
What is the term for a security threat that is not yet known or publicly disclosed?,Zero-Day Exploit,Known Vulnerability,Patch,Signature,A,Zero-Day Exploits are attacks that exploit previously unknown vulnerabilities.,ECAT,Conceptual,Medium,Computer_Science,Network Security
Which protocol is commonly used for secure data transfer over the internet?,HTTP,FTP,SSH,SMTP,C,"SSH (Secure Shell) is used for secure data transfer, providing encryption and secure authentication.",GIKI_PIEAS,Conceptual,Medium,Computer_Science,Network Security
What type of attack involves overwhelming a network or system with traffic to make it unavailable?,Phishing,SQL Injection,DDoS,Cross-Site Scripting,C,"DDoS (Distributed Denial of Service) attacks flood a system with traffic, rendering it unavailable to legitimate users.",GIKI_PIEAS,Conceptual,Medium,Computer_Science,Network Security
Which encryption algorithm is commonly used for secure web traffic?,AES,RSA,DES,TLS,A,"AES (Advanced Encryption Standard) is widely used for encrypting data, including web traffic, due to its efficiency and security.",GIKI_PIEAS,Conceptual,Medium,Computer_Science,Network Security
What is a common technique used to crack passwords?,Brute Force,Dictionary Attack,Social Engineering,All of the above,D,"All mentioned techniques are used to crack passwords, including trying all combinations (brute force), using common words (dictionary attack), and manipulating people (social engineering).",GIKI_PIEAS,Conceptual,Medium,Computer_Science,Network Security
What is the term for the process of verifying a user's identity?,Authentication,Authorization,Accounting,Auditing,A,"Authentication is the process of verifying the identity of users, ensuring they are who they claim to be.",GIKI_PIEAS,Conceptual,Medium,Computer_Science,Network Security
Which security measure involves analyzing network traffic to detect potential threats?,Intrusion Detection System (IDS),Firewall,Encryption,Backup,A,IDS monitors network traffic to identify and alert on potential security threats.,GIKI_PIEAS,Conceptual,Medium,Computer_Science,Network Security
What is a VPN used for?,To increase network speed,To secure data transmitted over public networks,To filter out unwanted emails,To detect malware,B,"VPNs (Virtual Private Networks) encrypt data transmitted over public networks, ensuring confidentiality and security.",GIKI_PIEAS,Conceptual,Medium,Computer_Science,Network Security
What type of attack involves tricking users into revealing sensitive information?,Phishing,DDoS,SQL Injection,Cross-Site Scripting,A,Phishing attacks deceive users into divulging sensitive information like passwords or financial information.,GIKI_PIEAS,Conceptual,Medium,Computer_Science,Network Security
Which of the following is an example of a symmetric encryption algorithm?,RSA,AES,Diffie-Hellman,Elliptic Curve Cryptography,B,"AES is a symmetric encryption algorithm, using the same key for both encryption and decryption.",GIKI_PIEAS,Conceptual,Medium,Computer_Science,Network Security
What is the main difference between a threat and a vulnerability?,"Threat is a potential occurrence, vulnerability is a weakness","Threat is a weakness, vulnerability is a potential occurrence",Threat and vulnerability are the same,"Threat is an attack, vulnerability is a defense",A,"A threat is a potential event that could compromise security, while a vulnerability is a weakness that could be exploited by a threat.",GIKI_PIEAS,Conceptual,Medium,Computer_Science,Network Security
Which security framework is known for its risk-based approach to security?,NIST Cybersecurity Framework,ISO 27001,COBIT,All of the above,D,"All mentioned frameworks (NIST Cybersecurity Framework, ISO 27001, COBIT) incorporate risk-based approaches to managing and improving security.",GIKI_PIEAS,Conceptual,Medium,Computer_Science,Network Security
What is the purpose of two-factor authentication (2FA)?,To provide an additional layer of security beyond just passwords,To simplify the login process,To increase network speed,To reduce the need for passwords,A,"2FA adds a second form of verification, making it harder for attackers to gain unauthorized access using just passwords.",GIKI_PIEAS,Conceptual,Medium,Computer_Science,Network Security
Which type of malware is designed to demand payment in exchange for restoring access to data?,Virus,Worm,Ransomware,Trojan,C,"Ransomware encrypts data and demands payment (ransom) in exchange for the decryption key, restoring access to the data.",GIKI_PIEAS,Conceptual,Medium,Computer_Science,Network Security
Which protocol is commonly used for secure remote access to a network?,HTTP,SSH,FTP,SMTP,B,"SSH (Secure Shell) is a protocol used for secure remote access to a network, providing encrypted communication between the client and server.",LUMS_SAT,Conceptual,Medium,Computer_Science,Network Security
What type of attack involves attempting to guess a password by trying all possible combinations?,Phishing,Brute Force,Man-in-the-Middle,Denial of Service,B,"A brute force attack involves trying all possible combinations of a password to gain unauthorized access, relying on computational power to exhaust all possibilities.",LUMS_SAT,Conceptual,Medium,Computer_Science,Network Security
Which of the following is a characteristic of a symmetric key encryption algorithm?,It uses a pair of keys: one for encryption and another for decryption,It uses the same key for both encryption and decryption,It is typically used for digital signatures,It is slower than asymmetric key encryption,B,"Symmetric key encryption uses the same key for both encryption and decryption, making it faster than asymmetric encryption but requiring secure key exchange.",LUMS_SAT,Conceptual,Medium,Computer_Science,Network Security
Which of the following is an example of a passive attack in network security?,Denial of Service (DoS),Man-in-the-Middle (MitM),Eavesdropping,Replay Attack,C,"Eavesdropping is a passive attack where an attacker intercepts and monitors network traffic without altering it, often to gather sensitive information.",LUMS_SAT,Conceptual,Medium,Computer_Science,Network Security
Which type of encryption algorithm is typically used for secure data transmission over the internet?,Symmetric key encryption,Asymmetric key encryption,Hash function,Block cipher,A,"Symmetric key encryption is often used for secure data transmission due to its speed and efficiency, commonly used in protocols like SSL/TLS.",LUMS_SAT,Conceptual,Medium,Computer_Science,Network Security
What is a common countermeasure against phishing attacks?,Implementing a firewall,Using antivirus software,Conducting user awareness training,Enabling two-factor authentication,C,"User awareness training is crucial in preventing phishing attacks, educating users to recognize and avoid suspicious emails and links.",LUMS_SAT,Conceptual,Medium,Computer_Science,Network Security
Which protocol is used for secure file transfer over the internet?,FTP,SFTP,TFTP,HTTP,B,"SFTP (Secure File Transfer Protocol) is used for secure file transfer, utilizing SSH encryption to protect data in transit.",LUMS_SAT,Conceptual,Medium,Computer_Science,Network Security
What is the primary goal of a security awareness program?,To detect and prevent intrusions,To educate users about security best practices,To implement a firewall,To conduct penetration testing,B,"A security awareness program aims to educate users about security best practices, reducing the risk of security breaches caused by human error.",LUMS_SAT,Conceptual,Medium,Computer_Science,Network Security
Which type of attack involves flooding a network with traffic to make it unavailable?,Denial of Service (DoS),Man-in-the-Middle (MitM),Replay Attack,SQL Injection,A,"A Denial of Service (DoS) attack involves flooding a network with traffic, overwhelming its resources and making it unavailable to legitimate users.",LUMS_SAT,Conceptual,Medium,Computer_Science,Network Security
What is the purpose of a intrusion detection system (IDS)?,To detect and prevent intrusions,To encrypt data transmitted over the network,To authenticate users accessing the network,To control incoming and outgoing network traffic,A,"An IDS monitors network traffic for signs of unauthorized access or malicious activity, alerting administrators to potential security threats.",LUMS_SAT,Conceptual,Medium,Computer_Science,Network Security
Which of the following is a benefit of using a public key infrastructure (PKI)?,Improved network performance,Enhanced security for data transmission,Simplified network configuration,Increased storage capacity,B,"A PKI enables secure data transmission by using public-key cryptography, providing authentication, confidentiality, and integrity.",LUMS_SAT,Conceptual,Medium,Computer_Science,Network Security
What is a common vulnerability in wireless networks?,Weak passwords,Outdated software,Unencrypted data transmission,All of the above,D,"Wireless networks are vulnerable to various threats, including weak passwords, outdated software, and unencrypted data transmission, making them a potential entry point for attackers.",LUMS_SAT,Conceptual,Medium,Computer_Science,Network Security
Which type of malware is designed to remain undetected on a system for an extended period?,Virus,Worm,Trojan,Advanced Persistent Threat (APT),D,"An APT is a sophisticated, targeted attack that remains undetected on a system for an extended period, often used for espionage or data theft.",LUMS_SAT,Conceptual,Medium,Computer_Science,Network Security
Which of the following is a type of malware?,Virus,Firewall,Router,Switch,A,A virus is a type of malware that replicates itself by attaching to other programs or files on a computer.,NET,Conceptual,Medium,Computer_Science,Network Security
What is the purpose of encryption in network security?,To compress data,To improve network speed,To protect data from unauthorized access,To detect intrusions,C,"Encryption protects data by converting it into an unreadable format, making it inaccessible to unauthorized parties.",NET,Conceptual,Medium,Computer_Science,Network Security
Which network security measure involves verifying the identity of users?,Authentication,Authorization,Encryption,Firewall configuration,A,"Authentication is the process of verifying the identity of users, ensuring that only legitimate users access the network.",NET,Conceptual,Medium,Computer_Science,Network Security
Which security protocol is used for secure email communication?,PGP,SSL/TLS,IPSec,HTTP,A,PGP (Pretty Good Privacy) is used for secure email communication by encrypting and signing emails.,NET,Conceptual,Medium,Computer_Science,Network Security
Which type of attack involves flooding a network with traffic?,DDoS,Phishing,SQL Injection,Man-in-the-Middle,A,DDoS (Distributed Denial of Service) attack involves overwhelming a network with traffic to make it unavailable.,NET,Conceptual,Medium,Computer_Science,Network Security
What is the main purpose of a digital signature?,To encrypt data,To verify the authenticity of a message,To compress data,To improve network speed,B,"A digital signature verifies the authenticity and integrity of a message, ensuring it comes from the claimed sender.",NET,Conceptual,Medium,Computer_Science,Network Security
Which security measure helps in detecting and alerting about potential security threats?,Intrusion Detection System,Firewall,Encryption,Authentication,A,Intrusion Detection System (IDS) monitors network traffic for signs of unauthorized access or malicious activity.,NET,Conceptual,Medium,Computer_Science,Network Security
What is a characteristic of a symmetric encryption algorithm?,It uses different keys for encryption and decryption,It uses the same key for encryption and decryption,It is slower than asymmetric encryption,It is less secure than asymmetric encryption,B,"Symmetric encryption uses the same key for both encryption and decryption, making it faster but requiring secure key exchange.",NET,Conceptual,Medium,Computer_Science,Network Security
What is the primary benefit of using a secure protocol like SSH instead of Telnet?,Faster connection,Encrypted communication,Improved network speed,Simplified configuration,B,"SSH provides encrypted communication, unlike Telnet which transmits data in plain text, making SSH more secure.",NET,Conceptual,Medium,Computer_Science,Network Security
Which network attack involves intercepting and altering communication?,Man-in-the-Middle,DDoS,Phishing,SQL Injection,A,Man-in-the-Middle attack involves intercepting and potentially altering communication between two parties.,NET,Conceptual,Medium,Computer_Science,Network Security
Which security concept is based on the idea that multiple layers of security are better than a single layer?,Defense in Depth,Single Sign-On,Least Privilege,Fail-safe defaults,A,Defense in Depth involves implementing multiple layers of security measures to protect against various types of threats.,NET,Conceptual,Medium,Computer_Science,Network Security
What is a characteristic of asymmetric encryption?,Faster than symmetric encryption,Uses the same key for encryption and decryption,More secure key exchange,Less secure than symmetric encryption,C,Asymmetric encryption provides a more secure key exchange mechanism by using a pair of keys (public and private).,NET,Conceptual,Medium,Computer_Science,Network Security
Which of the following is a security risk associated with using public Wi-Fi?,Man-in-the-Middle attack,SQL Injection,Buffer Overflow,Cross-Site Scripting,A,"Public Wi-Fi networks are vulnerable to Man-in-the-Middle attacks, where an attacker intercepts communication.",NET,Conceptual,Medium,Computer_Science,Network Security
What type of attack involves guessing a password by trying all possible combinations?,Phishing,Brute Force,SQL Injection,Cross-Site Scripting,B,A brute force attack involves systematically checking all possible passwords until the correct one is found.,ECAT,Conceptual,Medium,Computer_Science,Network Security
Which of the following is a characteristic of a Denial of Service (DoS) attack?,Stealing sensitive information,Flooding a network with traffic to make it unavailable,Encrypting data without consent,Deleting data from a system,B,"A DoS attack involves overwhelming a system with traffic to make it unavailable to users, thus denying service.",ECAT,Conceptual,Medium,Computer_Science,Network Security
What is a common vulnerability exploited by SQL Injection attacks?,Weak passwords,Outdated software,User input not sanitized,Insufficient firewall rules,C,"SQL Injection attacks often exploit vulnerabilities where user input is not properly sanitized, allowing malicious SQL code to be executed.",ECAT,Conceptual,Medium,Computer_Science,Network Security
Which of the following is an example of a social engineering attack?,Phishing,DDoS,SQL Injection,Buffer Overflow,A,"Phishing is a social engineering attack where attackers trick users into revealing sensitive information, such as passwords or credit card numbers.",ECAT,Conceptual,Medium,Computer_Science,Network Security
Which security measure involves using multiple layers of defense?,Defense in Depth,Single Sign-On,Encryption,Firewall,A,Defense in Depth is a security strategy that involves using multiple layers of defense mechanisms to protect against various types of attacks.,ECAT,Conceptual,Medium,Computer_Science,Network Security
What is the main difference between symmetric and asymmetric encryption?,"Symmetric uses one key, asymmetric uses two keys","Symmetric is faster, asymmetric is slower","Symmetric is more secure, asymmetric is less secure","Symmetric uses public key, asymmetric uses private key",A,"Symmetric encryption uses the same key for encryption and decryption, while asymmetric encryption uses a pair of keys: a public key for encryption and a private key for decryption.",ECAT,Conceptual,Medium,Computer_Science,Network Security
Which of the following is NOT a benefit of using a VPN?,Enhanced security,Increased internet speed,Encrypted data transmission,Anonymity on the internet,B,"While VPNs can sometimes improve internet speed by avoiding ISP throttling, they often introduce latency and may not always increase speed.",ECAT,Conceptual,Medium,Computer_Science,Network Security
What is a man-in-the-middle (MitM) attack?,Intercepting and altering communication between two parties,Flooding a network with traffic,Stealing sensitive information through phishing,Encrypting data without consent,A,"A MitM attack involves intercepting and potentially altering communication between two parties, often to eavesdrop or inject malware.",ECAT,Conceptual,Medium,Computer_Science,Network Security
Which of the following is an example of a passive security threat?,Malware infection,Unauthorized access,Eavesdropping,Denial of Service,C,Eavesdropping is a passive security threat where an attacker intercepts and listens to communication without being detected.,ECAT,Conceptual,Medium,Computer_Science,Network Security
What is a common method used to protect data in transit?,Encryption,Decryption,Authentication,Authorization,A,Encryption converts plaintext into unreadable ciphertext to protect data during transmission.,GIKI_PIEAS,Conceptual,Medium,Computer_Science,Network Security
What is the purpose of a digital signature?,To encrypt data,To verify the authenticity of a message,To compress data,To authenticate users,B,"A digital signature verifies the authenticity and integrity of a message, ensuring it has not been tampered with.",GIKI_PIEAS,Conceptual,Medium,Computer_Science,Network Security
What is the term for a security incident that results in unauthorized access to data?,Data Breach,Data Loss,Data Corruption,Data Theft,A,A data breach occurs when unauthorized individuals gain access to sensitive or confidential data.,GIKI_PIEAS,Conceptual,Medium,Computer_Science,Network Security
Which security framework is commonly used to classify and protect sensitive information?,CIA Triad,ISO 27001,NIST Cybersecurity Framework,All of the above,D,"The CIA Triad, ISO 27001, and NIST Cybersecurity Framework are all used to classify and protect sensitive information.",GIKI_PIEAS,Conceptual,Medium,Computer_Science,Network Security
What type of malware demands payment in exchange for restoring access to data?,Ransomware,Trojan,Virus,Worm,A,Ransomware is a type of malware that encrypts data and demands payment in exchange for the decryption key.,GIKI_PIEAS,Conceptual,Medium,Computer_Science,Network Security
Which of the following is a benefit of using a security information and event management (SIEM) system?,Real-time monitoring and incident response,Data encryption,User authentication,Firewall configuration,A,"A SIEM system provides real-time monitoring and incident response capabilities, helping to detect and respond to security threats.",GIKI_PIEAS,Conceptual,Medium,Computer_Science,Network Security
What is the term for a security test that simulates a real-world attack on a computer system?,Penetration Test,Vulnerability Assessment,Risk Assessment,Compliance Audit,A,A penetration test simulates a real-world attack on a computer system to test its defenses and identify vulnerabilities.,GIKI_PIEAS,Conceptual,Medium,Computer_Science,Network Security
Which security control is used to limit access to sensitive data based on user roles?,Role-Based Access Control (RBAC),Mandatory Access Control (MAC),Discretionary Access Control (DAC),Attribute-Based Access Control (ABAC),A,"RBAC limits access to sensitive data based on user roles, ensuring that users only have access to necessary resources.",GIKI_PIEAS,Conceptual,Medium,Computer_Science,Network Security
What is the primary purpose of a security awareness training program?,To educate users on security best practices,To detect and respond to incidents,To configure firewalls,To conduct penetration testing,A,"A security awareness training program educates users on security best practices, helping to prevent security incidents.",GIKI_PIEAS,Conceptual,Medium,Computer_Science,Network Security
What is a common type of attack that involves overwhelming a network with traffic?,Phishing,SQL Injection,DDoS,Cross-Site Scripting,C,"DDoS (Distributed Denial of Service) is a type of attack where multiple systems flood a network with traffic, overwhelming it.",LUMS_SAT,Conceptual,Medium,Computer_Science,Network Security
Which of the following is an example of a network security threat?,Virus,Firewall,Encryption,Authentication,A,A virus is a type of malware that can harm a network and its systems.,LUMS_SAT,Conceptual,Medium,Computer_Science,Network Security
Which of the following is an example of a password-based authentication method?,Biometric authentication,Smart card authentication,Username and password,Kerberos authentication,C,"Username and password is a common password-based authentication method, where users provide a unique username and password to access a system.",LUMS_SAT,Conceptual,Medium,Computer_Science,Network Security
What is the purpose of a intrusion detection system (IDS) in network security?,To prevent intrusions,To detect intrusions,To authenticate users,To encrypt data,B,"An IDS is a system that monitors network traffic for signs of unauthorized access or malicious activity, detecting potential intrusions.",LUMS_SAT,Conceptual,Medium,Computer_Science,Network Security
Which protocol is used for secure file transfer?,FTP,SFTP,HTTP,SMTP,B,"SFTP (Secure File Transfer Protocol) is a protocol used for secure file transfer, providing encrypted communication between the client and server.",LUMS_SAT,Conceptual,Medium,Computer_Science,Network Security
What is a common type of malware that demands payment in exchange for restoring access to data?,Virus,Worm,Ransomware,Trojan,C,"Ransomware is a type of malware that demands payment in exchange for restoring access to data, often by encrypting files and demanding a ransom.",LUMS_SAT,Conceptual,Medium,Computer_Science,Network Security
Which of the following is an example of a secure communication protocol?,Telnet,SSH,HTTP,FTP,B,"SSH is a secure communication protocol that provides encrypted communication between devices, replacing insecure protocols like Telnet.",LUMS_SAT,Conceptual,Medium,Computer_Science,Network Security
What is the purpose of a security information and event management (SIEM) system?,To detect and respond to security incidents,To authenticate users,To encrypt data,To filter network traffic,A,"A SIEM system is used to monitor and analyze security-related data, detecting and responding to potential security incidents.",LUMS_SAT,Conceptual,Medium,Computer_Science,Network Security
Which of the following is an example of a network security control?,Firewall,IDS,Encryption,All of the above,D,"All of the above options (firewall, IDS, and encryption) are examples of network security controls used to protect a network and its resources.",LUMS_SAT,Conceptual,Medium,Computer_Science,Network Security
What is a common type of attack that involves tricking users into revealing sensitive information?,Phishing,SQL Injection,Cross-Site Scripting,DDoS,A,"Phishing is a type of attack where attackers trick users into revealing sensitive information, often through email or other communication channels.",LUMS_SAT,Conceptual,Medium,Computer_Science,Network Security
Which protocol is used for secure authentication and authorization?,Kerberos,RADIUS,TACACS+,All of the above,D,"All of the above protocols (Kerberos, RADIUS, and TACACS+) are used for secure authentication and authorization in network security.",LUMS_SAT,Conceptual,Medium,Computer_Science,Network Security
What is the term for a malicious program that disguises itself as legitimate software?,Virus,Worm,Trojan,Rootkit,C,"A Trojan horse is malware that disguises itself as legitimate software, allowing unauthorized access to a computer system.",NET,Conceptual,Medium,Computer_Science,Network Security
Which of the following is a type of malware that demands payment in exchange for restoring access to data?,Virus,Worm,Ransomware,Adware,C,Ransomware is malware that encrypts a victim's files and demands a ransom in exchange for the decryption key.,NET,Conceptual,Medium,Computer_Science,Network Security
What is a common technique used to protect passwords stored on a server?,Hashing,Encryption,Compression,Encoding,A,"Hashing transforms passwords into fixed-length strings of characters, making it difficult to retrieve the original password.",NET,Conceptual,Medium,Computer_Science,Network Security
Which protocol is used to securely access a remote server?,Telnet,SSH,FTP,HTTP,B,"SSH (Secure Shell) is a protocol used to securely access and manage a remote server, encrypting data transmitted.",NET,Conceptual,Medium,Computer_Science,Network Security
What is the main goal of a intrusion detection system (IDS)?,To prevent intrusions,To detect and alert on potential intrusions,To encrypt network traffic,To authenticate users,B,"An IDS monitors network traffic for signs of unauthorized access or malicious activity, alerting administrators.",NET,Conceptual,Medium,Computer_Science,Network Security
Which security measure involves using multiple forms of verification to access a system?,Single-factor authentication,Multi-factor authentication,Biometric authentication,Password authentication,B,"Multi-factor authentication requires multiple forms of verification, such as a password, fingerprint, and smart card, to access a system.",NET,Conceptual,Medium,Computer_Science,Network Security
What type of attack involves overwhelming a system with traffic to make it unavailable?,Denial of Service (DoS) Attack,Man-in-the-Middle (MitM) Attack,Phishing Attack,Brute Force Attack,A,"A DoS attack involves flooding a system with traffic, rendering it unavailable to legitimate users.",NET,Conceptual,Medium,Computer_Science,Network Security
What is the term for a security threat that is previously unknown?,Zero-day exploit,Known vulnerability,Patch,Buffer overflow,A,"A zero-day exploit is a security threat that is previously unknown, making it difficult to defend against without a patch.",NET,Conceptual,Medium,Computer_Science,Network Security
Which of the following is a benefit of using a secure protocol like HTTPS?,Improved network performance,Enhanced security for data in transit,Simplified network configuration,Increased storage capacity,B,"HTTPS provides end-to-end encryption, ensuring the confidentiality and integrity of data transmitted between the client and server.",NET,Conceptual,Medium,Computer_Science,Network Security
What is the primary goal of incident response planning?,To prevent security incidents,To detect security incidents,To respond to and contain security incidents,To improve network performance,C,"Incident response planning enables organizations to respond quickly and effectively to security incidents, minimizing damage.",NET,Conceptual,Medium,Computer_Science,Network Security
Which protocol is used for secure data transfer over the internet?,HTTP,FTP,HTTPS,SSH,C,"HTTPS (Hypertext Transfer Protocol Secure) is used for secure data transfer, encrypting data with SSL/TLS.",ECAT,Conceptual,Medium,Computer_Science,Network Security
What is a common type of attack that involves guessing a password?,Brute Force Attack,Phishing Attack,SQL Injection,Cross-Site Scripting,A,Brute Force Attack involves trying all possible combinations of passwords to guess the correct one.,ECAT,Conceptual,Medium,Computer_Science,Network Security
A message is encrypted using a public key. Which key is used for decryption?,Public Key,Private Key,Shared Key,Session Key,B,"In asymmetric encryption, the public key is used for encryption, and the corresponding private key is used for decryption.",ECAT,Conceptual,Medium,Computer_Science,Network Security
Which of the following encryption algorithms is asymmetric?,AES,DES,RSA,Blowfish,C,"RSA is an asymmetric encryption algorithm, using a public-private key pair for encryption and decryption.",ECAT,Conceptual,Medium,Computer_Science,Network Security
What is a common technique used to protect against SQL Injection attacks?,Input Validation,Using Firewalls,Encrypting Data,Using Antivirus Software,A,Input validation checks user input to prevent malicious SQL code from being injected into databases.,ECAT,Conceptual,Medium,Computer_Science,Network Security
A network uses a /24 subnet mask. How many hosts can it support?,254,256,255,253,A,"A /24 subnet mask means 256 addresses are available, but 2 are reserved for network and broadcast addresses, leaving 254 for hosts.",ECAT,Conceptual,Medium,Computer_Science,Network Security
A security policy dictates that all passwords must be at least 12 characters long. What is this an example of?,Password Length Policy,Password Complexity Policy,Authentication Policy,Account Lockout Policy,A,"This is an example of a password length policy, which specifies the minimum length for passwords to enhance security.",ECAT,Conceptual,Medium,Computer_Science,Network Security
What is the term for the practice of dividing a network into smaller segments?,Segmentation,Subnetting,VLAN,All of the above,D,"Segmentation, subnetting, and VLANs are all techniques used to divide a network into smaller, more manageable segments, enhancing security and performance.",ECAT,Conceptual,Medium,Computer_Science,Network Security
Which security measure involves analyzing network traffic to identify potential threats?,Intrusion Detection,Firewall Configuration,Encryption,Authentication,A,Intrusion detection involves monitoring network traffic to identify and alert about potential security threats or intrusions.,ECAT,Conceptual,Medium,Computer_Science,Network Security
Which encryption algorithm is commonly used for secure data transmission over the internet?,AES,RSA,DES,MD5,A,AES (Advanced Encryption Standard) is a widely used symmetric encryption algorithm for securing data transmission due to its high speed and security.,GIKI_PIEAS,Conceptual,Medium,Computer_Science,Network Security
What is a common attack vector used by hackers to gain unauthorized access to a network?,Phishing,SQL Injection,Cross-Site Scripting (XSS),All of the above,D,"Phishing, SQL Injection, and XSS are all common attack vectors used by hackers to exploit vulnerabilities and gain unauthorized access.",GIKI_PIEAS,Conceptual,Medium,Computer_Science,Network Security
What is the difference between symmetric and asymmetric encryption?,"Symmetric encryption uses one key, while asymmetric encryption uses two keys",Symmetric encryption is slower than asymmetric encryption,Asymmetric encryption is more secure than symmetric encryption,Symmetric encryption is used for digital signatures,A,"Symmetric encryption uses the same key for encryption and decryption, whereas asymmetric encryption uses a pair of keys: one for encryption and another for decryption.",GIKI_PIEAS,Conceptual,Medium,Computer_Science,Network Security
"What is a VPN, and what is its primary purpose?",A VPN is a virtual private network that encrypts internet traffic,A VPN is a type of firewall,A VPN is used for authentication,A VPN is used for load balancing,A,"A VPN (Virtual Private Network) creates a secure, encrypted connection between a user's device and a VPN server, protecting data transmitted over the internet.",GIKI_PIEAS,Conceptual,Medium,Computer_Science,Network Security
What is the primary benefit of using a secure communication protocol like SSL/TLS?,Improved network performance,Enhanced security through encryption,Simplified network configuration,Increased network complexity,B,"SSL/TLS provides end-to-end encryption, ensuring that data transmitted between a client and server remains confidential and tamper-proof.",GIKI_PIEAS,Conceptual,Medium,Computer_Science,Network Security
Which type of attack involves attempting to guess a user's password by trying multiple combinations?,Brute Force Attack,Phishing Attack,SQL Injection Attack,Cross-Site Scripting (XSS) Attack,A,A Brute Force Attack involves systematically trying all possible password combinations to gain unauthorized access to a system or account.,GIKI_PIEAS,Conceptual,Medium,Computer_Science,Network Security
Which of the following is a best practice for securing a wireless network?,Using WEP encryption,Using WPA2 encryption,Disabling firewall,Using a default password,B,"WPA2 (Wi-Fi Protected Access 2) is a secure encryption protocol that protects wireless networks from unauthorized access, making it a best practice for securing Wi-Fi networks.",GIKI_PIEAS,Conceptual,Medium,Computer_Science,Network Security
What is the primary goal of a incident response plan in network security?,To prevent security incidents,To detect security incidents,To respond to and contain security incidents,To ignore security incidents,C,"An incident response plan outlines the procedures to respond to and contain security incidents, minimizing the impact and restoring normal operations.",GIKI_PIEAS,Conceptual,Medium,Computer_Science,Network Security
What is the purpose of a network segmentation in network security?,To improve network performance,To simplify network configuration,To isolate sensitive areas of the network,To increase network complexity,C,"Network segmentation involves dividing a network into smaller, isolated segments, limiting the attack surface and protecting sensitive areas from unauthorized access.",GIKI_PIEAS,Conceptual,Medium,Computer_Science,Network Security
Which type of attack involves exploiting a vulnerability in a software application?,Zero-Day Attack,Phishing Attack,SQL Injection Attack,Cross-Site Scripting (XSS) Attack,A,"A Zero-Day Attack exploits a previously unknown vulnerability in a software application, allowing attackers to gain unauthorized access or disrupt operations.",GIKI_PIEAS,Conceptual,Medium,Computer_Science,Network Security
Which encryption technique uses a pair of keys: one for encryption and another for decryption?,Symmetric Encryption,Asymmetric Encryption,Hashing,Digital Signature,B,"Asymmetric encryption uses a public key for encryption and a private key for decryption, ensuring secure data transfer.",LUMS_SAT,Conceptual,Medium,Computer_Science,Network Security
What is a common method used to protect data from being intercepted and read during transmission?,Encryption,Firewall,Intrusion Detection System (IDS),Authentication,A,"Encryption converts plaintext data into unreadable ciphertext, protecting it from unauthorized access during transmission.",LUMS_SAT,Conceptual,Medium,Computer_Science,Network Security
Which of the following is an example of a passive attack?,Denial of Service (DoS) Attack,Man-in-the-Middle (MitM) Attack,Sniffing,SQL Injection,C,"Sniffing involves passively monitoring and capturing network traffic without altering it, making it a passive attack.",LUMS_SAT,Conceptual,Medium,Computer_Science,Network Security
Which of the following is a characteristic of a strong password?,It is short and easy to remember,It contains only letters,"It is a combination of letters, numbers, and special characters",It is the same as the username,C,"A strong password is complex and includes a mix of letters, numbers, and special characters, making it harder to guess.",LUMS_SAT,Conceptual,Medium,Computer_Science,Network Security
What is a common vulnerability that can be exploited by attackers?,Outdated software,Strong passwords,Firewall enabled,Encryption used,A,Outdated software often contains known vulnerabilities that can be exploited by attackers to gain unauthorized access.,LUMS_SAT,Conceptual,Medium,Computer_Science,Network Security
Which security measure involves verifying the identity of users or devices?,Authentication,Authorization,Encryption,Firewall,A,"Authentication is the process of verifying the identity of users or devices, ensuring that only authorized entities access a system or network.",LUMS_SAT,Conceptual,Medium,Computer_Science,Network Security
What is the term for the process of ensuring that data is not modified during transmission?,Confidentiality,Integrity,Availability,Authentication,B,"Data integrity ensures that information is not modified, deleted, or altered during transmission or storage without detection.",LUMS_SAT,Conceptual,Medium,Computer_Science,Network Security
Which of the following is an example of a security threat?,Virus,Firewall,Encryption,Authentication,A,"A virus is a type of malware that can harm a computer system, making it a security threat.",LUMS_SAT,Conceptual,Medium,Computer_Science,Network Security
What is the primary goal of intrusion detection?,To prevent intrusions,To detect and alert on potential security threats,To encrypt data,To authenticate users,B,"Intrusion detection systems monitor network traffic to identify and alert on potential security threats, enabling swift response.",LUMS_SAT,Conceptual,Medium,Computer_Science,Network Security
Which security principle ensures that data is accessible to authorized users when needed?,Confidentiality,Integrity,Availability,Authentication,C,Availability ensures that data and systems are accessible and usable when needed by authorized users.,LUMS_SAT,Conceptual,Medium,Computer_Science,Network Security
What is the purpose of a VPN?,To encrypt data in transit,To filter incoming and outgoing network traffic,To detect and prevent intrusions,To authenticate users,A,VPNs (Virtual Private Networks) encrypt data in transit to secure communications over public networks.,NET,Conceptual,Medium,Computer_Science,Network Security
What is a phishing attack?,A type of malware,A social engineering attack to steal sensitive information,A type of denial-of-service attack,A type of intrusion detection system,B,Phishing attacks use social engineering to trick victims into revealing sensitive information like passwords or credit card numbers.,NET,Conceptual,Medium,Computer_Science,Network Security
What is a denial-of-service (DoS) attack?,An attack that steals sensitive information,An attack that compromises a system's integrity,"An attack that overwhelms a system, making it unavailable",An attack that encrypts data,C,"DoS attacks flood a system with traffic, overwhelming it and making it unavailable to legitimate users.",NET,Conceptual,Medium,Computer_Science,Network Security
Which of the following is a type of security threat that can spread from system to system?,Virus,Worm,Trojan,All of the above,D,"Viruses, worms, and Trojans are all types of malware that can spread from system to system, causing harm.",NET,Conceptual,Medium,Computer_Science,Network Security
What is the primary goal of a Man-in-the-Middle (MitM) attack?,To disrupt network services,To intercept and alter communication between two parties,To flood a network with traffic,To steal user credentials,B,"MitM attack involves intercepting and altering communication, often to eavesdrop or impersonate, using techniques like ARP spoofing or DNS spoofing.",GIKI_PIEAS,Conceptual,Medium,Computer_Science,Network Security
Which protocol is commonly used for secure email transmission?,PGP,SSL/TLS,IPSec,S/MIME,D,"S/MIME is used for secure email transmission, providing encryption and digital signatures, while PGP is also used but not as widely adopted in enterprises.",GIKI_PIEAS,Conceptual,Medium,Computer_Science,Network Security
What is the main purpose of a firewall?,To detect malware,To encrypt data,To control incoming and outgoing network traffic,To authenticate users,C,"Firewalls control network traffic based on predetermined security rules, blocking unauthorized access to or from a private network.",GIKI_PIEAS,Conceptual,Medium,Computer_Science,Network Security
Which attack involves attempting all possible passwords?,Brute Force,Dictionary Attack,Phishing,Social Engineering,A,"Brute Force attack involves trying all possible combinations of passwords until the correct one is found, often using automated tools.",GIKI_PIEAS,Conceptual,Medium,Computer_Science,Network Security
What is a digital signature?,A encrypted hash of a message,A plaintext copy of a message,A method of encrypting data,A way to authenticate a user,A,"Digital signatures are created by encrypting a hash of a message with the sender's private key, ensuring authenticity and integrity.",GIKI_PIEAS,Conceptual,Medium,Computer_Science,Network Security
What is a VPN?,A virtual private network that encrypts internet traffic,A network that uses only IPv6,A method of authenticating users,A type of firewall,A,"VPNs create a secure, encrypted tunnel for internet traffic, protecting data from interception and eavesdropping.",GIKI_PIEAS,Conceptual,Medium,Computer_Science,Network Security
What is the purpose of a honeypot?,To detect and divert attacks,To store sensitive data,To authenticate users,To encrypt data,A,"Honeypots are decoy systems or resources that attract attackers, allowing for the detection and analysis of malicious activities.",GIKI_PIEAS,Conceptual,Medium,Computer_Science,Network Security
Which of the following is a common threat to network security?,Virus,Firewall,IDS,VPN,A,"Viruses are malicious software that replicate and spread, causing harm to computer systems and data.",GIKI_PIEAS,Conceptual,Medium,Computer_Science,Network Security
What is the difference between a threat and a vulnerability?,"Threat is a potential occurrence, vulnerability is a weakness","Threat is a weakness, vulnerability is a potential occurrence","Threat is a type of malware, vulnerability is a type of attack","Threat is a type of attack, vulnerability is a type of malware",A,"A threat is a potential occurrence that could compromise security, while a vulnerability is a weakness that could be exploited by a threat.",GIKI_PIEAS,Conceptual,Medium,Computer_Science,Network Security
What is the purpose of an Intrusion Detection System (IDS)?,To prevent intrusions,To detect and alert on potential intrusions,To encrypt data,To authenticate users,B,"IDS systems monitor network traffic for signs of unauthorized access or malicious activity, alerting administrators to potential threats.",GIKI_PIEAS,Conceptual,Medium,Computer_Science,Network Security
Which of the following encryption algorithms is commonly used for secure data transmission?,AES,RSA,MD5,SHA-1,A,AES (Advanced Encryption Standard) is a symmetric encryption algorithm widely used for secure data transmission and storage.,GIKI_PIEAS,Conceptual,Medium,Computer_Science,Network Security
What is a replay attack?,An attack that involves retransmitting a valid message,An attack that involves guessing a password,An attack that involves exploiting a vulnerability,An attack that involves intercepting a message,A,"Replay attacks involve retransmitting a valid message or data to deceive the recipient, often used to gain unauthorized access.",GIKI_PIEAS,Conceptual,Medium,Computer_Science,Network Security
What is the purpose of a security audit?,To identify vulnerabilities and weaknesses,To encrypt data,To authenticate users,To detect malware,A,Security audits involve examining an organization's security controls and practices to identify vulnerabilities and weaknesses.,GIKI_PIEAS,Conceptual,Medium,Computer_Science,Network Security
Which of the following is a type of password attack?,Brute Force,Dictionary Attack,Phishing,All of the above,D,"All three options are types of password attacks: Brute Force tries all combinations, Dictionary Attack uses common words, and Phishing tricks users into revealing passwords.",GIKI_PIEAS,Conceptual,Medium,Computer_Science,Network Security
What is the main benefit of using a secure protocol like SSH?,To improve network performance,To encrypt data in transit,To authenticate users,To detect malware,B,"SSH (Secure Shell) encrypts data in transit, protecting against eavesdropping and interception, and provides secure remote access.",GIKI_PIEAS,Conceptual,Medium,Computer_Science,Network Security
What is a common security risk associated with public Wi-Fi?,Malware infection,Data interception,Denial of Service,All of the above,D,"Public Wi-Fi networks are vulnerable to various security risks, including malware infection, data interception, and Denial of Service attacks.",GIKI_PIEAS,Conceptual,Medium,Computer_Science,Network Security
Which of the following is an example of a Denial of Service (DoS) attack?,Flooding a network with traffic to overwhelm it,Stealing sensitive information from a database,Injecting malware into a software update,Guessing a password using brute force,A,"A DoS attack involves flooding a network or system with traffic to overwhelm it, making it unavailable to users.",LUMS_SAT,Conceptual,Medium,Computer_Science,Network Security
What is the primary purpose of a VPN (Virtual Private Network)?,To encrypt internet traffic for secure browsing,To improve network performance,To block malicious websites,To detect intrusion attempts,A,"A VPN encrypts internet traffic to provide a secure and private connection, often used for remote access to a network.",LUMS_SAT,Conceptual,Medium,Computer_Science,Network Security
Which security measure involves creating a backup of data to prevent loss in case of an attack or disaster?,Data Encryption,Data Backup,Intrusion Detection,Firewall Configuration,B,"Data backup involves creating copies of data to restore in case of data loss due to an attack, disaster, or system failure.",LUMS_SAT,Conceptual,Medium,Computer_Science,Network Security
Which of the following is NOT a characteristic of a secure password?,Length of at least 8 characters,Use of uppercase and lowercase letters,Inclusion of special characters,Use of easily guessable information like names or birthdays,D,"A secure password should not contain easily guessable information like names or birthdays, as it can be easily compromised by attackers.",LUMS_SAT,Conceptual,Medium,Computer_Science,Network Security
What is the term for the process of verifying the identity of a user or device?,Authentication,Authorization,Accounting,Auditing,A,"Authentication is the process of verifying the identity of a user or device, ensuring that they are who they claim to be.",LUMS_SAT,Conceptual,Medium,Computer_Science,Network Security
What is the purpose of an intrusion detection system (IDS) in network security?,To prevent intrusions,To detect and alert on potential intrusions,To encrypt network traffic,To authenticate users,B,"An IDS monitors network traffic for signs of unauthorized access or malicious activity, alerting administrators to potential threats.",LUMS_SAT,Conceptual,Medium,Computer_Science,Network Security
Which of the following is an example of a security threat that can be mitigated by implementing a patch management process?,Phishing,Malware,Vulnerabilities in software,Denial of Service,C,"Patch management involves updating software to fix vulnerabilities, reducing the risk of exploitation by attackers.",LUMS_SAT,Conceptual,Medium,Computer_Science,Network Security
What is the term for a network segment that is isolated from the rest of the network for security purposes?,DMZ,VLAN,VPN,LAN,A,"A DMZ (Demilitarized Zone) is a network segment that is isolated from the rest of the network, often used to host public-facing services.",LUMS_SAT,Conceptual,Medium,Computer_Science,Network Security
"In a network, what is the primary function of a firewall?",To improve network performance,To prevent unauthorized access,To manage network traffic,To detect malware,B,"Firewall acts as a barrier between a trusted network and an untrusted network, controlling incoming and outgoing traffic based on security rules.",NET,Conceptual,Medium,Computer_Science,Network Security
What is the term for a network security technique that hides internal IP addresses?,NAT,VPN,Firewall,IDS,A,NAT (Network Address Translation) hides internal IP addresses by translating them into a public IP address.,NET,Conceptual,Medium,Computer_Science,Network Security
What is a common threat to network security?,Virus,Firewall,Router,Switch,A,A virus is a type of malware that can harm a network by replicating and spreading to other systems.,NET,Conceptual,Medium,Computer_Science,Network Security
What is the primary goal of encryption?,To compress data,To improve network performance,To protect data from unauthorized access,To detect malware,C,Encryption protects data by converting it into a ciphertext that can only be decrypted with the correct key.,NET,Conceptual,Medium,Computer_Science,Network Security
What is the term for a security technique that requires two forms of verification?,Single Sign-On,Two-Factor Authentication,Biometric Authentication,Password Authentication,B,"Two-Factor Authentication requires two forms of verification, such as a password and a fingerprint, to provide an additional layer of security.",NET,Conceptual,Medium,Computer_Science,Network Security
What is the primary function of an IDS?,To detect and prevent intrusions,To improve network performance,To manage network traffic,To encrypt data,A,"An IDS (Intrusion Detection System) detects and alerts administrators to potential security threats, but does not prevent them.",NET,Conceptual,Medium,Computer_Science,Network Security
What is the term for a security protocol that provides secure remote access?,VPN,SSH,SSL/TLS,HTTPS,A,A VPN (Virtual Private Network) provides secure remote access to a network by encrypting data between the client and server.,NET,Conceptual,Medium,Computer_Science,Network Security
What is a common risk associated with using public Wi-Fi?,Data theft,Malware infection,Man-in-the-Middle attack,All of the above,D,"All of the above (Data theft, Malware infection, and Man-in-the-Middle attack) are common risks associated with using public Wi-Fi.",NET,Conceptual,Medium,Computer_Science,Network Security
What type of malware is designed to demand payment in exchange for restoring access to data?,Ransomware,Trojan,Virus,Worm,A,Ransomware is a type of malware that demands payment in exchange for restoring access to data that has been encrypted or locked.,NET,Conceptual,Medium,Computer_Science,Network Security
What is the term for a security technique that involves analyzing network traffic?,Network Monitoring,Intrusion Detection,Traffic Analysis,All of the above,D,"All of the above (Network Monitoring, Intrusion Detection, and Traffic Analysis) involve analyzing network traffic to identify potential security threats.",NET,Conceptual,Medium,Computer_Science,Network Security
What is a common security threat to email?,Phishing,Spam,Malware,All of the above,D,"All of the above (Phishing, Spam, and Malware) are common security threats to email that can be used to compromise user accounts or spread malware.",NET,Conceptual,Medium,Computer_Science,Network Security
What is the primary function of a security awareness program?,To educate users about security best practices,To improve network performance,To manage network traffic,To detect malware,A,A security awareness program educates users about security best practices to prevent security breaches and promote a culture of security.,NET,Conceptual,Medium,Computer_Science,Network Security
What is the term for a security protocol that provides secure data transfer?,SSL/TLS,HTTPS,SSH,All of the above,D,"All of the above (SSL/TLS, HTTPS, and SSH) are security protocols that provide secure data transfer by encrypting data between the client and server.",NET,Conceptual,Medium,Computer_Science,Network Security
What is a common attack on password security?,Man-in-the-middle,Denial of Service,Brute Force,SQL Injection,C,A brute force attack involves trying all possible combinations of a password to gain unauthorized access.,ECAT,Conceptual,Medium,Computer_Science,Network Security
"What type of attack overwhelms a system with traffic, making it unavailable?",Man-in-the-middle,Denial of Service,Brute Force,SQL Injection,B,"A Denial of Service (DoS) attack floods a system with traffic, rendering it unable to respond to legitimate requests.",ECAT,Conceptual,Medium,Computer_Science,Network Security
Which security protocol is used for secure email transmission?,HTTPS,SMTP,PGP,SSH,C,PGP (Pretty Good Privacy) is used for secure email transmission by encrypting and signing emails.,ECAT,Conceptual,Medium,Computer_Science,Network Security
What is the term for a network security vulnerability that is previously unknown?,Zero-day exploit,Known vulnerability,Patched vulnerability,False positive,A,"A zero-day exploit is a vulnerability that is unknown to the software vendor or has not been patched, making it a significant threat.",ECAT,Conceptual,Medium,Computer_Science,Network Security
Which of the following is NOT a common type of network attack?,Phishing,SYN flood,DNS spoofing,Firewall configuration,D,"Firewall configuration is a security measure, not a type of network attack.",ECAT,Conceptual,Medium,Computer_Science,Network Security
What is a honeypot in network security?,A decoy system to attract attackers,A firewall configuration,An intrusion detection system,A type of malware,A,"A honeypot is a decoy system or resource that attracts attackers, allowing security teams to monitor and analyze their tactics.",ECAT,Conceptual,Medium,Computer_Science,Network Security
What is the term for the process of analyzing network traffic to identify security threats?,Network monitoring,Intrusion detection,Traffic analysis,All of the above,D,"Network monitoring, intrusion detection, and traffic analysis all involve analyzing network traffic to identify potential security threats.",ECAT,Conceptual,Medium,Computer_Science,Network Security
Which security measure involves limiting user privileges to the minimum required?,Least privilege principle,Separation of duties,Role-based access control,Mandatory access control,A,"The least privilege principle involves granting users only the privileges necessary to perform their tasks, reducing the risk of privilege abuse.",ECAT,Conceptual,Medium,Computer_Science,Network Security
What is a common method used by attackers to trick users into revealing sensitive information?,Phishing,Spear phishing,Social engineering,All of the above,D,"Phishing, spear phishing, and social engineering are all methods used by attackers to trick users into revealing sensitive information.",ECAT,Conceptual,Medium,Computer_Science,Network Security
What is the primary function of a VPN (Virtual Private Network)?,To improve network performance,To encrypt data transmitted over a public network,To detect and prevent intrusions,To authenticate users,B,"A VPN encrypts data transmitted over a public network, creating a secure and private connection.",GIKI_PIEAS,Conceptual,Medium,Computer_Science,Network Security
Which type of attack involves intercepting and altering communication between two parties?,Man-in-the-Middle,Denial of Service (DoS),Phishing,SQL Injection,A,A Man-in-the-Middle attack involves intercepting and potentially altering communication between two parties without their knowledge.,GIKI_PIEAS,Conceptual,Medium,Computer_Science,Network Security
Which encryption algorithm is considered insecure due to its small key size?,AES-128,AES-256,DES,RSA-2048,C,"DES (Data Encryption Standard) is considered insecure due to its small 56-bit key size, making it vulnerable to brute-force attacks.",GIKI_PIEAS,Conceptual,Medium,Computer_Science,Network Security
Which security measure involves using multiple layers of defense to protect a network?,Defense in Depth,Single Sign-On (SSO),Intrusion Detection System (IDS),Firewall,A,"Defense in Depth involves using multiple layers of defense, such as firewalls, IDS, and encryption, to protect a network.",GIKI_PIEAS,Conceptual,Medium,Computer_Science,Network Security
What type of malware disguises itself as legitimate software?,Virus,Worm,Trojan,Rootkit,C,"A Trojan horse is a type of malware that disguises itself as legitimate software, allowing attackers to gain unauthorized access.",GIKI_PIEAS,Conceptual,Medium,Computer_Science,Network Security
Which type of attack involves tricking users into revealing sensitive information?,Phishing,SQL Injection,Cross-Site Scripting (XSS),Man-in-the-Middle,A,"Phishing involves tricking users into revealing sensitive information, such as passwords or credit card numbers, through deceptive emails or websites.",GIKI_PIEAS,Conceptual,Medium,Computer_Science,Network Security
What is the term for a network attack that involves intercepting and altering communication between two parties?,Man-in-the-Middle Attack,Denial of Service Attack,Phishing Attack,Replay Attack,A,"Man-in-the-Middle Attack involves intercepting, reading, or modifying data between two parties, often to eavesdrop or impersonate.",LUMS_SAT,Conceptual,Medium,Computer_Science,Network Security
Which network security measure involves hiding internal IP addresses from external networks?,NAT (Network Address Translation),VPN (Virtual Private Network),Firewall,IDS (Intrusion Detection System),A,"NAT translates internal IP addresses to a public IP address, concealing the internal network structure from external attackers.",LUMS_SAT,Conceptual,Medium,Computer_Science,Network Security
What is the primary function of an IDS (Intrusion Detection System)?,To block malicious traffic,To detect and alert on potential security threats,To encrypt network traffic,To authenticate users,B,"IDS monitors network traffic for signs of unauthorized access or malicious activity, alerting administrators to potential threats.",LUMS_SAT,Conceptual,Medium,Computer_Science,Network Security
Which of the following is an example of a passive network attack?,Denial of Service Attack,Man-in-the-Middle Attack,Sniffing,Replay Attack,C,"Sniffing involves passively capturing and analyzing network traffic without altering it, often to obtain sensitive information.",LUMS_SAT,Conceptual,Medium,Computer_Science,Network Security
What is the term for a security threat that involves sending a large amount of traffic to a network to overwhelm it?,Denial of Service Attack,Man-in-the-Middle Attack,Phishing Attack,Replay Attack,A,"Denial of Service Attack overwhelms a network or system with traffic, rendering it unavailable to legitimate users.",LUMS_SAT,Conceptual,Medium,Computer_Science,Network Security
Which security measure involves analyzing network traffic patterns to identify potential threats?,IDS (Intrusion Detection System),Firewall,VPN (Virtual Private Network),NAT (Network Address Translation),A,IDS analyzes network traffic to detect anomalies or patterns indicative of malicious activity or security threats.,LUMS_SAT,Conceptual,Medium,Computer_Science,Network Security
What is the term for a security vulnerability that is publicly known and potentially exploitable?,Zero-Day Exploit,Known Vulnerability,Buffer Overflow,SQL Injection,B,A known vulnerability is a security weakness that is publicly disclosed and potentially exploitable by attackers.,LUMS_SAT,Conceptual,Medium,Computer_Science,Network Security
Which of the following is a benefit of using a VPN (Virtual Private Network)?,Increased network speed,Improved network security and privacy,Simplified network configuration,Reduced network latency,B,"VPNs encrypt internet traffic, providing a secure and private connection over public networks, protecting data from eavesdropping.",LUMS_SAT,Conceptual,Medium,Computer_Science,Network Security
What is the term for a network security test that simulates real-world attacks to identify vulnerabilities?,Penetration Testing,Vulnerability Assessment,Risk Management,Compliance Audit,A,"Penetration Testing simulates attacks on a network to test its defenses, identifying vulnerabilities and weaknesses.",LUMS_SAT,Conceptual,Medium,Computer_Science,Network Security
Which security framework provides guidelines for managing and reducing cybersecurity risk?,NIST Cybersecurity Framework,ISO 27001,COBIT,HIPAA,A,"NIST Cybersecurity Framework provides a comprehensive approach to managing cybersecurity risk, including guidelines for risk assessment and mitigation.",LUMS_SAT,Conceptual,Medium,Computer_Science,Network Security
What is a common attack method used to guess passwords?,Brute force attack,Phishing,Man-in-the-middle attack,Denial of Service (DoS),A,Brute force attack involves trying all possible combinations of passwords until the correct one is found.,NET,Conceptual,Medium,Computer_Science,Network Security
What is a characteristic of a symmetric key encryption algorithm?,It uses a pair of keys: public and private,It uses the same key for encryption and decryption,It is slower than asymmetric encryption,It is more secure than asymmetric encryption,B,Symmetric key encryption uses the same key for both encryption and decryption processes.,NET,Conceptual,Medium,Computer_Science,Network Security
Which protocol is used for email encryption?,PGP,SSL/TLS,IPSec,HTTP,A,PGP (Pretty Good Privacy) is used for encrypting and decrypting emails to ensure confidentiality.,NET,Conceptual,Medium,Computer_Science,Network Security
What is a replay attack in network security?,An attack where an intruder intercepts and retransmits a valid message,An attack where an intruder guesses a password,An attack where an intruder floods a network with traffic,An attack where an intruder modifies data in transit,A,Replay attack involves intercepting and retransmitting a valid data transmission to deceive the recipient.,NET,Conceptual,Medium,Computer_Science,Network Security
Which security measure involves verifying a user's identity through multiple factors?,Single-factor authentication,Multi-factor authentication,Biometric authentication,Password-based authentication,B,"Multi-factor authentication requires more than one method to verify a user's identity, enhancing security.",NET,Conceptual,Medium,Computer_Science,Network Security
What is the primary purpose of an intrusion detection system (IDS)?,To block unauthorized access,To detect and alert on potential security threats,To encrypt data,To authenticate users,B,IDS monitors network traffic for signs of unauthorized access or malicious activity and alerts administrators.,NET,Conceptual,Medium,Computer_Science,Network Security
Which protocol is used to securely manage and monitor network devices?,SNMPv3,SNMPv1,HTTP,FTP,A,SNMPv3 provides secure management and monitoring of network devices with encryption and authentication.,NET,Conceptual,Medium,Computer_Science,Network Security
Which security principle involves ensuring that a system or network is accessible and usable when needed?,Confidentiality,Integrity,Availability,Authentication,C,Availability ensures that systems and networks are accessible and usable when required.,NET,Conceptual,Medium,Computer_Science,Network Security
What is the term for a network security vulnerability that is exploited before the vendor has a chance to fix it?,Zero-Day Exploit,Denial of Service,Man-in-the-Middle,SQL Injection,A,"Zero-Day Exploit refers to an attack that occurs on the same day a vulnerability is discovered, before a fix is available.",ECAT,Conceptual,Medium,Computer_Science,Network Security
"Which network security measure involves dividing a network into smaller, isolated segments?",Segmentation,Encryption,Authentication,Firewalking,A,Segmentation involves dividing a network into smaller segments to limit the spread of malware and unauthorized access.,ECAT,Conceptual,Medium,Computer_Science,Network Security
What is the name of the process that verifies the identity of users or devices?,Authentication,Authorization,Accounting,Auditing,A,Authentication is the process of verifying the identity of users or devices before granting access to resources.,ECAT,Conceptual,Medium,Computer_Science,Network Security
Which protocol is used for secure remote access to a computer or network?,HTTP,FTP,SSH,SMTP,C,"SSH (Secure Shell) is used for secure remote access, providing encrypted communication between the client and server.",ECAT,Conceptual,Medium,Computer_Science,Network Security
Which security measure involves regularly updating software to fix known vulnerabilities?,Patch Management,Intrusion Detection,Encryption,Firewall Configuration,A,Patch Management involves applying updates (patches) to software to fix known vulnerabilities and prevent exploitation.,ECAT,Conceptual,Medium,Computer_Science,Network Security
What is the term for an attack that overwhelms a system with traffic in order to make it unavailable?,Denial of Service (DoS),Man-in-the-Middle (MitM),SQL Injection,Cross-Site Scripting (XSS),A,"Denial of Service (DoS) attack overwhelms a system with traffic, rendering it unavailable to legitimate users.",ECAT,Conceptual,Medium,Computer_Science,Network Security
Which encryption algorithm is commonly used for secure email communication?,AES,RSA,Diffie-Hellman,PGP,D,"PGP (Pretty Good Privacy) is used for secure email communication, providing encryption and digital signatures.",ECAT,Conceptual,Medium,Computer_Science,Network Security
Which security practice involves using multiple layers of defense to protect against attacks?,Defense in Depth,Single Sign-On,Encryption,Firewall Configuration,A,Defense in Depth involves using multiple layers of security controls to protect against various types of attacks.,ECAT,Conceptual,Medium,Computer_Science,Network Security
What type of attack involves attempting all possible combinations of passwords?,Phishing,Brute Force,Man-in-the-Middle,Denial of Service,B,A brute force attack involves trying all possible combinations of passwords to gain unauthorized access.,GIKI_PIEAS,Conceptual,Medium,Computer_Science,Network Security
"Which encryption technique uses a pair of keys, one public and one private?",Symmetric Encryption,Asymmetric Encryption,Hashing,Steganography,B,Asymmetric encryption uses a pair of keys: a public key for encryption and a private key for decryption.,GIKI_PIEAS,Conceptual,Medium,Computer_Science,Network Security
Which of the following is a benefit of using two-factor authentication?,It simplifies the login process,It reduces the need for passwords,It adds an extra layer of security,It decreases network speed,C,Two-factor authentication adds an extra layer of security by requiring a second form of verification in addition to a password.,GIKI_PIEAS,Conceptual,Medium,Computer_Science,Network Security
Which security measure involves hiding data within other data?,Encryption,Steganography,Hashing,Digital Signatures,B,"Steganography involves concealing data within other data, such as images or text, to hide its existence.",GIKI_PIEAS,Conceptual,Medium,Computer_Science,Network Security
"What is the term for the practice of dividing a network into smaller, isolated segments?",Segmentation,Encryption,Authentication,Authorization,A,"Network segmentation involves dividing a network into smaller segments, improving security and reducing the attack surface.",GIKI_PIEAS,Conceptual,Medium,Computer_Science,Network Security
Which type of attack involves overwhelming a network or system with traffic?,Denial of Service (DoS),Man-in-the-Middle (MitM),Phishing,Brute Force,A,A DoS attack involves flooding a network or system with traffic in an attempt to overwhelm it and make it unavailable to users.,LUMS_SAT,Conceptual,Medium,Computer_Science,Network Security
What is the primary purpose of a security policy in an organization?,To outline procedures for incident response,To define roles and responsibilities,To establish guidelines for security practices,To configure firewall rules,C,"A security policy outlines the guidelines and practices for maintaining security within an organization, covering various aspects of security.",LUMS_SAT,Conceptual,Medium,Computer_Science,Network Security
What is the term for the process of assigning privileges to users based on their roles?,Authentication,Authorization,Accounting,Auditing,B,"Authorization is the process of granting or denying access to resources based on a user's identity, role, or privileges.",LUMS_SAT,Conceptual,Medium,Computer_Science,Network Security
Which security measure involves monitoring network traffic for signs of intrusion?,Firewall,Intrusion Detection System (IDS),Encryption,Authentication,B,"An IDS is designed to monitor network traffic for signs of unauthorized access or malicious activity, alerting administrators to potential threats.",LUMS_SAT,Conceptual,Medium,Computer_Science,Network Security
What is a common vulnerability associated with public Wi-Fi networks?,Data encryption,Man-in-the-Middle attacks,Strong passwords,Firewall protection,B,Public Wi-Fi networks are vulnerable to Man-in-the-Middle attacks because data transmitted over these networks can be easily intercepted by attackers.,LUMS_SAT,Conceptual,Medium,Computer_Science,Network Security
Which of the following best describes a security risk assessment?,Identifying and evaluating potential security threats,Implementing a firewall,Conducting a backup of data,Encrypting data at rest,A,"A security risk assessment involves identifying, evaluating, and prioritizing potential security risks to an organization's assets.",LUMS_SAT,Conceptual,Medium,Computer_Science,Network Security
