Question_Number,Question,Option_A,Option_B,Option_C,Option_D,Correct_Answer
1,Indian spy Kulbhushan Jadhav was arrested from:,Chitral,KPK,Balochistan,Gujrat,C
2,Which educational scheme was introduced by the Congress alongside the Wardha Scheme?,Vidya Mandir,Shuddhi,Sangathan,Khilafat,A
3,Ziarat was the summer residence of the chief commissioner of:,Punjab,KPK,Sindh,Balochistan,D
4,When did Pakistan join SEATO?,in 1956,in 1954,in 1960,in 1958,B
5,Zulfikar Ali Bhutto served as the _________ Prime Minister of Pakistan from 1973 to 1977.,7th,8th,9th,10th,C
6,The Muztagh Pass connects ________.,Hunza with Gilgit,Baltistan with Yarkand,Bannu with Afghanistan,Gilgit with Kashgar,B
8,____ is the largest dam of Pakistan.,Tarbela,Mangla,Warsak,Gomal Zam,A
9,The 'Day of Deliverance' was observed on the advice of __________.,The Muslim League,Quaid-e-Azam,Sir Aga Khan,Chaudhry Rahmat Ali,B
11,What percentage of the total area of Pakistan is covered with forests?,0.071,0.049,0.062,0.07,B
12,Which is the largest excavated mine in Pakistan?,Lakhra Coal Mines,Ghazi China Clay Mines,"The Salt Mines, Khewra","Salt Mines, Kalabagh",C
14,"Under the ""Treaty of Allahabad,"" Shah Alam II got the districts of Kora & Allahabad and was also given an annual pension of 2.6 million rupees; in return for this favor, which areas were given to the British by Shah Alam?",Diwani of Bengal,Bihar,Orissa,All of these,D
15,The Tehzeeb-ul-Akhlaq magazine was published in:,1865,1870,1875,1880,B
17,The Quaid-e-Azam resigned from the membership of the Imperial Legislative Council on account of:,Hindu Muslim riots,Rowlatt Act,Internal differences of Muslim League,Demand for Independence,B
18,Articles 8 to ________ of the 1973 Constitution deal with Fundamental Rights.,26,27,28,29,C
20,Whom did Lord Mountbatten replace in 1947 as Viceroy of India?,Lord Irwin,Lord Curzon,Sir Stafford Cripps,Lord Wavell,D
21,It was compulsory for a Mansabdar to hold at least ____ horsemen.,300-400,200-600,200-400,None of these,B
23,What is the National Tree of Pakistan?,Sheesham,Neem,Oak,None of these,D
24,When did PTV start color transmission?,in December 1978,in December 1975,in December 1973,in December 1976,D
25,John Marshall oversaw excavations at Mohenjo-daro starting in:,1920,1921,1922,None of these,D
26,When was the first postal stamp issued in Pakistan?,in 1947,in 1948,in 1949,in 1950,B
27,The boundary commission appointed at the time of independence was headed by:,Lord Wavell,Radcliffe,Irwin,Clive,B
28,The University of the Punjab in Lahore was established in _________.,In 1947,In 1905,In 1882,In 1884,C
29,The 1962 Constitution of Pakistan lasted for how many years?,6 years,7 years (approx. 6 years and 9 months),9 years,11 years,B
30,When Quaid e Azam left Congress?,In 1913,In 1915,In 1920,In 1918,C
31,The first museum in Pakistan was established in Karachi on _________.,"On April 17, 1951","On April 17, 1950","On May 17, 1950","On April 25, 1950",B
32,"Which famous Persian poet, known as the ""Homer of the East"", was associated with Mahmud's court?",Utbi,Baihaqi,Ferdowsi,Farrukhi Sistani,C
33,Risalo' is the best-known collection of romantic poetry in the ________ language.,Urdu,Sindhi,Arabic,Persian,B
34,"During the War of Independence of 1857, Sir Syed Ahmed Khan was working as a chief judicial officer in _________.",Bijnor,Meerut,Ghaziabad,None of these,A
35,The first Urdu newspaper published after the creation of Pakistan was:,Jang,Dawn,Imroze,Nawa-i-Waqt,C
36,Pakistan became a member of the World Bank in:,in 1951,in 1950,in 1952,in 1953,B
37,Where is the Chaukhandi graveyard located?,Nawabshah,Karachi,Dadu,Jamshoro,B
39,Faisalabad is famous for ____.,Textile,Poly Fiber,Cotton Fiber,Paper,A
40,"______ of the Constitution of Pakistan ensures equality before the law and equal protection of the law, and states that there shall be no discrimination on the basis of gender?",Article 22,Article 23,Article 24,Article 25,D
42,The translation of Tuzuk-i-Baburi into Persian was carried out by whom?,Abul Fazl,Faizi,Abdul Rahim,Todar Mal,C
43,Who was Shaukat Aziz?,President,Prime Minister,Chief Minister,Chairman Senate,B
45,"Congress accepted the Partition Plan immediately but Muslim League could not accept it immediately. At that time, Jinnah opined that:",We shall boycott it,The plan would be submitted to Muslim League council for discussion,We would present our priorities,The Plan is not practicable,B
46,Pakistan's GDP growth rate for the year 2017-18 was:,5.2 percent,5.3 percent,5.4 percent,None of these,C
48,"Shamsuddin Iltutmish, who ascended the throne in 1211, was originally a slave of whom?",Muhammad Ghuri,Aram Shah,Qutbuddin Aibak,Sultan Mas'ud,C
49,Who was the Viceroy of India at the time of the partition of Bengal?,Lord Curzon,Lord Wavell,Lord Minto,None of these,A
51,What was the real name of Shah Waliullah?,Qutb-ud-Din Ahmed Faruqi,Qutb-ud-Din Ahmed Siddiqui,Qutb-ud-Din Ahmed Syed,None of these,A
52,Who presented 14 points apart from Quaid-e-Azam?,Abul Kalam Azad,Inayatullah Khan Mashriqi,Nehru,Muhammad Ali Bogra,B
53,Who created the Utility Stores Corporation of Pakistan (Private) Limited?,Ayub Khan,Yahya Khan,Zulfikar Ali Bhutto,Zia-ul-Haq,C
54,When was the Pakistan Maritime Security Agency established?,"On Jan 1, 1984","On Jan 1, 1985","On Jan 1, 1986","On Jan 1, 1987",D
55,The Khalji Dynasty was founded in 1290 by whom?,Alauddin Khalji,Mubarak Khan Khalji,Omar Khan Khalji,Jalaluddin Malik Firuz Khalji,D
56,Which system was introduced by President Ayub Khan?,Local Bodies,Bilateral,Basic Democracies,None of these,C
57,Pakistan’s Citizenship Act of ________ guarantees citizenship to anyone born in the country before its commencement.,In 1948,In 1949,In 1951,In 1955,C
58,Mamnoon Hussain was the ___ president of Pakistan.,12th,13th,14th,11th,A
59,Muhammad bin Qasim was a general of which caliphate?,Abbasid,Rashidun,Umayyad,Fatimid,C
60,The Azad Jammu and Kashmir Legislative Assembly has how many seats?,35,53,56,76,B
61,Where was Nadwatul Ulema founded?,Kanpur,Lucknow,Delhi,Aligarh,A
62,Pakistan was granted Test cricket status in ___________.,In 1950,In 1951,In 1952,In 1953,C
63,What was the duration of Quaid-e-Azam's membership in both the Muslim League and Congress?,5 years,4 years,11 years,7 years,D
64,"Which pass connects Dera Ismail Khan with Ghazni, Afghanistan?",Dargai Pass,Bolan Pass,Gomal Pass,Tochi Pass,C
65,In which year was the Presidential system introduced in Pakistan?,1956,1962,1973,2001,B
66,Excavations at Mohenjo-daro have revealed __________ in earthen vessels.,Millet grains,Lentils,Rice grains,None of these,A
67,The first Chief of Army Staff (COAS) of the Pakistan Army was ________.,General Tikka Khan,General Zia-ul-Haq,General Sharif,General Ayub Khan,A
68,"Sadiq Khan, Mayor of London, defeated which candidate in the recent election?",Shaun Bailey,Kam Balayev,Sian Berry,None of these,A
70,Lord Mayo was assassinated in:,in February 1872,in August 1872,in November 1875,in December 1878,A
71,What was the purpose of the Scientific Society founded by Sir Syed?,Scientific research,Translation bureau,Military training,Religious education,B
73,"Who was the first Chief Minister of NWFP (now Khyber Pakhtunkhwa, in 1937)?",Sahibzada Zafar Ali Khan,Aslam Raisani,Sir Sahibzada Abdul Qayyum Khan,Ameer Haider Khan Hoti,C
74,Who built the Charminar in Hyderabad?,Sultan Muhammad Quli Qutb Shah,Sultan Muhammad Ibrahim Qutb Shah,Sultan Muhammad Ali Adil Shah,None of these,A
76,The most populous city of Pakistan is:,Karachi,Lahore,Faisalabad,Peshawar,A
77,A U-Turn came in the foreign policy of Pakistan after the world launched a war against terrorism in:,2001,2002,2007,2009,A
79,How is the President of Pakistan elected?,By the National Assembly,By the Senate,By Provincial Assemblies,"By the National Assembly, Senate, and Provincial Assemblies",A
80,Who was appointed the first principal of Darul ulum Deoband?,Maulana Mamluk Ali,Haji Muhammad Abid,Maulana Muhammad Qasim,None of these,C
81,Geoffrey Prior took oath as Chief Commissioner of,Sindh,Baluchistan,NWFP,Punjab,B
82,The original name of Waqar-ul-Mulk was:,Mehdi Ali Khan,Molvi Mohummad Shah,Hussain Bilgrami,Zafar Ali Khan,B
83,Dar ul Uloom Deoband was founded by:,Hazrat Haji Aabid Hussain,Maulana Zul Faqqar Ali,Moulana Qasim Nonotvi,All of these,D
84,The East India Company itself dissolved by the act of parliament in which year?,In 1914,In 1785,In 1874,In 1757,C
85,The Sindh Assembly passed a resolution in favour of partition from India in:,1915,1928,1943,1968,C
86,"From Karachi, the farthest point on the Makran Coastal Highway is __________.",Pasni,Jiwani,Gwadar,Ormara,B
87,Which of the following is not a landlocked country?,Bhutan,Nepal,Myanmar,Switzerland,C
89,Jurist Manzur Qadir was Pakistan's foreign minister during:,1950 to 1952,1955 to 1960,1958 to 1962,1956 to 1960,C
90,The Rohtas Fort is situated beside which river?,Jhelum,Chenab,Kahan,Indus,C
92,Allama Iqbal was born in _________.,In 1876,In 1878,In 1869,In 1877,D
93,When was the One Unit scheme abolished in West Pakistan?,in March 1970,in October 1970,in November 1970,in May 1970,A
95,Who was the commander-in-chief of the rebel forces in the 1857 War of Independence?,Tipu Sultan,General Bakht Khan,Sher Khan,Azam Khan,B
96,By how many member(s) the Executive Council of the Governor General was enlarged under the Indian Council Act of 1861 ?,One member,Two members,Four members,None of these,A
98,What important announcement was made by Governor-General Lord Hardinge at the Delhi Durbar in 1911?,Transfer of Capital from Calcutta to Delhi,Transfer of Capital from Calcutta to Delhi,Both of these,None of these,A
99,The second-largest gas field in Pakistan is __________.,Qadirpur Gas Field,Uch Gas Field,Bobi Gas Field,Chachar Gas Field,A
100,"According to the Indus Waters Treaty, which rivers will be governed by India?","Indus, Jhelum and Chenab","Ravi, Sutlej and Beas","Ravi, Sutlej and Chenab",None of these,B
101,"Who wrote ""The Loyal Muhammadans of India""?",Sir Muhammad Zafar Ullah Khan,Rehmat Ali,Fazal-ul-Haq,Sir Syed Ahmad Khan,D
102,The constituency of the Azad Kashmir Assembly is called __________.,GBLA,PPLA,LA,PS,C
103,Allama Iqbal wrote poetry in Urdu and _____________.,English,French,Persian,Arabic,C
104,Muhammad Khan Junejo became Prime Minister of Pakistan in:,1985,1986,1987,1988,A
105,Urdu daily restarted in Karachi as first national Urdu daily on,on 21 Sept 1947,on 5 Aug 1947,on 15 Oct 1947,on 25 Dec 1947,C
106,Who resigned from the Congress during the Nagpur Session in December 1920?,Jawaharlal Nehru,Sardar Patel,Quaid-i-Azam,Bal Gangadhar Tilak,C
108,What percentage of total polled votes in East Pakistan was secured by Awami League in 1970 elections?,54 percent,60 percent,75 percent,None of these,C
109,Who was finance minister before becoming Governor General of Pakistan?,Ghulam Muhammad,I.I. Chundrigar,Ishaq Khan,Ch. Muhammad Ali,A
111,The foundation stone of the mausoleum of Quaid-e-Azam Mohammed Ali Jinnah was laid by Field Marshal Mohammed Ayub Khan on ________.,"On August 31, 1965","On March 30, 1960","On February 25, 1958","On July 31, 1960",D
112,Pakistan's first coin was issued on:,on 3rd January 1948,on 1st April 1948,on 1st July 1948,on 14th August 1948,A
114,"In the 1956 Constitution, how many seats were reserved for women from West Pakistan in the National Assembly?",10,8,5,4,C
115,Who enforced Shariah law in Pakistan?,Zulfikar Ali Bhutto,Pervez Musharraf,General Zia-ul-Haq,Benazir Bhutto,C
117,Haji Shariatullah returned from Makkah in ___________.,In 1821,In 1818,In 1819,In 1822,B
118,Who is called the Frontier Gandhi?,Khan Abdul Ghaffar Khan,Khan Abdul Jabbar Khan,Abdul Khan,None of these,A
120,Sir Francis Maudi took oath as First Governor of West Punjab?,in July 1947,in August 1947,in September 1947,in October 1947,A
121,"Originally the CPEC was an economic corridor worth ___ billion dollars, which later was increased to around 62 billion dollars:",46,56,44,42,A
122,"What is the total area of Pakistan's provinces, excluding AJK and GB?","695,095 km²","795,095 km²","796,095 km²",None of these,C
123,The Kingdom of Khwarizm was destroyed in 1218-20 AD by:,Timur,Genghis Khan,Alexander the Great,The Ottomans,B
124,On which river is the Marala Barrage constructed?,Chenab,Indus,Kabul,Jhelum,A
125,The Iranian Deputy Foreign Minister Ali Raza Akbari was hanged recently due to spying for:,MI6,CIA,Mossad,None of these,A
126,"The 'Basic Democracies' system, a multi-tiered system of local government, was introduced by which leader?",Iskander Mirza,Zulfikar Ali Bhutto,Ayub Khan,Yahya Khan,C
127,Who presented the Objective Resolution in the Constituent Assembly on 13th March 1949?,Khawaja Nazimuddin,Sir Feroz Khan Noon,M.A. Jinnah,Liaquat Ali Khan,D
128,"Who presented the Lahore Resolution (Pakistan Resolution) on March 23, 1940?",Allama Iqbal,Liaquat Ali Khan,Quaid-e-Azam Muhammad Ali Jinnah,A. K. Fazlul-Haq,B
129,What was Sher Shah's real name?,Sher Khan,Farid Khan,Islam Shah,Hasan Khan,B
130,First foreign minister of Pakistan was:,Zafarullah Khan,Liaquat Ali,Raja Ghazanfar Ali,None of these,A
131,"The ""Murree of Sindh"" is ________.",Karoonjar Mountains,Makli Hills,Rohri Hills,Gorkh Hill Station,D
132,The highest mountain of the Hindukush range is:,Nanga Parbat,K2,Tirich Mir,None of these,C
133,Who is Zia Mohyeddin?,Actor,Politician,Scientist,None of these,A
134,Who was the first Chief Minister of Sindh?,Kh. Nazimuddin,M.A. Khuro,Ghulam Hussain Hidayatullah,Muhammad Ayub Khuhro,D
136,The ________ sector is the biggest consumer of petroleum products in Pakistan.,Industry,Household,Transport,Power,C
137,Where did the Jallianwala Bagh tragedy take place?,Malabar,Amritsar,Lucknow,Madras,B
139,The British appointed especially ______ to crush the Indian Freedom Movement.,General Reginald Dyer,Sir Charles Tegart,Sir John Simon,Lord Linlithgow,A
140,A memorial stamp of Rs _______ was issued on Arfa Karim’s birthday in 2012.,Rs. 2,Rs. 4,Rs. 7,Rs. 8,D
142,"As Governor General of Pakistan, the Quaid-i-Azam was succeeded by:",Sikander Mirza,Malik Ghulam Muhammad,Khawaja Niazim-ud-Din,Hussain Shaheed Suharwardi,C
143,When did Crown Prince Muhammad Bin Salman visit Pakistan?,in June 2018,in October 2018,in February 2018,in February 2019,D
145,"In 1899, Allama Iqbal completed his M.A. examination in which subject?",Persian,Islamiyat,Philosophy,Urdu,C
146,"Before his conflict with Humayun, Sher Shah Suri was the ________ of Bihar.",Governor,Deputy Governor,Prime Minister,None of these,B
147,Name the longest river in Pakistan.,Indus,Kabul,Chenab,Sutlej,A
148,Which team was the runner-up in Pakistan Super League 2018?,Quetta Gladiators,Karachi Kings,Peshawar Zalmi,Islamabad United,C
149,How many senators are directly elected from each province of Pakistan?,24,25,23,22,C
150,Who was the first Commander-in-Chief of the Pakistan Army?,Gen. Sadiq Chaudhry,Gen. Frank Messervy,Gen. Muhammad Ayub Khan,Gen. George Murphy,B
151,"In which year was Allama Iqbal given the title of ""Sir""?",1916,1918,1922,1924,C
152,How many canals originate from the Guddu Barrage?,Five,Three,Four,Six,B
153,The ancient city of Taxila is an important archaeological site in the _________ district of Punjab.,Lahore,Rawalpindi,Sheikhupura,Multan,B
154,Bara Bagh Cemetery is located at:,Punjab,Sindh,KPK,Balochistan,D
155,Chilum Joshi is a festival celebrated in:,Kailash valley,Gilgit Baltistan,Chitral valley,Balochistan,D
156,India has constructed the Baglihar Dam on the __________ river.,Chenab,Indus,Sutlej,Jhelum,A
157,The Pakistan National Alliance (PNA) was a nine-party alliance launched against _________.,Nawaz Sharif,Z. A. Bhutto,Asghar Khan,The Establishment,B
158,"The ""Act of 1935"" contained how many schedules?",8,9,10,10,C
159,"The total number of recipients of the ""Nishan-e-Haider"" is ____________.",8,9,10,11,C
160,How many judges are serving in the Lahore High Court?,48,49,60,None of these,D
161,Who were the three men that constituted the Cabinet Mission?,"Mountbatten, Wavell, Attlee","A.V. Alexander, Stafford Cripps, Pethick-Lawrence","Nehru, Gandhi, Patel","Jinnah, Liaquat, Iqbal",B
162,"On August 7, 1947, Muhammad Ali Jinnah left India for the last time and flew to ____________.",Quetta,Lahore,Karachi,None of these,D
163,Nawaz Sharif attended the US-Arab Islamic Summit 2017 in:,Riyadh,Jeddah,Rabat,None,A
164,What was the name of Alexander the Great's horse that died during the Indian campaign?,Pegasus,Bucephalus,Incitatus,Marengo,B
165,"Which is the hottest place in Pakistan, with a record temperature of 53.5 °C (128.3 °F)?",Chagai,Jacobabad,Rohri,Sibbi,B
166,What is the modern name for the ancient river Acesines?,Chenab,Sutlej,Beas,Indus,A
167,The Karakoram Highway (KKH) passes through which mountain range?,Himalayas,Hindu Kush,Karakoram,Pamir,C
168,Ahmad Shah Abdali launched his early invasions against:,Mughals,Sikhs,Marathas,British,A
170,"According to the 1973 Constitution, what is the term of office for the President?",6 years,5 years,4 years,3 years,B
171,Vasco da Gama is credited with discovering the sea route to India via which landmark?,Suez Canal,Strait of Gibraltar,Cape of Good Hope,Panama Canal,C
173,Who was the Premier of Punjab during the Interim Government?,Malik Khizr Hayat Khan Tiwana,Sir Sikandar Hayat,Ch. Khaleeq-uz-Zaman,Liaquat Ali Khan,A
174,The first Pakistani Prime Minister to visit Russia was:,Liaquat Ali Khan,'Z. A. Bhutto,Nurul Amin,None of these,B
176,U.S. Economic Aid to Pakistan started in which year:,1950,1951,1958,1961,B
177,Pakistan issued its first coin on:,on 14th August 1947,on 3rd January 1948,on 1st July 1948,on 23rd March 1949,B
179,The Quaid-e-Azam Solar Park is located near which city?,Bahawalpur,Multan,Rahim Yar Khan,None of these,A
180,"After being deposed, Shah Jahan spent his last years under house arrest in which fort?",Red Fort,Agra Fort,Lahore Fort,Rohtas Fort,B
181,Who among the following Mughal rulers was a contemporary of Queen Elizabeth I of England?,Jahangir,Aurangzeb Alamgir,Zaheer-ud-din Babar,Akbar the Great,D
182,"After Sir Agha Khan, the next president of the Muslim League was:",Muhammad Ali Jinnah,Raja Sahib of Mehmoodabad,Liaquat Ali Khan,Sardar Abdur Rab Nishtar,B
183,Who was the first woman to serve as the Governor of the State Bank of Pakistan?,Noor Jehan,Dr. Shamshad Akhtar,Farzana Raja,Dr. Ashraf Abbasi,B
184,When did Zia die in the plane crash?,1985,1986,1987,1988,D
185,What was Bhutto's portfolio in the Ayub government from 1963-1966?,Finance Minister,Foreign Minister,Interior Minister,Commerce Minister,B
186,"Where did Governor-General of India, Lord Mountbatten, address the Constituent Assembly of Pakistan:",Islamabad,Karachi,Delhi,Lahore,B
187,"_____ set up a ""Chain of Justice"".",Aurangzeb,Jahangir,Babar,Akbar,B
188,Sher Shah Suri is well-known for his ___________.,Education System,Military System,Land Revenue System,Both A & C,C
189,"The All-India Muhammadan Educational Conference of 1906, where the Muslim League was formed, was held in ___________.",Simla,Dhaka,Lucknow,Delhi,B
190,"The masterpiece of Shah Jahan's reign, the Taj Mahal, was completed in which year?",In 1632,In 1655,In 1666,In 1647,D
191,Pakistan lies between the latitudes _____________.,24°N to 37°N,25°N to 36°N,23°N to 36°N,25°N to 37°N,A
192,Renowned journalist Dr. Ajmal Niazi passed away on:,on 18th September 2021,on 18th October 2021,on 18th November 2021,on 18th December 2021,B
193,"In 1911, Maulana Muhammad Ali Jauhar started publishing the newspaper 'Comrade' from:",Delhi,Bombay,Calcutta,Lahore,C
194,Who is the founder of the Mughal Empire?,Babur,Akbar,Jahangir,Aurangzeb,A
195,Who first presented the idea of SAARC?,Indira Gandhi of India,Ziaur Rahman of Bangladesh,King Birendra of Nepal,General Zia-ul-Haq of Pakistan,B
196,In which year did Muhammad bin Qasim die?,In 715 AD,In 716 AD,In 717 AD,In 718 AD,A
198,Who was the First President of the Pakistan Muslim League in 1949?,Ch. Pervaiz Elahi,Yaha Khan,Ch. Khaliquzzaman,None of them,C
199,Who was the Commander-in-Chief of the Pakistan Army from 1951 to 1958?,Iskandar Mirza,Ayub Khan,Musa Khan,Yahya Khan,B
201,"In Pakistan, the first population census was conducted in:",1947,1951,1955,None of these,B
202,Sir Syed received his early education from his ____________.,Father,Mother,Paternal Grandfather,Maternal Grandfather,D
204,All India Muslim League session in December 1906 was held at:,Dhaka,Lucknow,Kolkata,None of these,A
205,PP stands for ________.,Pakistan's Party,Pay Policy,Primary Position,Province of Punjab,D
206,Pakistan won the ICC World Cup (One Day) in 1992. It was the __________ ICC World Cup tournament.,5th,6th,7th,8th,A
207,Who was the first governor of Punjab after independence?,Sir Francis Mudie,Sardar Hayat Khan,Sir Herbert William,None of these,A
208,When did Liaquat Ali Khan visit the USA?,In 1948,In 1949,In 1950,In 1952,C
209,The tomb of Hazrat Madhu Lal Hussain is in?,Lahore,Kasur,Sheikhupura,Nankana,A
211,The secret agency of Pakistan is:,IB,ISI,FIA,All of these,D
212,For how many years did the Soomro dynasty rule in Sindh?,Approx. 300 years (c. 1024–1351 AD),Approx. 350 years,Approx. 400 years,Approx. 250 years,A
214,Who started the Faraizi Movement?,Haji Shariat Ullah,Allama Muhammad Iqbal,Maulana Muhammad Ali Jauhar,None of these,A
215,"In Pakistan, _______ of the population lives below the national poverty line, according to a 2017 estimate.",52.30 percent,29.50 percent,34.50 percent,41.50 percent,B
217,Pakistan purchased Gwadar from:,Iran,Afghanistan,Oman,None of these,C
218,The Pakistan Resolution was seconded by:,Chaudhry Khaliquzzaman,Liaquat Ali Khan,Maulana Zafar Ali Khan,Sardar Abdur Rab Nishtar,A
220,When was the Water Apportionment Accord signed between the provinces of Pakistan?,In 1982,In 1991,In 1988,In 1998,B
221,Narendra Modi is the ______ Prime Minister of India (excluding acting PMs).,13th,14th,15th,16th,B
222,"Setting a new precedent, Pakistan, for the first time in its 70-year history, appointed a female diplomat in ________.",Iran,India,China,Saudi Arabia,B
223,Who was the founder of daily Nawa-i-Waqt:,Hameed Nizami,Majeed Nizami,Khalil Ur Rehman,Zia Shahid,A
224,"According to the 1998 census, what was the population density in Balochistan?",18-28 per km²,28-39 per km²,39-59 per km²,59-82 per km²,B
225,What was the real name of the famous Pakistani comedian and actor Lehri?,Irfan Khoosat,Safirullah Siddiqui,Athar Shah Khan Jaidi,None of these,B
226,"According to the Objectives Resolution, there should be a ________ form of government.",Federal,Parliamentary,Presidential,None of these,A
227,Havaldar Lalak Jan Shaheed was awarded the Nishan-e-Haider for his acts of bravery and valour during the:,1965 War,1970 War,Kargil Operation,Operation Zarb-e-Azb,C
228,Who visited Afghanistan as President of Pakistan in 1956?,Ch. Mohammad Ali,Dr. Khan Sahib,Iskandar Mirza,Mohammad Ali Bogra,C
229,Who among the following designed the National Flag of Pakistan?,Altaf Hussain,Ahmad Chagla,Ameer-ud-Din Kidwai,None of these,C
230,The Indus River falls into the __________.,Arabian Sea,Cape Monze,Makran Coast,None of them,A
231,Name the language in which the Holy Quran was translated for the first time in India.,Punjabi,Sindhi,Persian,Balochi,B
233,Farid-ud-Din Ganjshakar was a distinguished ________ of Islam.,reformer,Sufi Saint and Mystic,economist,socialist,B
234,The Majlis-e-Ahrar-ul-Islam was formed in ___________.,In 1929,In 1931,In 1933,In 1935,A
236,Where is Alfalah Building situated?,Rawalpindi,Islamabad,Lahore,Faisalabad,C
237,How many years is a senator elected for in Pakistan?,04 years,06 years,07 years,None of these,B
239,Which radio station already existed at the time of the creation of Pakistan?,Peshawar,Karachi,Quetta,None of these,A
240,In which city is the office of FIFA House situated in Pakistan?,Lahore,Islamabad,Karachi,Peshawar,D
242,Why did Syed Amir Ali resign from the Muslim League in 1913?,Due to health issues,The party had no clear-cut policy,He had a disagreement with Jinnah,He faced pressure from the British,B
243,The term and tenure of Senate membership is _____ years.,4 years,5 years,6 years,None of these,C
244,Indira Gandhi was the daughter of:,Motilal Nehru,Jawaharlal Nehru,Rajiv Gandhi,None of these,B
245,The length of the Baltoro Glacier is ____________.,58 km,63 km,65 km,70 km,B
246,When did the Basic Principles Committee present its report?,in March 1949,in July 1951,in September 1950,in October 1954,C
247,The Government of India Act 1935 divided the country into how many provinces?,9,10,11,12,C
248,The Muhammadan Educational Conference was established by Sir Syed Ahmed Khan in which year?,1863,1866,1886,1898,C
249,Who is the only person to be awarded the Nishan-i-Imtiaz twice?,Dr. Abdus Salam,Dr. Abdul Qadeer Khan,Faiz Ahmed Faiz,Edhi,B
250,Where was Bahadur Shah Zafar buried?,Delhi,Lahore,Rangoon,Bombay,C
251,The National Assembly approved the Constitution of 1973 on __________.,"On March 23, 1973","On April 10, 1973","On July 20, 1973","On August 10, 1973",B
252,The Gandhi-Irwin Pact was signed in which year?,1930,1931,1929,1928,B
253,Which foreign leader addressed the Pakistan assembly a 3rd time?,Xi Jinping,Mahathir Mohamad,Donald Trump,Recep Tayyip Erdoğan,D
254,What was the total area of Khyber Pakhtunkhwa province before the merger of FATA?,"74,521 km²","40,914 km²","347,190 km²","205,344 km²",A
255,Who was appointed the first secretary of the Board of Trustees of Aligarh College?,Syed Mahmud,Sir Syed Ahmad Khan,Hakeem Ajmal Khan,Nawab Viqar-ul-Mulk,B
256,______ has decided to register Himalayan pink salt as Geographical Indications (GI) to prevent its unauthorized use by other countries.,India,Pakistan,China,Iran,B
257,Which is not a Pakistani actor?,Muhammad Ali,Nawazuddin Siddiqui,Waheed Murad,None of these,B
258,Who was the first person to climb Nanga Parbat?,Hermann Buhl,Martin Conway,R. D. Banerji,Ashraf Aman,A
259,Qutbuddin Aibak founded the Delhi Sultanate in:,1206,1208,1210,None of these,A
261,Alexander the Great was the son of which Macedonian king?,Philip II,Nebuchadnezzar II,Ptolemy I,Seleucus I,A
262,"In 1916, the joint session of All India Muslim League and Indian National Congress was held at:",Aligarh,Bombay,Shimla,Lucknow,D
264,Akbar's Din-i Ilahi was opposed by:,Shah Ismail Shaheed,Sheikh Ahmad Sirhindi,Shah Wali Allah,None of these,B
265,The Shandur Pass connects Chitral with:,Gilgit,Swat,Malam Jabba,Kaghan,A
267,Who was the father of Allama Iqbal?,Shaikh Abdul Rahim,Shaikh Ahmed Deen,Shaikh Muhammad Iqbal,Shaikh Noor Muhammad,D
268,Khunjerab Pass connects which two countries?,Pakistan-China,Pakistan-India,India-China,None of these,A
270,Which operation led to the capture and death of Osama Bin Laden:,King Joker,Neptune Spear,Urgent Fury,None of these,B
271,"'Harappa is a city in Punjab, about 24 km south-west of:",Sahiwal,Multan,Narowal,Makran,A
273,Which political party did Bhutto found?,Awami League,National Awami Party,Pakistan People's Party,Muslim League (Qayyum),C
274,Lords of the Khyber is written by ________.,Andre Joseph,Kipling,Yousuf Khan,Andre Singer,D
275,Who wrote 'Ulema in Politics'?,I. H. Qureshi,Hafeez Malik,Dr. Safdar Mahmood,None of the above,A
276,The longest railway platform in Pakistan is at _________.,Lahore Station,Karachi Station,Rohri Station,None of the Above,C
277,Who was appointed the head of the Constitution Committee during the Bhutto era?,Mairaj Khalid,Abdul Hafeez Pirzada,Moeen Qureshi,S. M. Zafar,B
278,Liaquat Ali Khan was born in:,in August 1896,in October 1895,in September 1894,in November 1895,B
279,The Southeast Asian Treaty Organization (SEATO) was established as a collective defense in:,in September 1954,in October 1955,in January 1953,in December 1956,A
280,In how many days was Delhi captured by the British?,Three days,Five days,Seven days,Nine days,D
281,Who was the Viceroy of India at the time of partition?,Sir Stafford,Lord Mountbatten,Sir Red Cliff,Sir Ganga Ram,B
282,Rawal Lake is an artificial reservoir built on the ________ River.,Korang,Kabul,Indus,Ravi,A
283,The range of the Hatf-I missile is _________.,90 km,100 km,65 km,105 km,B
284,"Who played the male leading role in the Pakistani movie ""Armaan""?",Muhammad Ali,Waheed Murad,Santosh Kumaar,None of these,B
286,In which sector is the largest labor force employed in Pakistan?,Industry,Agriculture,Trade,Mines,B
287,In which of the following cities are the headquarters of the Punjab Rangers located?,Karachi,Lahore,Multan,Rawalpindi,B
289,The most urbanized province of Pakistan is ______.,KPK,Punjab,Balochistan,Sindh,D
290,Who administered the oath of M.A. Jinnah as Governor General?,Justice Munir,Justice Abdur Rasheed,Justice Sajjad Ali Shah,Justice Cornelius,B
292,What was the name of the first feature film released in Pakistan?,Dupatta,Chan Way,Teri Yadd,Heer Ranjha,C
293,Shah Jahan was succeeded by:,Humayun,Aurangzeb,Akbar,None of these,B
295,A statue of which animal was discovered at Harappa?,Deer,Cow,Bull,Lion,C
296,Shalimar Bagh was constructed by:,Akbar,Shah Jahan,Jahangir,Aurangzeb,B
297,Which cities of Iran and Pakistan are linked through a railway line?,Quetta-Zahedan,Chaman-Tehran,Quetta-Shiraz,Peshawar-Shiraz,A
298,"Who inaugurated the State Bank of Pakistan on July 1, 1948?",Quaid-e-Azam,Malik Ghulam Muhammad,Liaquat Ali Khan,Allama Muhammad Iqbal,A
299,Pakistan purchased the Gwadar enclave from:,Singapore,Oman,Iran,China,B
300,In which year did Sir Syed return from England?,1869,1870,1875,1876,B
301,Which is the shortest river in Pakistan?,Ravi,Jhelum,Chenab,Sutlej,A
302,Which organization did Pakistan join in 1974?,OIC,SAARC,NAM,PTBT,A
303,The Indian Councils Act (Minto-Morley Reforms) was enacted into law in:,1909,1910,1911,1912,A
304,"The real name of Muhammad Shah, also known as 'Rangeela', was ______________.",Gulshan Khan,Roshan Akhtar,Jamshed Akhtar,Khurram Shehzad,B
305,Muhammad Ghuri was assassinated in 1206 AD by which tribe?,Jats,Gakhars,Qarmatians,Khokhar,D
306,The important elements of climate are ________.,Temperature and pressure,Winds and rainfall,Humidity of air,All of the above,D
308,The real name of Mughal Emperor Jahangir was __________.,Farid Khan,Khurram,Salim,Iqbal,C
309,The proposed Margalla Hills tunnel project connects Islamabad with which city?,Swabi,Abbottabad,Haripur,Dhodial,C
311,Name Pakistan’s surface-to-surface ballistic missile capable of delivering multiple warheads using MIRV technology.,Shaheen-II,Ababeel,Nasr,Ghauri,B
312,What is the share of Sindh in the total population of Pakistan?,25 percent,22 percent,23 percent,28 percent,C
314,Urdu is an amalgamation of ________.,English and Persian,Persian and Turkish,Sanskrit and Persian,"Arabic, Persian, Turkish & Hindi",D
315,"On 25 December 2020, which legendary Urdu writer died of Covid-19 complications?",Rahat Indori,Sibte Arif,Shamsur Rahman Faruqi,None of these,C
317,"The Eighth Amendment in the Constitution of Pakistan, 1973 gave overriding powers to:",Prime Minister,The President,Chief Martial Law Administrator,Governor General,B
318,Latif Khosa used to be the governor of:,KPK,Punjab,Sindh,GB,B
319,What was the ratio of the division of military assets between Pakistan and India at independence?,2.1180555555556,40:60,36:64,30:70,C
320,The first recorded poetry in Urdu is attributed to _______.,Amir-ud-din Kidwai,Amir Khusrau,Sir Fazal-ur-Rehman,Sir Syed Ahmad Khan,B
321,The concept of acting in aid of civil power by the armed forces has been laid down in the Constitution of Pakistan 1973 vide:,Article 245,Article 270,Article 243,Article 200,A
322,The Pakistan Resolution was passed at ________.,"Minto Park, Lahore","Badshahi Mosque, Lahore","Mochi Gate, Lahore",Lahore Town Hall,A
323,K2 is in which mountain range?,Himalayas,Karakoram,Hindu Kush,Sulaiman,B
324,The extinct volcanic peak of Koh-i-Sultan is in ________.,Turkmenistan,Turkey,Iran,Pakistan,D
325,"While in government service, Sir Syed was raised to the post of 'Munsif' (Sub-Judge) in Agra in __________.",In 1840,In 1841,In 1851,In 1852,B
326,The Taj Mahal was completed in 1648 by Emperor Shah Jahan in memory of his wife named:,Mumtaz Mahal,Zaib-un-Nisa,Joda Bai,None of these,A
327,The beginning of the Mughal Empire is dated to the victory by Babur over:,Usman Lodhi,Ismail Lodhi,Ibrahim Lodhi,Bahlul Lodhi,C
328,Who is known as the father of local self-government?,Warren Hastings,Lord Rippon,Lord Dalhousie,Lord Cornwallis,B
329,"Who was, at one time, called the ""Ambassador of Hindu-Muslim Unity""?",Quaid-e-Azam,Motilal Nehru,Mohanlal Karamchand Gandhi,Abdul Kalam Azad,A
330,When did East Pakistan become Bangladesh?,on 16th December 1971,on 14th August 1971,on 23rd March 1971,on 16th December 1970,A
331,How much amount was allocated for the agriculture sector in the 7th five year plan?,Rs.13600 million,Rs.14600 million,Rs.15600 million,None of these,C
332,In which language has the folk story Sassi Punnu been described?,Punjabi,Sindhi,Balochi,None of these,B
333,Objective Resolution was passed by the Constituent Assembly of Pakistan on:,"On March 12, 1947","On March 12, 1948","On March 12, 1949",None of these,C
334,The Sykes-Picot Agreement (also called the Asia Minor Agreement) was signed in which year?,1915,1916,1917,1918,B
335,"'On which date was the resolution passed to officially address Muhammad Ali Jinnah as ""Quaid-i-Azam Muhammad Ali Jinnah""?",10-Aug-1947,17390,12-Aug-1947,17393,C
336,The first female Governor of Sindh was:,Begum Afifa,Begum Hidayatullah,Begum Hameeda Haroon,Begum Ra'ana Liaqat Ali,D
337,Which of the following deserts is known as the 'friendly desert'?,Thar,Cholistan,Thal,Nara,A
338,"Who is the author of the book ""The Daughter of the East""?",K.K. Aziz,G. Allana,Benazir Bhutto,Ayesha Jalal,C
339,Islam was declared as the State Religion of Pakistan in the Constitution of:,1973,1956,1962,None of these,A
340,"In the Elections of 1945-46, out of 119 total Muslim seats in Bengal, how many did the Bengal Muslim League win?",101,107,113,116,C
341,What is the length of the Tarbela Dam?,"2,786 m","2,795 m","2,743 m","2,701 m",C
342,Which country is situated to the east of Pakistan?,China,India,Afghanistan,Iran,B
343,Who was a prominent person convicted in the Rawalpindi Conspiracy case?,Faiz Ahmad Faiz,Habib Jalib,Shorish Kashmiri,None of these,A
345,Who was the first female finance minister of Pakistan to present the annual budget?,Begum Salma Ahmed,Hina Rabbani Khar,Shamshad Akhtar,None of these,B
346,Arya Samaj was founded in:,1870,1875,1880,1885,B
348,When did the War of Independence of 1857 formally end?,"On October 1, 1858","On November 1, 1858","On July 8, 1859","On September 8, 1858",C
349,"Who has written the book entitled ""The Making of Pakistan""?",I.H. Qurashi,Muhammad Ali Chaudhry,Waheed-uz-Zaman,K.K. Aziz,D
351,Where and when was the First Round Table Conference inaugurated?,"St. James's Palace, London, November 12, 1930","Buckingham Palace, London, January 1931","Delhi, January 1931","Lahore, December 1930",A
352,The Sindhi language is based on __________.,Persian,Arabic,Dravidian,Sanskrit,B
354,Who was the first female Speaker of the National Assembly of Pakistan?,Fahmida Mirza,Ayesha Mirza,Sofia Mirza,Pakeeza Mirza,A
355,Which Article of the 1973 Constitution of Pakistan provides for freedom of the press and freedom of expression?,Article 20,Article 19,Article 18,Article 17,B
356,The Diamer-Bhasha Dam will be constructed on:,Kabul,Jhelum,Ravi,Indus,D
357,Who was the emperor from 1658 to 1707?,Aurangzeb,Shah Jahan,Humayun,Akbar,A
358,How many amendments were proposed by Jinnah in the Nehru Report?,2,3,4,None of these,C
359,Which newspaper issued by Ghulam Rasool:,Hamdard,Comrade,Inqalab,None of these,C
361,Madar-i-Millat Mohtarma Fatima Jinnah died in Karachi on _______.,"On July 6, 1967","On July 7, 1967","On July 8, 1967","On July 9, 1967",D
362,When did PTV start its color transmission?,In 1974,In 1975,In 1976,In 1977,C
364,The first invasion of Mahmud Ghaznavi was in:,900 AD,1000 AD,1100 AD,None of these,B
365,The cease-fire line was established between Pakistan and India in:,1947,1948,1949,1950,C
367,The Charismatic Leader: Quaid-i-Azam Mohammad Ali Jinnah and the Creation of Pakistan book was written by:,Sir Sikandar Hayat,Stanley Wolpert,Hector Bolitho,None of these,D
368,"In 1917, the Kheiri Brothers suggested a plan for the partition of India at the Socialist International conference held in __________.",Sweden,Netherlands,England,None,A
370,Sindh was conquered by Muhammad bin Qasim during the __________ period.,Umayyad Caliphate,Abbasid Caliphate,Tulunid Dynasty,Idrisid Dynasty,A
371,Which operation launched in 1971 to control the situation of East Pakistan:,Operation Mid Night way,Operation Fair Play,Operation Search Light,Operation Grand Slam,C
373,"Pakistan People's Party was launched on November 30, 1967 in:",Larkana,Karachi,Lahore,None of these,C
374,Agra Summit was a two-day summit which remained:,Successful,Inconclusive,Delayed Till Further,None of these,B
376,The C. R. Formula was devised by ____________.,Abul Kalam Azad,C. Rajagopalachari,V. P. Menon,Lord Wavell,B
377,Who announced the '3rd June Plan' for the partition of India?,Lord Wavell,Lord Mountbatten,Lord Willingdon,Lord Linlithgow,B
378,The Headquarter of MoD (Ministery of Defence) is located in_________.,Islamabad,Karachi,Rawalpindi,Peshawar,C
379,Pakistan's National Flag was designed by:,Hussnain Sadiq,Ahmad Chagla,Amir-ud-din Kidwai,Abdur Rehman Chughtai,C
380,British sell Kashmir to which Maharaja:,Maharaja Hari Singh,Maharaja Maan Singh,Maharaja Pratap Singh,Maharaja Gulab Singh,D
381,"In India, English education was first initiated in Bengal in:",in 1813,in 1829,in 1835,in 1854,C
382,When did Pakistan recognize Bangladesh?,On December 1973,On January 1974,On February 1974,On March 1974,C
383,"The Shish Mahal, also known as Shah Burj, was constructed by Shah Jahan in which period?",from 1641 to 1642,from 1631 to 1632,from 1655 to 1656,from 1628 to 1629,B
384,Who wrote Asar-us-Sanadid?,Mirza Ghalib,Sir Syed Ahmad Khan,Maulana Muhammad Ali Jauhar,None of these,B
385,Nadwatul Uloom was founded in:,in 1890,in 1892,in 1894,None of these,C
386,The British Indian government announced the partition of Bengal in:,1902,1905,1909,1916,B
387,Which city is called the 'City of Glass and Bangles'?,Matiari,Hyderabad,Hala,Khairpur,B
389,"What magazine did Sir Syed establish on December 24, 1870?",Aligarh Gazette,Tarjaman-ul-Quran,Tahzib-ul-Akhlaq,Al-Aman,C
390,How many members did the initial UN commission for India & Pakistan have when it visited in July 1948?,3,4,5,6,A
392,The first Commercial Bank of Pakistan was:,Habib Bank Limited,Muslim Commercial Bank,UBL,HSBC,A
393,"Where is Attabad Lake, a newly born lake in 2010, situated in Pakistan?",Punjab,KPK,Gilgit-Baltistan,Balochistan,C
395,Which is considered the first known book of Pashto prose?,Pata Khazana',Tazkira-tul-Aulia',Jat di Kartut',Aasar-ul-Sanadeed',A
396,When were banks nationalized in Pakistan?,in 1974,in 1972,in 1975,in 1977,A
398,Sindh Sagar Doab area is situated in the desert of ________.,Gobi,Thar,Thal,Sahara,C
399,What organization was formed in 1903 for the progress of Urdu?,Anjuman-i-Himayat-i-Islam,Anjuman-i-Taraqqi-i-Urdu,All India Muslim League,Muhammadan Anglo-Oriental Defence Association,B
401,"The Iran-US Nuclear Deal (""JCPOA"") was signed in which year?",In 2012,In 2016,In 2015,In 2010,C
402,When was it announced that June 1948 was the date for British withdrawal from India?,on 31 January 1947,"on Feb 20, 1947",on 24 March 1947,on 3 May 1947,B
403,The Ashloks of Baba Fareed Ganj Shakar is included in which scripture:,Guru Granth,Gita,Ramayana,Mahabharata,A
404,"Who is the author of the book ""The Making of Pakistan""?",Waheed-uz-Zaman,Aitzaz Ahsan,K. K. Aziz,Ayesha Jalal,C
405,Pakistan won how many gold medals in the 2010 Games in India?,2,4,7,9,A
406,On which river is the Kalabagh Dam supposed to be built?,Kabul,Jhelum,Sutlej,Indus,D
408,Which of the following was a contemporary of eight Indian Rulers?,Amir Khusro,Iltutmish,Balban,None of these,A
409,In which year did Alexander the Great invade India?,In 356 BC,In 326 BC,In 323 BC,In 330 BC,B
411,Adiala Jail is located in ___________.,Multan,Rawalpindi,Gujranwala,Lahore,B
412,Faiz Mahal is in__________.,Ghotki,Thatta,Khaipur,Karachi,C
414,Who introduced the system of Basic Democracies?,Iskandar Mirza,Ayub Khan,Zulfiqar Ali Bhutto,None of these,B
415,Mountbatten arrived in Delhi:,on 13 March 1947,on 22 March 1947,on 30 March 1947,on 2 April 1947,B
417,Pakistan initiated its National Identity Card System in:,in 1971,in 1972,in 1973,in 1974,C
418,The Pakistan Atomic Energy Commission was established in:,in 1950,in 1956,in 1960,in 1965,B
419,The Supreme Judicial Council consists of _________.,The Chief Justice of Pakistan,The two next senior-most judges of the Supreme Court,The two senior-most Chief Justices of High Courts,All of these,D
420,Who was the Prime Minister of India at the time of the Tashkent Declaration?,Lal Bahadur Shastri,Indira Gandhi,Manmohan Singh,None of these,A
421,Which folk Sufi singer is from Hyderabad?,Salman Shah,Sanam Marvi,Abida Parveen,None of these,B
422,When did Pakistan first participate in the Olympics after independence?,1948,1952,1956,1960,A
423,"""A Brief History of Time"" was written by:",Stephen King,Stephen Hawking,Yuval Harari,None of these,B
424,Dar-ul-Uloom Deoband was founded by:,Maulana Mehmood-ul-Hassan,Maulana Muhammad Qasim Nanautawi,Maulana Hussain Ahmed Madni,Maulana Rasheed Ahmed,B
425,Who is considered the first poet of the Pashto language?,Khushal Khan Khattak,Amir Kror Suri,Rahman Baba,None of these,B
426,Dina Wadia visited Pakistan upon the death of the Quaid and then only once again in _____________ during the Musharraf era.,In 2002,In 2003,In 2004,In 2005,C
427,"Lord Mountbatten, Governor General of India, addressed the Constituent Assembly of Pakistan on __________.","On Aug 11, 1947","On Aug 14, 1948","On Aug 14, 1947",None of these,C
428,Which is the highest peak of the Koh-e-Sulaiman range?,Tirich Mir,K2,Takht-e-Sulaiman,Sakaser,C
429,Who was the first Secretary-General of SAARC?,Kant Kishore Bhargava,Abul Ahsan,Ibrahim Hussain Zaki,Yadav Kant Silwal,B
430,What is the most significant historical distinction of Sultana Raziya?,Longest reign in Slave Dynasty,First and only Muslim lady to rule India,Conquered the most territory,Abolished the Chahalgani system,B
431,The international vehicle registration code for Pakistan is _________.,PAK,PK,PKN,None of them,B
433,Tipu Sultan had diplomatic relations with which French King?,Napoleon,Charles,Henry II,None of these,A
434,The title “Ambassador of Hindu-Muslim-Unity” was given to Mr Jinnah by _________.,Mustafa Kamal,Allama Iqbal,Sarojini Naidu,None Of These,C
436,Who was A. O. Hume?,Viceroy of India,Governor General of India,A retired member of Civil Services,Member of British Parliament,C
437,The national space agency of Pakistan is:,NESCOM,SUPARCO,PAEC,None of these,B
439,Who was the last commander of Pakistan forces in East Pakistan?,Abdullah Khan Niazi,Iqbal Khan,Hameed Gul,Tikka Khan,A
440,Mast Tawakali was a poet of?,Sindhi,Urdu,Balochi,None of these,C
442,What was the real name of Nawab Mohsin-ul-Mulk?,Nawab Hizar Hayat,Muhammad Ilahi,Syed Mehdi Ali,Nawab Mushtaq Hussain,C
443,In which year Muhammad Bin Qasim invaded Sindh?,712,714,716,718,A
444,National anthem was written by:,Ahmed Ali Chagla,Hafiz Jullundhri,Faiz Ahmed Faiz,Josh Malihabadi,B
445,The famous book Asar-ul-Sanadeed was written by:,Syed Ahmed Barelvi,Sir Syed Ahmed Khan,Shah Wali Ullah,Sheikh Ahmed Sirhindi,B
446,"The Sindh Assembly seats have been increased, and now its strength is ________.",110,180,160,168,D
447,The Local Zakat Committee is headed by the:,Assistant Commissioner,Deputy Commissioner,Chairman Zakat Usher Committee,None of the above,C
448,On which date did Pakistan emerge as an independent state?,11-Aug-1947,17391,14-Aug-1947,17394,C
449,"According to the 1956 Constitution, the President of Pakistan should be:",Muslim,Non-Muslim,Both A & B,None of these,A
450,Who among the following took part in all Round Table Conferences?,Gandhi,B.R. Ambedkar,Tej Bahadur Sapru,Both B & C,D
452,Where was Sir Syed Ahmad Khan buried?,Delhi,Aligarh,Lahore,Karachi,B
453,Minto Park is now officially called __________.,Jinnah Park,Iqbal Park,Lawrence Park,Patriot Park,B
454,For how many years did Aurangzeb Alamgir rule?,40,49,52,None of these,B
455,Name the elected lady or ladies of the first Women's Sub-committee from Bengal.,Shaista Suhrawardy,Miss Isfahani,Both of them,None of them,C
456,Who was the first president of the Constituent Assembly of Pakistan?,Quaid-e-Azam,Liaquat Ali Khan,Iskander Mirza,None of these,A
458,"Who was the second Governor of the ""State Bank of Pakistan""?",Ishrat Kamal,Saeed Hamid,Abdul Qadir,None of these,C
459,"In 1955, the Muslim League formed a coalition government with which party?",United Front,Jamaat-e-Islami,Republican Party,Awami National Party,C
461,"Settlement of the border dispute and signing of the ""Boundary Agreement"" with China proved a milestone in the history of Sino-Pak relations. Which of the following diplomats rendered his services to finalize the agreement?",Manzoor Qadir,Agha Mohammad Raza,Z. A. Bhutto,Mohammad Ali Bogra,B
462,What was Quaid-e-Azam's response to the Khilafat movement?,He actively led the movement,He remained away from it,He opposed it publicly,He supported it financially,B
464,"Akbar's son, ""Nur-ud-Din Jahangir"", ruled India from 1605 AD to ________.",In 1625 AD,In 1626 AD,In 1627 AD,None of these,C
465,What was the name of Maulana Muhammad Ali Johar's mother?,Imam Bibi,Amjadi Bano Begum,Abadi Begum,Mithi Bai,C
467,"The Indian National Congress was formed on December 28, 1885, by British civil servant:",William Hudson,A.O. Hume,Lord Wellesley,None of these,D
468,What was the color of the unified flag of the Pakistan National Alliance (PNA)?,Blue,Green,Yellow,Black,B
470,"Pakistan conducted nuclear tests on May 28, 1998, at:",Toba Kakar,Chaghi Hills,Raskoh,None of these,B
471,Who was the first captain of Pakistan Women's ODI and Test Matches?,Bismah Maroof,Shaiza Khan,Sana Mir,None of these,B
472,Which range is located in the south of Pakistan?,Himalayas,Karakoram,Kirthar,None of these,C
473,A Case of Exploding Mangoes is a comic novel written by which Pakistani writer?,K.K. Aziz,Altaf Gohar,Muhammad Hanif,None of these,C
474,"Which famous personality of Pakistan, who served as the only Pakistani and also the first Asian to preside over the International Court of Justice and also served as President of the UN General Assembly?",Liaqat Ali Khan,Gen.Ayub Khan,M.Zafarullah Khan,Ch.Muhammad Ali,C
476,A Word template stores common document:,Content,Structure,Style,Theme,B
477,The joint military training exercise 'Druzhba-III' was held between the following countries?,India and Afghanistan,Pakistan and China,USA and Israel,Russia and Pakistan,D
478,The office of District Magistrate was abolished by the ___________.,"Local Government Ordinance, 2001",Amendments in the code of Criminal Procedure,18th Amendment in the Constitution,"Police Order, 2002",A
479,The famous Urdu translation of 'Shah Jo Risalo' was done by _______.,Shaikh Ayaz,Makhdoom Bilal,Dr. Nabi Bakhsh Baloch,No one has translated it into Urdu,A
480,Which famous personality was born in 1877:,Quaid-e-Azam,Allama Iqbal,Maulana Zafar Ali Khan,Z. A. Bhutto,B
481,"The Pakistan National Alliance was founded on January 5, 1977. What was its main slogan?",Quran aur Sunnat',Nizam-e-Mustafa',Nizam-e-Shariat',None of these,B
482,The Urdu-Hindi controversy started in?,1867,1857,1958,None of these,A
483,Which of the following provinces of Afghanistan has no border with Pakistan?,Paktika,Nangarhar,Nimruz,Herat,D
484,The head of the military department under the recognized central machinery of administration during Akbar’s reign was _________.,Abul Fazl,Malik Muhammad Jayasi,Raskhan,Mir Bakhshi,D
485,"Who fought against Akbar's ""Din-e-Ilahi""?",Sayyid Ahmad Shaheed,Shah Waliullah,Sir Syed Ahmed Khan,Sheikh Ahmed Sirhindi,D
486,"During British administration, in which year was Shimla declared the Summer Capital of British India?",1864,1865,1866,None of these,A
487,Who was the first Prime Minister of Azad Kashmir?,Sardar Muhammad Ibrahim Khan,Khan Abdul Hameed Khan,Sardar Sikandar Hayat Khan,Maulana Muhammad Yousaf,B
488,Pakistan is placed in the world population-wise on ________ number.,8th,10th,11th,5th,D
489,In which city is Punjab’s first university located?,Multan,Lahore,Faisalabad,None of these,B
490,The pivot point of Pakistan's foreign policy is:,Defense,Kashmir,Trade and Commerce,All of these,D
491,"After facing defeats, Humayun fled to which country in 1541 to take asylum?",Afghanistan,Turkey,Arabia,Persia,D
492,What is the full form of NADRA?,National Digital and Registration Authority,National Database and Registration Authority,National Dues and Regulation Authority,None of the above,C
493,Satpara Lake is in:,Skardu,Gilgit Baltistan,Haripur,None of these,A
495,Minar-e-Pakistan was designed by ______.,Nasreddin Murat-Khan,Vedat Dalokay,Arif Masoud,Yahya Merchant,A
496,The number of senators from each province is:,29,26,28,23,D
498,Who was the Pakistani climber who got missing while trying to climb K2 along with 2 foreign climbers on 5 Feb. 2021?,Muhammad Ali Sadpara,Muhammad Sajid Sadpara,Nazir Ahmad Sadpara,None of these,A
499,Military courts had been established to deal with the cases related to terrorism under ____ amendment?,19th,20th,21st,None of these,C
501,Ushr is collected according to section 6 of the act from:,Every landowner,Leaseholder,Allottee,All of the above,D
502,Urdu Defence Association was founded In August 1900 In _____ City.,Delhi,Karachi,Luckhnow,Calcutta,C
504,Malala Yousafzai belongs to which area of Pakistan:,Peshawar,Quetta,Karachi,None of these,D
505,Which Indian personality won Nishan-e-Pakistan?,Pranab Mukherjee,Nehru,Morarji Desai,None of the above,C
506,OGRA stands for:,Oil & Gas Regeneration Authority,Oil & Gas Regulatory Authority,Oil & Gas Reproduction Authority,Oil & Gas Restoration Authority,B
508,"Which work by Allama Iqbal, published in 1924, was his first Urdu philosophical poetry collection?",Bang-e-Dara',Zarb-e-Kaleem',Bal-e-Jibraeel',Armaghan-e-Hijaz',A
509,How many seats are reserved for non-Muslims in the Balochistan Assembly?,5,3,2,None,B
511,Dogra dynasty bought Kashmir from the British in the year.,1836,1846,1856,1866,B
512,Jinnah’s first address to Constituent Assembly,on 12 August 1947,on 11 Aug 1947,on 10 August 1947,on 15 August 1947,B
514,Which country first of all recognized Pakistan?,Iran,China,Afghanistan,None of these,A
515,How many members were in the committee set up to draft the constitution of the Muslim League?,30,45,60,75,C
517,The Pakistan National Alliance (PNA) against Bhutto consisted of:,7 political parties,9 political parties,11 political parties,13 political parties,B
518,Shah Wali Allah made a pilgrimage to Makkah in:,1730,1732,1734,1736,B
519,____ Necropolis was inscribed as a UNESCO World Heritage Site.,Makli,Thatta,Jamshoro,None of these,A
520,Port Qasim is near which city of Pakistan?,Lahore,Gwadar,Karachi,None of these,C
521,Which viceroy is known as penultimate viceroy of the Subcontinent?,Linlithgow,Wavell,Mountbatten,None of these,B
522,Partition of Bengal was annulled in?,1909,1910,1911,None of these,C
523,Which Mughal Emperor built the Taj Mahal:,Shah Jahan,Aurangzeb,Akbar,Bahadur Shah,A
524,"The ""Arya Samaj"" was against ___________.",Muslims,Christians,Sikhs,All of the above,D
525,Kalabagh is famous for:,Sulphur,Iron,Gypsum,Tin,B
526,"From the following personalities, indicate the one who has represented Pakistan as the United Nations Representative:",Dr. Waheed Qureshi,Patras Bokhari,Faiz Ahmad Faiz,Ata ul Haq Qasmi,B
527,How many rounds of Round Table Conferences were there?,One,Three,Five,None of these,B
528,Which personality is associated with Kartarpur:,Baba Guru Nanak,Dalbir Singh,Amar Singh,None of these,A
529,"The famous Muslim traveler Ibn Batuta, who arrived in India in 1333, was a native of which country?",Persia,Egypt,Morocco,Turkey,C
530,The 'Sangathan' Movement was started by __________.,Dr. Hedgewar,Dr. B. S. Moonje,Swami Shraddhanand,None,C
531,The federal capital of Pakistan was shifted from Karachi to Islamabad during the regime of:,Liaquat Ali Khan,Zulfikar Ali Bhutto,Ayub Khan,Zia-ul-Haq,C
532,The Dharmarajika Stupa in Taxila was built in the era of the:,Mughals,Kushans,Khilji,Mauryan Empire,D
533,In which year did Sir Syed travel to England with his son Mahmud?,1867,1869,1870,1875,B
534,The rank of Deputy National Coordinator in NACTA is:,20,21,22,None of these,B
536,The main reason for the Partition of Bengal was:,Religious grounds,Administrative requirements,On Muslims' demands,None of these,B
537,The Tughluq Dynasty finally came to an end with the death of Nasiruddin Mahmud Shah in which year?,In 1398,In 1414,In 1401,In 1412,D
539,When was the boundary agreement with China signed?,in 1962,in 1963,in 1965,in 1966,B
540,When did the Kargil War incident occur?,1997,1998,1999,None of these,C
542,In which year did the Supreme Court of Pakistan impose a ban on the Basant festival?,In 2004,In 2005,In 2007,In 2009,C
543,Who was the last Governor of Undivided Punjab?,Sir Evan Jenkins,Francis Mudie,Abdur Rab Nishtar,None of these,A
545,"Amjad Sabri, assassinated on 22 June 2016, was the son of Ghulam Fareed Sabri. Name the brother of Ghulam Fareed Sabri, with whom he formed one of the most famous Qawwali parties in Pakistan:",Maqbool Sabri,Raziuddin Sabri,Ayaz Sabri,Rahat Sabri,A
546,Who founded Sindh Madrassah-tul-Islam?,Qazi Hameed-ud-Din,Hassan Ali Affandi,Maulana Shibli Nomani,Syed Ahmad Khan,B
548,Who founded the Tablighi Jama'at in 1926?,Maulana Abul Kalam Azad,Maulana Muhammad Ilyas,Muhammad Ali Jinnah,Allama Iqbal,B
549,When did Quaid-e-Azam join the All India Muslim League?,1909,1913,1920,None of these,B
550,The Geneva Accord (on Afghanistan) was between Pakistan and?,Iran,Afghanistan,Türkiye,None of these,B
551,The latest internet clampdown in occupied Kashmir by the Indian government started on:,on 05 August 2019,on 15 August 2019,on 25 August 2019,None of these,A
552,"How many provinces was India divided into according to the Government of India Act, 1935?",9,10,11,12,C
553,Name the range which separates China from Pakistan.,Hindu Kush,Pamir,Himalayas,Karakoram,D
554,Who was the Governor of Bengal from 1760 to 1763?,Henry Vansittart,John Spencer,John Cartier,Warren Hastings,A
555,"In the early 1970s, Pakistan played a role in rapprochement between which two countries?",United States and Soviet Union,India and China,United States and China,Pakistan and India,C
556,The largest lake in Jammu & Kashmir is __________.,Dal Lake,Nagin Lake,Wullar Lake,None of above,C
557,Who abrogated the 1956 Constitution of Pakistan?,Sikandar Mirza,Ayub Khan,Yahya Khan,None of these,A
558,Prime Minister Ch. Muhammad Ali was succeeded by:,I.I. Chundrigar,Muhammad Ali Bogra,Huseyn Shaheed Suhrawardy,None,C
559,JAMSHED MARKER distinguished himself in the field of:,Civil Service,Teaching,Diplomacy,Fiction writing,C
561,Indian prime minister Narendra Modi makes surprise stopover in Pakistan for first time in:,on 25th December 2015,on 25th November 2015,on 25th October 2015,on 25th January 2015,A
562,"At the time of the 1857 War of Independence, Sir Syed Ahmad Khan was Sadar Amin of?",Aligarh,Delhi,Bijnor,None of these,C
564,Faiz Ahmad Faiz was arrested in the Rawalpindi Conspiracy Case in:,1951,1952,1953,None of these,A
565,Who was the early political mentor of Quaid-e-Azam?,Mahatma Gandhi,Gopal Krishna Gokhale,Sir Syed Ahmed Khan,Lord Minto,B
567,"When did India, as an aggrieved party, first appear before the UN Security Council regarding Kashmir?",In March 1948,In February 1948,In January 1948,In April 1948,C
568,Who was the last Viceroy of India?,Lord Linlithgow,Lord Willingdon,Lord Mountbatten,Lord Wavell,C
570,Who was the second Prime Minister of Pakistan?,Liaquat Ali Khan,Feroz Khan Noon,Chaudhry Muhammad Ali,Khawaja Nazimuddin,D
571,Quaid-e-Azam Mausoleum is located in which city:,Karachi,Ziarat,Lahore,Quetta,A
572,The function of the State Bank of Pakistan is?,Inflation control,Lending business,Implementing monetary policy,None of these,C
573,Minar-e-Pakistan is situated in which park?,Iqbal Park,Jallo Park,Mochi Gate Park,None,A
574,"According to the 1973 Constitution, the president is elected by:",Provincial Assembly,National Assembly,Senate,All of the above,D
575,The national insignia of Pakistan is __________.,Deodar,Indus Dolphin,Crescent and Star,None of above,C
576,Radcliffe awarded which district to India for support in Kashmir?,Firozpur,Gurdaspur,Pathankot,None of these,B
577,What is the name of the PIA-owned hotel in New York?,Roosevelt Hotel,Hilton Hotel,Plaza Hotel,Grand Hyatt,A
578,Mir Shahdad Jo Qubo (Tomb of Mir Shahdad Talpur) is in _________.,Mithi,Khipro,Shahpur Chakar,Matiari,C
580,Muhammad Ali Sadpara was a?,Cricketer,Traveler,Mountaineer,None of these,C
581,The Police Martyrs Day is observed on __________ in Pakistan.,On August 1st,On August 2nd,On August 4th,None of these,C
583,The Lucknow Pact was an agreement reached between the Indian National Congress and the _______ at a joint session of both parties held in Lucknow in December 1916.,Muslim League (AIML),Awami League (AL),Bharatiya Janata Party (BJP),None of these,A
584,Which US president visited Pakistan in 1969:,Dwight D. Eisenhower,Lyndon B. Johnson,Richard M. Nixon,William J. Clinton,C
586,"What was the main proposal of the Cabinet Mission Plan announced on May 16, 1946?",Division of India into two provinces,India divided into three groups,Immediate independence for India,Separate electorates for Muslims,B
587,Which Hindu leader started a movement against the Partition of Bengal?,Surendranath Banerjee,Raja Ram Mohan Roy,Dayananda Saraswati,None of these,A
589,The Mosque of 'Dai Anga' is located in:,Rawalpindi,Multan,Lahore,Kasur,C
590,Warsak dam is situated on which river?,Indus,Swat,Kabul,Chenab,C
591,The vaccination program of Pakistan is:,CPI,EPI,DPI,None of these,B
592,Who among the following Sultans of Delhi assumed the title 'Sikandar-i-Sani' (the second Alexander)?,Balban,Alauddin Khilji,Muhammad bin Tughlaq,Sikandar Lodhi,B
593,The capital of British India was transferred from Calcutta to Delhi in the year:,1911,1912,1913,1914,A
594,At what age did Akbar become king?,11,13,17,19,B
595,When was the 1973 constitution enforced?,on 23rd March,on 15th May,on 14th August,None of these,C
596,The oldest TV station in Pakistan is located in __________.,Islamabad,Peshawar,Lahore,Karachi,C
597,SECP is the regulatory authority of the:,Stock Market,Import and Export,Media Business,All of these,A
598,Which city in Pakistan is called Noor Mahal?,Lahore,Multan,Bahawalpur,Peshawar,C
599,The 'Great Granary' of the Indus Valley Civilization has been discovered at ____________.,Harappa,Mohenjo-Daro,Kalibangan,Lothal,B
600,What was the real name of Tipu Sultan?,Sultan Fateh Ali Khan Shahab,Sultan Nusrat Ali Khan Shahab,Sultan Azmat Ali Khan Shahab,Sultan Shafqat Ali Khan Shahab,A
601,The minimum and maximum number of members of the Council of Islamic Ideology (CII) are _______.,5 and 20,6 and 20,8 and 20,None of the Above,C
602,Pakistan recognized China in:,in 1948,in 1949,in 1950,in 1951,C
603,When did the First World War take place?,1914-1918,1919-1923,1901-1905,1939-1945,A
604,Amir Timur invaded India in:,1398,1399,1340,1341,A
605,"Muhammad Ali Bogra, the then Prime Minister of Pakistan, presented his constitutional formula to the Constituent Assembly on __________.","On September 7, 1953","On October 7, 1953","On November 7, 1953",None of these,B
606,On which date is Kashmir Solidarity Day observed in Pakistan?,on 5th February,on 14th August,on 6th September,on 23rd March,A
607,When was Quaid-i-Azam Muhammad Ali Jinnah elected President of the Constituent Assembly?,16-Aug-1947,17390,12-Aug-1947,17393,B
608,The Planning Board was turned into the Planning Commission in:,in 1950,in 1951,in 1953,in 1955,B
609,Politics and State in Pakistan is the book of:,Aftab Gilani,Sajid Awan,Muhammad Wasim,Muhammad Shafique Bhatti,C
610,Who was the first Sultan of India to be officially recognized by the Caliph?,Qutbuddin Aibak,Alauddin Khilji,Muhammad bin Tughluq,Iltutmish,D
611,Muhammad Zia-ul-Haq became the President of Pakistan. (Ordinal number),5th,6th,7th,8th,B
612,Which American Ambassador died along with President Zia-ul-Haq in a plane crash in 1988?,Tom Simon,Robert Milam,Arnold Palmer,Arnold Raphel,D
613,Who led the Simla Deputation of Muslim leaders in 1906?,Nawab Salimullah Khan,Sir Agha Khan,Nawab Viqar-ul-Mulk,Maulana Muhammad Ali Johar,B
614,"The word ""Pakistan"" was first introduced in ____ in 1933:",Daily Jang,Daily The Mail,Now or Never,Nawa-e-Waqt,C
615,World Food Day is observed on ____ every year:,on 16 October,on 17 October,on 14 October,on 15 October,A
616,"Under the 1973 Constitution, who is elected through a proportional representation system of political parties?",Members on seats reserved for women,Members on seats reserved for non-Muslims,Both of them,None of them,C
617,What agreement did Pakistan sign in November 2016 related to global climate?,UN Convention on Paris Climate,UN Convention on Drugs,UN Convention on Social Justice,None of these,A
618,Who is Sohail Warraich:,Politician,Bureaucrat,Journalist,None of these,C
619,The historic Badshahi Masjid in Lahore was constructed by Aurangzeb in which year?,In 1658,In 1666,In 1673,In 1703,C
620,When did Qutb-ud-din Aibak officially establish the Delhi Sultanate?,1205,1206,1207,None of these,B
621,The London branch of the All-India Muslim League was started by _________.,Syed Ameer Ali,Sir Wazir Hassan,Hasan Bilgrami,Maulana Shaukat Ali,A
623,Defence Day is observed in?,on 6th September,on 12th September,on 17th September,None of these,A
624,The 1st US ambassador to Pakistan was___________.,Stephen Cohen,Gorge Hampen,Paul H. Ealing,None of these,C
626,When was the Banaras Institute established?,In 1860,In 1861,In 1862,In 1863,B
627,The Indus Basin Treaty was concluded on:,on 19 September 1960,on 1 August 1960,on 20 September 1960,on 29 August 1960,A
629,Parveen Shakir was killed in a road accident in which city?,Lahore,Karachi,Islamabad,None of these,C
630,"In FY2025, agriculture in Pakistan grew at an average annual rate of _______.",2.12 percent,0.31 percent,0.56 percent,1.50 percent,C
632,The Friendship Gate is built on the border between Pakistan and ___________.,Afghanistan,Iran,India,China,A
633,Bahadur Shah Zafar was buried in:,Delhi,Cambridge,Rangoon,Hyderabad,C
634,What was the main focus of Gandhi's Salt Satyagraha?,Monopoly on salt,Right to vote,Education reforms,Land reforms,A
635,For approximately how many years did the Delhi Sultanate last?,250 years,320 years,190 years,410 years,B
636,"According to the 1973 Constitution, the head of government is the ______________.",President,Prime Minister,Governor,Speaker of NA,B
637,When did Muhammad Bin Qasim defeat Raja Dahir?,In 711 A.D.,In 713 A.D.,In 714 A.D.,In 712 A.D.,D
638,The US Ambassador who died with President Zia ul Haq in the plane crash was:,Arnold Lewis Raphel,Deane Roesch Hinton,Robert B. Oakley,None of these,A
639,In which annual meeting of the Muslim League did women participate fully for the first time?,Annual meeting of 1938,Annual meeting of 1939,Annual meeting of 1940,Annual meeting of 1941,A
640,Financial Action Task Force office in Pakistan is situated in which city?,Islamabad,Karachi,Lahore,Rawalpindi,A
641,The Dark green field in the flag of Pakistan represents:,Muslim majority,Minority,Both majority and minority,None of these,A
642,The range of the Shaheen-III missile is:,2250 km,2550 km,2750 km,2950 km,C
643,Who was the first ruler of the Slave Dynasty?,Sultan Ghouri,Qutubuddin Aibak,Balban,None of these,B
644,"Makhdoom Muhammad Hashim Thattvi, an Islamic scholar, lived during the __________ regime.",Kalhora,Soomra,Samma,Arghun,A
645,Who abrogated the 1956 Constitution?,Ayub Khan,Yahya Khan,Iskandar Mirza,None of these,C
646,Akbar succeeded his father at the age of ________.,Thirteen,Sixteen,Seventeen,None of these,A
647,The National Action Plan was created in _________.,In 2013,In 2014,In 2015,In 2016,B
648,Who was the first Chief Minister of Khyber Pakhtunkhwa?,Khan Abdul Qayyum Khan,Sahibzada Zafar Ali Khan,Abdul Ghafoor Hoti,None of them,A
649,Pakistan recognized China in which year?,in 1948,in 1949,in 1950,in 1951,C
651,When was the agreement with Canada for Karachi’s first nuclear power station signed?,in 1962,in 1965,in 1964,in 1967,B
652,"At the time of independence, which was the biggest princely state in terms of area?",Hyderabad,Kashmir,Kalat,Bahawalpur,B
654,What was the color of the party flag of the Pakistan National Alliance (PNA)?,Blue,Green,Yellow,Black,B
655,Pakistan signed Partial Test Ban Treaty (PTBT) in which year?,in 1977,in 1978,in 1976,in 1979,B
656,"The historic garden of Lahore, Shalimar Bagh, was built by:",Akbar,Jahangir,Shah Jahan,'Zaib-un-Nissa,C
658,The Second Session of the Khilafat Conference was held in Amritsar on:,in Oct 1919,in Dec 1919,in Oct 2020,None of these,B
659,What proportion of Pakistan's total population is typically within the working-age group of 15 to 60 years?,50 percent,45 percent,48 percent,55 percent,A
661,What are the average minimum and maximum June/July temperatures in the plains of Pakistan?,30°C to 48°C,24°C to 32°C,18°C to 36°C,10°C to 24°C,A
662,"The cotton textile industry, the largest industry of Pakistan, employs an industrial labor force of a magnitude of ________?",80 percent,65 percent,50 percent,None of these,D
664,How many were the members of Basic Democracies from East Pakistan?,40000,50000,60000,70000,A
665,The policy of large-scale nationalization of industries and financial institutions was a hallmark of which government?,Ayub Khan's,Yahya Khan's,Zulfikar Ali Bhutto's,Zia-ul-Haq's,C
667,How many seats are reserved for non-Muslims in the Sindh Assembly?,10,9,8,7,B
668,Who was the author of the ten-volume comprehensive history of the Ghaznavids entitled 'Tarikh-i-Baihaqi'?,Abul Fazl Baihaqi,Utbi,Farrukhi Sistani,Al-Biruni,A
670,On what date was the Treaty of Amritsar signed?,"March 16, 1846","May 10, 1857","Aug 16,1946","Feb 20,1947",A
671,Who is credited with laying the foundation of the Muslim Empire in India?,Mahmud of Ghazni,Qutbuddin Aibak,Muhammad Ghuri,Sabuktigin,C
672,In which annual session of the All-India Muslim League was the Lahore Resolution passed?,Twenty-sixth,Twenty-seventh,Twenty-ninth,Thirtieth,B
673,Agra city was founded by _______.,Bahlul Khan Lodhi,Ibrahim Lodhi,Malik Sultan Shah Lodi,Sikandar Lodhi,D
674,The Khilafat movement was ended by:,Quaid-e-Azam,Gandhi,Maulana Muhammad Ali Jauhar,None of these,B
675,National Action Plan was revised in which year?,2017,2018,2021,2023,C
676,"What was the affectionate nickname given to Salim (Jahangir) by his father, Akbar?",Mirza,Sheikhu,Sultan,Shahzada,B
677,"Which of the following lakes is called the ""Paradise of Birds""?",Hina Lake,Keenjhar Lake,Manchar Lake,Haleji Lake,D
678,The National Monument of Pakistan is located in __________.,Rawalpindi,Faisalabad,Islamabad,Lahore,C
679,Shah Waliullah was the first person in the subcontinent to translate the Holy Quran into which language?,Urdu,Sindhi,Pashto,Persian,D
680,What was the judgment of the Sindh Chief Court in the case regarding the dissolution of the first Constituent Assembly?,The dissolution is valid,The dissolution is void (illegal),The petition is dismissed,The case is referred to federal courts,B
681,Noor Mahal was built by:,Nawab Sadiq II,Nawab Sadiq III,Nawab Sadiq IV,None of these,C
682,Ayub Khan died in:,1971,1972,1973,1974,D
683,"On which date was ""Dar-ul-Ulum Deoband"" formed?","On May 15, 1856","On May 18, 1873","On May 27, 1848","On May 30, 1866",D
684,What major idea was proposed in Allama Iqbal's Allahabad Address?,Independence of India,Pakistan,Social reforms,Islamic Caliphate,B
686,A total of __________ amendments to the 1973 Constitution have been passed by the Parliament.,21,23,25,26,D
687,Kashmir Solidarity Day is observed in Pakistan on ____________.,On February 5,On May 1,On March 21,On June 6,A
689,Most widely spoken language in Pakistan is:,English,Urdu,Punjabi,Sindhi,C
690,Who helped Liaquat Ali Khan draft the Objectives Resolution?,Pir of Manki Sharif,Maulana Shabbir Ahmad Usmani,Maulana Akram Khan,Maulana Maududi,B
692,What was the name of Shah Waliullah’s father?,Shah Abdur Rahim,Qutbuddin Alam,Syed Alam Hussain,None of these,A
693,When was the national anthem of Pakistan first played?,in August 1954,in August 1953,in August 1952,in August 1955,A
695,The 'Cultural Capital of Sindh' is considered to be _________.,Umerkot,Matiari,Hyderabad,Moro,B
696,Who was the successor of Qutb-ud-din Aibak:,Aram Shah,Iltutmish,Razia Sultana,None of these,A
698,"In the year 1613, where was the English East India Company given permission to set up a factory trading post?",Madras,Bangalore,Masulipatam,Surat,D
699,"The Rohtas Fort near Dina, Jhelum was built by _____________.",Akbar,Sher Shah Suri,Shah Jahan,Babur,B
701,Sir John Hubert Marshall was Director-General of the Archaeological Survey of India. He was responsible for the excavations of:,Harappa,Mohenjo-Daro,Both A & B,None of the above,C
702,Who was the girl from the Yarbu tribe who wrote a letter to Hajjaj bin Yusuf for help?,Fatima,Naheed,Zainab,Ayesha,B
704,"In Pakistan, _______ of the population lives below the national poverty line, according to a 2017 estimate.",52.30 percent,29.50 percent,34.50 percent,41.50 percent,B
705,The Jallianwala Bagh massacre happened on:,"on April 19, 1919","on April 13, 1919","on April 21, 1919","on April 31, 1919",B
706,The first general elections in Pakistan (1970) were held under the military government of President ___________.,Iskander Mirza,Yahya Khan,Ayub Khan,Zulfikar Ali Bhutto,B
707,The All-India Muslim League was founded in 1906 in:,Delhi,Dhaka,Lahore,Allahabad,B
708,Pakistan defeated ____ in the 1971 Hockey World Cup.,Spain,Australia,Germany,None of these,A
709,Attock Fort was built during the reign of which Mughal Emperor?,Akbar,Humayun,Shah Jahan,Aurangzeb,A
711,The Indus Waters Treaty between India and Pakistan was brokered by the:,United Nations,World Bank,United States,United Kingdom,B
712,"Which province of Pakistan is known as ""Bab-ul-Islam""?",Punjab,Balochistan,Khyber Pakhtunkhwa,Sindh,D
714,"How was the future status of Sindh to be decided under the ""3rd June Plan""?",By a commission,By a plebiscite,By a majority vote of its provincial assembly members,None of these,C
715,The Second Battle of Panipat was fought in November 1556 between the forces of Akbar and whom?,Rana Sanga,Hemu,Sher Shah Suri,Ibrahim Lodhi,B
717,Which pass connects Chitral with the Wakhan Corridor of Afghanistan?,Baroghil Pass,Malakand Pass,Muztagh Pass,Dorah Pass,A
718,The Partition of Bengal in 1905 was announced by?,Lord Minto,Lord Hardinge,Lord Curzon,None of these,C
720,Justice Muhammad Arif and Justice Ali Nawaz Chohan served as Chief Justice in which African country?,Uganda,Gambia,Tanzania,None of these,B
721,The Hasni tribe is primarily settled in _________.,Southern KPK,Western Balochistan,Central Sindh,None of these,B
722,How many land reclamation schemes have been completed by the government?,50,60,58,65,C
723,When was King Edward Medical University (the oldest university in Pakistan) established?,In 1852,In 1856,In 1860,In 1884,C
724,"Which country's border shared with Pakistan stretches for approximately 2,250 km?",India,Afghanistan,Iran,China,B
725,ICT stands for _________.,Islamabad Capital Total,Islamabad City Tribes,Islamabad Capital Territory,Islamabad City Territory,C
726,Majlis-e-Shura was established in:,1977,1981,1985,1991,B
727,Last speaker of National Assembly of united East/West Pakistan:,Yaqoob Ali Khan,Javaid Iqbal,Abdul Jabbar Khan,None of these,C
728,Why did Syed Amir Ali resign from the Muslim League in 1913?,The Muslim League did not do sufficient work for its members,It criticized the Government,It started supporting the Hindu cause,The party had no clear-cut policy,D
729,"In Pakistan's parliamentary system, the President is the ________.",Head of the State,Head of the Government,Head of the Parliament,None of these,A
730,"At the time when the Khilafat delegation visited England in 1920, the British PM was?",Lloyd George,Churchill,Chamberlain,None of these,A
731,"The Sindhi fiction writer and columnist Qazi Abdul Jaleel, popularly known as Amar Jaleel, was born in ________.","Rohri, Sindh","Dadu, Sindh","Shikarpur, Sindh","He came from Rajasthan, India",A
732,"When Chaudhry Rehmat Ali issued the pamphlet Now or Never in 1933, where was he studying?",Cambridge,Oxford,Aligarh,Harvard,A
733,The Kargil incident happened in _________.,In 1998,In 1997,In 1999,In 2000,C
734,Abd-ul-Malik was a student of ________.,"Islamia College, Lahore","Muslim University, Aligarh","Islamia College, Peshawar",None of these,C
735,Shah Wali Ullah wrote how many books?,45,50,51,55,C
736,Which is the oldest university in Pakistan? (from the very beginning),"University of the Punjab, Lahore","King Edward Medical University, Lahore","University of Agriculture, Faisalabad","Sindh Madressatul Islam University, Karachi",A
737,When was the Pakistan NH&MP (Motorway Police) established?,In 1987,In 1990,In 1997,In 2000,C
739,"The Jinnah Bagh in Larkana, Sindh, was formerly known as _________.",Das Garden,Tajar Bagh,Gian Bagh,Larkana Bagh,C
740,From which area Arabs entered the sub-continent?,Multan,Shalkot,Debal,Peshawar,C
742,"According to the 1973 constitution, who elects the Prime Minister?",The President,The Senate,The National Assembly,Direct popular vote,C
743,Who was the first speaker of the Sindh assembly in 1937?,Dewan Bahadur Bhojsingh Pahlajani,Syed Miran Muhammad Shah,Agha Badruddin Khan Durrani,Qurban Ali Shah,A
745,Global warming poses a threat to the world is a statement by:,United Nations,Antonio Guterres,Both (A) & (B),None of these,C
746,The Council of Common Interests consists of how many members?,Four,Five,Seven,None of these,D
748,The Rowlatt Act was passed in:,1915,1916,1917,None of these,D
749,The Chairman of a Zakat Committee:,May be Muslim,Can be Christian,Can be Jew,Must be Muslim,D
750,When did Pakistan withdraw from SEATO?,1972,1973,1974,None of these,D
751,"At the time of independence in 1947, which was the biggest city of Pakistan?",Lahore,Karachi,Dhaka,Rawalpindi,B
752,The main headquarters (Markaz) of the Tablighi Jamaat is in ________.,Raiwind,Delhi,Dhaka,None of these,A
753,Who is the newly appointed DG of ISPR of the Pakistan Army?,Lt. General Asim Saleem Bajwa,Major General Babar Iftikhar,Major General Asif Ghafoor,Major General Ahmed Sharif Chaudhry,D
754,Muhammad Khan Junejo became Prime Minister of Pakistan in:,1985,1986,1987,1988,A
755,Which country has become the first country in the World to introduce WHO approved Typhoid vaccine?,China,Pakistan,India,Japan,B
756,Ranjit Singh used to rule Punjab from:,Amritsar,Jalandhar,Lahore,Multan,C
757,The system of diarchy remained operational during:,1921-1937,1922-1937,1923-1937,None of these,A
758,When was the 18th Amendment Bill passed by the National Assembly?,"On April 12, 2010","On March 12, 2010","On May 12, 2010","On April 8, 2010",D
759,Who was the last king of Iran?,Polyparchon,Cassander,Reza Shah Pahlavi,None of these,C
760,"The great Persian and first Urdu poet, Amir Khusru, flourished during the reign of which sultan?",Alauddin Khalji,Iltutmish,Ghiyasuddin Balban,Qutbuddin Aibak,C
761,Israel gave India in 2017 the Spyder Air Defense Missile System for using it against:,China,Pakistan,Sri Lanka,North Korea,B
762,When was the first constitution abrogated and Martial Law proclaimed?,in September 1958,in October 1958,in November 1958,in December 1958,B
763,"In the Indus Valley, alluvial soil was used for making ________.",Bricks,Maps,Fertilizer,Drinks,A
764,The Pakistan Naval War College is in __________.,Lahore,Karachi,Islamabad,None of these,A
765,"At the time of independence, 9 railway systems were operating in India. How many were in Pakistan out of 9?",5,4,2,3,C
766,When NWFP created as separate province by British government:,1901,1902,1903,1904,A
767,The Mughal king Babur originally came to India from ________.,Fergana,Khiva,Kabul,Seistan,A
768,Which cricket player played an important role in the Kartarpur Corridor?,Navjot Singh Sidhu,Venkatesh,Ajay Sharma,None of these,A
770,"The ""Do or Die"" slogan in the Quit India Movement was raised by:",Jinnah,Gandhi,Raja Acharya,None of these,B
771,LA stands for __________.,Law Advisory,Legislative Assistant,Legislative Assembly,Law Association,C
773,Drigh Lake is in the _________ district.,Tharparkar,Sanghar,Qambar Shahdadkot,Larkana,C
774,When was the Pakistan Badminton Association (PBA) formed?,1953,1954,1955,1956,A
776,The purpose of Hanns Seidel Foundation (HSF) Pakistan is:,Insurance,Scholarships,Health,None of these,B
777,When did Pakistan join the World Bank?,1948,1949,1950,None of these,C
779,The Treaty of Amritsar took place in:,1846,1857,1861,1935,A
780,The first women's police station in Pakistan was set up in:,Lahore,Peshawar,Islamabad,Karachi,C
781,Quaid-e-Azam addressed the Constituent Assembly for the first time on:,"on August 11, 1947","on August 14, 1947","on October 12, 1947",None of these,A
782,Pakistan's independence was first announced through which radio station?,Islamabad,Lahore,Karachi,Dhaka,B
783,Who leads the sessions of the National Assembly of Pakistan under the presidency of the Speaker?,President,PM,Opposition Leader,Deputy Speaker,D
784,In which year did Quaid-e-Azam resign from the Indian National Congress?,In 1919,In 1920,In 1921,In 1922,B
785,How many major deserts are there in Pakistan?,5,7,8,10,A
786,Which is the most famous sport of Gilgit-Baltistan?,Cricket,Wrestling,Polo,Football,C
787,The first Chairman of the Senate was?,Tasleem Aslam,Habib Ullah Khan,Shahida Jamil,None of these,B
788,The oldest news agency in Pakistan is _________.,APP,API,PPI,Blue Agency,A
789,A UN female bravery award was given to a Pakistani female soldier for her services in which country?,Congo,Lithuania,Luxemburg,South Sudan,A
790,In which agreement was the Ceasefire Line in Kashmir named the Line of Control?,Tashkent Agreement,Simla Agreement,Karachi Agreement,Lahore Declaration,B
791,"After the Nehru Report, The Fourteen Points were presented by:",Maulana Shaukat Ali,Maulana Muhammad Ali Jauhar,Quaid-e-Azam,None of these,C
792,The city of textiles is __________.,Lahore,Peshawar,Faisalabad,Hyderabad,C
793,"Sabuktigin, the founder of the Ghaznavid Dynasty, was a Turkish slave of whom?",Alptigin,Mas'ud,Ismail,Mahmud,A
795,"In 1966, Mujib-ur-Rehman (leader of the Awami League) made public his controversial ______ point formula.",4,5,6,7,C
796,What was the total area of the former FATA region?,"27,220 km²","40,914 km²","347,190 km²","205,344 km²",A
798,According to which amendment was the suspended Constitution of 1973 restored?,7th Amendment,8th Amendment,9th Amendment,10th Amendment,B
799,The constitution of India was framed by the constituent Assembly under,August offer of 1940,Cripps proposal of 1942,Cabinet Mission Plan of 1946,Shimla Conference of 1945,C
801,From which country Pakistan purchased Gawader?,Kuwait,Iran,Muscat (Oman),None of these,C
802,The largest river of Pakistan is:,Indus,Jhelum,Chenab,None of these,A
804,The Walled City of Lahore was originally surrounded by how many gates?,12,13,14,None of these,B
805,The Muslim League delegation at the Simla Conference included:,Jinnah and Liaquat,Liaquat and Nazimuddin,Jinnah and Nazimuddin,"Jinnah, Liaquat, and Nazimuddin",D
806,Which is the most thinly populated province of Pakistan?,Khyber Pakhtunkhwa,Punjab,Balochistan,Sindh,C
807,Which amendment in the 1973 Constitution redefined the territories comprising Pakistan?,First,Second,Third,Fourth,A
808,With which country did Pakistan sign a nuclear cooperation pact in 1986?,USA,Iran,China,USSR,C
809,Who was the first Governor of Gilgit-Baltistan?,Qamar-uz-Zaman Kaira,Begum Shama Khalid,Wazir Baig,Pir Karam Shah,B
810,The Edhi Foundation has the world's largest:,Volunteer Community,Medical Facility,Food Kitchens,Ambulance Service,D
811,Pakistan won the Hockey World Cup for the third time in:,1978,1982,1994,None of these,B
812,What is Pakistan's biggest export?,Textiles,Handmade Carpets,Leather and leather products,Sports Goods,A
814,How many founding members did the OIC have at the time of its establishment?,20,25,30,35,B
815,"In the early 19th century, the official language of the Punjab government was:",Urdu,Persian,Punjabi,None of these,B
817,Titu Mir struggled for freedom against ____.,Hindu Zamindars,British colonial system.,Both A & B,None of these,C
818,The President is elected by:,National Assembly,Senate,Provincial Assemblies,All of these,D
820,"On which agreement did the Muslim League, Congress, and Sikh leaders fully agree with Lord Mountbatten:",Government of India Act 1935,Indian Independence Act 1947 (based on the 3rd June Plan),Objective agreement of 1948,None of these,B
821,The Montagu-Chelmsford Reforms are also known as _____.,Government of India Act 1935,Government of India Act 1919,Government of India Act 1892,Government of India Act 1909,B
823,Allama Iqbal returned to India in __________.,In 1908,In 1909,In 1911,In 1912,A
824,The Rohilla War of 1774 was fought between Nawab Shuja-ud-Daula of Awadh and whom?,Sikhs,British East India Company,Rohillas of Rohilkhand,Marathas,C
825,Abdur Rahman Chughtai was a prominent name in the field of?,Music,Painting,Science,Media,B
826,Who chaired the committee set up by the All-Parties Conference in 1928 to draft the report known as the Nehru Report?,Mahatma Gandhi,Jawaharlal Nehru,Quaid-i-Azam,Motilal Nehru,D
827,Provincial autonomy was enhanced under the:,12th amendment,13th amendment,18th amendment,14th amendment,C
828,"Out of 565 princely states in India, how many states acceded to Pakistan:",11,13,15,17,B
829,What was the purpose of the 1947 Constituent Assembly?,Judicial,Advisory,Legislative and Constituent,None of these,C
830,Which foreign leader among the following addressed the Parliament of Pakistan for the third time?,Mahathir Mohamad,Tayyip Erdogan,King Salman,Hassan Rouhani,B
831,"Which city of Pakistan is known as the ""Paris of Asia""?",Karachi,Lahore,Islamabad,Faisalabad,B
832,Which party formed the government in Punjab after the 1937 elections?,Muslim League,Indian National Congress,Unionist Party,Akali Dal,C
833,When was PTV2 launched?,in 1992,in 1995,in 1988,in 1990,A
834,Who was the first female Governor of Gilgit-Baltistan?,Begum Shama Khalid,Qamar-uz-Zaman Kaira,Wazir Baig,Pir Karam Shah,A
835,"Who drafted the Constitution of the Muslim League, known as “The Green Book”?",Nawab Waqar-ul-Mulk,Maulana Muhammad Ali Jauhar,Allama Iqbal,Muhammad Ali Jinnah,B
836,Former President Pervez Musharraf resigned in ________.,in August 2007,in September 2007,in September 2008,in August 2008,D
837,When was the Jinnah Barrage constructed?,In 1965,In 1946,In 1971,In 1969,B
839,When did Quaid-e-Azam formally join the All-India Muslim League?,In 1912,In 1913,In 1914,In 1915,B
840,The term of the National Assembly of Pakistan is?,4 years,5 years,6 years,None of these,B
842,The length of the Pakistan and Afghanistan border is ______?,2100 km,2350 km,2611 km,2869 km,C
843,The Objectives Resolution was passed on?,on 12-03-1949,on 07-03-1949,on 05-03-1949,None of these,A
845,Which Chief of Army Staff died in uniform?,General Mohammad Zia-ul-Haq,General Asif Nawaz,Both a and b,None of them,C
846,Who was the first Chief Minister of Bengal Province?,Kh. Nazimuddin,Ghulam Hussain Hidayatullah,Noor al Amin,M.A. Khuro,A
848,How many articles are there in the 1962 Constitution?,230,250,280,565,B
849,When was the first Martial Law imposed in Pakistan?,on 7th October 1958,on 26th March 1969,on 7th July 1977,on 7th October 1957,A
850,The script of the Indus Valley Civilization was _________.,Persian,Pictographic (Undeciphered),Sanskrit,None of these,B
851,Karakoram Highway built with the help of which country:,US,UK,China,Iran,C
852,How many Chiefs of Army Staff (COAS) of Pakistan have been selected from the Baloch Regiment?,Two,Three,Four,None of these,C
853,Jinnah's 14 points were the Muslims' reply to the:,Nehru Report,Simon Commission,Lucknow Pact,Communal Award,A
854,Who wrote the famous book 'Kitab-al-Hind' (also known as Tarikh-al-Hind)?,Ferdowsi,Al-Biruni,Utbi,Baihaqi,B
855,The Gandhi-Irwin Pact was signed in ___________.,In 1930,In 1932,In 1935,In 1931,D
856,____ is the current Federal Minister of Maritime Affairs?,Ali Amin Gandapur,Zartaj Gul,Syed Ali Haider Zaidi,None of these,C
857,"After his resignation, Ayub Khan handed over control of the government to _____________.",Yahya Khan,Azam Khan,Musa Khan,Z.A. Bhutto,A
858,Who was the first Governor of Punjab?,Sardar Abdur Rab Nishtar,Sir Francis Mudie,Ibraim Ismail Chundrigar,Sir Agha Khan,B
859,"Minhaj-us-Siraj, who was patronized by Iltutmish, was the author of which famous book?",Tarikh-i-Mubarak Shah,Taj-ul-Massir,Tabaqat-i-Nasiri,Kashf-ul-Mahjoob,C
860,"Who was the valiant hero of the 1965 Pak-India war, posthumously awarded the Nishan- e-Haider?",Major Raja Aziz Bhatti,Major Tufail Muhammad,Lalik Jan,Mulla Faqir,A
861,The Indian Khilafat Deputation visited England to put their views before Lloyd George in:,1940,1930,1920,None of these,C
862,Jinnah of Pakistan was written by:,Jaswant Singh,Stanley Wolpert,B. R. Nanda,I.H. Qureshi,B
863,The Day of Deliverance was observed by All India Muslim League on:,"on 22nd December, 1939","on 3rd June, 1947","on 23rd March, 1946","on 14th August, 1947",A
864,In December 1906 the session of All India Muslim league held in which city:,Chennai,Dhaka,Lucknow,Bombay,B
865,When was Muhammad Ali Jinnah born?,"December 25, 1876","November 9, 1877","January 8, 1877","February 15, 1869",A
867,Who was the 2nd PM of Pakistan?,Quaid-e-Azam,Khawaja Nazimuddin,Malik Ghulam Muhammad,Iskandar Mirza,B
868,When did nationalization of industries and educational institutions take place in Pakistan?,in 1972,in 1971,in 1975,in 1977,A
870,Allama Iqbal gave his idea of a country for Indian Muslims in December 1930 at:,Allahabad,Lucknow,Abbottabad,Delhi,A
871,Painting reached its highest level of development during the reign of which Mughal emperor?,Akbar,Aurangzeb,Jahangir,Shah Jahan,C
873,The Jinnah Barrage has been built on which river?,Indus,Jhelum,Chenab,None of these,A
874,The Shahi Qila (Lahore Fort) is located in which city?,Lahore,Sukkur,Quetta,Peshawar,A
876,When did Ayub Khan enforce the new constitution in Pakistan?,"On January 9, 1962","On February 6, 1962","On March 13, 1962","On June 8, 1962",D
877,"The book 'Gold and Guns on the Pathan Frontier', published in 1945, was banned in 1947 in NWFP by __________.",Dr. Khan Sahib,Abdul Qayyum Khan,Abdur Rauf Seemab,Khan Abdul Ghaffar Khan,B
878,One of the main objectives of the All-India Muslim League at the time of its creation was:,To be loyal to the British Government,To demand a separate country,To start an armed struggle,To merge with the Congress party,A
879,"Before the partition of India in 1947, how many princely states existed?",480,360,562,670,C
880,When was the Simla Conference concluded without reaching an agreement?,"On June 14, 1945","On July 14, 1945","On August 14, 1945",None of these,B
881,"Dr. Ruth Pfau, also known as the ""Mother Teresa of Pakistan,"" died on _________.","On August 8, 2017","On August 9, 2017","On August 10, 2017","On August 11, 2017",C
882,"According to the International Federation of Journalists, what was Pakistan's rank as a dangerous country for journalists?",4th,5th,6th,None of these,B
883,The first Viceroy of British India was:,Clive,Canning,Hardinge,None of these,B
884,Who is the current Chairman of the Joint Chiefs of Staff Committee (CJCSC) of Pakistan?,General Rashad Mahmood,General Ashfaq Parvez Kayani,General Zubair Hayat,General Nadeem Raza,D
885,"Nawab Vaqar-ul-Mulk resigned as secretary of the ""Aligarh College Trust"" in _______.",In 1910,In 1911,In 1912,In 1913,C
886,Who served as the Prime Minister of Pakistan for the shortest tenure of just 13 days?,I. I. Chundrigar,Feroz Khan Noon,Nurul Amin,Muhammad Ali Bogra,C
887,______ is considered the engineering hub of Pakistan?,Lahore,Gujranwala,Sialkot,None of these,B
889,When did the Khilafat Movement come to an end?,in 1920,in 1922,in 1924,in 1926,C
890,Which of the following is not a social issue in Pakistan?,Illiteracy,Poverty,Constitutional Crisis,None of these,C
892,Which leader translated the Lahore Resolution from English to Urdu?,Maulana Zafar Ali Khan,Sir Abdullah Haroon,Maulana Maududi,Qazi Isa,A
893,Which organization is considered the first political body to represent the Muslims of the subcontinent as a whole?,Anjuman-e-Mussalmanan-e-Hind,Central National Muhammadan Association,Urdu Defence Association,None of these,B
895,Who announced the Communal Award in 1932?,Ramsay MacDonald,Lord Irwin,Lord Curzon,Lord Wavell,A
896,Titu Mir's movement considered one of the Muslim reform movements mainly aimed at eradicating which of the following systems?,Against Hindu landlords and British Indigo planters,Working against Indian national movement,Polygamy,None of these,A
898,In which year did Pakistan become a republic?,1947,1956,1973,1993,B
899,Fatima Jinnah contested the presidential election in:,1960,1962,1965,1966,C
900,The Simon Commission was appointed by the British government in:,in November 1927,in January 1928,in March 1929,in December 1926,A
901,"Nawab Waqar-ul-Mulk became secretary of the Board of Trustees, Aligarh, in the year:",1906,1907,1908,1909,B
902,ISI and FIA are secret agencies of which country?,Pakistan,China,Iran,Afghanistan,A
903,In which year did Muhammad Ghuri first enter India by defeating the rulers of Multan?,In 1173 AD,In 1191 AD,In 1175 AD,In 1186 AD,C
904,When did Quaid e Azam join All India Muslim league:,1911,1912,1913,1914,C
905,What is the length of the M-8 Motorway (Ratodero-Gwadar)?,860 km,885 km,892 km,915 km,C
906,"Among Jinnah's 14 points, which point stated that Sindh should be separated from Bombay?",Point 5,Point 7,Point 9,Point 12,C
907,How many princely states were there in the subcontinent at the time of partition?,562,565,570,584,B
908,How many Muslim seats did the AIML win in Bengal during the 1945-46 elections?,37,104,113,119,C
909,"In 1932, the British Prime Minister announced the Communal Award granting separate electorates to the depressed classes. Name the British Prime Minister.",Harold Macmillan,Winston Churchill,Ramsay Macdonald,Attlee,C
910,Takht-i-Bahi is a famous archaeological site in which province of Pakistan?,Sindh,Khyber Pakhtunkhwa,Punjab,Balochistan,B
911,The Freedom War of 1857 was started from:,Delhi,Agra,Meerut,Madras,C
912,Dr. Iqbal strongly rejected the __________.,Western ideal of nationalism,American presidential system,Parliamentary system,National Socialism,A
914,Who was the first viceroy of India?,Lord Ripon,Lord Canning,Lord Curzon,Lord Mountbatten,B
915,When is PCB (Pakistan Cricket Board) affiliated with the ICC?,"On July 28, 1948","On July 28, 1950","On July 28, 1952","On July 28, 1954",C
917,At which location did Al-Biruni carry out the experiment to find the radius of the earth?,Ghazni,Lahore,Nandana,Khwarazm,C
918,The 'Princess of Hope' rock formation is in ____________.,Lasbela (Balochistan),Swabi (KP),Kasur (Punjab),Jamshoro (Sindh),A
920,The first government of Benazir Bhutto was dismissed in:,in 1989,in 1990,in 1991,in 1992,B
921,"On which date was the ""Zarb-e-Azb"" operation launched?","On June 19, 2018","On June 20, 2015","On June 22, 2012","On June 15, 2014",D
923,The first ambassador of Pakistan to UNO was__________.,Sir Zaffar Ullah Khan,Sardar Abdur Rab Nishtar,Ahmed Shah Patras Bokhari,None of these,C
924,The State Bank of Pakistan was inaugurated by Quaid-e-Azam in:,on 1st March 1948,on 1st May 1948,on 1st July 1948,on 1st August 1948,C
925,The death anniversary of Allama Iqbal is observed on:,on 21 April,on 21 May,on 21 June,on 21 July,A
926,"Pakistan: A Personal History, a famous book, was written by:",Aitzaz Ahsan,Imran Khan,Latif Khosa,None of these,B
927,"When Humayun came to Sindh in 1541-42, it was under the regime of __________.",Mirza Shah Baig Arghun,Mirza Shah Hassan Arghun,Mirza Nadir Shah Arghun,Mirza Nizam Shah Arghun,B
928,When did Gandhi renounce his membership in Congress?,1934,1935,1933,1932,A
929,Which politician served as both Governor-General and Prime Minister of Pakistan?,Khawaja Nazimuddin,Ghulam Muhammad,Iskander Mirza,None,A
930,Where was the All India Muslim League founded in 1906?,Dhaka,Allahabad,Delhi,Lucknow,A
931,The National Dress of Pakistan is__________.,Nicker Shirt,Pent Shirt,Shalwar kameez,Dhoti Kurta,C
933,Amir Khusro was the disciple of:,Hazrat Nizamuddin,Moinuddin Chishti,Ganj Shakar,Hazrat Ali Hijveri,A
934,When were the 2018 elections held in Pakistan?,on 11-Jul-18,on 25-Jul-18,on 25-Jun-18,None of these,B
936,Which country released 572 Prisoners of Pakistan in Ramzan 2019?,UAE,Saudi Arabia,Kuwait,None of these,A
937,The famous place Shakarparian is located in ___________.,Multan,Sindh,Lahore,Islamabad,D
939,"In the presidential election of 1965, Ayub Khan got which election symbol?",Shaheen,Lalten,Rose,Jasmine,C
940,Between which two cities did the first Indian train run?,Calcutta to Agra,Bombay to Thane,Delhi to Lahore,Bombay to Ahmedabad,B
942,"Akbar's empire covered the whole of India, including ________, except the Southern Peninsula and Assam.",Kabul,Kashmir,Kandhar,All of these,D
943,Loyal Muhammadans of India was written by:,Maulana Muhammad Ali Jauhar,Sir Syed Ahmed Khan,Syed Ameer Ali,Allama Iqbal,B
944,Who was the first woman Major General in the Pakistan Army?,Dr. Shahida Jamil,Dr. Shahida Malik,Dr. Nigar Johar,Begum Ra'ana Liaquat Ali Khan,B
945,"In which year was the ""Aligarh Trusteeship Bill"" passed?",In 1886,In 1887,In 1888,In 1889,D
946,"The Indus Waters Treaty, a water-distribution treaty between India and Pakistan, was brokered by the:",IMF,UNO,World Bank,ADB,C
947,Who was the spearhead of the 1857 War of Independence?,Bahadur Shah Zafar,Mangal Pandey,Lord Canning,Mirza Ghalib,B
948,Muhammad Khan Junejo's Government was dismissed in:,1977,1985,1988,None of these,C
949,What is the new name of Kashmir Highway?,Ladakh Highway,Srinagar Highway,Poonch Highway,None of these,B
950,The foundation stone of the Quaid's Mausoleum was laid by __________.,Iskander Mirza,Yahya Khan,President Ayub Khan,Liaquat Ali Khan,C
951,Which of the following Governor-Generals of Pakistan died in exile?,Ghulam Muhammad,Iskander Mirza,Khawaja Nazimuddin,Muhammad Ali Bogra,B
952,"Which country uses the China-based BeiDou system for urban planning, surveying, mapping, disaster relief, and traffic monitoring?",Uruguay,Italy,Brazil,Pakistan,D
953,Who was the British delegate in the United Nations when the Kashmir issue was first discussed in the UN?,Samuel Beckett,Ralph Bunche,Philip Noel-Baker,None of these,C
954,The 2008 elections were boycotted by ________.,MQM,PTI,PML-N,Both b and c,B
955,"Mohenjo-daro is a 4,500-year-old city of the ____________.",Taxila Civilization,Indus Valley Civilization,Both of them,None of them,B
956,Where is the tomb of Nur Jahan located?,Agra,Sirhind,Delhi,"Shahdara, Lahore",D
958,The Muslim Ruler of Manavadar acceded to __________.,Pakistan,India,Nepal,Bangladesh,A
959,Pakistan named _______ in commemoration of the nuclear test of 28 May 1998.,Youm Shukar,Youm Nijat,Youm Takbeer,None of these,C
961,Current literacy rate in Pakistan is estimated?,55 percent,60 percent,65 percent,None of these,C
962,"After Sir Agha Khan, the next President of All India Muslim League was __________.",Viqar-ul-Mulk,Maulana Zafar Ali Khan,Raja Sahib of Mahmudabad,Mian Muhammad Shafi,C
964,Over ______ million people exercised their right to vote in the 2013 general elections.,45.2,46.2,47.2,48.2,B
965,Qutb-ud-Din Aibak was succeeded on the Delhi throne by _________.,Aram Shah,Iltutmish,Razia Sultana,None of these,A
967,In which month did Lord Mountbatten arrive in India as the last Viceroy?,February,March,April,May,B
968,"In the context of Pakistan's political and judicial history, what does PCO stand for?",Pakistan's Courts Ordinance,Provisional Constitutional Order,Pakistan Constitutional Ordinance,Provisional Court Organization,B
969,The last ruling family of the Delhi Sultanate was:,Tughlaq,Mamluk,Khilji,None of these,D
970,Pakistan is located in which continent?,Europe,Asia,Africa,None of these,B
971,Sassi Punnu is a known legend of:,Punjabi,Sindhi,Pashto,Balochi,B
972,"Pakistan, being an Alma Ata signatory in 1978, launched the National Program for Family Planning and Primary Health in:",1994,1968,1973,1985,A
973,Which Pakistani scientist recently designed the world's first Eco-friendly aircraft engine?,Zahaib Bandhawa,Sara Qureshi,Zara Bilal,Sonia Memon,B
974,When was the Punjab Food Authority established:,2010,2011,2012,2013,B
975,Nusrat Fateh Ali Khan died in:,1997,1998,1996,1994,A
976,"According to the Cabinet Mission plan, Punjab and Sindh were included in which group?",Group A,Group B,Group C,Group D,B
977,"The three-century-old heritage site, Khudabad Mosque, is present in which district of Sindh?",Dadu,Karachi,Khairpur,Umarkot,A
978,What was the real name of Shah Wali Ullah?,Qutubddin Ahmed Faruqi,Qutubddin Ahmed Siddiqui,Qutubddin Ahmed,None of these,A
979,"At present, Pakistan has vast natural resources and as many as ____________ mineral items.",34,46,52,64,C
980,What type of government was principally envisioned by the Objectives Resolution in 1949?,Democratic,Presidential,Bilateralism,None of these,A
981,When was Urdu Declared National language of Pakistan?,in April 1954,in May 1958,in July 1955,in March 1960,A
982,The Millat and the Menace of Indianism' was written by _____________.,Muhammad Ali Jauhar,Chaudhry Rahmat Ali,Shaukat Ali,None of these,B
983,Which country has announced to give Rs. 2.3 billion to Pakistan for weather radar system installation in Multan?,China,Japan,Korea,France,B
984,Who was the first Governor of the State Bank of Pakistan?,Qasim Parekh,V.A. Jafri,Abdul Qadir,Zahid Hussain,D
985,Pakistan Steel Mills was established on:,1971,1972,1973,1974,C
986,The Water Apportionment Accord was concluded by the then Prime Minister Mian Nawaz Sharif in which year:,1991,1993,1997,1999,A
987,When was the Unionist Party founded in Punjab?,1923,1924,1934,1937,A
988,Maktoobat-e-Imam Rabbani is one of the writings of ________.,Shah Waliullah,Sir Syed Ahmed Khan,Allama Iqbal,Mujaddid Alf Sani,D
989,The Lucknow Pact granted the right of separate electorates to the:,Hindus,Christians,Sikhs,Muslims,D
990,Under which chapter of the Elections Act 2017 are political parties mentioned?,Chapter 1,Chapter 11,Chapter 9,None of these,B
992,How many Muslim seats were secured by the All India Muslim League in the 1945-46 Election of Provincial assemblies?,380,425 (or 428),450,492,B
993,For how many years did the Slave Dynasty rule the Delhi Sultanate?,82,84,86,None of these,B
995,When did the first battle of Tarain take place?,In 1191 AD,In 1195 AD,In 1196 AD,In 1197 AD,A
996,"Before becoming Prime Minister, Muhammad Ali Bogra was the Ambassador of Pakistan to the ________.",UK,USA,France,Germany,B
998,Which movement in East Pakistan supported India in the 1971 war?,Bangla Movement,Bengali Language Movement,The Mukti Bahini,Azadi Movement,C
999,When was the Liaquat-Nehru Pact between India and Pakistan signed?,1950,1955,1958,1964,A
1001,"Which ""dream city"" was founded by Emperor Akbar?",Fatehpur Sikri,Agra,Sikandra,Amritsar,A
1002,Shaikh Ahmad Sarhindi (Mujaddid Alf Sani) died on __________.,In 1620,In 1621,In 1622,In 1624,D
1003,Sir Sikandar Hayat Khan was the leader of the:,Muslim League,Unionist Party,Congress Party,Khaksar Tehrik,B
1004,What is the full form of NADRA?,National Digital and Registration Authority,National Database and Registration Authority,National Dues and Regulation Authority,None of the above,B
1005,Which of the following countries has not been recognized by Pakistan?,Georgia,Kiribati,Armenia,Albania,C
1006,"Sheikh Mujib was arrested multiple times, notably in connection with the Agartala Conspiracy Case during the Ayub Khan era and later by Yahya Khan’s regime before the 1971 war.",Ayub Khan,Sikandar Mirza,Yahya Khan,Both A and C,D
1007,What was the purpose of the East India Company in the Subcontinent?,To increase their influence,Rule India,Trade,None of these,C
1008,The State Bank of Pakistan was inaugurated by Quaid-e-Azam on:,on 1st July 1948,on 1st August 1948,on 1st September 1948,on 14th August 1947,A
1009,How much area was irrigated by the system that included 23 perennial and 8 non- perennial canals at the time of partition?,25 million acres,23 million acres,21 million acres,18 million acres,B
1010,The length of the common border of Pakistan and Afghanistan is ________.,"2,252 km","2,282 km","2,350 km","2,430 km",D
1011,The Nehru Report was published by Motilal Nehru in:,in 1927,in 1928,in 1929,in 1930,B
1012,"King George V, at his coronation durbar in Delhi on December 12, 1911, announced _________.",Transfer of the seat of the Government of India from Calcutta to Delhi,Separate electorates for Muslims,The annulment of the separate electorates,The Partition of Bengal,A
1013,The Tashkent Declaration between Pakistan and India was signed on _________.,"On January 1, 1966","On January 10, 1966","On January 20, 1966","On February 1, 1966",B
1014,Malik Ghulam Muhammad abolished the assembly of:,Khawaja Nazim-ud-Din,Abdul Rab Nishter,I.I. Chundrigar,Muhammad Ali Bogra,D
1015,Who was the first President of the Constituent Assembly of Pakistan?,Liaquat Ali Khan,Molvi Tamizuddin Din,Quaid-e-Azam,Ghazanfar Ali Khan,C
1017,Who was the first Viceroy of India?,Lord Canning,Lord Ripon,Lord Curzon,Lord Hastings,A
1018,Arya Samaj was a Hindu extremist movement that was established in:,1874,1875,1877,1878,B
1020,The Faraizi Tehreek started from which city?,Punjab,Bengal,Sindh,NWFP,B
1021,Dadabhai Naoroji worked for India in:,India,England,Spain,Both A and B,D
1023,____________ the Lingua Franca of Pakistan?,Punjabi,Sindhi,Urdu,Pashto,C
1024,The area of lowest rainfall in Pakistan is ________.,Nushki,Quetta,Thar,Nok Kundi,D
1026,"According to recent (2024-25) estimates, the infant mortality rate per thousand births in Pakistan is ________.",34 infants,53 infants,80 infants,110 infants,B
1027,A bicameral system of legislature was introduced in Pakistan under the Constitution:,Act of 1935,1956,1962,1973,D
1028,Mast Tawakali' was a prominent poet of the ____________.,Balochi language,Sindhi language,Pashto language,Brahui language,A
1029,The First Mysore War was fought between:,The English and Tipu Sultan,The English and Haider Ali,The Portuguese and The Mughals,The Mughals and The Suris,B
1030,The defeat of Nawab Siraj-ud-Daula in the Battle of Plassey is attributed to the betrayal of which commander?,Lord Clive,Mir Jaffar,Mir Qasim,Shah Alam II,B
1031,When was Quetta destroyed by an earthquake in 1935?,on 31-May,on 28-May,on 17-May,on 1-May,A
1032,How many major wars have India & Pakistan fought over Kashmir?,Two,Three,Four,Five,B
1033,"According to Allama Iqbal, in which form of government are heads counted rather than weighed?",Oligarchy,Democracy,Polity,None of these,B
1034,Hujjatullah-ul-Baligha' was written by:,Shah Waliullah,Syed Ahmed Barelvi,Sir Syed Ahmed Khan,None of these,A
1035,Which city of Pakistan is called the Gateway of Pakistan?,Karachi,Lahore,Quetta,Islamabad,A
1036,The Khilafat movement was started by:,Muhammad Ali Jinnah,Muhammad Ali Jauhar,Dr. Zakir Hussain,Fakhrudin Ali Ahmad,B
1037,When was the Lahore Declaration between the Prime Ministers of Pakistan and India signed?,1999,1997,1996,1995,A
1038,Which dispute resolved between Pakistan and China in 1963:,Boundary issue,Water issue,War issue,None of these,A
1039,Which person wrote the official biography of Quaid-e-Azam?,Stanley Wolpert,Hector Bolitho,Sharif Mujahid,None of these,B
1040,Which pass connects Pakistan with Afghanistan?,Khunjerab Pass,The Khyber Pass,Tochi Pass,Gomal Pass,B
1041,The French East India Company was established in India in:,in 1602,in 1664,in 1688,in 1742,B
1042,For how many years did the British directly rule India (from 1858 to 1947)?,100,90,85,None of these,B
1043,The Punjab Tianjin University of Technical Education is in __________.,Rawalpindi,Faisalabad,Lahore,Multan,C
1045,On which date is Pakistan Navy Day observed?,on 8th September,on 7th September,on 6th September,on 10th September,A
1046,Which city is known as the 'Paris of Sindh'?,Shikarpur,Dadu,Ghotki,Tharparkar,A
1048,What is the other name for the Lahore Resolution of 1940?,Pakistan Resolution,Muslim League Resolution,Indo-Pak Resolution,None of these,A
1049,What is the total length of the Khyber Pass?,53 km,55 km,58 km,59 km,A
1051,Who was the first Minister for Religious Affairs (est. 1973)?,Sardar Abdur Rab Nishtar,Maulana Kausar Niazi,Maulana Kausar Niazi,Raja Ghazanfar Ali Khan,B
1052,What is the minimum age of a senator under the 1973 Constitution?,25 years,30 years,35 years,40 years,B
1054,"The Geneva Pact was signed on April 14, 1988, between Pakistan and ___________.",India,Bangladesh,Afghanistan,China,C
1055,Who was the longest-serving Chief Justice of Pakistan?,Iftikhar Muhammad Chaudhry,Muhammad Shahabuddin,Mian Abdur Rashid,Mohammad Haleem,D
1056,The Simla Deputation was led by:,Nawab Salimullah Khan,Sir Agha Khan,Lord Minto,Nawab Mohsin-ul-Mulak,B
1058,In which century did the famous Chinese pilgrim Faxian (Fa-Hien) visit India?,in 4th Century AD,in 5th Century AD,in 6th Century AD,in 7th Century AD,B
1059,Who translated the Pakistan resolution into Urdu?,Maulana Zafar Ali Khan,Allama Iqbal,Hafeez Jalandhari,Deputy Nazir Ahmad,A
1061,Campbellpur is the old name of __________.,Khanewal,Attock,Abbottabad,Sargodha,B
1062,____ necropolis in Pakistan inscribed as a UNESCO World Heritage.,Miani Sahib,Makli,Mewa Shah,None of these,B
1064,Nai Gaj Dam is being constructed in which province of Pakistan:,Punjab,Sindh,Balochistan,KPK,B
1065,The leaders of the Muslim League delegation in the first Round Table Conference included:,Allama Iqbal and Liaquat Ali Khan,Quaid-e-Azam and Sir Muhammad Shafi,Sir Agha Khan and Maulana Shaukat Ali,Nawab Salimullah and Maulana Muhammad Ali Jauhar,B
1067,"The book ""Modern Muslim India and the Birth of Pakistan"" was written by:",S.M. Ikram,Abul Kalam Azad,Ayesha Jalal,None of these,A
1068,What was the Muslim response to the Shuddhi and Sangathan movements called?,Tabligh and Tanzim,Khilafat,Moplah,Salt Satyagraha,A
1069,"The ""Spirit of Islam"" book was written by:",Allama Iqbal,Quaid-e-Azam,Syed Ameer Ali,Shah Wali Ullah,C
1070,Abu-al-Fath Daud was the Ismaili ruler of __________.,Lahore,Multan,Sindh,Depalpur,B
1071,Dr. Abdus Salam was awarded the Nobel Prize in which year:,1980,1976,1979,1989,C
1072,"The Famous Book ""The Daughter of the East"" is written by:",Benazir Bhutto,Ayesha Jalal,G Alana,K.K. Aziz,A
1073,Who was the second President of the Indian National Congress?,Womesh Chunder Bonnerjee,Dadabhai Naoroji,Badruddin Tyabji,None of these,B
1074,Who was the first female Governor of Gilgit-Baltistan?,Qamar-uz-Zaman Kaira,Begum Shama Khalid,Wazir Baig,Pir Karam Shah,B
1075,What is the main issue between Pakistan and India?,Law and order issue,Water issue,Ladakh issue,None of these,D
1077,Comrade was published on 13th July:,1911,1912,1913,None of above,A
1078,"Geographically, Pakistan is situated in __________.",Central Asia,South Asia,North Asia,East Asia,B
1080,In which city is the Pakistan Naval War College located?,Karachi,Lahore,Multan,Rawalpindi,B
1081,"The ""All-India Muslim League"" observed the ‘Day of Deliverance’ after the resignation of the All-India Congress ministers. On what date was it observed?","On October 22, 1938","On December 22, 1938","On October 22, 1939","On December 22, 1939",D
1083,Tarbela Dam is on which river?,Indus,Ravi,Chenab,Jhelum,A
1084,"Who was the 10th and last Guru of the Sikhs, responsible for founding the Khalsa in 1699?",Guru Ram Das,Guru Arjun,Guru Nanak,Guru Gobind Singh,D
1086,When was the first Indian train run?,1853,1854,1857,1861,A
1087,The range of the Hatf-III missile is ________.,400 km,290 km,600 km,750 km,B
1088,"In British India, Queen Victoria was proclaimed Empress of India in:",1870,1877,1911,1912,B
1089,In which year did Sir Syed receive the title of Knighthood?,In 1885,In 1886,In 1887,In 1888,D
1090,The Rabi season starts in October-December and ends in _______.,From April to May,From May to June,From June to July,None of these,A
1091,The most popular spot on Do Darya is __________.,Al Sajjad,Charcoal,Kababjees,Kolachi,D
1092,Azad Pattan Project will be constructed on which river?,Indus,Jhelum,Chenab,None of these,B
1093,Nawabshah District in the province of Sindh was renamed in September 2008 as _____ District.,Shaheed Zulfiqar Ali Bhutto,Abdul Qadeer Khan,Altaf Hussain,Shaheed Benazirabad,D
1094,Kashmir Solidarity Day is celebrated on which date?,on February 5,on March 23,on August 14,on October 27,A
1095,Kashf-al-Mahjoob was written by:,Rumi,Hazrat Ali Hajveri,Data Ganj Bakhsh,Baba Farid,B
1096,Which of the following is not a potential flashpoint between the US and China?,Taiwan,Senkaku Islands,Hawaii,North Korea,C
1097,Which country has the largest irrigation system in the world?,India,Egypt,Bangladesh,Pakistan,D
1099,NEPRA was created when the Parliament of Pakistan passed the NEPRA Act in ______.,In 1995,In 1997,In 1999,In 2000,B
1100,Satpara Lake is situated in _______.,Baltistan,Gilgit,Kaghan,Bolan Valley,A
1102,What percentage of the total polled votes in East Pakistan was secured by the Awami League in the 1970 elections?,70 percent,75 percent,80 percent,82 percent,B
1103,Operation Searchlight was started by the Pakistan Army in __________.,East Pakistan,Sri Lanka,India,Kashmir,A
1104,Why did Gandhi observe a fast unto death ('Marn Vrat') in 1932?,"To protest against the Communal Award and separate electorates for ""depressed classes""",To pressurize the English government for independence,To stop Hindu-Muslim riots,To protest the arrest of Congress leaders,
1105,When did Quaid-e-Azam join All India Muslim league?,1911,1912,1913,1914,C
1106,Hiran Minar was built by:,Akbar,Humayun,Jahangir,Babar,C
1107,When did Pakistan leave CENTO?,in January 1979,in March 1979,in May 1979,in June 1979,B
1108,Which controversial book by Sir William Muir disturbed Sir Syed Ahmad?,Life of Buddha,Life of Mahomet,Spirit of Islam,History of Saracens,B
1109,Futuhat-i-Firoz Shahi is a book written by:,Ghiyasuddin Tughlaq,Muhammad bin Tughlaq,Firoz Shah Tughlaq,Ibn Battuta,C
1111,"The War of Independence in 1857, started from Meerut, is known as:",Mutiny,Rebellion,Revolt,None,A
1112,The largest sector of Pakistan's economy is the _________ sector.,Industry,Services,Agriculture,Banking,B
1114,In which year was Kashmir sold to Gulab Singh?,in 1845,in 1846,in 1848,in 1849,B
1115,When was the Kashmir issue taken to the United Nations by India?,"on August 15, 1947","on January 1, 1948","on January 26, 1949",None of these,B
1117,Which is considered one of the oldest languages in Pakistan?,Sindhi,Punjabi,Pashto,Brahui,A
1118,Patients died after a protest by a group of lawyers against doctors in 2019 at:,"Punjab Institute of Cardiology, Lahore","Jinnah Hospital, Lahore","PKLI, Lahore",None of these,A
1120,Hinglaj Mata Temple is situated in which province of Pakistan?,Punjab,Balochistan,Sindh,None of these,B
1121,Sir Syed Ahmad Khan received his early education primarily from his _________.,Father,Maternal grandfather,Mother,Maternal grandmother,B
1122,Imran Khan won the World Cup in:,1995,1993,1994,1992,D
1123,Who launched the Home Rule League from Madras in 1917?,Annie Besant,Sarojini Naidu,Maulana Muhammad Ali Johar,Quaid-i-Azam,A
1124,Where did Zulfikar Ali Bhutto study law?,Cambridge University,University of Oxford (Christ Church),"Lincoln's Inn, London",Harvard Law School,B
1125,Land holdings in Pakistan are characterized by ________.,Huge farms,Very big farms,Large farms,None of these,D
1126,Who was the Muslim leader of the first Round Table Conference?,Allama Iqbal,Quaid-e-Azam,Sir Agha Khan,None of these,C
1127,Who became the principal of MAO College after Henry Siddons?,John Borthwick Gilchrist,Syed Amir Ali,Theodore Beck,Maulana Maududi,C
1128,_________ was written by Chaudhry Rehmat Ali.,The Time Has Come,Wake Up Call,Mutiny,Now or Never,D
1130,In which field did Dr. Abdus Salam win the Nobel Prize?,Chemistry,Biology,Computer,Physics,D
1131,Baloch Culture Day is celebrated by the Balochi people annually on ______?,on 1st March,on 2nd March,on 3rd March,None of these,B
1133,Faiz Ahmad Faiz was buried in:,Karachi,Lahore,Hyderabad,None of these,B
1134,Who is the father of Allama Iqbal?,Poonja,Muhammad Ali,Sheikh Noor Muhammad,Javed Iqbal,C
1136,Who founded the school of Dars-e-Nizamia in Indo-Pak:,Mullah Nizam-ud-Din,Shaikh Sirhindi,Fareed-ud-din Atar,None of these,A
1137,Under whose Viceroyalty was the Vernacular Press Act passed in 1878?,Lord Lytton,Lord Lawrence,Lord Dalhousie,Lord Canning,A
1139,The official language of Jammu and Kashmir is what?,Kashmiri,Urdu,Urdu and Hindi,None of these,B
1140,The proposed Kalabagh Dam will produce how much electricity?,3000 MW,3600 MW,4000 MW,None of these,B
1141,The Governor of former NWFP at the time of the independence of Pakistan in 1947 was:,Sir Olaf Caroe,Sir George Cunningham,Henry Grady,Rob Lockhart,B
1142,When was PPPP established?,1962,1965,1967,1970,C
1143,Kitab-ul-Hind was written by:,Ibn Battuta,Al-Razi,Al-Biruni,Al-Khwarizmi,C
1144,The Gandhara Civilization belonged primarily to which religion?,Buddhism,Hinduism,Christianity,None of these,A
1145,"At the time of the 1965 War, the Commander-in-Chief of the Pakistan Army was _______.",General Muhammad Musa Khan,General Muhammad Ayub Khan,General Muhammad Zia-ul-Haq,None of them,A
1146,The Baktar-Shikan missile system is ________.,Air-to-surface,Anti-aircraft,Anti-tank guided,Air-to-air,C
1147,Who was the opponent of Alexander the Great in the Battle of Hydaspes?,Chandragupta,Ashoka,Raja Dahir,King Porus,D
1148,Who founded the Indian National Congress in 1885?,Lord Dufferin,A.O. Hume,Dadabhai Naoroji,W.C. Banerjee,B
1149,Name the first president of the Balochistan Muslim Student Federation.,Fayyaz Khan,Ahmad Fazal Ghazi,Zafar Ullah,Ijaz Hassan,B
1150,What is the length of the Bolan Pass?,89 km,90 km,95 km,None of these,A
1152,The Government of India Act 1858 was passed on:,"on August 2, 1858","on September 2, 1858","on October 2, 1858","on November 2, 1858",A
1153,"The deposits of copper, gold and silver have been discovered at:",Aghdar,Dadkhak,Dakhni,Saindak,D
1154,"Badshahi Mosque is in Lahore, built by ______ in 1673.",Jahangir,Akbar,Shah Jahan,Aurangzeb,D
1155,"In the 1937 provincial elections, how many total provincial seats did the Congress win?",489,711,104,1585,B
1156,Who was the Secretary of State for India who announced the Cabinet Mission in 1946?,Stafford Cripps,A.V. Alexander,Lord Pethick-Lawrence,Clement Attlee,C
1158,What is the total length of the Line of Control (LOC) in Kashmir?,520 km,680 km,740 km,850 km,C
1159,Who was the Prime Minister of Pakistan for the shortest period of 13 days?,I. I. Chundrigar,Nurul Amin,M. Feroz Khan Noon,M. Ali Bogra,B
1161,When was Darul Uloom Deoband established?,1862,1864,1866,1867,C
1162,"If the PM of Pakistan wants a bill to be passed, it is necessary to get the bill approved from the ________.",National Assembly of Pakistan,Senate of Pakistan,President of Pakistan,All of the above,D
1164,"In Punjab, Radcliffe gave an unjust award, including the following tehsils in the Indian side:","Sheikhupura, Kasur","Gurdaspur, Pathankot","Ferozepur, Hoshiarpur","Shakargarh, Pakpattan",B
1165,"The Lodhi Dynasty, also known as the Afghan Dynasty, was founded by whom?",Sikandar Lodhi,Ibrahim Lodhi,Bahlol Lodhi,Daulat Khan Lodhi,C
1167,"Changa Manga, a man-made forest, is in which province of Pakistan?",KPK,Punjab,Sindh,Balochistan,B
1168,Who won the Third Battle of Panipat in 1761?,Shuja,Hemu,Salman,Ahmed Shah Abdali,D
1169,Sultan of Sindh is the title of ___________.,Muhammad Bin Qasim,Mian Ghulam Shah Kalhoro,Jam Unar Bin Babinah,Shah Abdul Latif Bhittai,C
1170,The first Cabinet of Pakistan consisted of ______ members.,5,7,9,11,B
1171,The ancient port city of Bhambore is located in the __________ district.,Thatta,Larkana,Sukkur,Sahiwal,A
1172,The Ghaznavid dynasty completely came to an end when Muhammad Ghuri annexed Lahore in which year?,In 1179 AD,In 1191 AD,In 1206 AD,In 1186 AD,D
1173,What is the height of the Takht-e-Sulaiman peak?,"3,200 m","3,500 m","3,487 m","3,310 m",C
1174,Pakistan lost to India in the final of the 2016 Asian Men's Hockey Champions Trophy. Where was the final match played?,"Kuala Lumpur, Malaysia","Ipoh, Malaysia","Kuantan, Malaysia","Johor, Malaysia",C
1175,"The Moplah uprising/revolt in 1921 against the British colonial power in India, was:",For getting release of their detained companions,To protest against the Rowlatt Act,To lend support to the Khilafat Movement,On account of a fishing dispute in Malabar,C
1176,When Zia ul Haq became President:,1977,1978,1980,1988,B
1177,"When was ""Salvation Day"" observed?","On December 21, 1939","On December 23, 1939","On December 20, 1939","On December 22, 1939",D
1178,Pakistan made sugar from sugar and _____.,Carrot,Beet,Banana,Mango,B
1179,Which city served as the interim capital of Pakistan from 1959 to 1968?,Rawalpindi,Multan,Peshawar,Lahore,A
1180,Kallar Kahar Lake is in ________.,Peshawar,Muzaffarabad,Gilgit-Baltistan,Chakwal,D
1181,Which of the following leaders helped Quaid-e-Azam in the preparation of his Fourteen Points in 1929?,Maulana Shaukat Ali,Liaquat Ali Khan,Maulana Hasrat Mohani,Maulana Muhammad Ali Jauhar,D
1182,"Dr. Ruth Pfau, the ""Mother Teresa"" of Pakistan, campaigned against which disease?",Cholera,Leprosy,Tuberculosis,Diarrhea,B
1183,Pakistan became a member of the Southeast Asia Treaty Organization (SEATO) in which year?,in 1953,in 1954,in 1955,in 1958,B
1184,What was the important element in the strength of the revolt of 1857?,Leadership of Nana Sahib,Leadership of the Rani of Jhansi,Support of Bahadur Shah,Hindu-Muslim unity,D
1185,First Pakistani film released on 2nd Sep 1947?,Shahida,Teri Yaad,Pheray,Zeher-e-Ishq,B
1186,When did an avalanche hit a Pakistan Army base in which 140 soldiers and civilian contractors were martyred?,on 6th April 2012,on 7th April 2012,on 8th April 2012,None of these,B
1187,How many Round Table Conferences were attended by Jinnah?,1,2,3,None,B
1188,The first indigenous Constitution was given to Pakistan by ____________.,Muhammad Ali Jinnah,Liaquat Ali Khan,Zulfiqar Ali Bhutto,Chaudhry Muhammad Ali,D
1189,The Awami League contested against the Muslim League in:,1951,1954,1953,None of the above,B
1190,Name the first governor of Khyber Pakhtunkhwa from August 1947 to April 1948.,Sir Francis Moody,Sir L. Perry-Keene,Sir Frank Messervy,Sir George Cunningham,D
1192,"During the anti-government movement of 1977, who was the president of PNA (Pakistan National Alliance)?",Maulana Mufti Mehmud,Nawabzada Nasarullah Khan,Air Marshal (Retd) Asghar Khan,Khan Abdul Wali Khan,C
1193,General Pervez Musharraf introduced the District System in the year:,1999,2000,2001,2004,C
1195,For how many days must the National Assembly of Pakistan meet in a year?,100 days,130 days,150 days,200 days,B
1196,"The resolution of non-cooperation with the British Government was passed in the meeting of the ""All-India National Congress"" in 1920, which was held at _________.",Madras,Bombay,Nagpur,Calcutta,D
1198,Muhammad Tughluq shifted his capital from Delhi to ___________.,Lahore,Calcutta,Bombay,Daulatabad,D
1199,The Pakistan ideology is based on which theory?,Two Nation Theory,One Nation Theory,Three Nation Theory,None of these,A
1201,Makran acceded to Pakistan in:,on 28th August 1948,on 17th March 1948,on 14th June 1948,None of these,B
1202,Which province of Pakistan has cultural roots in line with the Indus Valley Civilization?,Punjab,Sindh,KPK,Balochistan,B
1203,The real name of Nawab Mohsin ul Mulk was:,Syed Mehdi Ali,Nawab Khizar Hayat,Muhammad Eahi,Nawab Mushtaq Hussain,A
1204,The Pakistan Maritime Museum is located in which city?,Karachi,Lahore,Islamabad,Gwadar,A
1205,Article 25 of the 1973 Constitution of Pakistan deals with:,Rule of Law,Equality of citizens,Equal protection of law,All of these,D
1206,Who was the first governor of Balochistan?,Lt. Gen. Riaz Hussain,Nawab Akbar Bugti,Mir Ghaus Bakhsh Bizenjo,Sardar Ataullah Mengal,A
1208,The Battle of Khanwa was fought in 1527 between Babur and which other ruler?,Ibrahim Lodhi,Rana Sanga,Daulat Khan Lodhi,Mahmud Lodhi,B
1209,"The famous book ""The Daughter of the East"" is written by:",Benazir Bhutto,K.K. Aziz,Herndon,Ayesha Jalal,A
1211,Chowk Yadgar in Peshawar commemorates the heroes of the _________.,Kashmir War,1965 Indo-Pakistani War,1971 War,None of them,B
1212,What were the national languages declared in the 1956 Constitution?,Urdu,Bengali,Both a & b,None of these,C
1214,Where is the headquarter of PTCL?,Karachi,Lahore,Islamabad,Rawalpindi,C
1215,What is the old name of Gujranwala?,Shal Kot,Khan Garh,Gujjar Kot,Khanpur Sansi,D
1217,When was the first regular session of the Muslim League held?,in November 1907,in September 1907,in December 1907,in August 1907,C
1218,Viceroy of India from 1943 to 1947:,Lord Mountbatten,Lord Wavell,Lord Minto,Lord Chelmsford,B
1219,"The Muslim League, Congress, and the Sikhs mutually agreed to which agreement with Lord Mountbatten?",Govt. of India Act 1935,Indian Independence Act 1947,Govt. of India Act 1919,Simla Agreement,B
1220,Derawar Fort is located in the district:,Jhelum,Bahawalpur,Muzaffarabad,Chakwal,B
1221,The Council of Common Interests (CCI) resolves the disputes of ___________.,Provinces,Federation,Power sharing between the Federation and provinces,All,C
1222,Which act gave representation to Indians for the first time in the legislation?,The Indian Councils Act of 1892,The Government of India Act 1909 (Morley-Minto Reforms),The Government of India Act 1919,The Government of India Act 1935,D
1223,Rachna Doab is located between two rivers which are:,Indus & Chenab,Jhelum & Chenab,Ravi & Chenab,Sutlej & Ravi,C
1224,Who established the Federal Security Force?,Ayub Khan,Yahya Khan,Nawaz Sharif,Z.A. Bhutto,D
1225,Pakistan’s capital was shifted from Karachi to Islamabad on:,on 1 August 1960,on 1 July 1961,on 1 August 1961,on 1 July 1960,A
1227,"In ____________ A.D, Subuktigin, a Turkish slave, became the master of Ghazni.",in 965,in 873,in 977,in 882,C
1228,Who is the only Indian leader awarded the highest civilian award of Pakistan?,Jawaharlal Nehru,Moraji Desai,Indira Gandhi,Lal Bahadur Shastri,B
1230,Article _____ of the 1973 Constitution provides that the President is the Head of State.,Article 47,Article 370,Article 41,None of these,C
1231,The convergence point of five rivers in Punjab is _________.,"Sukkur, Sindh","Panjnad, Muzaffargarh","Kalabagh, Mianwali",None of these,B
1233,China lies to the ________ of Pakistan.,East,West,North,South,C
1234,Ayub Khan promulgated the 1962 Constitution on _________.,"On June 1, 1962","On June 2, 1962","On June 3, 1962","On June 8, 1962",D
1236,Who was appointed as the joint secretary of the Board of Trustees of Aligarh College?,Syed Mahmud,Abid Muhammad,Iqbal Muhammad,Noor Muhammad,A
1237,"Who drafted the ""Wardha Scheme"" under the guidance of Gandhi:",Abul Kalam Azad,Dr Zakir Hussain,Lal Bahadur,None of these,B
1238,How many nuclear power plants are under construction in Pakistan?,3,4,2,None of these,D
1239,Which one of the following politicians has served as the Deputy Prime Minister of Pakistan?,Zulfiqar Ali Bhutto,Zafarullah Khan Jamali,Nur-ul-Amin Khan,Chaudhri Pervez Elahi,D
1240,The Muslim League was founded at Decca on:,on 1 October 1906,on 15 August 1905,on 30 December 1906,on 25 December 1907,C
1241,The Indus Waters Treaty between India and Pakistan was brokered by:,SEATO,World Bank,United Nations,None of these,B
1242,Lord Mountbatten retired as:,Army Officer,Navy Officer,Air Force Officer,None of the above,B
1243,"What advice was given by the Quaid-e-Azam to solve the dispute of Kashmir, which was rejected by India?",Fair elections,A fair and impartial plebiscite under the UNO,Intervention of the Security Council,None of these,B
1244,The official language of AJ&K is __________.,Urdu,Kashmiri,Punjabi,None of them,A
1245,Jansher Khan won the Junior Squash Championship in:,1986,1984,1981,None of these,A
1246,The Objective Resolution was presented in the Constituent Assembly by ____?,Khawaja Nazimuddin,Liaquat Ali Khan,Ghulam Muhammad,A. K. Fazlul Huq,B
1247,The Nehru Report was published in:,1927,1928,1929,None of these,B
1248,High Courts hear appeals arising out of judgments and orders made by _____________.,District Judges on the civil side,Sessions Judges on the criminal side,Both of them,None of them,C
1249,Who was the first President of the Indian National Congress?,Womesh Chunder Bonnerjee,Dadabhai Naoroji,George Yule,Badruddin Tyabji,A
1250,The main purpose of the China Pakistan Economic Corridor (CPEC) is:,Development of infrastructure,Regional connectivity for trade,Roads and Railways,All of these,D
1251,Sultan Mahmud's last and seventeenth expedition was undertaken against whom?,The Rajputs,The Gakhars,The Jats,The Marathas,C
1252,The title 'Ulugh Khan' was held by which powerful sultan?,Ghiyasuddin Balban,Alauddin Khalji,Jalaluddin Khalji,Iltutmish,A
1253,"Who was the Minister for Internal Affairs, Information & Education in the first cabinet?",Malik Ghulam Muhammad,I.I. Chundrigar,Fazal ur Rehman,Ch. Khaliquzaman,C
1254,"In Kashmir, when was the ceasefire between Pakistan and India, monitored by the UN, signed?","On July 27, 1948","On July 27, 1949","On July 27, 1950",None of these,B
1255,The famous fruit of Larkana is the ________.,Banana,Orange,Apple,Guava,D
1256,"Shakarparian, a hill and local park, is in __________.",Lahore,Islamabad,Peshawar,Abbottabad,B
1257,"Which Pakistani Poet Got ""Lenin Prize""?",Habib Jalib,Faiz Ahmad Faiz,Ahmad Faraz,None of these,B
1258,Which is the highest peak of the Himalayan range in Pakistan?,Nanga Parbat,K2,Tirich Mir,Sakaser,A
1259,In which year were the Delhi Proposals presented by Quaid-e-Azam?,In 1927,In 1928,In 1929,None of these,A
1260,Who appointed an eight-member National Security Council to work as the 'supreme governing body' after his military coup?,Field Marshal Ayub Khan,General Pervez Musharraf,General Zia-ul-Haq,President Zulfiqar Ali Bhutto,B
1261,The land lying between the River Indus and River Jhelum is called the ________.,Bari Doab,Chaj Doab,Rachna Doab,Sindh Sagar Doab,D
1262,"When did the Government of India Act, 1935 come into force?",13150,13606,12844,13850,B
1263,The Wavell Plan was first presented at the Shimla Conference in:,1943,1944,1945,1946,C
1264,The London branch of the Muslim League was started by:,Sir Agha Khan,Muhammad Ali Jinnah,Syed Amir Ali,Maulana Muhammad Ali Jauhar,C
1265,Where was Sir Syed Ahmed Khan born on 17 October 1817?,Lucknow,Bijnor,Delhi,Rampur,C
1267,The first Urdu-language newspaper in the Indian subcontinent was ____________.,Jam-e-Jahan Numa',Nawa-i-Waqt',Imroz',Indian Gazette',A
1268,Who was the author of “Emergence of Pakistan”?,I.H Qureshi,Waheed-ud-Zaman,Ch. Muhammad Ali,None of these,C
1270,The concept of acting in aid of civil power by the Armed Forces has been laid down in the Constitution of Pakistan 1973 vide:,Article 245,Article 270,Article 243,Article 200,A
1271,Who was appointed by Quaid-e-Azam as the first ambassador of Pakistan to Iran?,Abdur Rab Nishtar,Qazi Muhammad Isa,Agha Shahi,Raja Ghazanfar Ali,D
1273,Pakistan’s ambassador to USA,A.H. Isphahani,Liaquat Ali Khan,Muhammad Zafarullah Khan,Ghulam Muhammad,A
1274,Benazir Bhutto was the __________ female Prime Minister of Pakistan.,First,Fourth,Third,Second,A
1276,The Tashkent Declaration between Pakistan and India was signed on:,on 10 January 1966,on 10 January 1965,on 10 January 1964,on 10 January 1963,A
1277,The Toot oil and natural gas field is located in _________.,Punjab,Sindh,Khyber Pakhtunkhwa,Balochistan,A
1278,"The constitution of the All-India Muslim League, known as the 'Green Book', was written by __________.",Mohsin-ul-Mulk,Maulana Muhammad Ali Jauhar,Nawab Salimullah of Dacca,None of these,B
1279,"Before Mountbatten, who was the viceroy?",Lord Linlithgow,Lord Wavell,Lord Irwin,Lord Reading,B
1280,Who was the first President of the AIML?,Nawab Salimullah Khan,Sir Agha Khan,Muhammad Amir Ahmed Khan,Hassan Bilgrami,B
1281,Plan of division (partition) of Indo-Pak was announced on:,on 13 May 1947,"on June 3, 1947",on 24 June 1947,on 5 August 1947,B
1282,"Chaudhri Rehmat Ali first used the word ""Pakistan"" in his pamphlet ""Now or Never"" in:",1933,1935,1937,1938,A
1283,The 18th amendment was passed in the reign of which government?,PPP,PMLN,PTI,None of these,A
1284,Which port was called 'Babul Makkah' (Gate of Makkah) during the Mughal period?,Surat,Calicut,Cambay,Broach,A
1286,Renowned Urdu writer Mushtaq Ahmad Yusufi by profession was:,Civil servant,Newscaster,Banker,Publisher,C
1287,Faiz Ahmad Faiz got the Lenin Award in:,1952,1962,1972,None of these,B
1289,Which of the following Mughal rulers banned music in his regime?,Akbar,Jahangir,Shah Jahan,Aurangzeb,D
1290,Ayub Khan was a member of the 'Ministry of Talents' in 1954. Who was the Prime Minister at that time?,Muhammad Ali Bogra,Ch. Muhammad Ali,Iskandar Mirza,Firoz Khan Noon,A
1292,How many years did Jahangir Khan remain unbeaten?,3 years,7 years,8 years,5 years,D
1293,"According to the Second Draft Constitution (Bogra Formula), the Head of State was to be elected for _________ years.",4 years,5 years,6 years,7 years,B
1295,Pakistan Television started in the regime of ________.,Zulfiqar Ali Bhutto,Yahya Khan,Zia-ul-Haq,Ayub Khan,D
1296,Who is the founder of Pakistan?,Allama Iqbal,Iskander Mirza,Rahmat Ali,Quaid-e-Azam,D
1297,"According to the Mountbatten Plan, when was power to be transferred?","Midnight of August 14 and 15, 1947",17366,17386,17047,A
1298,Who was the first Chief of Army of Pakistan?,Zia-ul-Haq,Ayub Khan,General Sir Frank Messervy,Musharraf,C
1299,Who was the Chief Minister of Sindh from August 1947 to April 1948?,Nisar Khuhro,Ayub Khuhro,Rahim Talpur,Noor Muhammad Talpur,B
1300,Which is the national bird of Pakistan?,Parrot,Pigeon,Markhor,Chukar,D
1301,Who was the last prime minister of United Punjab?,Sir Evan Jenkins,Khizer Tiwana,Sikandar Hayat,None of these,B
1302,In which year was Allama Iqbal’s tomb built?,in 1947,in 1950,in 1951,in 1952,C
1303,'Din-e-Ilahi was abolished by which Mughal king?,Akbar,Shah Jahan,Jehangir,Aurangzeb,D
1304,Where was the first Agriculture University established in Pakistan?,Peshawar,Lahore,Faisalabad,Quetta,C
1305,PRODA (Public and Representative Offices Disqualification Act) was passed in:,1949,1950,1951,1952,A
1306,Which Chief Justice of Pakistan died in office nine days after taking the oath?,Iftikhar Muhammad Chaudhry,Sir Abdul Rashid,Muhammad Shahabuddin,Mohammad Haleem,C
1307,"Who headed the committee that drafted the AIML constitution known as the ""Green Book""?",Nawab Salimullah Khan,Maulana Muhammad Ali Johar,Sir Agha Khan,Quaid-i-Azam,B
1308,The Mughal era period is:,1526-1757,1526-1857,1526-1861,None of these,B
1309,The British Government announced the annulment of the partition of Bengal after ____ years:,5,6,9,11,B
1310,The 'Sangathan' Movement was started by __________.,Dr. Hedgewar,Dr. Moonje,Swami Shraddhanand,None,B
1311,"Islamia College, Peshawar was founded in:",1947,1916,1913,None of these,C
1312,The first female Governor of Pakistan was:,Shaista Suhrawardy Ikramullah,Begum Ra'ana Liaquat Ali Khan,Begum Shams-un-Nihar,None of the above,B
1314,"In his journal 'Tehzeeb-ul-Akhlaq', Sir Syed focused on the social and religious reform of the ________.",Muslims,Hindus,Sikhs,British,A
1315,The Khaksar Movement was founded in 1931 by:,Maulana Hasrat Mohani,Allama Inayatullah Mashriqi,Maulana Mahmood-ul-Hasan,Maulana Muhammad Ali Jauhar,B
1317,Shah Abdul Latif Bhittai is the famous Sindhi Poet of __________.,In the 16th century,In the 17th century,In the 18th century,In the 19th century,C
1318,Who has the power to grant pardons or commute sentences passed by any court or tribunal in Pakistan?,The Prime Minister,The President,The Chief Justice of Pakistan,The Chief of Armed Forces,B
1320,Mia Sahib Dino Farooqui was the renowned Sindhi poet of __________.,Ghazal,Bait,Geet,Kaafi,D
1321,When was the Liaquat-Nehru Pact between India and Pakistan signed?,in April 1950,in May 1949,in March 1951,in June 1948,A
1323,Who was an early political mentor to Quaid-e-Azam?,Mahatma Gandhi,Gopal Krishna Gokhale,Sir Syed Ahmed Khan,Lord Minto,B
1324,Quaid-i-Azam Muhammad Ali Jinnah left Congress in:,1919,1913,1920,1921,C
1326,"The Legal Framework Order (LFO) was issued by Yahya Khan, and after postponement, the first general elections were finally held on:","on October 5, 1970","on November 20, 1970","on December 7, 1970","on January 12, 1971",C
1327,What is the power capacity of Diamer Bhasha Dam?,1000 MW,3500 MW,4000 MW,4500 MW,D
1328,Who was the British Prime Minister at the time of Pakistan's independence?,Winston Churchill,Clement Attlee,Ramsay MacDonald,Lord Linlithgow,B
1329,Which country won the first Hockey World Cup?,Pakistan,India,Spain,England,A
1330,The Fourth Anglo-Mysore War was fought between Tipu Sultan and the British under Lord Wellesley ________.,during 1798–99,during 1698–99,during 1898–99,during 1998–99,A
1331,When did Mirza Ghalib die?,"February 15, 1869","March 10, 1870","November 9, 1877","December 25, 1876",A
1332,"In 1946, how many Muslim League Members were included in the Interim Government?",3,5,7,9,B
1333,Who administered the oath to Quaid-e-Azam Muhammad Ali Jinnah as the first Governor-General of Pakistan?,Mian Abdur Rashid,Liaquat Ali Khan,Muhammad Munir,Muhammad Shahabuddin,A
1334,The first general elections in Pakistan were held on __________.,"On March 12, 1970","On June 1, 1970","On Dec 7, 1970","On Aug 12, 1970",C
1335,The Kartarpur Corridor opening was on which birth anniversary of Guru Nanak?,500th,520th,530th,550th,D
1336,Who is called the 'father of modern Sindhi prose'?,Shams-ul-Ulema Mirza Qaleech Beg,Dr. Nabi Bakhsh Baloch,Dr. Ghulam Ali Allana,None of these,A
1337,What kind of system of Government was introduced in the 1973 constitution?,Presidential,Parliamentary,Monarchy,One-party state,B
1338,When Pakistan won the World Hockey Cup for the 4th time ?,In 1998,In 1990,In 1994,In 2002,C
1339,What is the primary purpose of Hizbul Mujahideen?,Establishing an independent Kashmir,Integrating Jammu and Kashmir with Pakistan,Promoting religious harmony in South Asia,Strengthening India-Pakistan relations,B
1340,"The Indian Muslim League opposed the Simon Commission. However, a section of the Muslim League supported cooperation with the Simon Commission. Who was the leader of this dissident section of the Muslim League?",Mian Muhammad Shafi,Mian Ijaz Shafi,Mian Muhammad Ahmad Ali,Mian Barkat,A
1341,The majority of the existing structure of the Great Wall of China was constructed during the:,5th – 6th CE,14th – 17th CE,9th – 12th CE,11th – 15th CE,B
1342,When was HBFC set up in Pakistan?,in November 1954,in November 1952,in November 1957,in November 1950,B
1343,Quaid-e-Azam Muhammad Ali Jinnah fixed his salary as Governor-General of Pakistan at _________.,One rupee,Three rupees,Four rupees,None of these,A
1344,The princely state of Junagadh was a small maritime state with an area of approximately __________.,"8,643 km²","4,500 km²","9,000 km²","10,000 km²",A
1345,The first Urdu newspaper (Daily) published after the creation of Pakistan was:,Piyam,Imroze,Mashriq,Jang,B
1346,The First Round Table Conference was held in:,1930,1929,1932,None of these,A
1347,Which of the following mountain peaks is famously called the 'Killer Mountain'?,Nanga Parbat,Godwin Austen (K2),Broad Peak,Rakaposhi,A
1348,The Nehru Report was published in:,in 1927,in 1928,in 1929,in 1930,B
1349,Which is the longest river in Balochistan Province?,Bolan,Hingol,Dasht,Rukshan,B
1351,Which city of Pakistan is known as the 'Paris of Asia'?,Lahore,Karachi,Islamabad,Faisalabad,B
1352,Pakistan is a bridge state between___________.,South Asia and Southeast Asia,South Asia and Southwest Asia,South Asia and Central Asia,South Asia and North Asia,C
1354,Pakistan’s standard time was suggested by ________.,Liaquat Ali,Maulana Mazhar-ud-din,Chaudhary Rehmat Ali,Professor Muhammad Anwar,D
1355,The first chapter of the 1973 Constitution is:,Principles of Policy,Special provisions,Fundamental Rights,None of these,C
1356,First Census in Pakistan was held in:,1948,1947,1950,1951,D
1358,Kunar River is also called ______ River in Pakistan?,Kamar,Swat,Chitral,None of these,C
1359,Hazara community is residing in which country:,Iran,Afghanistan,Pakistan,All of these,D
1361,Zakir Hussain was the _______ President of India.,Second,Third,Fourth,Fifth,B
1362,Abdul Qadeer Khan Nuclear Research laboratories were set up in Kahuta in:,1975,1976,1977,1978,B
1364,Who was the first Muslim Commander-in-Chief of the Pakistan Army?,General Frank Messervy,General Douglas Gracey,Field Marshal Ayub Khan,General Tikka Khan,C
1365,The most populous city of Pakistan is:,Lahore,Karachi,Quetta,None of these,B
1367,The 'Seven Queens of Sindh' are mentioned in the poetry of __________.,Mashriq Ki Betiyan,Shah Jo Risalo,Sindh Ja Surma',Pirs of Sindh',B
1368,Which was the largest princely state at the time of Pakistan's independence?,Punjab,Sindh,Jammu and Kashmir,Bengal,C
1369,Baloch Culture Day is celebrated annually on ________.,on March 1,on March 2,on March 3,on March 4,C
1370,The people of the Indus Valley Civilization knew the use of ______________.,"Gold, Silver, Copper, Bronze but not Iron","Silver, Iron, Gold but not Bronze","Silver, Lead, Iron but not Gold","Gold, Tin, Bronze but not Copper",A
1371,Quaid-e-Azam Solar Park is located near the city of:,Multan,Bahawalpur,Lahore,Rawalpindi,B
1372,The City of Hot Weather is known as __________.,Thar,Larkana,Jacobabad,Dadu,C
1373,Which Mughal Emperor was the first to accept a British pension?,Alamgir-II,Shah Alam-II,Akbar-II,None of these,B
1374,Train to Pakistan is a famous novel by:,Khushwant Singh,Hassan Askari,Sheikh Rasheed,None of these,A
1375,The purpose of Mirani Dam is primarily for:,Irrigation purposes,Electricity purposes,Industry purposes,Domestic purposes,A
1377,Mohmand Dam is proposed to be constructed on ________ River.,Indus River,Ravi River,Swat River,None,C
1378,"According to Sir Syed Ahmad Khan, whose supervision was most formative in the development of his character?","His father, Mir Muttaqi","His mother, Aziz-un-Nisa","His grandfather, Syed Hadi",None of them,B
1380,Who wrote the 'Humayun-Nama'?,Shahabuddin,Gulbadan Begum,Humayun,Qudrat Ullah Shahab,B
1381,The Brahmo Samaj was founded by __________.,Mahatma Gandhi,Raja Ram Mohan Roy,Sardar Patel,None of these,B
1383,Maulvi Tamizuddin Khan challenged the dissolution of the Constituent Assembly in which court?,Sindh Chief Court,Dhaka High Court,Punjab High Court,Peshawar High Court,A
1384,"“Myth of Independence"" was written by:",Ayub Khan,Zulfikar Ali Bhutto,Altaf Gauhar,G.W. Choudhury,B
1386,Allama Iqbal attended how many Round Table Conferences?,One,Two,Three,None of these,B
1387,"According to radiocarbon dating, the Harappan civilization is how old?",3000 B.C. to 1300 B.C.,2000 B.C. to 1000 B.C.,1500 B.C. to 1000 B.C.,2500 B.C. to 1500 B.C.,A
1389,Who was the governor of Banaras during the Urdu-Hindi Controversy?,Lord Willingdon,Lord Linlithgow,Shakespeare,Lord Mountbatten,C
1390,Ceasefire Line of Kashmir was drawn in the year:,1948,1949,1950,None of these,B
1391,"The area of Islamabad, before its declaration as the capital of Pakistan, was known by the name of ______.",Suri Nagar,Raj Shahi,Gandhara,None of these,B
1392,In which year did the Supreme Court of Pakistan impose a ban on the Basant festival?,In 2004,In 2005,In 2007,In 2009,B
1393,What is the maximum height of the Kirthar Range?,"2,150 m","2,500 m","2,375 m","2,275 m",A
1394,Who occupied the throne of Delhi for about two years immediately after the death of the last Tughluq Sultan?,Khizr Khan,Daulat Khan Lodhi,Bahlol Lodhi,Alauddin Alam Shah,B
1395,The Treaty of Srirangapatna was signed between Tipu Sultan and ________.,Robert Clive,Lord Cornwallis,Warren Hastings,None of these,B
1396,Who was the first Muslim musician in the subcontinent?,Ameer Khusro,Wali Dakni,Quli Qutb Shah,None of these,A
1397,Shah Wali Ullah persuaded Ahmad Shah Abdali to fight against:,Marathas,Sikhs,British,None of these,A
1398,"The book ""Secular and Nationalist Jinnah"" was written by:",Kamran Javed,Iqbal Qureshi,Ajeet Jawed,None of these,C
1399,Who was the first student of Darul Uloom and what title did he receive?,Sir Syed Ahmad Khan,"Maulana Mahmood-ul-Hasan, Sheikh-ul-Hind",Maulana Azad,Maulana Maududi,B
1400,Who is regarded as the father of local self-government in India?,Lord Dalhousie,Lord Wellesley,Lord Bentinck,Lord Ripon,D
1402,"""Takht Bhai"", an ancient place, is situated in?",Charsadda,Malakand,Mardan,Peshawar,C
1403,Which Pakistani former cricket player is popularly known as the Asian Bradman?,Zaheer Abbas,Javed Miandad,Hanif Muhammad,Majid Khan,A
1404,The first capital of the Soomra Dynasty was __________.,Mehrabpur,Mansura,Mirpur Khas,Thatta,B
1405,Which is generally considered the coldest place in Pakistan?,Ayubia,Malam Jabba,Skardu,Nathia Gali,C
1406,How much of Pakistan's area is covered by plains and deserts?,73 percent,58 percent,42 percent,26 percent,C
1408,Shafqat Amanat Ali belongs to which of the following musical families?,Patiala family,Senia family,Qawwal family,Talwandi family,A
1409,Who managed State and Frontier region affairs in the first cabinet?,Liaquat Ali Khan,Sardar Abdur Rab Nishtar,Quaid-e-Azam,Zafarullah Khan,C
1411,What was the main feature of the Lucknow Pact?,Congress agreed to the partition of India,The Muslim League gave up the demand for separate electorates,Congress accepted the separate electorate system,A joint demand for complete independence was made,C
1412,How many wars fought between Pakistan and India:,2,3,4,5,C
1414,Article 6 of the Constitution deals with:,Impeachment of President,Fundamental Rights,High Treason,Education / Health,C
1415,"According to past estimates, approximately how many people in the potential labor force were unemployed?",3.4 million,2.82 million,2.76 million,2.65 million,A
1417,The tomb of Khwaja Farid is in:,Kot Mitthan,Pak Patan,Multan,Jhang,A
1418,Who presented the Pakistan Resolution?,Maulana Muhammad Ali Johar,Allama Iqbal,Liaquat Ali Khan,A.K. Fazlul Haq,D
1419,The Afghan government appointed ___________ to facilitate the 'muhajirin' during the Hijrat Movement of 1920.,Dr. Abdul Ghani,Kamal Khan,Abdul Majeed,None,A
1420,Which crop is mostly cultivated on the soils of the Indus Delta?,Sugarcane,Rice,Maize,Beans,B
1421,Who was the founder of the Lodhi dynasty of India (1451-1526)?,Ibrahim Lodhi,Bahlul Lodhi,Sikandar Lodhi,None of these,B
1422,Which infamous law was passed by Lord Dalhousie?,"Indian Slavery Act, 1843","Hindu Widows' Remarriage Act, 1856","Caste Disabilities Removal Act, 1850",Doctrine of Lapse,D
1423,"Setting a new precedent, Pakistan, for the first time in its 70-year history, appointed a female diplomat named ________.",Razia Sultan,Mahira Razzaq,Sherry Rehman,Fozia Fayyaz Ahmed,D
1424,Which of the following countries got observer status in SAARC?,Russia and USA,Japan and China,UK and France,Turkey and Iran,B
1425,"The 'Swadeshi Movement', started on August 7, 1905, was primarily directed against the __________.",Muslims,British Rule,Both of these,None of these,B
1426,Under the Indus Water Treaty of 1960 Pakistan has the right to use exclusively the water of:,"Ravi, Sutleg and Chenab","Sutleg, Chenab and Jhelum","Chenab, Jhelum and Indus",None of these,C
1427,"Until now, how much of the water-logged and saline land in Pakistan has been reclaimed?",12 million acres,18 million acres,16 million acres,14 million acres,B
1428,The boundary line between Azad Kashmir and Indian-administered Kashmir is called the __________.,Line of Control,Durand Line,Oder–Neisse line,The Radcliffe Line,A
1429,When was the 18th Amendment Bill passed by the National Assembly of Pakistan?,"On Feb 2, 2010","On March 8, 2010","On April 8, 2010","On May 12, 2010",C
1430,What official name was given to Pakistan in the 1956 Constitution?,United States of Pakistan,Republic of Pakistan,Islamic Pakistan,Islamic Republic of Pakistan,B
1431,The Muslims of the Subcontinent launched the Khilafat Movement in the year _______.,In 1917,In 1918,In 1919,None of these,C
1433,Who was the Chief Minister of Balochistan with the shortest time in office in one go?,Sardar Attaullah Mengal,Aslam Raisani,Abdul Quddus Bizenjo,Zulfiqar Magsi,D
1434,The Pakistan Forest Institute is located in __________.,Karachi,Rawalpindi,Lahore,Peshawar,D
1436,The Objective Resolution was passed by the Constituent Assembly in:,on 7-Mar-49,on 12-Mar-49,on 23-Mar-49,None of these,B
1437,When were the first telegraph lines laid out in India?,1853,1854,1857,1861,A
1439,Nimogram is an archaeological site located in:,Sindh,KPK,Punjab,Balochistan,B
1440,Noori Jam Tamachi is a famous Sindhi folk tale. Noori’s grave is in the middle of _________ Lake.,Haleji,Manchar,Keenjhar,Hadero,C
1442,The Khudai Khidmatgar Movement was started by:,Abdul Ghani Khan,Solar Aslam Khan,Abdul Ghaffar Khan,Inayatullah Mashriqi,C
1443,Which innovative battle technique did Babur famously use in the First Battle of Panipat?,Tulughma,Scorched earth,Guerrilla warfare,Phalanx,A
1444,"Name the code name for the US Seals operation in Abbottabad, in which Osama bin Laden was killed:",Geronimo,Lionheart,Enduring Freedom,Neptune Spear,D
1445,"According to the Constitution of 1956, there shall be a ______ legislature in the country.",Bicameral,Unicameral,Tricameral,None of these,B
1446,The 'Tiger of Mysore' was the title of __________.,Titu Mir,Nadir Shah,Tipu Sultan,None of these,C
1447,The Pakistan initiatives for mothers and newborn (PAIMAN) was designed to work for:,Against child labor,Protection of women,Women rights,Maternal and newborn health issues,D
1448,The capital of Khyber Pakhtunkhwa is ________.,Peshawar,Abbottabad,D.I. Khan,None of them,A
1449,Pakistan Council of Scientific & Industrial Research (PCSIR) was established in__________.,In 1957,In 1961,In 1953,In 1963,C
1450,Pakistan defeated ______ in the 1971 Hockey World Cup.,Spain,Germany,England,India,A
1451,When was the third Martial Law imposed in Pakistan?,on 7th July 1977,on 6th September 1977,on 26th March 1969,on 7th October 1958,A
1452,"The Posts & Telegraphs Department, the precursor to PTCL, was founded in ________.",In 1947,In 1949,In 1951,In 1953,A
1453,Raja Dahir belonged to which dynasty?,Rai Dynasty,Pala Dynasty,Gupta Dynasty,Chach Dynasty,D
1454,The Tashkent Agreement was signed in ______ 1966.,January,February,March,April,A
1455,"First Pakistani documentary film, shown in Karachi cinemas on 30-08-1947, depicted",Independence Day,"Events from 2nd to 15th August, 1947",Quaid’s visit,Muslim League working,B
1456,Jahangir Khan was associated with which game?,Cricket,Squash,Hockey,Badminton,B
1458,"The 'Ibadat Khana', where Akbar held religious discussions, is a famous structure in __________.",Fatehpur Sikri,The Red Fort of Delhi,The Agra Fort,Sikandra,A
1459,Who initiated the Orangi Pilot Project?,Ali Hameed Khan,Waseem Abidi,Akhtar Hameed Khan,None of these,C
1461,Friday declared as half working day on,on 15th Aug 1947,on 20th Aug 1947,on 22nd Aug 1947,on 25th Aug 1947,C
1462,The first president to visit Pakistan was from:,Saudi Arabia,Indonesia,Turkey,Afghanistan,B
1464,Gilgit-Baltistan borders __________ to its northeast.,The Wakhan Corridor of Afghanistan,Indian-administered Jammu and Kashmir,Khyber Pakhtunkhwa,China's Xinjiang Uygur Autonomous Region,D
1465,The flag of Pakistan was designed by:,Abdur Rahman Chughtai,Ameer-ud-din Khidwai,Hafeez Jalandhari,Sadequain,B
1467,The first National Identity Card was issued to:,Quaid-e-Azam,Liaquat Ali Khan,Zulfikar Ali Bhutto,A common citizen,C
1468,The date of death of Quaid-e-Azam Muhammad Ali Jinnah is ___________.,"On September 11, 1948","On October 11, 1948","On November 11, 1948","On December 11, 1948",A
1469,"The highest-ever temperature recorded in Pakistan on May 28, 2017, was in which city?",Jacobabad,Larkana,Multan,Turbat,D
1470,Where is the Cunningham Clocktower situated?,Kohistan,Peshawar,Hangu,Mansehra,B
1471,The Siachen conflict was started between India and Pakistan in:,1985,1984,1986,1987,B
1472,Who presided over the Allahabad Session of the Muslim League in 1930?,Muhammad Ali Jinnah,Allama Iqbal,Sir Agha Khan,Maulana Muhammad Ali Jauhar,B
1473,In ____ the 8th Constitutional Amendment was adopted by the Parliament.,in Nov-85,in Dec-85,in Nov-84,in Sep-84,A
1474,The bestselling English newspaper in Pakistan is generally considered to be:,The News,Dawn,Tribune,Business Recorder,B
1475,"The ""Day of Deliverance"" was celebrated against Congress's brutality on ________.","On September 22, 1939","On October 22, 1939","On November 22, 1939","On December 22, 1939",D
1476,Which of the following was the representative organization of students in the Tehrik-e- Pakistan?,Muslim Students Unity,All-India Muslim Students Federation,Muslim Students Council,Muslim Youth Organization,B
1477,MQM boycotted the general elections and officially changed the name “Muhajir” to “Muttahida” in:,1993,1997,2002,None of these,B
1478,"Who among the following accepted Akbar's ""Din-e-Ilahi""?",Todar Mal,Man Singh,Birbal,None of these,C
1479,"According to Montagu-Chelmsford Reforms 1919, law and order were:",Transferred subjects,Reserved subjects,Concurrent subjects,None of above,B
1480,"Dr. Ruth Pfau, a German doctor renowned in Pakistan for treating leprosy and TB, died on:",on 10 August 2017,on 10 August 2016,on 10 August 2018,on 10 August 2015,B
1481,In which year did Pakistan become a ‘Republic’?,1942,1962,1956,1973,C
1482,How many seats did PTI win in the 2021 Senate election?,17,18,19,None of these,B
1483,"The Pakistan People's Party was launched on November 30, 1967, in __________.",Lahore,Karachi,Hyderabad,Rawalpindi,A
1484,FATA was merged in 2018 into which province?,Punjab,Sindh,KPK,Balochistan,C
1486,The Simla Conference was held on:,on 14th June 1945,on 24th June 1945,on 4th July 1945,on 14th July 1945,B
1487,The State Bank was inaugurated by Quaid-e-Azam on:,on 1st of January 1947,on 1st of June 1947,on 1st of July 1948,None of the above,C
1489,Hazrat Baba Farid Ganj Shakar died in:,1274,1280,1266,1290,C
1490,When did Cabinet Mission arrive?,In 1944,In 1945,In 1946,None of these,C
1492,What should be the minimum age of the president according to the 1973 Constitution?,25 years,35 years,45 years,55 years,C
1493,The Idea of Pakistan was first conceived by:,Allama Iqbal,Muhammad Ali Jinnah,Liaquat Ali,Agha Khan,A
1495,"Under the 2nd phase of Land Reforms, the maximum allowable holding was fixed at ________ irrigated acres.",100,150,130,180,A
1496,"From where was the Urdu weekly newspaper ""Al-Hilal"" issued by Maulana Abul Kalam Azad?",Delhi,Calcutta,Lucknow,Karachi,B
1498,In which Act was the system of separate electorates for Muslims introduced?,Act of 1909,Regulating Act,Act of 1935,Act of 1861,A
1499,Which university did Benazir Bhutto attend?,Oxford University,Karachi University,Cambridge University,Tehran University,A
1500,Under whose leadership as Prime Minister was the Constitution of 1956 passed?,Liaquat Ali Khan,Chaudhry Muhammad Ali,Iskander Mirza,None of these,B
1501,Who was the Prime Minister of Pakistan at the time of the nuclear bomb tests?,Benazir Bhutto,Nawaz Sharif,Pervez Musharraf,Zulfikar Ali Bhutto,B
1502,A major nationwide anti-militancy military operation launched in 2017 in Pakistan was titled:,Zarb-e-Momin,Zarb-e-Islam,Zarb-e-Azb,Radd-ul-Fasad,D
1503,Who is known as “The Father of the Nation”?,Allama Iqbal,Sir Agha Khan,Quaid-e-Azam,Salimullah Khan,C
1504,The highest civil award is the __________.,Nishan-e-Imtiaz,Nishan-e-Sadarat,Nishan-e-Hyder,Nishan-e-Pakistan,D
1505,Bicameralism in Pakistan was first introduced in the Constitution of:,1956,1962,Legal Framework Order 1970,1973,D
1506,The Lieutenant-Governor of the North-Western Provinces (NWFP) in 1895-1896 was:,Libert,Montgomery,Anthony Patrick,Lord Ripon,C
1508,Who delivered the Allahabad Address?,Allama Iqbal,Quaid-e-Azam,Liaquat Ali Khan,None of these,A
1509,Tehzeeb-ul-Ikhlaq' is a journal written by:,Sir Syed Ahmad Khan,Shah Wali Ullah,Abul Kalam Azad,None of these,A
1511,Who was the ruler of the ancient kingdom located between the Jhelum and Chenab rivers?,King Porus,Darius III,Darius II,Alexander the Great,A
1512,Sui Northern Gas Pipelines Limited (SNGPL) serves more than _________ consumers in North-Central Pakistan.,6.5 million,10 million,15 million,20 million,A
1514,Bolan Pass is located in the range of?,Salt Range,Kirthar Range,Karakoram Range,None of these,D
1515,The Utility Stores Corporation of Pakistan was created by:,Ayub Khan,Zulfikar Ali Bhutto,Zia-ul-Haq,Nawaz Sharif,B
1517,When was the referendum in NWFP held to choose joining Pakistan or India?,in June 1947,in September 1947,in July 1947,in August 1947,C
1518,According to which article of the 1973 Constitution is the Federal Government composed of the Prime Minister and his cabinet?,Article 90,Article 85,Article 80,Article 75,A
1520,The common value among the people of Pakistan is _________.,Dress,Language,Habits,Islam,D
1521,Captain Muhammad Sarwar was martyred in the war of ________.,In 1948,In 1971,In 1965,None of them,A
1522,The First Constituent Assembly was formed on:,on 10-Jul-47,on 20-Jul-47,on 10-Aug-47,None of these,C
1523,Pakistan officially joined the United Nations (UN) on ___________.,"On October 30, 1947","On September 30, 1947","On August 30, 1947","On March 30, 1948",B
1524,Who founded Anjuman-i-Himayat-i-Islam in 1884?,Qazi Hameed-ud-Din,Hassan Ali Affandi,Sir Syed Ahmad Khan,A.O. Hume,A
1525,First major terrorist attack in Pakistan happened in which year?,1971,1989,2002,2009,B
1526,Pakistan Steel Mills established in the reign of:,Zulfiqar Ali Bhutto,Zia Ul Haq,Ghulam Ishaq Khan,None of these,A
1527,"When did India, citing the military situation in Jammu and Kashmir, appeal to the UNO?","On January 1, 1948","On January 2, 1948","On January 3, 1948","On January 4, 1948",A
1528,When Haji Shariat Ullah left Fridpur for Makkah?,In 1801,In 1802,In 1799,In 1800,C
1530,A strip of land which connects Pakistan with Tajikistan is:,Hindenburg Line,Wakhan,38th parallel,None of these,B
1531,"After the death of Zia ul Haq on 17th August 1988, who was made the President of Pakistan:",Muhammad Khan Junejo,Ghulam Ishaq Khan,Farooq Khan Leghari,None of these,B
1533,Quaid-e-Azam resigned from Congress in which year?,1925,1922,1920,1918,C
1534,The Agra Fort was primarily constructed by:,Akbar,Shah Jahan,Babur,None of these,A
1536,Which of the following women participated in all three Round Table Conferences?,Begum Jahanara Shahnawaz,Begum Salma Tasadduq Hussain,Begum Shaista Ikramullah,Begum Qazi Isa,A
1537,Which river is called the Nile of Pakistan?,Chenab,Jhelum,Indus,Sutlej,C
1539,"The Sayyid Dynasty, also known as the Sadat Dynasty, was founded by whom?",Alauddin Alam Shah,Daulat Khan Lodhi,Mubarak Shah,Khizr Khan,D
1540,"At the time of creation, how many radio stations were there in Pakistan?",5 Radio Stations,2 Radio Stations,1 Radio Station,3 Radio Stations,D
1541,"The Slave dynasty, founded by Qutbuddin Aibak, is also known by what other name?",Ghurid dynasty,Mamluk dynasty,Khilji dynasty,Yamini dynasty,B
1542,When was the first general election held in Pakistan?,1954,1962,1968,1970,D
1543,Baluchistan became a province on:,on 1st July 1971,on 1st July 1970,on 1st July 1955,on 1st July 1969,B
1544,"The first US ambassador to Pakistan, Paul H. Alling, was appointed on:",on 10 August 1947,on 15 August 1947,on 20 September 1947,on 17 September 1947,C
1545,"According to 2021 estimates, the death rate per thousand people in Pakistan is approximately _________.",6 persons,7.2 persons,13 persons,14 persons,B
1546,"The Asiatic Society, to enhance oriental research, was formed in 1784 by _______ and its headquarters was in _______?",William James _______ Mumbai,William Jones _______ Kolkata,Wellesley _______ Delhi,Warren Hastings _______ Bengal,B
1547,"Who invited Ahmad Shah Abdali, the King of Afghanistan, to crush the rising power of the Marathas?",Shah Alam II,Mir Qasim,Shah Waliullah,Nawab Shuja-ud-Daula,C
1548,The War of Independence of India started in:,1847,1853,1858,1857,D
1549,The Dyarchy system was first introduced in the subcontinent by:,British Government,Indian National Congress,Pakistan Government,None of these,A
1550,When did Quaid-i-Azam join the Congress?,1905,1906,1913,1916,B
1551,Pakistan took the first structural adjustment package from IMF during the regime of _______ in the year 1958?,Sikandar Mirza,Ayub Khan,Feroz Khan,None of these,B
1552,The Results Transmission System (RTS) was first used in the General Elections of:,2013,2018,2024,None of these,B
1553,Who became the Governor General of Pakistan in 1951:,Sikandar Mirza,Ghulam Muhammad,Muhammad Ali Bogra,Ch. Muhammad Ali,B
1554,The Karoonjhar Mountains are located in __________.,Khairpur,Thatta,Sanghar,Tharparkar,D
1555,Which powerful country reportedly offered naval support to the Pakistan Army before the surrender in Dhaka during the 1971 war?,United Kingdom,The United States,France,Russia,B
1556,"Who was nicknamed ""The Flying Horse""?",Asad Malik,Sami Ullah Khan,Jahangir Khan,None of these,B
1557,Fairy Meadows is located in the _________ district of Gilgit-Baltistan.,Gilgit,Hunza,Diamer,Nagar,C
1558,Who is known as the father of Local Self-Government?,Lord Mountbatten,Sardar Patel,Lord Ripon,Nagarjuna,C
1559,The Radcliffe Commission submitted its formula for the division of India into two countries to Lord Mountbatten on:,"on August 9, 1947","on August 19, 1947","on August 29, 1947",None of these,D
1560,Paradise Point in Sindh is located in __________.,Sukkur,Larkana,Thatta,Karachi,D
1561,Pakistan purchased Gwadar port from which country:,Saudi Arabia,Qatar,Oman,UAE,C
1562,How many words in National Anthem of Pakistan?,29 words,39 words,49 words,59 words,C
1564,The National Program for Family Planning and Primary Healthcare was launched in__________.,In 1979,In 1989,In 1994,In 2004,C
1565,Which part of Punjab is famous for Shisham Timber Forests?,Changa Manga,Kala Chitta Range,Murree Kahuta Range,None of these,A
1567,Which school did Sir Syed establish in Ghazipur?,Gulshan School,Victoria School,Jam-i-Jahan Numa,Aligarh Institute,B
1568,Which Mughal emperor is buried in Lahore?,Akbar,Shah Jahan,Aurangzeb,None of these,D
1570,Who founded the Madrassah Darul Uloom at Deoband?,Maulana Mehmood Nanotvi,Obaid Ullah Sindhi,Mehmood ul Hassan,Maulana Qasim Nanotvi,D
1571,Pakistan’s share Rs. 700 million was actually paid by:,in 1949,in 1948,in 1950,in 1951,B
1573,"When did the Constituent Assembly pass the ""Objective Resolution""?",In February 1949,In March 1948,In April 1949,In March 1949,D
1574,"When did Liaquat Ali Khan move in the Constituent Assembly that the title of ""Quaid-e- Azam"" be used for Jinnah in official correspondence?",in July 1947,in August 1947,in September 1947,in October 1947,B
1576,Which regiment of the Pakistan Army has been awarded the maximum number of Nishan-e-Haider medals?,Baloch Regiment,The Punjab Regiment,Sindh Regiment,Frontier Force Regiment,B
1577,Who among the following is the current President of Azad Jammu and Kashmir?,Raja Farooq Haider,Ch. Abdul Majid,Masood Khan,Barrister Sultan Mehmood Chaudhry,D
1578,Madr-e-Millat Fatima Jinnah died in the year _________.,In 1940,In 1950,In 1967,In 1970,C
1579,Name the Pakistani who wins 'Young scientist award 2021' in Biotechnology:,Umar Masood,Usman Yaseen,Hasan Naeem,Muhammad Waseem,A
1580,___________ was the founder of the Slave dynasty.,Alauddin Khilji,Humayun,Qutubuddin Aibak,Aram Shah,C
1581,"Who announced the Communal Award on August 16, 1932?",Winston Churchill,Ramsay MacDonald,Lord Willingdon,Stanley Baldwin,B
1582,Pakistan Red Crescent Society was formed on:,"10 Jan, 1947","10 Oct, 1947","20 Dec, 1947",None of above,C
1583,For how many years did Sultan Iltutmish rule?,20,25,30,None of these,B
1584,"The Pakistan Planning Commission was established in 1953. A precursor, the Development Board, was established in:",1948,1955,1956,1960,A
1585,Pakistan remained a British Dominion until what year?,1950,1956,1954,1965,B
1586,How much did agriculture account for the GDP of Pakistan in 1947?,35 percent,53 percent,60 percent,None of the Above,B
1587,"Mohenjo-daro, a famous town of the Indus Civilization, is located on the _________.",Right Bank of the Indus River,Left Bank of the Indus River,West of the Indus River,None of them,A
1589,"In January 1966, the Tashkent Agreement was concluded between Ayub Khan and the Indian PM:",Nehru,Lal Bahadur Shastri,Indira Gandhi,Morarji Desai,B
1590,"Dr. Ruth Pfau, also known as the Mother Teresa of Pakistan, died on __________.","On August 8, 2017","On August 9, 2017","On August 10, 2017","On August 11, 2017",C
1592,When was the Radcliffe Award announced?,on 18th July 1947,on 17th June 1947,on 5th August 1947,on 17th August 1947,D
1593,KANUPP is located near ________.,Cape Monze,Buleji Beach,Hub,None of these,B
1595,Pakistan is situated in which continent?,Asia,Australia,Africa,None of these,A
1596,Why did the Simon Commission of 1927 fail?,It had no Indian members,Indians did not want a review of the Act of 1919,Its recommendation to abolish diarchy was rejected,None of these,A
1598,The total length of the Durand Line is:,2422 km,2421 km,2423 km,2640 km,D
1599,The concept of 'Mard-e-Momin' (The Perfect Man) is associated with ________.,Shah Waliullah,Allama Iqbal,Ibn-e-Khaldun,None of these,B
1600,What was the growth rate of Pakistan during fiscal year 2018-19?,3.08 percent,3.17 percent,3.29 percent,3.31 percent,C
1601,When did President Muhammad Ayub Khan pass away:,1970,1971,1974,1975,C
1602,"When was the Government of India Act 1858 passed, transferring power to the British Crown?","On August 2, 1858","On July 18, 1858","On October 24, 1858","On June 3, 1858",A
1603,The first intention of British people was to __________.,Conquer India,Make government in Subcontinent,Explore trade opportunities,Defeat Mughal Empire,C
1604,Al-Biruni came to India along with __________.,Muhammad Ghauri,Mahmud of Ghazni,Babur,Alauddin Khilji,B
1605,The All-India Muhammadan Educational Conference of 1906 was held in ___________.,Simla,Dhaka,Lucknow,Delhi,B
1606,The Liaquat-Nehru Pact was announced at Delhi in:,in March 1950,in April 1950,in May 1950,in June 1950,B
1607,The 1970 elections in East Pakistan were swept by:,PPP,NAP,AL,JI,C
1608,The head of the cabinet is __________.,The President,The Chairman of the Senate,The Prime Minister,The Interior Minister,C
1609,Mirpur is a famous city of ________.,Khyber Pakhtunkhwa,Punjab,Azad Kashmir,None of these,C
1611,When did British Prime Minister Clement Attlee announce the transfer of power to India?,22-Mar-1947,17218,16-May-1947,17353,B
1612,"Who is responsible for appointing the chiefs of the armed forces, the Chief Justice, and other high officials?",The Prime Minister,The President,The Cabinet,All of the above,B
1614,The first Nuclear Power Plant in Pakistan with a generation capacity of 1100 Megawatts is:,K-I,K-II,K-III,K-IV,B
1615,"Who is known in history as 'Mujaddid Alf Sani', the reformer of the second millennium?",Shaikh Ahmed Sirhindi,Shah Waliullah,Sir Syed Ahmed Khan,None of these,A
1617,When was the Water and Power Development Authority (WAPDA) established?,"On February 12, 1958","On February 12, 1959","On February 12, 1960","On February 12, 1961",A
1618,Zahir-ud-din Babur was buried in:,Ferghana,Baghdad,Kabul,None of these,C
1620,The old name of Sahiwal is:,Montgomery,Jacobabad,Fort Sandeman,None of these,A
1621,Which Article of the 1973 Constitution relates to the National Language of Pakistan?,Article 215,Article 251,Article 257,Article 12,B
1622,Which article of the 1973 Constitution declares that the President is the 'Head of the State'?,Article 40,Article 41,Article 42,Article 43,B
1623,In which year was Urdu declared the official language of India?,1817,1797,1837,1831,C
1624,Javed Iqbal is chairman of the:,Election Commission,National Accountability Bureau,Senate,National Assembly,B
1625,Which Pakistani calligrapher is famous all around the world?,Sadequain,Ahmad Khan,Asghar Ali,None of these,A
1626,The Quit India Movement was launched by Gandhi in:,1919,1928,1940,1942,D
1627,Who founded the Kingdom of Mysore?,Tipu Sultan,Haider Ali,Maharaja Ranjit Singh,Nawab Shuja-ud-Daula,B
1628,When did the East India Company get permission from Jahangir for commercial trade?,1600,1608,1610,1611,B
1630,When did Allama Shibli Nomani die:,"on Aug 18, 11","on Sep 18, 12","on Oct 18, 13","on Nov 18, 14",D
1631,Pakistan left CENTO in:,1973,1979,1984,1988,B
1633,Which country opposed Pakistan's membership in United Nations:,Iran,Egypt,Afghanistan,Malaysia,C
1634,Lyari war was introduced in which year in the sub-continent:,2008,2009,2010,2012,B
1636,The national vegetable of Pakistan is _________.,Carrot,Tomato,Ladyfinger,All of these,C
1637,"The Durand Line, which divides the borders of Pakistan and Afghanistan, is approximately __________ long.","2,670 km","2,262 km","2,272 km",None of these,A
1639,What was the name of DIG Traffic who died in a suicide blast in Lahore during the year 2017?,Captain Zaheer,Captain Mubeen,Imtiaz Gondal,Captain Akhtar Hussain,B
1640,Which of the following is a political dispute between India and Pakistan?,Line of Actual Control,Sir Creek,McMahon Line,None of these,B
1641,"Which Sultan of Delhi has been termed the ""Mad Monarch"" by some historians?",Muhammad bin Tughluq,Ghiyasuddin Balban,Alauddin Khalji,Ghiyasuddin Tughluq,A
1642,Minar-e-Pakistan is located in which park?,Greater Park of Lahore,Greater Iqbal Park,Minto Park of Lahore,Jinnah Garden,B
1643,"The book ""Politics and the State in Pakistan"" was written by?",Hassan Askari,Khalid Sayed,Muhammad Waseem,None of these,C
1644,How many seats are reserved for non-Muslims in the Khyber Pakhtunkhwa Provincial Assembly?,8,5,4,2,C
1645,The crescent in the Pakistani Flag represents ___________.,happiness,development,progress,None of the Above,C
1646,Which powerful country reportedly offered naval support to the Pakistan Army before the surrender in Dhaka during the 1971 war?,United Kingdom,The United States,France,Russia,B
1647,Which of the following places is the rainiest in Pakistan?,Murree,Quetta,Karachi,Ziarat,A
1648,Quaid-e-Azam served as Governor-General of Pakistan for _________ months.,12 months,13 months,14 months,None of these,B
1649,The 1956 Constitution provided equal partnership between East and West Pakistan in the ________.,Administration,Economic field,Political field,All of these,D
1650,The famous Moti (Pearl) Masjid in Lahore was built by Shah Jahan in which year?,In 1631,In 1641,In 1655,In 1645,D
1651,The first nuclear power plant was established in Pakistan at:,Karachi,Lahore,Islamabad,Mianwali,A
1652,The Karachi radio station was inaugurated by Liaquat Ali Khan on:,on 1st July 1948,on 14th August 1948,on 11th September 1948,on 25th December 1948,B
1653,What is the real name of Lal Shahbaz Qalandar?,Shah Muhammad Qasim,Hazrat Usman Marwandi,Abdul Rasool,None of these,B
1654,The Jallianwala Bagh incident took place on:,"on 23 April, 1919","on 13 May, 1919","on 13 June, 1919","on 13 April, 1919",D
1655,Sassui Pannuh is a Sindhi story. Sassui is known as _________.,Girl of Sorrows,Queen of Beauty,Princess of Hope,None of these,C
1656,Pakistan Television started in the reign of:,Iskander Mirza,Ayub Khan,Yahya Khan,Zulfikar Ali Bhutto,B
1658,What does LFO stand for?,Legal Framework Ordinance,Legal Framework Order,Law Framework Order,None of these,B
1659,Indian Khilafat Deputation visited England to put their views before LIyod George in:,in 1940,in 1930,in 1920,None of these,C
1661,Which Article of the Constitution of Pakistan gives the Supreme Court Suo Motu powers?,Article 184(2),Article 184(3),Article 194(3),None of these,B
1662,The Pakistan hockey team first participated in the Olympics in:,1952,1956,1948,1960,C
1664,What was Tipu Sultan's real name?,Haider Ali,Fateh Ali Khan,Mir Sadiq,Kharak Singh,B
1665,How did Pakistan manage to overcome its problem arising out of the blockade by the U.N.?,With the assistance of the U.N.,With the assistance of the ADB,With the assistance of the IMF,With the assistance of the World Bank,D
1667,"As per his final wish, the tomb of Emperor Babur is located in which city?",Delhi,Peshawar,Kabul,Agra,C
1668,Which of the following women participated in all three Round Table Conferences?,Fatima Jinnah,Sarojini Naidu,Begum Jahan Ara Shahnawaz,Amrit Kaur,C
1670,Dr. Abdul Qadeer Khan died on:,on 10 September 2021,on 10 October 2021,on 10 November 2021,on 10 December 2021,B
1671,"After the death of President Zia-ul-Haq, who became the president in 1988?",M.K. Junejo,G.I. Khan,M. Nawaz Sharif,Benazir,B
1672,The National Action Plan was established in the year:,2013,2014,2015,2016,C
1673,When did the people of Gilgit-Baltistan win their liberation from Dogra rule with the help of the Gilgit Scouts?,In November 1946,In November 1947,In November 1948,In November 1949,B
1674,Ilm-ul-Iqtisad was written by ____________.,Al-Ghazali,Al-Mawardi,Allama Iqbal,None of these,C
1675,How many seats were reserved in the assembly for Muslims in the Lucknow Pact?,1/2,1/3,1/4,1/5,B
1676,The Saraiki language is more dominantly spoken in ________.,North Punjab,West Punjab,South Punjab,East Punjab,C
1677,The Prevention of Electronic Crimes Act ('PECA') was promulgated in:,2014,2016,2018,2023,B
1678,The Rann of Kutch is a disputed area between ____.,"KPK, India",Sindh-India,Punjab-India,None of these,B
1679,The Jallianwala Bagh massacre in Amritsar took place on:,"on Mar 13, 19","on Apr 13, 19","on May 13, 19","on Jun 13, 19",B
1680,"Mahmud, son of Sabuktigin, ascended the throne in which year?",In 977 AD,In 998 AD,In 997 AD,In 1000 AD,B
1681,When was Nadwatul Ulema established?,1884,1893,1894,1896,C
1683,Approximately what proportion of Pakistan's total area is covered by the Balochistan province?,44 percent,35 percent,48 percent,50 percent,A
1684,Chittori is the historic ancestral graveyard of the Talpur Mirs located in _______.,Umerkot,Ghotki,Mirpur Khas,Kandhkot,C
1686,Whom did General Pervez Musharraf replace?,Mirza Aslam Beg,General Jahangir Karamat,General Khalid Maqbool,General Raheel Sharif,B
1687,How many percent of Pakistanis can speak or understand Urdu?,Less than 50 percent,Around 60 percent,Around 70 percent,More than 80 percent,D
1689,When was the Liaquat-Nehru Pact between India and Pakistan signed?,1950,1955,1954,None of these,A
1690,The Cabinet Mission aimed to discuss the transfer of power from the British to:,The Muslim League,The Indian National Congress,Indian leaders,The United Nations,C
1692,The first census in Pakistan was held in:,1948,1950,1951,None of these,C
1693,Tipu Sultan belonged to:,Mysore,Vijayanagara,Sarsour,None of these,A
1694,Bengal was divided into two parts. In which part were the Muslims in the majority?,Western Bengal,Eastern Bengal,North-Western Bengal,None of these,B
1695,Altaf Hussain Hali has written “Hayat-e-Jawaid” on?,Quaid e Azam,Allama Iqbal,Sir Syed Ahmed Khan,None of these,C
1696,"The Tashkent Declaration, which formally ended the 1965 Indo-Pak war, was signed with the mediation of which country?",USA,China,Soviet Union,United Kingdom,C
1697,Who wrote 'The Loyal Mahomedans of India'?,Sir Syed Ahmad Khan,Allama Iqbal,Syed Suleman Nadvi,Shah Waliullah,A
1698,The Shimla Deputation met the Viceroy at Shimla on __________.,"On October 1, 1906","On September 3, 1906","On October 5, 1907","On September 7, 1907",A
1699,The Regional Cooperation for Development (RCD) was established in 1964 and was annulled in _______.,In 1969,In 1979,In 1989,None of these,B
1700,Mention the date of the agreement between Pakistan and Bosnia for illegal trafficking:,"on Nov 4, 20","on Nov 6, 20","on Nov 8, 20",None of these,A
1701,"During his stay in England, Sir Syed closely observed the __________ system of England.",Social,Economic,Educational,Religious,C
1702,Who was the Caretaker Prime Minister of Pakistan for the 2018 general election?,Justice (retd) Nasir-ul-Mulk,Maleeha Lodhi,Justice (retd) Tassaduq Hussain Jillani,None of them,A
1703,When was the first census conducted in Pakistan?,In 1951,In 1952,In 1953,In 1954,A
1704,"According to the Legal Framework Order, the first general elections of Pakistan were held in:",1966,1970,1977,1952,B
1705,Benazir Bhutto was born on:,on 21st May 1953,on 21st June 1953,on 21st July 1953,on 21st August 1953,B
1706,Kashmir Solidarity Day was first celebrated in:,in 1989,in 1990,in 1991,in 1992,B
1707,Liaquat Ali Khan visited India in which month and year?,in May 1950,in June 1950,in April 1950,in March 1950,C
1708,In which year did Gandhi start the Non-Cooperation Movement?,1920,1921,1922,1923,A
1709,The Ilbert (Albert) Bill was presented in:,in 1881,in 1883,in 1885,in 1892,B
1711,Where was Muhammad Ghuri when he was assassinated?,Damik,Lahore,Ghazni,Sohawa,A
1712,"Under the 1973 Constitution, who is the head of the cabinet?",Chief Justice,Prime Minister,Speaker of NA,President,B
1714,Which two parties signed the Lucknow Pact?,Muslim League and Arya Samaj,Indian National Congress and Muslim League,British Government and Congress,Muslim League and British Government,B
1715,When was the Federal Shariat Court established?,In 1978,In 1979,In 1980,In 1981,C
1717,Which province of West Pakistan was divided into two parts in 1947?,Punjab,Sindh,KPK,Balochistan,A
1718,Which area has the biggest deposits of iron ore:,Kalabagh,Chitral,Gilgit,Zhob,A
1720,Who was the Viceroy of India during the 1935 earthquake in Shal-Kot?,Lord Linlithgow,Lord Willingdon,Lord Irwin,Lord Mountbatten,B
1721,Who succeeded Quaid-e-Azam as Governor General?,Liaquat Ali Khan,Khawaja Nazimuddin,Ghulam Muhammad,Sir Feroz Khan Noon,B
1722,The largest Princely State by area at the time of partition was:,Hyderabad (Deccan),Kashmir,Bahawalpur,Bhopal,B
1723,Allama Muhammad Iqbal delivered his famous Allahabad address in?,1928,1929,1930,1931,C
1724,Quaid-e-Azam became the permanent president of the Muslim League in:,in 1916,in 1924,in 1934,in 1940,C
1725,"The Fatawa-i-Alamgiri, a comprehensive work on Islamic law, was compiled under the direction of which emperor?",Aurangzeb,Shah Jahan,Akbar,Jahangir,A
1726,There are ________ schedules in the 1973 Constitution.,4,7,5,10,B
1727,Who was the Lord of India during the Second World War?,Lord Irwin,Lord Linlithgow,Lord Harding,None of these,B
1728,"How much was allocated for the agriculture sector in the ""7th Five-Year Plan""?","13,600 million rupees","14,600 million rupees","15,600 million rupees",None of these,C
1729,"After the war of 1965, which pact was signed between India and Pakistan?",Shimla Pact,Tashkent Pact,Bilateral Pact,Soviet Pact,B
1730,Who was the last Governor-General of Pakistan?,Quaid-e-Azam,Ghulam Muhammad,Khawaja Nazimuddin,Major Gen. Sikandar Mirza,D
1731,The last general elections in Pakistan were held in:,in July 2018,in August 2018,in September 2018,in October 2018,A
1733,Which general election saw the lowest voter turnout in Pakistan’s history?,in 1997,in 2008,in 2013,in 1993,A
1734,The River Indus enters Pakistan from Tibet near which region?,Swat,Gilgit-Baltistan,Peshawar,Kabul,B
1736,"According to which Constitution, Pakistan was officially named Islamic Republic of Pakistan:",1956,1962,1973,None of these,A
1737,The Noor Mahal is located in ___________.,Bahawalpur,Multan,Khairpur,Sukkur,A
1739,Which of the following lakes is called the paradise of birds?,Manchar Lake,Haleji Lake,Keenjhar Lake,None of these,B
1740,"Which amendment, made on April 23, 1974, defined the boundaries of Pakistan?",4th,3rd,2nd,1st,D
1742,"When was Gandhi bestowed the title ""Mahatma"" by Rabindranath Tagore?",1913,5544,1916,1917,B
1743,Second Constitution of Pakistan was enforced on:,on 14 August,on 1st March,on 8 June,on 27 October,C
1744,The first general elections in Pakistan were held in:,1950,1960,1970,1980,C
1745,Who was the first Governor of Balochistan?,Lt. Gen. Riaz Hussain,Ghous Bakhsh Bizenjo,Nawab Akbar Bugti,Khair Bakhsh Marri,A
1746,The deposits from the ancient Tethys Sea finally formed the ____________.,Western Ghats,Himalayan mountain range,Karakoram range,None of these,B
1747,When was the Muslim Students Federation established in Balochistan?,"On July 21, 1943","On July 21, 1944","On July 21, 1945","On July 21, 1946",A
1748,The Islamabad High Court's (IHC) first female judge was sworn in on 13th December 2019.,Lubna Saleem Pervaiz,Ayesha Malik,Tahira Safdar,Syeda Tahir,A
1749,Who founded the Arya Samaj?,Swami Shardhanand,Dayananda Saraswati,Maulana Maududi,Syed Ahmad Barelvi,B
1750,What was the name of Sir Syed Ahmad Khan's father?,Syed Alam Hussain,Syed Farid Ali,Mir Muhammad Muttaqi,None of them,C
1751,The Basic Principles Committee presented its report in:,in March 1949,in September 1950,in December 1952,in October 1953,B
1752,Which of the following is a function of the Speaker of the National Assembly?,Presides over the meetings of the assembly,Maintains discipline in the House,Both of them,None of them,C
1753,"IRSA, the Indus River System Authority, was established for regulating and monitoring the distribution of water sources of the Indus Rivers in:",1991,1992,1993,1994,B
1754,The All Parties Conference regarding the freedom of India against British rule was made in:,1922,1924,1926,1928,D
1755,The British Parliament passed the Indian Independence Act on:,on 18-May-47,on 18-Jun-47,on 18-Jul-47,on 18-Aug-47,C
1756,Who was the first Chief Minister of Gilgit-Baltistan?,Syed Mehdi Shah,Qamar-uz-Zaman Kaira,Wazir Baig,Pir Karam Shah,A
1757,Astola Island is located in ____________.,Sindh,Balochistan,Punjab,KPK,B
1758,How many districts are in Punjab?,32,33,36,None of these,C
1759,Who prepared Pakistan's National Flag?,Abdur Rehman Chughtai,Liaquat Ali,Chaudhary Rehmat Ali,Ameer-ud-din Qadwai,D
1761,Quaid-e-Azam Jinnah The Story of a Nation is a biography of Quaid-e-Azam written by:,Ayesha Jalal,G. Allana,Stanley Wolpert,Hector Bolitho,B
1762,The highest non-operational military award is the ________.,Tamgha-e-Basalat,Tamgha-e-Imtiaz,Tamgha-e-Khidmat,Sitara-e-Basalat,D
1764,Who was the first Prime Minister of Pakistan?,Gen. Ghulam Muhammad,I.I. Chundrigar,Liaquat Ali Khan,None of these,C
1765,When was the MAO College at Aligarh started?,In 1875,In 1876,In 1877,In 1878,A
1767,"In the Indian Rebellion of 1857, 80 soldiers who disobeyed Colonel Smith for using greased cartridges belonged to:",Meerut,Agra,Delhi,Mumbai,A
1768,Pakistan's first ambassador to the United States was:,M.A.H. Isphahani,Patras Bukhari,K.K. Aziz,None of these,A
1770,When was the US Embassy in Karachi established?,on 14 August 1947,on 15 August 1947,on 6 August 1947,on 10 August 1947,B
1771,What was the popular local term for the Grand Trunk Road?,Badshahi Sarak,Shah Rah,Gernaili Sarak,Suri Marg,C
1772,"In the Second Constituent Assembly elected in 1955, the Muslim League formed a coalition government with:",United Front,Noon Group,Independents,None of these,A
1773,Nawab Sir Salimullah Khan was the President of the Bengal Provincial Muslim League in _________.,In 1907,In 1913,In 1915,None of these,A
1774,Name the first Pakistani female cricketer to take 100 wickets in ODIs:,Sana Mir,Javeria Khan,Marina Iqbal,Sadia Yousaf,A
1775,Who is the current Prime Minister of Azad Jammu and Kashmir?,Sardar Attique Ahmed Khan,Sardar Abdul Qayyum Khan Niazi,Raja Farooq Haider,None of these,B
1776,Nathia Gali beach is in which city of Pakistan?,Murree,Islamabad,Karachi,Lahore,C
1777,Under which proposal did the Muslim League offer to surrender the demand for a separate electorate?,"Delhi Proposals, 1927","Patna Scheme, 1938","Poona Pact, 1932",Never Surrendered,A
1778,How many times did Mahmud of Ghazni attack India:,13 times,15 times,17 times,None of these,C
1779,Quaid-e-Azam joined the All India Muslim League on:,'10th October 1912,'10th October 1913,'14th October 1914,None of the above,B
1780,Which SAARC Member Country has the highest literacy rate?,Maldives,Sri Lanka,Bhutan,India,A
1781,The Headquarters of the Pakistan Air Force is located in:,Rawalpindi,Islamabad,Karachi,Lahore,B
1782,"The Buddhist territory of Ladakh, which forms part of the state of Jammu and Kashmir, lies on the border of __________.",Sialkot,Tibet,Gilgit,Hunza,B
1783,Titu Mir struggled hard for the:,Indigo Planets,Muslim peasants of Bengal,All peasants of Bengal,Poor families of Assam,B
1784,Sheikh Ahmad Sirhindi was born in which city?,Sirhind,Allahabad,Ahmadabad,None of these,A
1785,In which year was television started in Pakistan?,in 1961,in 1962,in 1963,in 1964,D
1786,Who was the first Chief of Army Staff of the Pakistan Army?,Gen. Zia-ul-Haq,Gen. Tikka Khan,Gen. Ayub Khan,Gen. Aslam Beg,C
1787,The political party launched by Air Marshal Asghar Khan was:,Pakistan Democratic Party,Tehreek-i-Insaf,Justice Party of Pakistan,Tehreek-e-Istaqlal,D
1789,"The Lahore Resolution was amended, and Pakistan was made an integral part of League’s objective. The amendment was made in the annual session (1941) of ""All India Muslim League"", which was held at __________.",Karachi,Lahore,Madras,None of these,C
1790,When was the first census conducted in Pakistan?,1955,1951,1953,1954,B
1791,"The capital of Tipu Sultan (Fateh Ali), where he died fighting the fourth Anglo-Mysore war, was:",Mysore,Bangalore,Srirangapatna (Seringapatam),Calicut,C
1792,"During Akbar's reign, the theory of Wahdatul Wajood was presented by whom?",Ibn Arabi,Mujaddid Alf Sani,Khwaja Baqi Billah,Hazrat Mian Mir,A
1793,Bhambore is an ancient city located in:,Khyber Pakhtunkhwa,Balochistan,Sindh,Punjab,C
1794,Who started the Non-Cooperation Movement?,Quaid-e-Azam,Gandhi,Ali Brothers,None of these,B
1795,The tenure of Zulfiqar Ali Bhutto as PM was:,1971-1977,1971-1973,1973-1977,None of these,C
1796,"In 1992, the government of Pakistan prepared a Forestry Sector Master Plan for ___________.",20 years,25 years,30 years,None of these,B
1797,Where is the tomb of Mughal Emperor Jahangir?,Sheikhupura,Lahore,Multan,Bahawalpur,B
1798,When did the Balochistan States Union become a part of the West Pakistan province?,"On October 14, 1955","On November 14, 1955","On December 14, 1956","On January 14, 1957",A
1799,Masjid Wazir Khan was built which century?,16th Century,17th Century,18th Century,19th Century,B
1801,Manchar Lake is situated in ________.,Larkana,Dadu,Thatta,Jamshoro,D
1802,Who was the Viceroy of India when the Lahore Resolution was passed?,Lord Zetland,Lord Linlithgow,Lord Wavell,Lord Willingdon,B
1804,"Which person held the positions of WAPDA chairman, Sindh governor, SBP governor, and President of Pakistan?",Waseem Sajjad,Ghulam Ishaq Khan,Fazal Ilahi Chaudhry,Rafiq Tarar,B
1805,Where is Darul Uloom Deoband located?,Banaras,"Saharanpur, UP",Calcutta,Delhi,B
1806,"Pakistan and China established diplomatic relations on May 21, _________.",In 1950,In 1951,In 1954,None of these,B
1807,Who was the Foreign Minister in the Interim Government of British India formed before the partition?,Liaquat Ali Khan,Sardar Patel,Jawaharlal Nehru,Muhammad Ali Jinnah,C
1808,"The largest railway workshop, Mughalpura, is situated in ________.",Gujranwala,Multan,Karachi,Lahore,D
1809,In which city was the Indus Waters Treaty signed by the Prime Minister of India and the President of Pakistan?,Karachi,Lahore,Delhi,Kolkata,B
1810,"When was Quaid-e-Azam M.A. Jinnah's name read in the khutba at the Pakistan Colony mosque by the Sindh education minister, Pir Ilahi Bux?","On August 11, 1947","On August 15, 1947","On July 12, 1947","On August 22, 1947",D
1811,Who acts as the Prime Minister of Pakistan in the absence of the Prime Minister?,The Senate Chairman,The Speaker of the National Assembly,The Chief Justice of Pakistan,The President,B
1812,The Suri Dynasty of India lasted for:,20 years,15 years,10 years,5 years,B
1813,When will CPEC be fully operational?,2025,2030,2035,2040,B
1814,After how many years are general elections held in Pakistan?,04,05,06,None of these,B
1815,When was the first Constitution of Pakistan enforced?,"On March 23, 1956","On March 24, 1956","On March 25, 1956","On March 26, 1956",A
1817,"In the fourteen points presented by Quaid-e-Azam in 1929, he demanded reforms in which of the following provinces:",NWFP and Sindh,NWFP and Balochistan,NWFP and Bombay,Sindh and Bombay,B
1818,The National Assembly has _________ seats.,"268 general, 62 women, and 12 non-Muslim","270 general, 60 women, and 12 non-Muslim","270 general, 62 women, and 10 non-Muslim","272 general, 60 women, and 10 non-Muslim",D
1820,"The National Highway Authority (NHA) manages national highways, motorways, and expressways.",35,36,38,55,D
1821,The beginning of the Mughal Empire started after the defeat of __________.,Ibrahim Lodhi,Sikandar Lodhi,Daulat Khan Lodhi,None of these,A
1823,PM Liaquat Ali Khan was assassinated on:,on 16 October 1951,on 14 October 1952,on 16 September 1951,None of these,A
1824,"The tomb of the folk wiseman of Sindh, Watayo Faqeer, is in __________.",Sakrand,Tando Allahyar,Mehrabpur,Badin,B
1826,Which was the first princely state to accede to Pakistan?,Bahawalpur,Swat,Umerkot,Chitral,A
1827,Which state was attacked by India on 11 September 1948?,Kashmir,Hyderabad,Junagadh,Swat,B
1828,Who took oath as the First Governor of East Bengal?,Sir John Bennett,Sir Frederick Bourne,Francis Mudie,Sir Giles Squire,B
1829,"In March 1981, how many ulema judges were included in the bench of the Federal Shariat Court?",Four,Three,Two,Five,B
1830,Khanpur Dam is located on:,Kabul River,Haro River,Indus River,Gomal River,B
1831,How many police ranges are in KPK?,7,4,8,3,C
1832,Who introduced the Basic Democracies system?,Ayub Khan,Bhutto,Zia,None of the above,A
1833,"Which significant act received Royal Assent on August 4, 1935?","Government of India Act, 1935",Simon Commission Report,Poona Pact,Communal Award,A
1834,Ninety-three percent of small farms (less than 12.5 acres each) accounted for ________ percent of the total cultivated area.,40 percent,50 percent,60 percent,70 percent,C
1835,Who was the first Muslim Commander-in-Chief of the Pakistan Air Force?,Air Marshal Asghar Khan,Air Marshal Noor Khan,Air Marshal Arshad Feroz,Air Marshal Faiz,A
1836,Mangla Dam is located in ____________.,Punjab,KPK,Azad Jammu & Kashmir,FATA,C
1837,The 1965 war started on:,on 06th September 1965,on 07th September 1965,on 08th September 1965,on 09th September 1965,A
1838,The Mughal king Humayun recaptured the Delhi darbar in ____.,1550,1555,1560,None of these,B
1839,Who designed Pakistan's national flag?,Amir-ud-Din Kidwai,Hafeez Jalandhari,Ahmed Ghulam Ali Chagla,None of the above,A
1840,Who was the first Viceroy of the subcontinent?,Lord Dalhousie,Lord Canning,Lord Mountbatten,Lord Curzon,B
1842,Constituent Assembly created on,on 20 July 1947,on 4 August 1947,on 5 August 1947,on 6 August 1947,A
1843,"What title did General Pervez Musharraf take on October 14, 1999?",President,Chief Executive,CMLA,None of these,B
1845,When did the Indian Independence Act receive Royal Assent?,17353,17366,17386,17390,B
1846,What is the average height of the Chaghi Range?,"3,500 meters","2,500 meters","4,000 meters","3,000 meters",D
1848,Muhammad Rafiq Tarar was the ________ president before Pervez Musharraf.,14th,12th,4th,9th,D
1849,Who is the author of the book 'We Have Learnt Nothing From History'?,Hassan Askari Rizvi,Air Marshal M. Asghar Khan,Ayesha Siddiqa,Mushahid Hussain Syed,B
1851,Lord Linlithgow put forward the proposal of the August Offer in?,1939,1940,1941,1942,B
1852,When was Pakistan's first postal stamp issued?,"On July 5, 1948","On July 6, 1948","On July 7, 1948","On July 9, 1948",D
1853,Cutting Edge is the autobiography of:,Imran Khan,Sohail Abbas,Javed Miandad,Inzamam Ul Haq,C
1854,Who was Pakistan's first law Minister and interim head of the constituent assembly?,Chandra Chattopadyaya,Bhupendra Kumar Datta,Jogendra Nath Mandal,None of these,C
1855,Lal Suhanra National Park was established in:,1968,1972,1976,1991,B
1856,Which city was hit by the earthquake of 1935?,Muzaffarabad,Quetta,Attock,Peshawar,B
1858,The famous Moti Masjid built in 1635 is located in:,Lahore,Multan,Thatta,Bhera,A
1859,When did Jinnah visit East Pakistan as Governor General?,in March 1948,in May 1948,in August 1948,in September 1947,A
1861,A constituency of the Azad Kashmir Assembly is denoted by ________.,GBLA,PPLA,LA,PS,C
1862,Who won PSL 4 in 2019?,Multan Sultans,Quetta Gladiators,Peshawar Zalmi,Karachi Kings,B
1864,"When did Quaid-e-Azam, in a public meeting, give the slogan of ""Faith, Unity, and Discipline""?","On December 28, 1947","On December 24, 1947","On December 29, 1947","On December 31, 1947",A
1865,Which national anthem did the Congress choose after the 1937 elections?,Jana Gana Mana,Sare Jahan Se Achha,Bande Mataram,Vande Mataram,C
1867,Who among the following is the current Secretary-General of SAARC?,Ahmed Saleem,Amjad Hussain Sial,Arjun Bahadur Thapa,Ghulam Sarwar,D
1868,How many Round Table Conferences were held in the 1930s?,One,Two,Three,Four,C
1869,Kotli is a famous city of __________.,AJ&K,KPK,FATA,ICT,A
1870,Mirani Dam is located in which province?,Punjab,Balochistan,Sindh,KPK,B
1871,The highest population density in Pakistan is in ___________.,Punjab,FATA,Islamabad,Sindh,C
1872,By whom the formula of 3rd June 1947 to divide India was announced?,Lord Atllee,Lord Wovell,Lord Mount Batten,None of these,C
1873,The Aligarh Movement was started by?,Sir Syed Ahmad Khan,Syed Amir Ali,Altaf Hussain Hali,None of these,A
1874,Secretary of State for India in 1947:,Lord Linlithgow,Lord Ismay,Lord Listowel,Lord George,C
1875,Labour Day is observed on ____________.,On February 21,On May 9,On May 1,On March 22,C
1877,The master plan of Islamabad was drawn by which country's firm?,Russia,USA,Türkiye,Greece,D
1878,What is the age of retirement of Supreme Court Judges?,60,62,65,66,C
1880,Who was the first Asian and Indian to win the Nobel Prize?,Rabindranath Tagore,Allama Iqbal,Maulana Maududi,Syed Ahmad Khan,A
1881,"The ""Gibraltar of Sindh"" is ________.",Kirthar Ranges,Karoonjar Mountains,Gwadar,Makli Hills,D
1883,Allama Iqbal delivered the Allahabad Address in:,1930,1931,1932,None of these,A
1884,The third Martial Law ended in:,in 1983,in 1988,in 1985,None of these,C
1886,In December 1906 the session of All India Muslim league held in which city:,Chennai,Dhaka,Lucknow,Bombay,B
1887,"Minor crops, consisting of pulses, potatoes, onions, chilies, garlic, etc., account for approximately _______ of the value added in agriculture.",7 percent,10 percent,14 percent,18 percent,B
1888,For how many rupees did Gulab Singh sell Kashmir?,6.5 million,7.5 million,8.5 million,None of these,B
1889,The Battle of Kannauj in 1540 was fought between:,Sher Shah Suri and Humayun,Sher Shah Suri and Hindal,Sher Shah Suri and Mewat,None of these,A
1890,Iran & Pakistan established diplomatic relations on,on 5 August 1947,on 6 August 1947,on 22 Aug 1947,on 15 August 1947,C
1891,What is the main condition of the Shimla Agreement?,Third-party mediation,Bilateralism (resolving issues bilaterally),UN intervention,Joint military control,B
1892,The largest earth-filled dam of the world is?,Tarbela,Warsak,Mangla,None of these,A
1893,"In the Lucknow Pact (1916), what portion of representation was granted to Muslims in legislative councils?",1 by 2,1 by 3,1 by 4,1 by 5,B
1894,When did the Simla Conference start in 1945?,45822,45833,45852,45877,B
1895,The development package announced by PM Imran Khan for Gilgit-Baltistan was for:,350 billion,360 billion,370 billion,None of these,C
1896,In which century the British began to come to the Indian Subcontinent?,In the 15th century,In the 16th century,In the 17th century,None of these,C
1897,Five Thousand Years of Pakistan” was written by?,Stanley Wolpert,R. E. M. Wheeler,K. K. Aziz,None of these,B
1899,The third Prime Minister of Pakistan was:,Chaudhry Muhammad Ali,Muhammad Ali Bogra,Ibrahim Ismail Chundrigar,Khawaja Nazimuddin,B
1900,When were the Shalimar Gardens established?,1642,1672,1700,None of these,A
1902,“Sassi Punnhun” is a love story of:,Siraiki,Punjabi,Sindhi,Pushto,C
1903,The British destroyed the local industries after the 1857 War of Independence by:,Imposing heavy taxes,Closing small industries,Banning all types of imports,Expelling the skilled workers,A
1904,The white strip in the flag of Pakistan represents ______________.,Minorities,Muslim Majority,Both A & B,None of the Above,A
1905,When did Lord Mountbatten arrive in Delhi as the new Viceroy of India?,"On February 22, 1947","On March 22, 1947","On April 22, 1947","On May 22, 1947",B
1906,Why did Afghanistan oppose Pakistan's membership in the UN?,Durand Line,Indian Pressure,Insurgency,None of these,A
1908,The Kerry-Lugar Bill authorized non-military aid to Pakistan for a period of:,2008-2012,2010-2012,2010-2014,None of these,C
1909,Who led the Simla Deputation in 1906?,Sir Agha Khan,Sir Syed Ahmed Khan,Nawab Mohsin-ul-Mulk,None of these,A
1911,Which organization is considered the first Muslim political body to represent the Muslims of the subcontinent as a whole?,Anjuman-e-Mussalmanan-e-Hind,The Central National Muhammadan Association,Urdu Defence Association,None of these,C
1912,"Ch. Rehmat Ali, who coined the name Pakistan, is buried in:",Canterbury,Cambridge,Jerusalem,Manchester,B
1914,"Who is the author of the book ""Struggle for Pakistan""?",Ayesha Jalal,K. K. Aziz,Shahid Rafique,None of these,A
1915,Which pass connects Dir and Chitral?,Gomal Pass,Lowari Pass,Dargai Pass,Bolan Pass,B
1917,"After the FATA merger was fully implemented, the number of seats in the ""Senate of Pakistan"" was set at ________.",63,87,100,96,D
1918,Which instruments are made in Taxila Engineering Works?,Tanks and Missiles,Guns,Aircraft,None of these,A
1919,Which of the following crops belongs to the category of the minor crop?,Wheat,Sugarcane,Masoor,Cotton,C
1920,Sher Shah Suri died in 1545 from what cause?,Assassination,A fall from his horse,An accidental gunpowder explosion,Illness during a campaign,C
1921,The social code of conduct of Pashtun people is called:,Pashtunwali,Pashtun Constitution,Pashtun Structure,None of these,A
1922,The Shalimar Gardens were constructed by Shah Jahan in ____________.,In 1640,In 1642,In 1644,None of these,B
1923,Approximately what proportion of Pakistan's total land area is covered by forests?,5 percent,6 percent,3 percent,2 percent,A
1924,Who becomes the acting President if the presidential seat becomes vacant in Pakistan?,The Chairman of the Senate,A person decided by the Federal Government,The Speaker of the National Assembly,A person chosen through polling in Parliament,A
1925,NA stands for ________.,National Army,National Academy,National Assembly,National Assets,C
1927,“Maritime” is a security agency of which country?,China,France,Germany,Pakistan,D
1928,What is the name of the border between Pakistan and Afghanistan?,Line of Control,Oder-Neisse line,Durand Line,None of these,C
1930,The Shandur Polo Festival is held every year in which month?,May,June,July,None of these,C
1931,Who was the first Speaker of the Sindh Assembly in 1937?,G.M. Syed,Dewan Bahadur Hiranand Khemchand,Sir Shahnawaz Bhutto,Muhammad Ayub Khuhro,B
1933,Which community was in the majority in Kashmir at the time of independence?,Muslims,Hindu,Dalit,None of these,A
1934,When did Pakistan become a full member of the Shanghai Cooperation Organisation (SCO)?,"On June 9, 2017","On July 8, 2018","On August 8, 2016",None of these,A
1936,"Pakistan’s first labor policy was devised in________, in which May 1 was declared an official holiday.",In 1970,In 1971,In 1972,In 1973,C
1937,Which Indian personality received the award of Nishan-e-Pakistan?,Jawaharlal Nehru,Morarji Desai,Lal Bahadur Shastri,None of these,B
1938,The ancient port city of Banbhore is famous for the folk tale of _________.,Heer Ranjha,Sassui & Punnhun,Sohni Mahiwal,Noori Jam Tamachi,B
1939,Shahid Khaqan Abbasi was the _________ Prime Minister of Pakistan.,18th,19th,20th,21st,A
1940,Chilam Joshi is the festival of:,Dir,Kalash,Skardu,Hunza,B
1941,The total length of the Siachen Glacier is:,69 km,70.5 km,Approximately 76 km,72.5 km,C
1942,General Musharraf took a vote of confidence from the National and Provincial assemblies on ___________.,"On January 1, 2004","On January 12, 2001","On March 13, 2002",None of these,A
1943,Who was the first commissioner of Sindh?,M.A. Khuro,Charles Napier,Feroz Khan Noon,Ch. Ghulam Hussain,B
1944,Who presented the C.R. Formula discussed in the 1944 Jinnah-Gandhi talks?,Gandhi,Jinnah,C. Rajagopalachari,Lord Wavell,C
1945,Pakistan won the first and only ICC T20 Cricket World Cup under the captaincy of whom?,Younis Khan,Imran Khan,Shahid Afridi,Ramiz Raja,A
1946,Mehr-un-Nisa was later known as ________.,Nur Mahal,Nur Jahan,Both a and b,None of these,B
1947,Who was the captain of the team which won the Cricket World Cup in 1992?,Miandad,Wasim Akram,Imran Khan,Inzamam-ul-Haq,C
1949,Ahmad Shah Abdali was born in:,Baghdad,Multan,Cairo,None of these,B
1950,The 'Treaty of Friendship' was signed in 1951 between Pakistan and which country?,Afghanistan,Pakistan and Saudi Arabia,Pakistan and Iran,Pakistan and China,B
1952,When was the Battle of Plassey fought?,1727,1749,1757,1773,C
1953,"In the 1973 Constitution, what is the specified minimum age for a person to contest the election to the National Assembly?",25 years,18 years,20 years,30 years,A
1954,"The ""Murree of Sindh"" is ________.",Karoonjar Mountains,Makli Hills,Rohri Hills,Gorkh Hill Station,D
1955,Who abrogated the first constitution of Pakistan (1956)?,Zia-ul-Haq,Sikandar Mirza,Yahya Khan,None of these,B
1956,Lord Dalhousie introduced the principle of:,Subsidiary Alliance,The Doctrine of Lapse,Permanent Settlement,The Rowlatt Act,B
1958,Dar-ul-Uloom Deoband was founded by ________.,Hazrat Haji Abid Hussain,Maulana Zul Faqqar Ali,Maulana Qasim Nanotvi,All of these,D
1959,Stanley Wolpert is popular due to his biography on:,Sir Winston Churchill,Muhammad Ali Jinnah,John F. Kennedy,Benazir Bhutto,B
1961,Who made the design of Pakistan's first stamp ticket?,Sadequain,A.R. Chughtai,Salima Hashim,Ismail Gulgee,B
1962,The first census was conducted in Pakistan in:,in 1948,in 1950,in 1951,in 1961,C
1964,The last major constitution for British India was the ________.,"Government of India Act, 1935",Indian Councils Act of 1892,"Government of India Act, 1919","Indian Councils Act, 1909",A
1965,Who suggested the partition of India plan in the 1917 Socialist International Conference?,Kheiri Brothers,Arya Samaj,Allama Iqbal,Sir Syed Ahmad Khan,A
1967,When was Sui Northern Gas Pipelines Limited (SNGPL) converted into a public limited company?,In June 1961,In July 1962,In January 1963,In January 1964,D
1968,A party must secure _________ seats to form a government in the National Assembly of Pakistan.,148,172,169,116,C
1970,The Karakoram Highway was constructed with the help of:,China,Japan,America,Canada,A
1971,"The Residency of Quaid-e-Azam in Ziarat, where he stayed during the last days of his illness, was built in:",1892,1882,1883,1884,A
1972,Star in Pakistan flag represents:,Knowledge,Wisdom,Courage,All of these,A
1973,Quaid-e-Millat Liaquat Ali Khan was murdered on:,on 16th September 1951,on 16th October 1951,on 16th November 1951,on 16th December 1951,B
1974,The tomb of famous Sindhi Mir Abdul Hussain Sangi is located in___________.,Hyderabad,Larkana,Mitiari,Karachi,C
1975,"On 11th July 1950, Pakistan became a member of __________.",IMF,World Bank,Both A & B,None of these,C
1976,When did the state of Kalat accede to Pakistan?,1947,1948,1949,None of these,B
1977,The total length of the road network in Pakistan is approximately __________.,"260,000 km","271,223 km","292,222 km","331,113 km",A
1978,"In 2016, about _______ Afghan refugees were sent back from Pakistan.",200000,400000,600000,800000,B
1980,The total budget outlay of Pakistan for FY 2017-18 was:,4.5 trillion,5.6 trillion,4.75 trillion,None of these,C
1981,Pakistan's ______ got 5th spot in weightlifting in the Tokyo Olympics 2020:,Yasin Kamran,Babar Tauseef,Talha Talib,None of these,C
1983,"The first Mughal emperor, Babur, died in ________.",In 1520 AD,In 1525 AD,In 1530 AD,None of these,C
1984,What is the height of Broad Peak?,"8,126 meters","8,092 meters","8,075 meters","8,051 meters",D
1986,Who first thought of the possibility of a Muslim republic embracing the present Central Asian states in the northwest of the subcontinent?,Abdul Halim Sharar,Syed Jamal-ud-Din Afghani,Ch. Rehmat Ali,None of these,B
1987,Who is the current governor of the State Bank of Pakistan?,Ashraf Mahmood Wathra,'Dr. Shamshad Akhtar,'Dr. Raza Baqir,None of these,C
1989,Out of how many total provincial seats were the 1937 elections held?,711,1200,1585,1000,C
1990,Pakistan joined the Non-Aligned Movement in _____________.,In 1969,In 1979,In 1989,In 1999,B
1991,When was the separate electorate system for Muslims accepted in India?,1909,1916,1935,1946,A
1992,Ahmed Nadeem Qasmi was not a:,Poet,Novelist,Columnist,Short Story Author,B
1993,Urdu' is a word from which language?,Turkish,Persian,Arabic,Hindi,A
1994,The Non-Cooperation Movement was launched by the Indian National Congress on:,on 5th September 1920,on 6th September 1921,on 7th September 1922,None of these,A
1995,The last constitution of British India was the:,Government of India Act 1919,Government of India Act 1935,Simon Commission Report,Indian Independence Act 1947,B
1996,How many articles were there in the 1956 Constitution?,200 articles,259 articles,254 articles,234 articles,D
1997,__________ was the first Commander-in-Chief of the Pakistan Navy.,Vice Admiral Haji Muhammad Siddique,Vice Admiral Afzal Rehman Khan,Rear Admiral James Wilfred Jefford,Admiral Zafar Mahmood Abbasi,C
1998,The power of the legislative councils in British India was significantly increased by the ___________.,"Minto–Morley Reforms, 1909",Simon Commission Report,3rd Round Table Conference,Gandhi–Irwin Pact,A
1999,"The real name of Ustad Bukhari, the Sindhi-language poet, was _________.",Syed Muhammad Shah,Syed Hashim Shah,Syed Ahmed Shah,Syed Tariq Shah,C
2000,"On 7 July 1972, Sindh announced that the Sindhi language would be used as ____.",National language,Official language,Medium of instruction,None of these,B
2001,After how many years did Pakistan get its first constitution?,5 years,7 years,9 years,11 years,C
2002,The coin 'rupiya' was first issued by:,Akbar,Sher Shah Suri,Alauddin Khilji,Muhammad bin Tughluq,B
2003,Who was the first General Secretary of the AIML?,Nawab Salimullah Khan,Nawab Viqar-ul-Mulk,Hassan Bilgrami,Nawab Mohsin-ul-Mulk,C
2004,The newly constructed Gomal Zam Dam is located in:,Gilgit Baltistan,FATA (KPK),AJK,Balochistan,B
2005,"Name the crop sown on the largest area of Pakistan,",Tobacco.,Sugar cane,Cotton,Wheat,D
2006,Jalaluddin Muhammad Akbar was born in 1542 in which town?,Sirhind,Fatehpur Sikri,Andijan,Umar Kot,D
2008,"In March 1924, who delivered the final blow to the Khilafat Movement by abolishing the Caliphate?",Mahatma Gandhi,Ghazi Mustafa Kamal Pasha,Jawaharlal Nehru,Muhammad Ali Jinnah,B
2009,Which province passed resolution in 1938 for Pakistan:,Punjab,Sindh,NWFP,None of these,B
2011,"""Rabi"" season begins in:",April-June,October-December,January-February,None of these,B
2012,Who was the first Foreign Minister of Pakistan?,Liaquat Ali Khan,Sir Zafarullah Khan,M. A. H. Ispahani,Muhammad Ali Bogra,B
2014,The major source of water in Pakistan is ___________.,Rain,Snow,Lakes,Rivers,D
2015,When did the Congress ministries resign?,22-Oct-1939,14601,17-Nov-1932,11030,A
2017,Prime Minister of Pakistan is entitled to hold his/her office for a term of_______ years.,Six years,Four years,Five years,Three years,C
2018,Who is considered the founder of the All India Muslim League?,Sir Agha Khan,Nawab Salimullah Khan,Syed Amir Ali,Muhammad Ali Jinnah,B
2019,In which year was the Battle of Kannauj fought between Humayun and Sher Shah Suri?,In 1527,In 1530,In 1539,In 1540,D
2020,Ahmad Shah Durrani invaded India against:,Lodhi,Tughlaq,Mughals,None of these,C
2021,How many states are there in the United States of America?,40,45,50,55,C
2022,"______ is an international, American-led military campaign launched following the September 11, 2001 terrorist attacks.",Global war on terror,Countering terrorism,Terrorism program,None of these,A
2023,The Lucknow Pact granted the right of separate electorates to the:,Hindus,Christians,Sikhs,Muslims,D
2024,Who is believed to be the builder of Badshahi Mosque?,Shah Jehan,Aurangzeb,Dara Shikoh,None of these,B
2025,Keenjhar Lake is also called __________.,Birds Lake,Kalri Lake,Jhari Lake,None of these,B
2026,Financial year of Pakistan starts from:,on Jun 30,on 1st July,on Jun 01,on Jul 30,B
2027,"After 22 years of continuous struggle, Prime Minister Imran Khan was elected as ________ Prime Minister of Pakistan.",20th,21st,22nd,23rd,C
2028,When was the District Dir of KPK merged in Pakistan?,In 1949,In 1956,In 1969,In 1973,C
2029,The Nationalization Policy was introduced by:,Ayub Khan,Z.A. Bhutto,Zia-ul-Haq,Pervez Musharraf,B
2030,Who is known as Boom Boom?,Shoaib Akhtar,Shahid Afridi,Muhammad Amir,None of these,B
2031,"Who wrote ""Muslim League, Yesterday and Today""?",G. Allana,Syed Matlub,G.M. Naeem,A.B. Rajput,D
2033,The constituency of the Khyber Pakhtunkhwa Assembly is called ________.,PS,PP,PB,PK,D
2034,The Indian National Congress was founded by:,Mr. Gandhi,Abul Kalam Azad,Motilal Nehru,None of these,D
2036,When was the eighteenth amendment passed from national assembly:,on Mar 10,on Apr 10,on May 10,on Jun 10,B
2037,The concept of the armed forces acting in aid of civil power is laid down in which article of the 1973 Constitution?,Article 245,Article 270,Article 243,Article 200,A
2039,Sahibzada Abdul Qayyum Khan is renowned for his services to education in:,Punjab,Sindh,NWFP (KPK),Balochistan,C
2040,Thar coal is __________ largest coal reserves of the world.,5th,6th,7th,8th,C
2042,"The 'weightage' principle, granting minorities more seats than their population warranted, was based on the:",Nehru Report,Lucknow Pact,Simon Commission,Delhi Proposals,B
2043,The Indus Waters Treaty was mediated by the:,World Bank,IMF,UNSC,WHO,A
2044,Khyber is a ____.,Largest stadium,Famous building,Pass,None of these,C
2045,When did America declare Pakistan a front-line state against the War on Terror?,2001,2008,2019,None of these,A
2046,When was Lahore High Court established?,In 1913,In 1916,In 1919,In 1925,C
2047,On which date did the second Constitution of Pakistan come into force?,on 23rd March 1963,on 8th June 1962,on 1st July 1963,on 14th August 1962,B
2048,Who was invited to form the NWFP Government after dismissal of Congress Ministry?,Abdul Qaiyum Khan,Sardar Shaukat Hayat,Ghulam Hussain,Abdur Rab Nishtar,A
2049,Pakistan is the _________ largest sugar producer and eighth-largest consumer in the world.,4th,5th,6th,7th,C
2050,The Shah Jahan Masjid located in Thatta is notable for having how many domes?,101,93,85,77,B
2051,MAO College was founded by whom?,Hakeem Ajmal,Syed Ahmed Shaheed,Sir Agha Khan,Syed Ahmed Khan,D
2052,"The pamphlet ""Now or Never"" was written in 1933 by ___________:",Ch. Rahmat Ali,Shaukat Ali,Syed Ameer Ali,None of these,A
2053,The Pakistan Resolution demanded that the Muslim-majority areas in the North- Western and which other zone of India should be grouped to constitute independent states?,Eastern Zone,Western Zone,Southern Zone,None of these,A
2054,Which year proved to be the turning point for the political destiny of Muslims in the history of India?,in 1905,in 1906,in 1907,None of these,B
2055,"A famous book, ""Neither a Hawk nor a Dove,"" is written by a Pakistani politician. What is his name?",K.K. Aziz,Dr. Maliha Lodhi,Gohar Ayub,Khurshid Qasuri,D
2056,In which year did the Dogra dynasty buy Kashmir from the British?,1840,1846,1850,1866,B
2057,When did the National Assembly appoint a committee for preparing a draft constitution under the government of Z.A. Bhutto?,"On April 17, 1972","On April 18, 1972","On April 19, 1972","On April 20, 1972",A
