Question,Option_a,Option_b,Option_c,Option_d,Correct_answer,Explanation,Subtopic,Difficulty,Subject,Topic
A student observes the molecular geometry of a propanone molecule during a modeling session. What is the approximate bond angle around the carbonyl carbon?,109.5 degrees,120 degrees,180 degrees,90 degrees,B,"The carbonyl carbon is sp2 hybridized, creating a trigonal planar arrangement with 120-degree angles. Option A represents sp3 tetrahedral geometry incorrectly.",Structure of Carbonyl Group,Easy,Chemistry,Aldehydes and Ketones
An industrial chemist needs to synthesize Formaldehyde for the production of plastics. Which laboratory method is most commonly utilized for this specific preparation?,Oxidation of Ethanol,Reduction of Formic acid,Oxidation of Methanol,Hydration of Ethene,C,"Formaldehyde is industrially produced by oxidizing methanol over a silver or iron-molybdenum catalyst. Ethanol oxidation produces acetaldehyde, which is a different product.",Preparation of Aldehydes,Easy,Chemistry,Aldehydes and Ketones
"During the reaction of Hydrogen Cyanide with Ethanone, what is the initial and most critical step in the reaction mechanism according to PTB?",Nucleophilic attack on Carbon,Electrophilic attack on Carbon,Nucleophilic attack on Oxygen,Free radical substitution,A,"Nucleophilic addition involves the nucleophile attacking the electrophilic carbon. Oxygen acts as a Lewis base by accepting a proton, not as the primary electrophile.",Nucleophilic Addition Mechanism,Medium,Chemistry,Aldehydes and Ketones
A laboratory technician wants to separate an aldehyde from a non-carbonyl impurity. Which reagent can form a crystalline solid that allows for purification?,Fehling's solution,"2,4-Dinitrophenylhydrazine",Sodium hydroxide,Sodium bisulphite,D,"Sodium bisulphite forms white crystalline adducts with aldehydes, which can be hydrolyzed back to the original compound. Fehling's solution is used for identification, not purification.",Reaction with Sodium Bisulphite,Medium,Chemistry,Aldehydes and Ketones
"In a diagnostic test to confirm the presence of a carbonyl group, a student adds 2,4-Dinitrophenylhydrazine. What visual evidence confirms a positive result?",Blue precipitate,Yellow or Orange precipitate,Silver mirror,White crystalline solid,B,"Brady's reagent (2,4-DNPH) reacts with the carbonyl group to form yellow or orange precipitates. Blue color is associated with Fehling's reagent, not DNPH.",Identification of Carbonyl Group,Easy,Chemistry,Aldehydes and Ketones
A researcher uses Tollen's test to distinguish between Benzaldehyde and Acetone. What is the chemical composition of the Tollen's reagent used in this process?,Alkaline copper tartrate,Alkaline copper citrate,Ammoniacal silver nitrate,Potassium dichromate in acid,C,"Tollen's reagent is specifically ammoniacal silver nitrate. Alkaline copper tartrate is Fehling's solution, which is used for a similar but distinct redox test.",Oxidation of Aldehydes,Easy,Chemistry,Aldehydes and Ketones
A student attempts to perform an Aldol condensation in a basic medium. Which of the following compounds will fail to undergo this reaction?,Benzaldehyde,Ethanal,Propanal,Acetone,A,"Aldol condensation requires at least one alpha-hydrogen to form the enolate ion. Benzaldehyde lacks alpha-hydrogens and undergoes Cannizzaro reaction instead, failing this test.",Aldol Condensation,Medium,Chemistry,Aldehydes and Ketones
"When Formaldehyde is treated with 50% Sodium Hydroxide, it undergoes a specific transformation. What is the nature of this chemical process according to PTB?",Formation of an Aldol,Dehydration to an alkene,Substitution of the alpha-hydrogen,Self oxidation-reduction,D,Cannizzaro reaction is a disproportionation where one molecule reduces to an alcohol and another oxidizes to a salt. Aldol condensation produces beta-hydroxy aldehydes.,Cannizzaro Reaction,Hard,Chemistry,Aldehydes and Ketones
A chemist performs the Haloform reaction on a sample of 2-Pentanone using Iodine and Sodium Hydroxide. What specific physical observation indicates a positive reaction?,Red precipitate,Yellow crystals,Silver mirror,Colorless solution,B,The Iodoform test yields yellow crystals of CHI3 in the presence of methyl ketones. Silver mirror is the result of Tollen's test on aldehydes.,Iodoform Test,Medium,Chemistry,Aldehydes and Ketones
Ethyl magnesium bromide is reacted with Methanal followed by acid hydrolysis. What class of organic compound is the final product of this synthesis?,Primary alcohol,Secondary alcohol,Tertiary alcohol,Carboxylic acid,A,"Formaldehyde reacts with Grignard reagents to produce primary alcohols. Other aldehydes produce secondary alcohols, while ketones produce tertiary alcohols in this reaction.",Reaction with Grignard Reagent,Medium,Chemistry,Aldehydes and Ketones
"Acetaldehyde is treated with Hydroxylamine in an acidic buffer. According to the PTB nomenclature, what is the name of the resulting nitrogenous product?",Hydrazone,Phenylhydrazone,Oxime,Semicarbazone,C,"Hydroxylamine reacts with carbonyls to form oximes. Hydrazones are formed from hydrazine, and phenylhydrazones are formed from phenylhydrazine, making them incorrect distractors.",Reaction with Ammonia Derivatives,Easy,Chemistry,Aldehydes and Ketones
"When unsymmetrical ketones like 2-Butanone are oxidized with powerful oxidizing agents, which rule determines the distribution of carbon atoms in the resulting acids?",Carbonyl stays with larger alkyl,Carbonyl stays with smaller alkyl,Symmetric cleavage always occurs,No cleavage of C-C bonds,B,"Popoff's rule states that during ketone oxidation, the carbonyl group remains with the smaller alkyl group. Option A incorrectly suggests it stays with the larger group.",Oxidation of Ketones,Hard,Chemistry,Aldehydes and Ketones
A biology student uses 'Formalin' to preserve a specimen in the laboratory. What is the standard concentration of formaldehyde in this commercial solution?,10% aqueous Formaldehyde,100% liquid Formaldehyde,50% alcoholic Formaldehyde,40% aqueous Formaldehyde,D,Formalin is a 40% aqueous solution of formaldehyde used for biological preservation. 10% or 100% concentrations do not match the standard PTB definition.,Uses of Formaldehyde,Easy,Chemistry,Aldehydes and Ketones
"In the electronic structure of the carbonyl group, what is the hybridization state of the oxygen atom according to valence bond theory?",sp3,sp2,sp,dsp2,B,Both carbon and oxygen in the carbonyl group are sp2 hybridized to facilitate the double bond. Option A is incorrect as sp3 implies single bonds.,Structure of Carbonyl Group,Easy,Chemistry,Aldehydes and Ketones
A student adds a small amount of Sodium Hydroxide to facilitate the reaction between Ethanal and Ethanol. What is the role of the base catalyst?,Increasing electrophilicity of Carbon,Protonating the Oxygen atom,Increasing nucleophilic power of reagent,Decreasing the bond energy of C=O,C,Base catalysts increase the nucleophilic character of the reagent by removing a proton. Acid catalysts work by increasing the electrophilicity of the carbon.,Nucleophilic Addition Mechanism,Medium,Chemistry,Aldehydes and Ketones
"If a compound containing both a C=C double bond and a C=O group is treated with Sodium Borohydride, what is the most likely organic product?",Alcohol with C=C intact,Alkane with C=C reduced,Alcohol with C=C reduced,Carboxylic acid,A,Sodium borohydride (NaBH4) specifically reduces the carbonyl group to an alcohol without affecting carbon-carbon double bonds. LiAlH4 is more powerful but less selective.,Reduction of Carbonyl Compounds,Medium,Chemistry,Aldehydes and Ketones
A chemist performs dry distillation on a specific calcium salt of a fatty acid to produce Propanone. Which salt was used in this reaction?,Calcium Formate,Calcium Oxalate,Calcium Carbonate,Calcium Acetate,D,"Dry distillation of Calcium Acetate yields Acetone. Distilling Calcium Formate yields Formaldehyde, and a mixture yields Acetaldehyde, making D the correct specific choice.",Preparation of Ketones,Hard,Chemistry,Aldehydes and Ketones
"When comparing the boiling points of Ethanal (MW 44) and Propane (MW 44), which statement correctly describes the trend observed in PTB?",Higher than Alcohols,Lower than Alkanes,Higher than Alkanes,Equal to Ethers,C,"Aldehydes have higher boiling points than alkanes due to dipole-dipole forces, but lower than alcohols because they lack intermolecular hydrogen bonding.",Physical Properties,Medium,Chemistry,Aldehydes and Ketones
"When an aqueous solution of Formaldehyde is evaporated to dryness, a white solid polymer is formed. What is the name of this polymer?",Paraldehyde,Metaformaldehyde,Tropolone,Bakelite,B,"Formaldehyde polymerizes into a white solid called Metaformaldehyde or Paraformaldehyde. Paraldehyde is the cyclic trimer of Acetaldehyde, which is a common distractor.",Polymerization of Aldehydes,Hard,Chemistry,Aldehydes and Ketones
Acetaldehyde is prepared by the hydration of which hydrocarbon in the presence of Mercuric Sulphate and Sulphuric acid?,Ethyne,Propyne,Ethene,Propene,A,"Hydration of Acetylene (Ethyne) in the presence of HgSO4/H2SO4 yields Acetaldehyde. Other alkynes like Propyne yield ketones, specifically Acetone.",Preparation of Aldehydes,Easy,Chemistry,Aldehydes and Ketones
A chemist reacts 0.2 moles of methanal with an excess of Tollen's reagent in a test tube. What is the total mass of the silver mirror formed?,10.8 g,21.6 g,43.2 g,86.4 g,C,One mole of methanal produces two moles of silver; 0.2 moles yield 0.4 moles (43.2g). 21.6g wrongly assumes a 1:1 ratio.,Oxidation (Tollens Test),Hard,Chemistry,Aldehydes and Ketones
"During a laboratory validation of the iodoform test, 58g of propanone (1 mole) is reacted. How many moles of iodine (I2) are consumed?",1 mole,3 moles,2 moles,4 moles,B,One mole of propanone requires three moles of iodine for the haloform reaction. Option D is tempting but applies to the moles of NaOH.,Haloform Reaction,Medium,Chemistry,Aldehydes and Ketones
A technician needs to prepare a standard formalin solution using 200g of formaldehyde gas. What is the total mass of the resulting 40% solution?,250 g,400 g,460 g,500 g,D,Formalin is a 40% formaldehyde solution; 200g divided by 0.4 equals 500g. 400g is a common mistake assuming 50% concentration.,Formaldehyde Uses,Easy,Chemistry,Aldehydes and Ketones
"In a reduction experiment, one mole of propanone is converted into propan-2-ol using NaBH4. How many moles of atomic hydrogen [H] are required?",1 mole,2 moles,3 moles,4 moles,B,Reducing one carbonyl group to an alcohol requires two nascent hydrogen atoms. Four hydrogens are tempting but only needed for full hydrocarbon reduction.,Reduction of Carbonyls,Easy,Chemistry,Aldehydes and Ketones
A mixture containing 1 mole of calcium acetate and 1 mole of calcium formate is dry distilled. What is the theoretical yield of ethanal?,0.5 moles,1.0 mole,2.0 moles,3.0 moles,C,Dry distillation of a 1:1 mixture of calcium acetate and calcium formate produces 2 moles of ethanal. 1 mole is the yield for single salts.,Preparation of Aldehydes,Medium,Chemistry,Aldehydes and Ketones
A student adds hydrogen cyanide to 0.25 moles of ethanal to form a cyanohydrin. How many moles of HCN are consumed in this reaction?,0.25 moles,0.50 moles,0.75 moles,1.00 moles,A,Nucleophilic addition of HCN to ethanal occurs in a 1:1 molar ratio. 0.5 moles is a distraction based on incorrect stoichiometry.,Nucleophilic Addition (HCN),Easy,Chemistry,Aldehydes and Ketones
A researcher attempts to perform an aldol condensation. Which of the following 1-mole samples will successfully undergo self-condensation in dilute NaOH?,Benzaldehyde,Propanal,"2,2-dimethylpropanal",Methanal,B,Aldol condensation requires alpha-hydrogens; propanal has two. Benzaldehyde is a tempting distractor but lacks alpha-hydrogens for this self-condensation.,Aldol Condensation,Medium,Chemistry,Aldehydes and Ketones
"If 44g of ethanal reacts completely with methyl magnesium iodide followed by hydrolysis, what is the theoretical mass of the secondary alcohol produced?",30 g,44 g,58 g,60 g,D,Ethanal (44g) reacts with CH3MgI to form propan-2-ol (60g). 44g is tempting as it is the mass of the starting material.,Grignard Reagent Addition,Hard,Chemistry,Aldehydes and Ketones
"In a clinical test for glucose (an aldose), 1 mole of an aldehyde group reacts with Fehling's solution. How many moles of Cu2O precipitate?",0.5 moles,2.0 moles,1.0 mole,1.5 moles,C,One aldehyde group reduces two Cu2+ ions to one mole of Cu2O (red precipitate). 2 moles is the count of copper ions.,Fehling's Solution,Medium,Chemistry,Aldehydes and Ketones
"During the Clemmensen reduction of 1 mole of propanone to propane, what is the net decrease in the molar mass of the organic compound?",16 g,14 g,18 g,2 g,B,"Clemmensen reduction replaces =O (16) with two -H (2), a net loss of 14g/mol. 16g is tempting but ignores the added hydrogens.",Clemmensen Reduction,Hard,Chemistry,Aldehydes and Ketones
A chemist mixes propanone with saturated sodium bisulfite solution. What is the molar ratio of ketone to NaHSO3 in the resulting crystalline adduct?,1:1,1:2,2:1,3:1,A,The reaction between a ketone and sodium bisulfite is a 1:1 addition. 1:2 is tempting but bisulfite only adds once per carbonyl.,Sodium Bisulfite Addition,Easy,Chemistry,Aldehydes and Ketones
"When a student allows formaldehyde to polymerize in a specific condition, a cyclic trimer is formed. What is the name of this product?",Paraformaldehyde,Paraldehyde,Metaformaldehyde,Formalin,C,Metaformaldehyde is a cyclic trimer (CH2O)3 formed by the polymerization of formaldehyde. Paraformaldehyde is the linear polymer distractor.,Polymerization of Formaldehyde,Easy,Chemistry,Aldehydes and Ketones
"A student reacts ethanal (44 g/mol) with 2,4-dinitrophenylhydrazine (198 g/mol). What is the molar mass of the resulting yellow-orange hydrazone precipitate?",198 g/mol,242 g/mol,180 g/mol,224 g/mol,D,"Acetaldehyde (44) + 2,4-DNP (198) - H2O (18) = 224. 242 is tempting as it fails to subtract the water molecule lost.","2,4-DNP Test",Hard,Chemistry,Aldehydes and Ketones
"In a Cannizzaro reaction, 2 moles of formaldehyde react with concentrated NaOH. How many moles of methanol are theoretically produced?",0.5 moles,1.0 mole,2.0 moles,1.5 moles,B,Cannizzaro reaction requires 2 moles of formaldehyde to produce 1 mole of methanol. 0.5 moles is the yield for a single mole.,Cannizzaro Reaction,Medium,Chemistry,Aldehydes and Ketones
A sample of 44g of ethanal is oxidized using K2Cr2O7 and H2SO4. How many moles of nascent oxygen [O] are consumed?,1 mole,2 moles,3 moles,0.5 moles,A,Oxidation of 1 mole of ethanal to ethanoic acid requires 1 mole of nascent oxygen [H]. 2 moles is for primary alcohols.,Oxidation of Aldehydes,Easy,Chemistry,Aldehydes and Ketones
How many distinct structural isomers of ketones exist for the molecular formula C5H10O according to IUPAC nomenclature?,1,2,3,4,C,"C5H10O has three ketone isomers: 2-pentanone, 3-pentanone, and 3-methyl-2-butanone. 2 is tempting but misses the branched isomer.",Isomerism,Medium,Chemistry,Aldehydes and Ketones
"Compared to ethanal (MW=44), which of the following compounds has a higher boiling point due to stronger intermolecular forces?",Ethane,Ethanol,Methoxymethane,Propane,B,Aldehydes have higher boiling points than alkanes due to dipole-dipole forces but lower than alcohols which have hydrogen bonding.,Physical Properties,Easy,Chemistry,Aldehydes and Ketones
"In a molecule of propanone, what is the approximate bond angle around the central carbonyl carbon atom?",120 degrees,109.5 degrees,180 degrees,90 degrees,A,Carbonyl carbon is sp2 hybridized with 120-degree bond angles. 109.5 is tempting but refers to sp3 hybridization.,Structure of Carbonyl Group,Easy,Chemistry,Aldehydes and Ketones
"When 1 mole of propanone reacts with phosphorus pentachloride (PCl5), which organic product is formed by replacing the oxygen atom?","1,2-dichloropropane","1,3-dichloropropane",1-chloropropane,"2,2-dichloropropane",D,"Reaction with PCl5 replaces the oxygen with two chlorine atoms, forming a gem-dichloride. 1,2-dichloropropane is a tempting vicinal distractor.",Reaction with PCl5,Medium,Chemistry,Aldehydes and Ketones
A student performs ozonolysis on 1 mole of symmetrical 2-butene. What are the resulting carbonyl products?,2 moles of methanal,2 moles of ethanal,1 mole of propanal,1 mole of propanone,B,Ozonolysis of 2-butene (C4H8) followed by hydrolysis yields 2 moles of ethanal. Methanal is tempting but requires terminal double bonds.,Preparation (Ozonolysis),Medium,Chemistry,Aldehydes and Ketones
A laboratory technician compares the rate of nucleophilic addition across various carbonyl compounds. Which compound exhibits the highest reactivity due to minimal steric hindrance?,Propanone,Formaldehyde,Acetaldehyde,Butanone,B,Formaldehyde is the most reactive because it lacks electron-donating alkyl groups. Acetaldehyde is less reactive due to the inductive effect of one methyl group.,Reactivity of Carbonyl Group,Easy,Chemistry,Aldehydes and Ketones
"During a disproportionation experiment using 50 percent sodium hydroxide, which of the following aldehydes fails to undergo the Cannizzaro reaction?",Formaldehyde,Benzaldehyde,Trimethylacetaldehyde,Acetaldehyde,D,Cannizzaro reaction requires aldehydes without alpha-hydrogens. Acetaldehyde undergoes Aldol condensation instead because it possesses three alpha-hydrogens on its methyl group.,Cannizzaro Reaction,Medium,Chemistry,Aldehydes and Ketones
A student attempts to purify various carbonyl compounds using saturated sodium bisulfite. Which compound will show no reaction despite having a carbonyl group?,Formaldehyde,Acetone,Diethyl ketone,Acetaldehyde,C,Higher ketones like diethyl ketone cannot form bisulfite adducts due to steric hindrance. Acetone reacts easily because its methyl groups are relatively small.,Sodium Bisulfite Addition,Hard,Chemistry,Aldehydes and Ketones
"In a diagnostic test for methyl ketones, iodine and sodium hydroxide are added to an unknown liquid. Which isomer produces a yellow precipitate?",Pentan-2-one,Pentan-3-one,Benzophenone,Diethyl ketone,A,Pentan-2-one contains a methyl keto group necessary for the iodoform reaction. Pentan-3-one lacks this specific structural feature and remains unreacted.,Iodoform Test,Medium,Chemistry,Aldehydes and Ketones
A chemist uses Fehling's solution to differentiate between various aldehydes. Which aldehyde fails to produce a red precipitate of cuprous oxide?,Acetaldehyde,Benzaldehyde,Formaldehyde,Propanal,B,Benzaldehyde is an exception that does not reduce Fehling's solution. Aliphatic aldehydes like acetaldehyde successfully reduce the copper(II) complex to red Cu2O.,Fehling's Solution Test,Medium,Chemistry,Aldehydes and Ketones
"When Pentan-2-one is subjected to vigorous oxidation with acidified potassium dichromate, which specific mixture of carboxylic acids is primarily formed?",Butanoic acid and CO2,Methanoic acid and Butanoic acid,Only Pentanoic acid,Ethanoic acid and Propanoic acid,D,"According to Popoff's rule, the carbonyl group stays with the smaller alkyl group during oxidation. Pentan-2-one yields ethanoic and propanoic acids.",Oxidation of Ketones,Hard,Chemistry,Aldehydes and Ketones
A student examines the geometry of the propanone molecule. What is the hybridization state of the carbon atom double-bonded to oxygen?,sp,sp3,sp2,dsp2,C,"The carbonyl carbon is sp2 hybridized, forming a planar structure. sp3 hybridization is found in the alkyl chains but not the functional carbon.",Structure of Carbonyl Group,Easy,Chemistry,Aldehydes and Ketones
"To synthesize Ethanol from a Grignard reagent, which carbonyl compound must be used as the starting electrophilic substrate?",Formaldehyde,Acetaldehyde,Acetone,Ethyl methyl ketone,A,Formaldehyde is the only aldehyde that reacts with Grignard reagents to form a primary alcohol. Acetaldehyde produces a secondary alcohol instead.,Grignard Reagent Addition,Medium,Chemistry,Aldehydes and Ketones
A sealed container of dry formaldehyde gas is left at room temperature. What is the name of the white solid polymer that forms?,Paraldehyde,Trioxane,Metaformaldehyde,Bakelite,C,Formaldehyde gas polymerizes into a white solid called metaformaldehyde when allowed to stand. Paraformaldehyde is a different linear polymer of formaldehyde.,Polymerization,Hard,Chemistry,Aldehydes and Ketones
A sample of acetone is treated with sodium borohydride (NaBH4) in an aqueous medium. What is the resulting organic product?,Propan-1-ol,Propan-2-ol,Propane,Propanoic acid,B,Sodium borohydride selectively reduces the carbonyl group to a secondary alcohol. Propan-1-ol is a primary alcohol formed from the reduction of propanal.,Reduction of Carbonyls,Easy,Chemistry,Aldehydes and Ketones
"Comparing substances of similar molecular mass, which of the following has the lowest boiling point due to the absence of hydrogen bonding?",Propan-1-ol,Ethanoic acid,Butane,Propanal,D,Aldehydes have lower boiling points than alcohols because they cannot form intermolecular hydrogen bonds. Alkanes have even lower boiling points due to London forces.,Physical Properties,Medium,Chemistry,Aldehydes and Ketones
An unknown organic liquid is tested with ammoniacal silver nitrate solution. Which compound will NOT produce a silver mirror on the test tube?,Formaldehyde,Acetaldehyde,Acetone,Benzaldehyde,C,Tollen's reagent (ammoniacal silver nitrate) forms a silver mirror with aldehydes. Ketones like acetone do not react with this mild oxidizing agent.,Tollen's Reagent,Easy,Chemistry,Aldehydes and Ketones
Acetaldehyde is reacted with phosphorus pentachloride (PCl5). What is the IUPAC name of the resulting halogenated organic product?,"1,2-dichloroethane","1,1-dichloroethane",Chloroethane,Trichloroethane,B,"Aldehydes react with PCl5 to produce gem-dichlorides where two chlorine atoms replace the oxygen. 1,2-dichloroethane is a vicinal dihalide formed from ethene.",Reaction with PCl5,Medium,Chemistry,Aldehydes and Ketones
What is the primary role of a basic catalyst in the addition of hydrogen cyanide to a ketone?,Increases nucleophilic character of the reagent,Increases electrophilic character of carbon,Protonates the carbonyl oxygen,Decreases the steric hindrance,A,"In base-catalyzed addition, the base generates a strong nucleophile by removing a proton from the reagent. Acid catalysis increases the electrophilicity of carbon.",Mechanism of Addition,Hard,Chemistry,Aldehydes and Ketones
Which reagent is used to confirm the presence of a carbonyl group in a compound regardless of whether it is an aldehyde or ketone?,Tollen's reagent,Fehling's solution,"2,4-Dinitrophenylhydrazine",Sodium bisulfite,C,"2,4-DNP (Brady's reagent) reacts with both aldehydes and ketones to form yellow or orange crystalline precipitates. Tollen's only identifies aldehydes.",Identification Tests,Easy,Chemistry,Aldehydes and Ketones
Which calcium salt of a carboxylic acid undergoes dry distillation to produce Propanone as the major organic product?,Calcium formate,Calcium propionate,Calcium oxalate,Calcium acetate,D,"Calcium acetate yields acetone upon dry distillation. Calcium formate is required to produce formaldehyde, while a mixture produces acetaldehyde.",Preparation of Carbonyls,Medium,Chemistry,Aldehydes and Ketones
A chemist needs to reduce a ketone to an alkane using Clemmensen reduction. Which reagent combination is specifically required for this process?,Zn-Hg / conc. HCl,NH2NH2 / KOH,LiAlH4 / Ether,H2 / Ni,A,"Clemmensen reduction uses Zn-Hg/HCl to reduce carbonyls to alkanes. It is unsuitable for acid-sensitive compounds, where Wolff-Kishner (basic) is preferred.",Clemmensen Reduction,Hard,Chemistry,Aldehydes and Ketones
"Why are lower members of the aldehyde series, such as methanal and ethanal, completely miscible with water?",London dispersion forces,Hydrogen bonding with water,Dipole-induced dipole forces,Covalent bonding,B,Lower aldehydes like formaldehyde are soluble due to hydrogen bonding with water molecules. Solubility decreases as the hydrophobic alkyl chain length increases.,Physical Properties,Easy,Chemistry,Aldehydes and Ketones
What is the resulting IUPAC product when acetaldehyde reacts with hydrogen cyanide in the presence of a base?,Ethane nitrile,Propane nitrile,2-hydroxypropanenitrile,2-aminopropanenitrile,C,"The cyanide ion attacks the carbonyl carbon, and the oxygen is later protonated to form a cyanohydrin. The product is a hydroxynitrile.",Cyanohydrin Formation,Medium,Chemistry,Aldehydes and Ketones
"Unlike formaldehyde which forms Urotropine, what is the characteristic product formed when acetone reacts with ammonia?",Urotropine,Acetone imine,Hexamethylenetetramine,Diacetone amine,D,Acetone reacts with ammonia to produce complex amino-ketones like diacetone amine. Formaldehyde is unique in forming the cyclic Urotropine.,Reaction with Ammonia,Hard,Chemistry,Aldehydes and Ketones
A laboratory technician compares the rate of nucleophilic addition between different carbonyl compounds. Which compound reacts most rapidly due to minimal steric hindrance and electronic effects?,Ethanal,Formaldehyde,Propanone,Butanone,B,"Formaldehyde lacks alkyl groups, making its carbonyl carbon more electrophilic than ethanal, which has a destabilizing electron-donating methyl group.",Reactivity of Carbonyl Group,Easy,Chemistry,Aldehydes and Ketones
"During the base-catalyzed addition of HCN to acetone, what is the initial step that distinguishes it from an acid-catalyzed process?",Attack of a weak nucleophile,Protonation of the carbonyl oxygen,Attack of a strong nucleophile,Formation of a carbocation,C,"Base-catalyzed mechanisms involve a strong nucleophile attacking the carbon, whereas acid-catalyzed mechanisms begin with protonation of the oxygen atom.",Nucleophilic Addition Mechanism,Medium,Chemistry,Aldehydes and Ketones
A chemist needs to reduce a keto-group to a CH2 group in a molecule containing an acid-sensitive acetal linkage. Which method must be avoided?,Clemmensen reduction,Wolff-Kishner reduction,Catalytic hydrogenation,Reduction with NaBH4,A,"Clemmensen reduction uses acidic Zn-Hg/HCl, while Wolff-Kishner uses basic NH2NH2/KOH, making Clemmensen unsuitable for acid-sensitive molecules.",Reduction Reactions,Hard,Chemistry,Aldehydes and Ketones
A student compares the boiling points of four organic compounds with similar molecular masses. Which compound exhibits a higher boiling point than n-butane but lower than propan-1-ol?,n-Butane,Diethyl ether,Propan-1-ol,Ethanal,D,"Aldehydes have higher boiling points than alkanes due to dipole-dipole forces, but lower than alcohols which possess strong intermolecular hydrogen bonding.",Physical Properties,Easy,Chemistry,Aldehydes and Ketones
"Acetaldehyde undergoes aldol condensation, but benzaldehyde undergoes the Cannizzaro reaction. What structural feature is the primary reason for this difference in behavior?",Presence of a carbonyl group,Presence of alpha-hydrogen atoms,Use of concentrated NaOH,Formation of a salt and alcohol,B,"Aldol condensation requires alpha-hydrogens to form an enolate, whereas Cannizzaro occurs in aldehydes lacking alpha-hydrogens like benzaldehyde or formaldehyde.",Aldol vs Cannizzaro,Medium,Chemistry,Aldehydes and Ketones
"In a diagnostic test, a sample gives a positive silver mirror test but fails to form a red precipitate with Fehling's solution. Which compound is present?",Ethanal,Propanal,Benzaldehyde,Butanal,C,"Tollen's reagent is a mild oxidant that reacts with both aliphatic and aromatic aldehydes, while Fehling's solution only oxidizes aliphatic aldehydes.",Oxidation Tests,Easy,Chemistry,Aldehydes and Ketones
A researcher wants to separate a ketone from a non-polar organic mixture. Which reagent is used to form a solid adduct that allows for purification?,Sodium bisulfite,HCN,"2,4-Dinitrophenylhydrazine",Phenylhydrazine,A,The bisulfite addition product is a crystalline solid that can be filtered and then hydrolyzed back to the original carbonyl compound using dilute acid.,Addition of Sodium Bisulfite,Medium,Chemistry,Aldehydes and Ketones
"During a chemical analysis, a student observes that only one primary alcohol reacts with iodine and NaOH to form yellow crystals. Which alcohol is it?",Methanol,Propan-1-ol,Butan-1-ol,Ethanol,D,"Ethanol is the only primary alcohol that gives a positive iodoform test because it is oxidized to acetaldehyde, which contains the required methyl-carbonyl group.",Haloform Reaction,Hard,Chemistry,Aldehydes and Ketones
"When comparing the physical states of the first two members of the aldehyde homologous series at room temperature, which observation is accurate?",Both are gases,"Formaldehyde is a gas, acetaldehyde is a liquid","Formaldehyde is a liquid, acetaldehyde is a gas",Both are liquids,B,"Formaldehyde is a gas at room temperature, while acetaldehyde is a volatile liquid, reflecting the increase in boiling point with molecular size.",Physical Properties,Easy,Chemistry,Aldehydes and Ketones
"In the presence of dry HCl gas, ethanal reacts with an excess of ethanol. What is the final organic product of this comparison between intermediate and final stages?",Hydrate,Cyanohydrin,Acetal,Oxime,C,"Acid-catalyzed addition of alcohols to aldehydes initially forms a hemiacetal, which then reacts with a second alcohol molecule to form a stable acetal.",Reaction with Alcohols,Medium,Chemistry,Aldehydes and Ketones
"A student compares the reactivity of Ethene and Ethanal. Unlike Ethene, Ethanal primarily undergoes which type of reaction due to the electronegativity of oxygen?",Nucleophilic addition,Electrophilic addition,Free radical substitution,Electrophilic substitution,A,"The carbonyl group is polar (C=O) and attracts nucleophiles, whereas the non-polar C=C bond in alkenes undergoes electrophilic addition reactions.",Reactivity Comparison,Easy,Chemistry,Aldehydes and Ketones
"Ethyl magnesium bromide reacts with formaldehyde followed by acid hydrolysis. Which alcohol is produced, contrasting it with the product formed from acetaldehyde?",Methanol,Ethanol,Propan-2-ol,Propan-1-ol,D,"Formaldehyde reacts with Grignard reagents to produce primary alcohols, while all other aldehydes produce secondary alcohols upon hydrolysis.",Grignard Reagent Addition,Medium,Chemistry,Aldehydes and Ketones
"When propanone is treated with iodine in the presence of NaOH, iodoform is produced. What is the other organic product formed in this reaction?",Acetic acid,Propanoic acid,Sodium acetate,Sodium propionate,C,Methyl ketones react with Halogens in the presence of alkali to produce haloforms (CHX3) and the salt of a carboxylic acid with one less carbon.,Haloform Reaction,Hard,Chemistry,Aldehydes and Ketones
What is the primary chemical difference observed when treating an aldehyde and a ketone with a mild oxidizing agent like Benedict’s solution?,Aldehydes are more basic,Aldehydes are easily oxidized,Ketones have no carbonyl group,Ketones are more acidic,B,"Aldehydes are easily oxidized to carboxylic acids, while ketones resist oxidation except under vigorous conditions where C-C bonds are broken.",Oxidation of Carbonyls,Easy,Chemistry,Aldehydes and Ketones
"A student evaporates an aqueous solution of formaldehyde. Which solid polymer is formed, contrasting with the liquid trimer formed by acetaldehyde?",Metaformaldehyde,Paraldehyde,Bakelite,Formalin,A,Metaformaldehyde (trioxane) is a white solid polymer formed when a 40% aqueous solution of formaldehyde is evaporated to dryness.,Polymerization,Medium,Chemistry,Aldehydes and Ketones
"In the acid-catalyzed nucleophilic addition mechanism, what is the specific role of the proton (H+) in relation to the carbonyl carbon's reactivity?",Decrease carbon's electrophilicity,Neutralize the base,Act as a nucleophile,Increase carbon's electrophilic character,D,"In acid-catalyzed addition, protonation of oxygen increases the electrophilicity of the carbonyl carbon, allowing even weak nucleophiles to attack efficiently.",Acid-Catalyzed Mechanism,Hard,Chemistry,Aldehydes and Ketones
Which reagent is used to identify the presence of a carbonyl group regardless of whether the compound is an aldehyde or a ketone?,Fehling's solution,"2,4-Dinitrophenylhydrazine",Tollen's reagent,Benedict's solution,B,"2,4-DNP (Brady’s reagent) reacts with both aldehydes and ketones to form yellow or orange precipitates, used for general carbonyl identification.",Identification Tests,Easy,Chemistry,Aldehydes and Ketones
Why does propanone show lower reactivity toward nucleophilic addition compared to ethanal in a competitive reaction environment?,Less electronegative oxygen,Absence of alpha-hydrogen,Steric hindrance by alkyl groups,Presence of a double bond,C,Ketones are generally less reactive than aldehydes toward nucleophiles due to the inductive effect of two alkyl groups and greater steric crowding.,Reactivity Comparison,Medium,Chemistry,Aldehydes and Ketones
"When 2-pentanone is subjected to vigorous oxidation with boiling concentrated nitric acid, what is the nature of the resulting organic products?",Carboxylic acids with fewer carbon atoms,Carboxylic acids with same carbon atoms,Secondary alcohols,Alkanes,A,"Ketones oxidize only with strong agents like K2Cr2O7/H2SO4, yielding carboxylic acids with fewer carbons than the parent ketone due to C-C cleavage.",Oxidation of Ketones,Hard,Chemistry,Aldehydes and Ketones
Which carbonyl compound is extensively used as a solvent for cellulose acetate and in the manufacture of nail polish remover?,Formaldehyde,Acetaldehyde,Benzaldehyde,Acetone,D,"Acetone (propanone) is a common laboratory solvent used for dissolving gums, resins, and cellulose nitrate, unlike formaldehyde which is mainly used for preservation.",Uses of Carbonyl Compounds,Easy,Chemistry,Aldehydes and Ketones
"In the base-catalyzed nucleophilic addition to a carbonyl group, the hydroxide ion reacts with the reagent to primarily increase what property?",The electrophilic nature of the carbonyl carbon,The nucleophilic character of the attacking reagent,The leaving group ability of the oxygen atom,The steric hindrance around the alpha carbon,B,Base-catalyzed mechanisms increase the nucleophilic character of the reagent. Acid catalysis is incorrect because it instead increases the electrophilicity of carbonyl carbon.,Base-catalyzed Addition Mechanism,Easy,Chemistry,Aldehydes and Ketones
A student initiates an acid-catalyzed addition to propanone. What is the very first step in this mechanism to facilitate the reaction?,Protonation of the carbonyl oxygen atom,Deprotonation of the alpha hydrogen atom,Formation of a stable carbanion intermediate,Attack of the nucleophile on the neutral oxygen,A,"Protonation makes the carbonyl carbon more electrophilic for weak nucleophiles. Base catalysis is tempting but it works by strengthening the nucleophile, not carbon.",Acid-catalyzed Addition Mechanism,Easy,Chemistry,Aldehydes and Ketones
A chemist attempts to synthesize a cyanohydrin from ethanal using pure HCN. Why is the reaction rate significantly increased by adding a base?,Use of absolute ethanol as a solvent,Addition of concentrated sulfuric acid as catalyst,Maintaining a basic medium to generate cyanide ions,Removal of water to prevent hydrolysis of products,C,Cyanide ions must be generated by a base (NaCN/HCl). Pure HCN is a weak acid and provides insufficient nucleophiles for the reaction.,Cyanohydrin Formation,Medium,Chemistry,Aldehydes and Ketones
"When saturated sodium bisulfite is added to various carbonyl compounds, which of these aromatic ketones fails to form a white crystalline precipitate?",Propanone,Butanone,Pentane-3-one,Acetophenone,D,"Bisulfite addition involves a large nucleophile, so steric hindrance prevents most ketones from reacting. Aldehydes react easily due to less crowding.",Sodium Bisulfite Addition,Medium,Chemistry,Aldehydes and Ketones
A laboratory technician needs to synthesize Ethanol using a Grignard reagent and a carbonyl compound. Which specific carbonyl precursor must be selected?,Methanal,Ethanal,Propanal,Propanone,A,"Formaldehyde is the only aldehyde producing primary alcohols with Grignard. Higher aldehydes produce secondary alcohols, which is the most common student error.",Grignard Reagent Reaction,Hard,Chemistry,Aldehydes and Ketones
An organic reaction involves the treatment of Ethanal with Methyl magnesium iodide followed by acid hydrolysis. What is the IUPAC name of the product?,Propan-1-ol,Propan-2-ol,2-Methylpropan-2-ol,Ethanol,B,Methyl magnesium iodide adds to ethanal to form a secondary alcohol (Isopropanol). Primary alcohols are incorrectly expected if students confuse ethanal with methanal.,Grignard Reagent Reaction,Medium,Chemistry,Aldehydes and Ketones
"In the reaction of aldehydes with 2,4-DNPH, the pH must be carefully controlled. Why does the reaction fail in extremely acidic conditions?",The carbonyl oxygen becomes too stable,The product undergoes immediate hydrolysis,The amino group is protonated and loses nucleophilicity,The buffer solution reacts with the aldehyde,C,"A pH of 3-4 is required for ammonia derivatives. Highly acidic conditions (pH 1) protonate the nitrogen, making it non-nucleophilic and inactive.",Ammonia Derivatives,Easy,Chemistry,Aldehydes and Ketones
A student is given an unknown liquid and asked to confirm if it contains a carbonyl group. Which reagent provides a crystalline derivative?,Tollens' reagent,Fehling's solution,Sodium nitroprusside,"2,4-Dinitrophenylhydrazine",D,"2,4-DNPH identifies the carbonyl group by forming colored crystalline solids. Tollen's test is tempting but only differentiates aldehydes from ketones, not functional presence.",Ammonia Derivatives,Easy,Chemistry,Aldehydes and Ketones
"During the reduction of Propanone to Propane, a chemist chooses the Wolf-Kishner method. Which set of reagents is required for this specific transformation?",Zn-Hg / conc. HCl,NH2NH2 / KOH,LiAlH4 / Ether,H2 / Ni catalyst,B,"Wolf-Kishner uses hydrazine/KOH to reduce ketones to alkanes. Clemmensen is the alternative but requires Zn-Hg/HCl, which is acidic, not basic.",Wolf-Kishner Reduction,Medium,Chemistry,Aldehydes and Ketones
A researcher needs to reduce a ketone that is stable in acid but sensitive to base. Which reagent combination should be used?,Zinc amalgam and concentrated HCl,Hydrazine in the presence of KOH,Sodium borohydride in ethanol,Platinum catalyst with hydrogen gas,A,"Clemmensen reduction uses Zn-Hg/HCl to reduce carbonyls to alkanes. Wolf-Kishner is the basic-medium equivalent, often confused by students in exam settings.",Clemmensen Reduction,Hard,Chemistry,Aldehydes and Ketones
"When Ethanal is heated with ammoniacal silver nitrate, a silver mirror forms. What chemical change does the Ethanal undergo in this reaction?",Reduction to primary alcohols,Reduction to secondary alcohols,Oxidation to carboxylic acids,Oxidation to carbon dioxide and water,C,"Tollen's reagent is a mild oxidant that reacts only with aldehydes. Ketones resist mild oxidation, though they can be oxidized by strong acids.",Oxidation of Aldehydes,Easy,Chemistry,Aldehydes and Ketones
"In a laboratory experiment, four different aldehydes are treated with dilute NaOH. Which of these will fail to produce an Aldol product?",Ethanal,Propanal,Butanal,Methanal,D,Aldol condensation requires at least one alpha-hydrogen. Formaldehyde (Methanal) lacks alpha-hydrogens and undergoes Cannizzaro instead of Aldol condensation.,Aldol Condensation,Medium,Chemistry,Aldehydes and Ketones
"The Cannizzaro reaction involves the disproportionation of Benzaldehyde. Which step in the mechanism is considered the slowest, rate-determining step?",Attack of OH- on the carbonyl carbon,Transfer of hydride ion to the second molecule,Protonation of the alkoxide intermediate,Deprotonation of the carboxylic acid formed,B,The rate-determining step in Cannizzaro is the transfer of a hydride ion. Nucleophilic attack is common but occurs faster than the hydride shift.,Cannizzaro Reaction,Hard,Chemistry,Aldehydes and Ketones
A student adds Iodine and NaOH to four different test tubes. Which compound will NOT produce a yellow precipitate of Iodoform?,Ethanol,Propanone,Propanal,Ethanal,C,"Iodoform test requires a methyl-keto group (CH3CO-). Propanal is an aldehyde without this specific grouping, so it yields no yellow precipitate.",Haloform Reaction,Easy,Chemistry,Aldehydes and Ketones
"When aqueous Formaldehyde is distilled in the presence of a few drops of concentrated sulfuric acid, which cyclic trimer is formed?",Metaformaldehyde,Paraformaldehyde,Paraldehyde,Bakelite,A,Distilling Formaldehyde with H2SO4 produces the cyclic trimer Metaformaldehyde. Paraformaldehyde is a linear polymer formed by evaporating the aqueous solution.,Polymerization,Medium,Chemistry,Aldehydes and Ketones
A mixture of Ethanal and excess Ethanol is treated with dry HCl gas. What is the structure of the final stable product formed?,1-Ethoxyethanol,"1,1-Diethoxyethane",Diethyl ether,Ethyl ethanoate,B,"Ethanal reacts with dry HCl and excess ethanol to form 1,1-diethoxyethane (an acetal). Hemiacetals are unstable intermediates and usually not the final isolated product.",Acetal Formation,Medium,Chemistry,Aldehydes and Ketones
"Based on the electronic and steric effects, which of the following represents the correct decreasing order of reactivity towards nucleophilic addition?",Propanone > Ethanal > Methanal,Ethanal > Propanone > Methanal,Methanal > Propanone > Ethanal,Methanal > Ethanal > Propanone,D,Formaldehyde is the most reactive due to lack of electron-donating alkyl groups and minimal steric hindrance. Higher ketones are the least reactive.,Reactivity of Carbonyls,Hard,Chemistry,Aldehydes and Ketones
A technician uses Fehling's solution to distinguish between Propanal and Propanone. What observation confirms the presence of the aldehyde?,Formation of a silver mirror,Evolution of hydrogen gas,Appearance of a brick-red precipitate,Decolorization of the blue solution,C,Fehling's solution contains Cu2+ ions which are reduced to red Cu2O by aldehydes. Ketones like propanone cannot reduce the copper ions.,Fehling's Test,Easy,Chemistry,Aldehydes and Ketones
Propanone reacts with Hydroxylamine (NH2OH) under slightly acidic conditions. What is the specific class of organic product formed?,Oxime,Hydrazone,Phenylhydrazone,Semicarbazone,A,"Hydroxylamine reacts with carbonyls to form oximes. Hydrazones are formed from hydrazine, and students often confuse the specific names of these derivatives.",Ammonia Derivatives,Medium,Chemistry,Aldehydes and Ketones
"In the production of Iodoform from Ethanol, the reaction proceeds through several stages. What is the correct sequence of these chemical steps?","Reduction, then substitution, then cleavage","Oxidation, then halogenation, then cleavage","Halogenation, then reduction, then cleavage","Substitution, then oxidation, then cleavage",B,"The haloform reaction requires iodine and NaOH. The first step for alcohols is oxidation to the carbonyl, then halogenation, followed by cleavage.",Haloform Reaction,Hard,Chemistry,Aldehydes and Ketones
A laboratory technician prepares a formalin solution for the preservation of biological specimens. What is the standard percentage composition of formaldehyde in this solution?,"10% formaldehyde, 40% methyl alcohol, 50% water","40% formaldehyde, 8% methyl alcohol, 52% water","52% formaldehyde, 8% methyl alcohol, 40% water","8% formaldehyde, 40% methyl alcohol, 52% water",B,"Formalin contains 40% formaldehyde, 8% methyl alcohol, and 52% water; 10% formaldehyde is too dilute for standard industrial formalin.",Uses of Formaldehyde,Easy,Chemistry,Aldehydes and Ketones
An industrialist wants to manufacture high-quality glass mirrors by depositing a thin layer of metallic silver. Which reagent is traditionally used for this silvering process?,Fehling's solution,Benedict's solution,Ammoniacal silver nitrate,Sodium nitroprusside solution,C,"Tollen's reagent is ammoniacal silver nitrate, which forms a silver mirror; Fehling's solution is used for detecting reducing sugars, not mirrors.",Tollen's Test,Easy,Chemistry,Aldehydes and Ketones
"In a polymer manufacturing plant, a batch of Bakelite is being produced. Which two primary reactants must be combined under controlled conditions to form this plastic?",Formaldehyde and Phenol,Acetaldehyde and Phenol,Acetone and Phenol,Formaldehyde and Benzene,A,Bakelite is formed by the reaction of formaldehyde with phenol; acetaldehyde reacts with phenol differently and does not form Bakelite.,Uses of Formaldehyde,Easy,Chemistry,Aldehydes and Ketones
A chemist needs to distinguish between a sample of propanal and propanone in an industrial quality control lab. Which reagent will show a positive result only for propanal?,"2,4-Dinitrophenylhydrazine",Sodium bisulphite,Sodium nitroprusside,Tollen's reagent,D,Tollen's reagent oxidizes aldehydes like propanal but fails to react with ketones like propanone due to lack of an oxidizable hydrogen.,Oxidation of Aldehydes,Medium,Chemistry,Aldehydes and Ketones
"During the large-scale industrial manufacture of formaldehyde from methanol, which catalyst is commonly employed at 500 degrees Celsius to facilitate the oxidation process?",Vanadium pentoxide,Iron oxide-molybdenum oxide,Platinized asbestos,Nickel catalyst,B,Iron oxide-molybdenum oxide is a specific industrial catalyst for formaldehyde; silver or copper are also used but V2O5 is for sulfuric acid.,Industrial Preparation of Formaldehyde,Medium,Chemistry,Aldehydes and Ketones
A chemical engineer needs to purify an aldehyde from a non-reactive organic impurity. Which reagent allows for the formation of a crystalline addition product that can be easily separated?,Saturated sodium bisulphite,Sodium borohydride,Dilute sulfuric acid,Ammonia solution,A,"Sodium bisulphite forms crystalline adducts with aldehydes, which can be filtered and hydrolyzed; NaBH4 reduces them to alcohols, making recovery difficult.",Nucleophilic Addition Reactions,Hard,Chemistry,Aldehydes and Ketones
A forensic scientist is testing a solvent spill to confirm the presence of a methyl ketone. Which compound will produce a yellow crystalline precipitate with iodine and NaOH?,3-Pentanone,Propanal,Acetone,Benzaldehyde,C,Acetone (a methyl ketone) gives a yellow iodoform precipitate; 3-pentanone lacks the CH3-CO group necessary for a positive iodoform test result.,Iodoform Test,Medium,Chemistry,Aldehydes and Ketones
Lower aldehydes like formaldehyde and acetaldehyde are highly soluble in water. What is the primary chemical reason for this solubility trend in aqueous environments?,Presence of a methyl group,Low molecular mass only,Formation of ionic bonds,Hydrogen bonding with water,D,"Aldehydes have polar carbonyl groups allowing hydrogen bonding with water; alkanes are non-polar and cannot form such bonds, making them insoluble.",Physical Properties,Easy,Chemistry,Aldehydes and Ketones
"In a synthesis lab, a student treats a carbonyl compound with 50% NaOH and observes the simultaneous formation of an alcohol and a salt. Which compound was likely used?",Acetaldehyde,Benzaldehyde,Propanal,Acetone,B,"Benzaldehyde lacks alpha-hydrogen, undergoing Cannizzaro reaction; acetaldehyde has alpha-hydrogen and undergoes Aldol condensation instead when treated with strong base.",Cannizzaro Reaction,Hard,Chemistry,Aldehydes and Ketones
"When comparing the boiling points of propanal and n-butane, which have similar molecular masses, what trend is observed in the industrial distillation column?",Higher than alcohols,Lower than alkanes,Higher than alkanes,Same as ethers,C,"Aldehydes have dipole-dipole forces, giving them higher B.P. than non-polar alkanes but lower than hydrogen-bonded alcohols of similar mass.",Physical Properties,Easy,Chemistry,Aldehydes and Ketones
A student finds an unlabeled bottle containing either an aldehyde or a ketone. Which reagent will confirm the presence of a carbonyl group regardless of its specific type?,"2,4-Dinitrophenylhydrazine",Tollen's reagent,Fehling's solution,Benedict's solution,A,"2,4-DNPH reacts with both aldehydes and ketones to form yellow/orange precipitates; Tollen's reagent only reacts with aldehydes, not ketones.",Addition of Ammonia Derivatives,Medium,Chemistry,Aldehydes and Ketones
"In a pharmaceutical synthesis, acetone is reduced using sodium borohydride (NaBH4). What is the functional group of the resulting product obtained after workup?",Primary alcohol,Carboxylic acid,Alkane,Secondary alcohol,D,NaBH4 specifically reduces the carbonyl C=O group to a secondary alcohol in ketones; it does not typically reduce isolated C=C double bonds.,Reduction of Carbonyl Compounds,Medium,Chemistry,Aldehydes and Ketones
"In the acid-catalyzed nucleophilic addition to a carbonyl compound, what is the primary role of the acid catalyst during the initial step of the mechanism?",Increase the nucleophilicity of the reagent,Increase the electrophilic character of carbonyl carbon,Decrease the polarity of the C=O bond,Stabilize the leaving group,B,"Acid catalysts protonate the carbonyl oxygen, making the carbon more electrophilic; base catalysts work by increasing the nucleophilic strength of the reagent.",Mechanism of Nucleophilic Addition,Hard,Chemistry,Aldehydes and Ketones
"A pharmaceutical company manufactures a medicine used as a urinary antiseptic. Which compound, synthesized from formaldehyde and ammonia, is the active ingredient?",Hexamethylenetetramine,Paraldehyde,Metaldehyde,Formalin,A,"Hexamethylenetetramine (Urotropine) is used as a urinary antiseptic; paraldehyde is used as a hypnotic, not for urinary infections.",Uses of Aldehydes,Easy,Chemistry,Aldehydes and Ketones
A technician observes a wine red color when adding sodium nitroprusside to an unknown alkaline solution. This result confirms the presence of which functional group?,Aldol condensation,Tollen's test,Sodium nitroprusside test,Fehling's test,C,Acetone reacts with sodium nitroprusside to give a wine red color; aldehydes do not produce this specific color with this reagent.,Detection of Ketones,Medium,Chemistry,Aldehydes and Ketones
"During a lab experiment on base-catalyzed condensation, which of the following aldehydes will fail to undergo Aldol condensation due to its structural configuration?",Acetaldehyde,Trimethylacetaldehyde,Propanal,Butanal,B,"Aldol condensation requires alpha-hydrogens; trimethylacetaldehyde lacks them, whereas acetaldehyde and propanal possess them for the reaction.",Aldol Condensation,Hard,Chemistry,Aldehydes and Ketones
A gardener uses a chemical pellet to kill slugs and snails in a greenhouse. Which derivative of acetaldehyde is commonly used for this agricultural purpose?,Metaldehyde,Paraldehyde,Formalin,Bakelite,A,Metaldehyde is a cyclic trimer of acetaldehyde used as a slug poison; paraldehyde is also a trimer but used as a hypnotic.,Uses of Acetaldehyde,Easy,Chemistry,Aldehydes and Ketones
"In the industrial synthesis of lactic acid, acetaldehyde is first reacted with a specific reagent to form a cyanohydrin. Which reagent is used?",Sodium bisulphite,Ammonia,Hydrogen cyanide,Hydrazine,C,Cyanohydrins are formed by HCN addition; subsequent hydrolysis of the -CN group yields alpha-hydroxy acids like lactic acid.,Nucleophilic Addition Reactions,Medium,Chemistry,Aldehydes and Ketones
The Wacker process is a modern industrial method for producing acetaldehyde. Which catalyst system is used for the air oxidation of ethylene in this process?,Silver catalyst at 300°C,Iron oxide-Molybdenum oxide,Acidified potassium dichromate,PdCl2 and CuCl2 solution,D,The Wacker process uses PdCl2 and CuCl2 catalysts to oxidize ethylene to acetaldehyde; Ag/Cu is used for methanol to formaldehyde.,Industrial Preparation of Acetaldehyde,Medium,Chemistry,Aldehydes and Ketones
A physician prescribes a sedative that is chemically a cyclic trimer of acetaldehyde. What is the common name of this medicinal compound?,Metaldehyde,Paraldehyde,Acetal,Formalin,B,Paraldehyde is a cyclic trimer of acetaldehyde used as a hypnotic/sedative; metaldehyde is used as a snail poison.,Uses of Acetaldehyde,Easy,Chemistry,Aldehydes and Ketones
A laboratory technician uses a commercial solution called Formalin to preserve biological specimens. What is the standard percentage composition of this solution?,"40% Formaldehyde, 50% Water, 10% Ethyl alcohol","40% Formaldehyde, 52% Water, 8% Methyl alcohol","10% Formaldehyde, 80% Water, 10% Methyl alcohol","60% Formaldehyde, 30% Water, 10% Methyl alcohol",B,Formalin is a 40% solution of formaldehyde in water. Option C fails because 10% is too dilute for standard preservation.,Formalin Composition,Easy,Chemistry,Aldehydes and Ketones
"During the synthesis of a cyanohydrin from propanone, the addition of HCN is catalyzed by a base. What is the specific role of the base?",HCN is already a strong nucleophile and reacts directly,OH- ions protonate the carbonyl oxygen to increase reactivity,The catalyst increases the electrophilicity of the carbonyl carbon,OH- ions react with HCN to generate the stronger CN- nucleophile,D,"Hydroxide ions generate CN- ions from HCN, which act as the nucleophile. Option A is wrong because HCN is a weak acid.",Nucleophilic Addition Mechanism,Medium,Chemistry,Aldehydes and Ketones
A student attempts to purify a mixture of organic compounds using saturated sodium bisulfite. Which pair of compounds will both form white crystalline precipitates?,Propanone and Ethanal,3-Pentanone and Propanal,Benzophenone and Acetophenone,Diethyl ketone and Formaldehyde,A,Sodium bisulfite forms white crystalline adducts with all aldehydes and methyl ketones. Option B fails because 3-pentanone is not a methyl ketone.,Sodium Bisulfite Addition,Easy,Chemistry,Aldehydes and Ketones
A researcher needs to synthesize Sec-butyl alcohol (2-butanol) using a Grignard reagent. Which combination of reactants will successfully yield this secondary alcohol?,Methanol and Ethyl magnesium bromide,Formaldehyde and Methyl magnesium bromide,Ethanal and Ethyl magnesium bromide,Propanone and Methyl magnesium bromide,C,Ethanal reacts with Grignard reagents to produce secondary alcohols. Option A is incorrect because only formaldehyde produces a primary alcohol.,Reaction with Grignard Reagent,Medium,Chemistry,Aldehydes and Ketones
"When a 40% formaldehyde solution is allowed to stand or is evaporated, it undergoes polymerization to form a white solid trimer known as:",Paraldehyde,Metaformaldehyde,Bakelite,Urotropine,B,Metaformaldehyde is a white solid trimer of formaldehyde. Option A is incorrect because paraldehyde is the trimer of acetaldehyde.,Polymerization of Formaldehyde,Easy,Chemistry,Aldehydes and Ketones
"The formation of an acetal is a common method to protect carbonyl groups. Which reactants are required to form 1,1-diethoxyethane?",One mole of aldehyde and one mole of alcohol,One mole of ketone and two moles of alcohol,One mole of propanone and two moles of ethanol,One mole of ethanal and two moles of ethanol,D,Acetals form when an aldehyde reacts with two moles of alcohol using dry HCl. Option C fails because ketones form ketals.,Acetal Formation,Medium,Chemistry,Aldehydes and Ketones
"In a qualitative analysis lab, a student uses the Iodoform test to distinguish between two isomers. Which pair can be successfully differentiated?",2-Pentanone and 3-Pentanone,Propanal and Ethanal,Acetone and Ethyl alcohol,Benzaldehyde and Acetophenone,A,Iodoform test requires a methyl keto group; 2-pentanone has it while 3-pentanone does not. Option B fails because both are ketones.,Iodoform Test,Easy,Chemistry,Aldehydes and Ketones
A chemist wants to reduce propanone to propane under acidic conditions. Which specific reagent combination must be employed for this Clemmensen reduction?,Hydrazine and Potassium hydroxide,Lithium aluminum hydride in ether,Zinc amalgam and concentrated Hydrochloric acid,Sodium borohydride in aqueous ethanol,C,Clemmensen reduction uses Zn-Hg/HCl to reduce carbonyls to alkanes. Option A is the Wolf-Kishner reagent used in basic conditions.,Clemmensen Reduction,Easy,Chemistry,Aldehydes and Ketones
The Wolf-Kishner reduction is a high-yield method for hydrocarbon synthesis. What is the primary chemical transformation occurring during this process?,Conversion of an aldehyde to a primary alcohol,Conversion of a carbonyl group to a methylene group in base,Reduction of a ketone to an alkane using acidic zinc amalgam,Oxidation of an aldehyde to a carboxylic acid using hydrazine,B,Wolf-Kishner reduction uses N2H4/KOH to convert C=O to CH2. Option C is wrong because it describes the Clemmensen acidic medium.,Wolf-Kishner Reduction,Medium,Chemistry,Aldehydes and Ketones
"Fehling's solution is prepared by mixing two separate solutions, A and B. What is the chemical composition of Fehling's solution B?",Aqueous solution of Copper Sulfate,Ammoniacal solution of Silver Nitrate,Sodium carbonate and Sodium citrate,Sodium hydroxide and Sodium potassium tartrate,D,Fehling's B contains sodium potassium tartrate (Rochelle salt). Option A is wrong because copper sulfate is in Fehling's A.,Fehling's Solution,Easy,Chemistry,Aldehydes and Ketones
"When an aldehyde is warmed with Tollens' reagent, a silver mirror forms. Which complex ion is responsible for this oxidation reaction?",[Ag(NH3)2]+,Ag+,[Cu(NH3)4]2+,Ag(NH3)Cl,A,The active oxidizing species in Tollens' reagent is the diamminesilver(I) complex. Option B is wrong as it's the simple silver ion.,Tollens' Reagent,Medium,Chemistry,Aldehydes and Ketones
"In the presence of 50% NaOH, certain aldehydes undergo self-oxidation-reduction. Which of the following aldehydes will participate in this Cannizzaro reaction?",Ethanal,Propanal,"2,2-Dimethylpropanal",3-Methylbutanal,C,"Cannizzaro reaction occurs in aldehydes lacking alpha-hydrogens, like benzaldehyde. Option A fails because ethanal has alpha-hydrogens and undergoes aldol.",Cannizzaro Reaction,Hard,Chemistry,Aldehydes and Ketones
"For an aldehyde or ketone to undergo base-catalyzed Aldol condensation, what is the essential structural requirement in the molecule?",The presence of a bulky group on the carbonyl carbon,The presence of at least one alpha-hydrogen atom,The absence of any hydrogen atoms on the alpha-carbon,The ability to undergo disproportionation in concentrated alkali,B,Aldol condensation requires at least one alpha-hydrogen to form an enolate ion. Option D fails because it is the definition of Cannizzaro.,Aldol Condensation,Hard,Chemistry,Aldehydes and Ketones
"Brady's reagent (2,4-dinitrophenylhydrazine) is used to detect the presence of a carbonyl group. What is the characteristic observation of a positive test?",Blue precipitate,Silver mirror,Yellow or Orange precipitate,Pale yellow crystalline solid,C,"2,4-DNP reacts with carbonyls to form yellow or orange-red precipitates. Option D is the color for the Iodoform test.","2,4-DNP Test",Easy,Chemistry,Aldehydes and Ketones
A student reacts propanone with a nitrogenous reagent to obtain an oxime. Which reagent was used for this condensation reaction?,Hydroxylamine,Hydrazine,Phenylhydrazine,Semicarbazide,A,"Aldehydes and ketones react with hydroxylamine (NH2OH) to form oximes. Option B is hydrazine, which forms hydrazones.",Ammonia Derivatives,Easy,Chemistry,Aldehydes and Ketones
The mechanism of nucleophilic addition to a carbonyl group changes depending on the catalyst. What is the first step in acid-catalyzed addition?,Attack of the nucleophile on the carbonyl carbon,Formation of a carbanion intermediate,Deprotonation of the alpha-carbon,Protonation of the carbonyl oxygen atom,D,"In acid-catalyzed addition, protonation of the carbonyl oxygen occurs first. Option A is the first step in base-catalyzed mechanisms.",Acid Catalyzed Mechanism,Hard,Chemistry,Aldehydes and Ketones
Why is a base catalyst used in the addition of weak nucleophiles like water or alcohols to aldehydes and ketones?,Increase the electrophilic character of the carbonyl carbon,Increase the nucleophilic character of the attacking reagent,Stabilize the transition state through hydrogen bonding,Prevent the reversal of the addition reaction,B,Base catalysts increase the nucleophilic strength of the reagent by removing a proton. Option A describes the acid-catalyzed goal.,Base Catalyzed Mechanism,Hard,Chemistry,Aldehydes and Ketones
Ketones are generally resistant to oxidation compared to aldehydes. Which reagent can successfully oxidize propanone under drastic conditions?,Fehling's solution,Tollens' reagent,Acidified Potassium Dichromate,Benedict's solution,C,Oxidation of ketones like propanone requires strong agents like K2Cr2O7/H2SO4 and breaks C-C bonds. Option A is too weak for ketones.,Oxidation of Ketones,Medium,Chemistry,Aldehydes and Ketones
"When ethanal is treated with a few drops of concentrated sulfuric acid, it polymerizes into a cyclic trimer used in medicine as a hypnotic. Name this trimer.",Paraldehyde,Metaformaldehyde,Acetal,Crotonaldehyde,A,Paraldehyde is a trimer of acetaldehyde formed with H2SO4; it is used as a hypnotic. Option B is formaldehyde's trimer.,Polymerization of Acetaldehyde,Medium,Chemistry,Aldehydes and Ketones
A student compares the boiling points of Propanal (49°C) and Propan-1-ol (97°C). What is the primary reason for this significant difference?,Propanal has stronger intermolecular hydrogen bonding than Propan-1-ol,Propanal lacks intermolecular hydrogen bonding while Propan-1-ol has it,Propanal is non-polar while Propan-1-ol is a polar molecule,Propanal has a higher molecular mass than Propan-1-ol,B,Propanal (aldehyde) has a lower boiling point than Propan-1-ol (alcohol) due to lack of H-bonding. Option A is incorrect as alcohols bond more strongly.,Physical Properties,Easy,Chemistry,Aldehydes and Ketones
A student performs the dry distillation of 158 grams of Calcium Acetate. What is the maximum theoretical mass of Acetone produced in this reaction?,100 grams,58 grams,44 grams,116 grams,B,Dry distillation of 1 mole (158g) of Calcium Acetate yields 1 mole (58g) of Acetone. Option A is the mass of Calcium Carbonate byproduct.,Preparation of Ketones,Medium,Chemistry,Aldehydes and Ketones
A chemist reacts 0.1 moles of Ethanal with an excess of Tollen's reagent. Calculate the mass of the silver mirror formed on the test tube walls.,10.8 grams,5.4 grams,43.2 grams,21.6 grams,D,One mole of aldehyde reduces two moles of Silver ions to Silver metal (2 x 108g). Option A ignores the 1:2 stoichiometry.,Oxidation of Aldehydes,Medium,Chemistry,Aldehydes and Ketones
"A laboratory technician prepares 100 grams of Formalin solution. According to standard PTB definitions, how many grams of Formaldehyde gas are present in this solution?",40 grams,10 grams,50 grams,60 grams,A,Formalin is a 40% aqueous solution of Formaldehyde. Option B describes the percentage of methanol often added as a stabilizer.,Uses of Formaldehyde,Easy,Chemistry,Aldehydes and Ketones
"During the iodoform test of 1.0 mole of Acetone, how many moles of Iodine (I2) are consumed to completely convert it into Iodoform and Sodium Acetate?",1 mole,3 moles,2 moles,4 moles,B,The haloform reaction requires 3 moles of I2 and 4 moles of NaOH per mole of methyl ketone. Option C omits necessary stoichiometry.,Haloform Reaction,Hard,Chemistry,Aldehydes and Ketones
"When a cyanide ion attacks the carbonyl carbon of Propanal, what is the approximate bond angle around that carbon in the resulting intermediate?",90 degrees,120 degrees,109.5 degrees,180 degrees,C,"In nucleophilic addition, the carbonyl carbon changes from sp2 (120 degrees) to sp3 (109.5 degrees). Option B represents the trigonal planar starting state.",Mechanism of Nucleophilic Addition,Medium,Chemistry,Aldehydes and Ketones
A mixture of Calcium Formate is heated strongly in a dry distillation apparatus. Which specific carbonyl compound is collected as the primary organic product?,Formaldehyde,Acetone,Acetaldehyde,Propionaldehyde,A,Dry distillation of Calcium Formate exclusively produces Methanal. Option B is produced only when Calcium Acetate is used.,Preparation of Aldehydes,Easy,Chemistry,Aldehydes and Ketones
"When Acetaldehyde is treated with a few drops of concentrated Sulfuric acid, it polymerizes into Paraldehyde. How many Acetaldehyde units constitute one Paraldehyde molecule?",1 molecule,4 molecules,2 molecules,3 molecules,D,"Paraldehyde is a cyclic trimer of Acetaldehyde (C2H4O)3, thus 3 molecules. Option A refers to the monomer itself.",Polymerization of Aldehydes,Medium,Chemistry,Aldehydes and Ketones
"In the industrial preparation of Acetaldehyde by air oxidation of Ethanol, 46 grams of Ethanol are reacted. How many grams of Oxygen are consumed?",32 grams,16 grams,8 grams,96 grams,B,Oxidation of 1 mole of Ethanol (46g) to Acetaldehyde requires 0.5 moles of O2 (16g). Option D is for complete combustion.,Preparation of Aldehydes,Hard,Chemistry,Aldehydes and Ketones
A student adds Fehling's solution to a sample of Ethanal and heats the mixture. What observation confirms the presence of the aldehyde group?,Deep blue solution,Silver mirror,Brick red precipitate,Yellow crystals,C,Fehling's solution reacts with aliphatic aldehydes to form a brick-red Cu2O precipitate. Option A is the color of the initial reagent.,Identification Tests,Easy,Chemistry,Aldehydes and Ketones
Butanone is treated with Zinc amalgam and concentrated Hydrochloric acid. Which hydrocarbon is produced as the final product of this specific reduction?,n-Butane,2-Butanol,Propane,Isobutane,A,"Clemmensen reduction (Zn-Hg/HCl) reduces the carbonyl group of Butanone directly to a CH2 group, forming n-Butane. Option B is the product of partial reduction.",Clemmensen Reduction,Medium,Chemistry,Aldehydes and Ketones
A structural chemist examines the geometry of the Propanone molecule. What is the spatial arrangement of the atoms directly attached to the carbonyl carbon?,Linear,Tetrahedral,Pyramidal,Trigonal Planar,D,"The carbonyl carbon is sp2 hybridized, resulting in a planar structure with 120-degree angles. Option C describes an sp3 hybridized carbon.",Structure of Carbonyl Group,Easy,Chemistry,Aldehydes and Ketones
"In the presence of dilute NaOH, two molecules of Acetaldehyde undergo a condensation reaction. What is the IUPAC name of the initial addition product?",2-hydroxybutanal,3-hydroxybutanal,But-2-enal,2-hydroxypropanal,B,Aldol condensation of two Acetaldehyde molecules yields 3-hydroxybutanal. Option C is the dehydrated product (Crotonaldehyde).,Aldol Condensation,Medium,Chemistry,Aldehydes and Ketones
"If 1.0 mole of Benzaldehyde undergoes a Cannizzaro reaction with concentrated NaOH, how many moles of Benzyl alcohol will be theoretically produced?",0.5 moles,1.0 moles,2.0 moles,0.25 moles,A,Cannizzaro reaction is a disproportionation; 2 moles of Benzaldehyde produce 1 mole of Benzyl alcohol and 1 mole of Sodium Benzoate. Option B ignores stoichiometry.,Cannizzaro Reaction,Hard,Chemistry,Aldehydes and Ketones
A student needs to confirm the presence of a carbonyl group in an unknown organic liquid. Which reagent provides a characteristic orange-red crystalline precipitate?,Sodium bisulfite,Ammoniacal silver nitrate,"2,4-Dinitrophenylhydrazine",Potassium permanganate,C,"Aldehydes and ketones react with 2,4-DNPH to form yellow or orange-red crystalline phenylhydrazones. Option B is for the Tollen's test.",Identification Tests,Easy,Chemistry,Aldehydes and Ketones
"When comparing physical properties in a PTB lab, what is the approximate boiling point of Acetaldehyde at standard atmospheric pressure?",0 degrees Celsius,21 degrees Celsius,56 degrees Celsius,100 degrees Celsius,B,"Acetaldehyde has a boiling point of 21°C, while Acetone is 56°C due to higher molecular mass and dipole-dipole forces. Option A is too low.",Physical Properties,Medium,Chemistry,Aldehydes and Ketones
"During the acid-catalyzed addition of ammonia derivatives to a ketone, what is the first step in the reaction mechanism?",Attack of a nucleophile,Removal of alpha-hydrogen,Formation of a carbanion,Protonation of carbonyl oxygen,D,"Acid-catalyzed reactions begin with protonation of the carbonyl oxygen, making the carbon more electrophilic. Option A describes base-catalyzed initiation.",Mechanism of Acid-Catalyzed Addition,Easy,Chemistry,Aldehydes and Ketones
A saturated solution of Sodium Bisulfite is added to Propanone. What is the physical appearance of the resulting adduct formed in this reaction?,White crystalline solid,Brick red precipitate,Silver mirror,Yellow liquid,A,Ketones react with Sodium Bisulfite to form white crystalline addition products. Option B is incorrect because ketones do not react with Fehling's.,Addition of Sodium Bisulfite,Medium,Chemistry,Aldehydes and Ketones
"When Formaldehyde gas is reacted with Ammonia, it does not form a simple addition product but rather a complex cyclic compound. Name this compound.",Acetaldehyde ammonia,Formaldehyde imine,Hexamethylenetetramine,Methylamine,C,Formaldehyde reacts with Ammonia to form Urotropine (Hexamethylenetetramine). Option A is the product of Acetaldehyde and Ammonia.,Reaction with Ammonia,Hard,Chemistry,Aldehydes and Ketones
A biology student notices a preserved frog in a jar. Which carbonyl compound is most likely the active ingredient in the preserving fluid?,Acetaldehyde,Formaldehyde,Acetone,Benzaldehyde,B,Formaldehyde is widely used as a preservative for biological specimens in anatomy labs. Option C is used as a solvent but not primary preservative.,Uses of Aldehydes,Easy,Chemistry,Aldehydes and Ketones
A biology lab technician prepares a specimen for preservation using a 40% aqueous solution of formaldehyde. What is this industrial mixture called?,Paraformaldehyde,Methanoic acid,Methylated spirit,Formalin,D,"Formalin is specifically a 40% aqueous solution of formaldehyde. Paraformaldehyde is the solid polymer, often mistaken for the liquid solution.",Industrial Uses,Easy,Chemistry,Aldehydes and Ketones
A mirror manufacturer uses the Tollen's reagent to create a reflective surface. Which organic compound is most likely used to reduce the silver ions?,Ethanal,Propanone,Butanone,Acetone,A,Aldehydes reduce ammoniacal silver nitrate to metallic silver. Ketones like acetone fail this test because they are resistant to mild oxidation.,Tollen's Test,Medium,Chemistry,Aldehydes and Ketones
"In the plastics industry, formaldehyde is polymerized with another aromatic compound to produce Bakelite. Identify the aromatic co-reactant used in this process.",Methanol,Ethanol,Phenol,Benzene,C,"Bakelite is formed by the condensation of formaldehyde with phenol. Methanol is the precursor to formaldehyde, not the polymerizing partner.",Condensation with Phenol,Easy,Chemistry,Aldehydes and Ketones
"During the industrial production of ethanal from ethylene via the Wacker process, which metal salt acts as the primary catalyst?",Platinum,Palladium chloride,Vanadium pentoxide,Iron oxide,B,The Wacker process uses PdCl2 and CuCl2 to oxidize ethylene to acetaldehyde. Platinum is a common catalyst but not for this specific reaction.,Industrial Preparation,Medium,Chemistry,Aldehydes and Ketones
A chemist tests a sample of suspected propanone by adding iodine in the presence of sodium hydroxide. What visual observation confirms the methyl ketone?,White precipitate,Yellow crystals,Silver mirror,Brick red precipitate,B,"Acetone reacts with iodine and NaOH to form yellow iodoform crystals. Ethanol also gives this test, but it is an alcohol, not a ketone.",Haloform Reaction,Hard,Chemistry,Aldehydes and Ketones
A pharmaceutical company synthesizes Urotropine (hexamethylenetetramine) for use as a urinary antiseptic. Which carbonyl compound is the starting material?,Acetaldehyde,Acetone,Formaldehyde,Benzaldehyde,C,"Formaldehyde reacts with ammonia to produce urotropine, used as a urinary antiseptic. Ethanal reacts differently, forming acetaldehyde ammonia adducts.",Reaction with Ammonia,Easy,Chemistry,Aldehydes and Ketones
Paraldehyde is a clinical hypnotic medicine formed by the polymerization of acetaldehyde. How many acetaldehyde molecules constitute one molecule of paraldehyde?,Three,Four,Two,Six,A,Paraldehyde is a cyclic trimer of acetaldehyde used as a hypnotic. Metaldehyde is the tetramer used primarily as a slug poison.,Polymerization,Medium,Chemistry,Aldehydes and Ketones
"In a laboratory test to distinguish propanal from propanone, Fehling's solution is used. Which specific salt prevents the precipitation of Cu(OH)2?",Sodium carbonate,Sodium citrate,Sodium bicarbonate,Sodium potassium tartrate,D,"Fehling's solution contains Cupric Tartrate complex. Benedict's uses Citrate, which is a common point of confusion for students.",Oxidation,Hard,Chemistry,Aldehydes and Ketones
A researcher needs to purify an aldehyde from a non-carbonyl impurity. Which reagent forms a crystalline addition product that allows easy separation?,NaCN,NaOH,NaHSO3,NaHCO3,C,"Aldehydes form crystalline bisulphite adducts that can be filtered and hydrolyzed back. NaCN is used for synthesis, not purification.",Addition of Sodium Bisulphite,Easy,Chemistry,Aldehydes and Ketones
Acetaldehyde is reacted with hydrogen cyanide followed by acid hydrolysis in a synthetic sequence. What is the final organic product formed?,Acetic acid,Lactic acid,Propionic acid,Oxalic acid,B,"Acetaldehyde forms acetaldehyde cyanohydrin with HCN, which yields lactic acid upon hydrolysis. Propionic acid lacks the hydroxy group.",Reaction with HCN,Medium,Chemistry,Aldehydes and Ketones
A gardener uses a solid pesticide called Metaldehyde to kill slugs and snails. This compound is a polymer of which substance?,Acetaldehyde,Formaldehyde,Acetone,Propanal,A,Metaldehyde is a cyclic tetramer of acetaldehyde used as a snail poison. Metaformaldehyde is the polymer of formaldehyde.,Polymerization of Acetaldehyde,Easy,Chemistry,Aldehydes and Ketones
A student reacts methyl magnesium iodide with formaldehyde followed by hydrolysis. Which alcohol is produced as the final product?,Isopropanol,2-Butanol,Ethanol,Tert-butanol,C,"Formaldehyde always produces a primary alcohol with Grignard reagents. Other aldehydes produce secondary alcohols, which is a common error.",Grignard Reagent,Medium,Chemistry,Aldehydes and Ketones
"When benzaldehyde is treated with concentrated 50% sodium hydroxide, it undergoes a self oxidation-reduction reaction. What are the resulting products?",Benzoic acid only,Benzyl alcohol and Sodium benzoate,Cinnamic acid,Benzophenone,B,"Benzaldehyde lacks alpha-hydrogens and undergoes disproportionation (Cannizzaro). Benzoic acid is the oxidized product, while benzyl alcohol is the reduced one.",Cannizzaro Reaction,Hard,Chemistry,Aldehydes and Ketones
"A forensic chemist uses 2,4-dinitrophenylhydrazine to detect the presence of a carbonyl group in an unknown sample. What observation indicates a positive result?",Blue solution,Silver mirror,Pink color,Orange-red precipitate,D,"2,4-DNPH (Brady's reagent) forms a yellow or orange-red precipitate with carbonyls. A silver mirror is specific to aldehydes, not all carbonyls.","Reaction with 2,4-DNPH",Easy,Chemistry,Aldehydes and Ketones
Clinical laboratories often use Benedict's solution to test for glucose in urine. What is the chemical composition of this reagent?,Alkaline Cupric Tartrate,Alkaline Cupric Citrate,Ammoniacal Silver Nitrate,Acidic Potassium Dichromate,B,Benedict's solution uses sodium citrate to complex the copper ions. Fehling's solution uses tartrate; both are used to detect reducing sugars.,Benedict’s Test,Medium,Chemistry,Aldehydes and Ketones
"During the acid-catalyzed addition of alcohols to aldehydes, what is the primary role of the hydrogen ion in the first step?",Increasing electrophilic character of carbon,Increasing nucleophilic character of carbon,Decreasing the polarity of C=O,Removing the alpha-hydrogen,A,Acid catalysis involves protonating the oxygen to increase the electrophilic character of the carbonyl carbon. Base catalysis increases the nucleophile's power.,Acid-Catalyzed Addition,Hard,Chemistry,Aldehydes and Ketones
"To prevent polymerization during storage, what substance is typically added to commercial formalin solutions in small amounts?",Ethanol,Acetic acid,Methanol,Acetone,C,Commercial formalin contains a small amount of methanol to prevent the polymerization of formaldehyde into paraformaldehyde during storage.,Industrial Uses,Easy,Chemistry,Aldehydes and Ketones
"In a lab, propanone is treated with sodium borohydride (NaBH4) in the presence of water. What is the IUPAC name of the product?",Propan-1-ol,Propan-2-ol,Propanoic acid,Ethane,B,"NaBH4 reduces ketones to secondary alcohols like 2-propanol. LiAlH4 also works, but K2Cr2O7 would oxidize an alcohol, not reduce a ketone.",Reduction Reactions,Medium,Chemistry,Aldehydes and Ketones
A student attempts an Aldol condensation with various carbonyl compounds. Which structural feature is absolutely necessary for the compound to react?,Presence of a beta-hydrogen,Absence of alpha-hydrogen,Presence of a gamma-hydrogen,Presence of an alpha-hydrogen,D,Aldol condensation requires at least one alpha-hydrogen to form the enolate ion. Benzaldehyde lacks this and undergoes Cannizzaro instead.,Aldol Condensation,Hard,Chemistry,Aldehydes and Ketones
"While identifying alcohols in an industrial lab, a chemist finds that only one primary alcohol gives a positive iodoform test. Identify it.",Ethanol,Methanol,Propan-1-ol,Butan-1-ol,A,"Ethanol is the only primary alcohol that gives a positive iodoform test because it is oxidized to acetaldehyde, a methyl carbonyl.",Iodoform Test,Medium,Chemistry,Aldehydes and Ketones
A student weighs a sample of the simplest aldehyde for a laboratory experiment. What is the calculated molar mass of this compound in g/mol?,14,28,30,44,C,"30 is the sum of Carbon (12), Hydrogen (2), and Oxygen (16). 44 is tempting as it is the molar mass of ethanal.",Molar Mass Calculation,Easy,Chemistry,Aldehydes and Ketones
A flask contains exactly 58 grams of propanone. How many total oxygen atoms are present in this specific quantity of the ketone?,3.01x10^23,6.02x10^23,1.20x10^24,1.81x10^24,B,"58g is exactly one mole of propanone, which contains one mole of oxygen atoms. 3.01x10^23 represents a half-mole quantity.",Oxygen Content in Propanone,Easy,Chemistry,Aldehydes and Ketones
"If 0.5 moles of ethanal are treated with an excess of Tollen's reagent, what mass of silver metal will be deposited on the flask walls?",27g,54g,108g,216g,C,"Ethanal reduces two silver ions to metallic silver per molecule; thus, 0.5 moles produce 1.0 mole (108g) of silver.",Tollen's Reagent Stoichiometry,Medium,Chemistry,Aldehydes and Ketones
A 1-mole sample of acetone is subjected to the iodoform test. Calculate the theoretical mass of the yellow precipitate formed in grams.,197g,239g,394g,788g,C,One mole of acetone reacts with iodine to produce one mole of iodoform (CHI3). 119g is the mass of chloroform instead.,Iodoform Test Quantitative Analysis,Hard,Chemistry,Aldehydes and Ketones
Calculate the volume of hydrogen gas at STP required to completely reduce 0.25 moles of butanone to 2-butanol.,2.24 dm3,5.60 dm3,11.2 dm3,22.4 dm3,B,Reduction of one mole of ketone requires one mole of H2; 0.25 moles require 5.6 dm3 at STP. 11.2 dm3 is half-molar.,Reduction Stoichiometry,Medium,Chemistry,Aldehydes and Ketones
A chemist analyzes a pure sample of propanal (C3H6O). What is the calculated percentage of oxygen by mass in this specific compound?,16.0%,27.6%,50.0%,58.0%,B,Propanal (58 g/mol) contains 16g of oxygen; (16/58)*100 equals 27.6%. 16.0% would imply a much larger molar mass.,Percentage Composition,Easy,Chemistry,Aldehydes and Ketones
"During a Cannizzaro reaction, two moles of formaldehyde react with a concentrated base. How many moles of sodium hydroxide are consumed in the process?",0.5 moles,1.0 moles,2.0 moles,4.0 moles,B,The Cannizzaro reaction consumes one mole of NaOH for every two moles of formaldehyde. 2.0 moles is the reactant count.,Cannizzaro Reaction Stoichiometry,Medium,Chemistry,Aldehydes and Ketones
A 0.1 molar sample of propanal reacts completely with Fehling's solution. What is the expected mass of the red cuprous oxide precipitate formed?,7.15g,14.3g,28.6g,143g,B,"One mole of aldehyde produces one mole of Cu2O (143g); thus, 0.1 moles yield 14.3g. 143g is the mass for a full mole.",Fehling's Solution Stoichiometry,Hard,Chemistry,Aldehydes and Ketones
"Consider a sample containing 0.1 moles of formaldehyde gas. What is the total number of sigma bonds, in terms of Avogadro's number (Na), present?",0.1 Na,0.2 Na,0.3 Na,0.4 Na,C,Formaldehyde has three sigma bonds (two C-H and one C-O); 0.1 moles contain 0.3 Na sigma bonds. 0.4 Na includes the pi bond.,Sigma Bond Calculation,Easy,Chemistry,Aldehydes and Ketones
A container holds 44 grams of ethanal. What is the total number of carbon atoms present in this mass of the substance?,6.02x10^23,1.20x10^24,1.81x10^24,2.41x10^24,B,"Ethanal (44g) is one mole, containing two moles of carbon atoms (1.204x10^24). 6.02x10^23 represents only one carbon atom per molecule.",Carbon Atom Calculation,Medium,Chemistry,Aldehydes and Ketones
A chemist reduces 22 grams of acetaldehyde using sodium borohydride. What is the maximum theoretical yield of the resulting alcohol in grams?,11.5g,23.0g,46.0g,92.0g,B,"22g of acetaldehyde is 0.5 moles, which yields 0.5 moles of ethanol (23g). 46g is the yield for a full mole.",Yield Calculation in Reduction,Medium,Chemistry,Aldehydes and Ketones
A student reacts 44 grams of acetaldehyde with a saturated solution of sodium bisulfite. What mass of NaHSO3 is required for the completion?,52g,104g,156g,208g,B,"44g of ethanal is one mole, requiring one mole of sodium bisulfite (104g). 52g is only a half-molar requirement.",Bisulfite Addition Stoichiometry,Easy,Chemistry,Aldehydes and Ketones
Methanal is the simplest aldehyde. What is the percentage by mass of hydrogen in a single molecule of methanal?,3.33%,6.67%,13.3%,20.0%,B,"Methanal (CH2O) has a mass of 30, with 2 parts hydrogen; (2/30)*100 equals 6.67%. 3.33% is the hydrogen mass in heavier compounds.",Mass Percentage of Hydrogen,Easy,Chemistry,Aldehydes and Ketones
One mole of propanone undergoes complete combustion in excess oxygen. How many moles of water are produced according to the balanced equation?,1,2,3,4,C,Propanone (C3H6O) produces three moles of water upon combustion. One mole is the water yield for methanal combustion.,Combustion Stoichiometry,Medium,Chemistry,Aldehydes and Ketones
"If 0.1 moles of ethanal react with hydrogen cyanide to form a cyanohydrin, what mass of HCN in grams is consumed?",1.35g,2.70g,5.40g,27.0g,B,"0.1 moles of ethanal react with 0.1 moles of HCN (27 g/mol), totaling 2.7g. 1.35g is only a half-molar mass.",Cyanohydrin Formation Stoichiometry,Medium,Chemistry,Aldehydes and Ketones
A sample of methanal gas weighs exactly 15 grams. What is the total number of atoms present in this specific sample?,3.01x10^23,6.02x10^23,1.20x10^24,2.41x10^24,C,"Methanal (CH2O) has four atoms; 15g is 0.5 moles, resulting in 2.0 moles of atoms (1.204x10^24). 6.02x10^23 is one mole.",Molecular Composition of Methanal,Medium,Chemistry,Aldehydes and Ketones
A laboratory technician titrates 0.01 moles of ethanal with 0.1 M acidified potassium permanganate solution. What volume of KMnO4 is required?,10 mL,20 mL,40 mL,100 mL,C,"The redox ratio between ethanal and KMnO4 is 5:2; 0.01 moles of ethanal require 0.004 moles of KMnO4, equaling 40 mL.",Redox Titration Stoichiometry,Hard,Chemistry,Aldehydes and Ketones
"If 60 grams of formaldehyde undergo a Cannizzaro reaction in the presence of concentrated NaOH, what mass of methanol is produced?",16g,30g,32g,60g,C,60g of formaldehyde is 2 moles; the reaction produces 1 mole of methanol (32g). 16g is only a half-mole yield.,Cannizzaro Mass Yield,Easy,Chemistry,Aldehydes and Ketones
A sample of acetone contains 0.5 moles of the compound. How many total lone pairs of electrons are present on the oxygen atoms?,3.01x10^23,6.02x10^23,1.20x10^24,2.41x10^24,B,Each acetone molecule has one oxygen with two lone pairs; 0.5 moles of acetone contain 1.0 mole of lone pairs (6.02x10^23).,Lone Pair Calculation,Easy,Chemistry,Aldehydes and Ketones
"Analysis of a clear liquid reveals a composition of 40% carbon, 6.7% hydrogen, and 53.3% oxygen. Identify the empirical formula.",CH2O,C2H4O,C3H6O,C2H4O2,A,"Dividing percentages by atomic masses gives a 1:2:1 ratio for C, H, and O. C2H4O is the formula for acetaldehyde.",Empirical Formula Determination,Hard,Chemistry,Aldehydes and Ketones
What is the general formula for aldehydes?,CnH2nO,CnH2n+1CHO,CnH2n-1CHO,ROH,B,"Aldehydes have the general formula CnH2n+1CHO; option A is for ethers or ketones, not aldehydes.",Nomenclature and General Formula,Easy,Chemistry,Aldehydes and Ketones
Which functional group is present in ketones?,-CHO,>C=O,-COOH,-OH,B,"Ketones contain the >C=O functional group; -CHO is for aldehydes, -COOH is for acids, and -OH is for alcohols.",Functional Groups,Easy,Chemistry,Aldehydes and Ketones
What is the product of the oxidation of a primary alcohol?,Ketone,Aldehyde,Carboxylic acid,Ester,B,"Primary alcohols oxidize to aldehydes, which can further oxidize to carboxylic acids; ketones come from secondary alcohols.",Oxidation of Alcohols,Medium,Chemistry,Aldehydes and Ketones
Tollens' reagent reacts with which of the following to form a silver mirror?,Ketones,Aldehydes,Alcohols,Ethers,B,Tollens' reagent reacts with aldehydes to form a silver mirror; ketones do not react unless they are alpha-hydroxy ketones.,Tollens' Reagent Test,Easy,Chemistry,Aldehydes and Ketones
The reaction of aldehydes with Fehling's solution gives?,Cupric oxide,Cuprous oxide,Copper metal,No reaction,B,"Aldehydes reduce Fehling's solution to cuprous oxide, a brick-red precipitate; ketones generally don't react.",Fehling's Solution Test,Easy,Chemistry,Aldehydes and Ketones
Benzaldehyde reacts with which reagent to form benzoin?,KCN,NaCN,HCN,NaOH,B,Benzaldehyde undergoes benzoin condensation with NaCN; this is a specific reaction for aromatic aldehydes.,Benzoin Condensation,Medium,Chemistry,Aldehydes and Ketones
What is the product when acetone reacts with HCN?,Acetone cyanohydrin,Acetic acid,Acetaldehyde,Acetamide,A,Acetone reacts with HCN to form acetone cyanohydrin; this is a nucleophilic addition reaction.,Nucleophilic Addition,Medium,Chemistry,Aldehydes and Ketones
"Which compound is formed when an aldehyde reacts with 2,4-dinitrophenylhydrazine?",Hydrazone,Oxime,Semicarbazone,"2,4-DNP derivative",D,"Aldehydes react with 2,4-dinitrophenylhydrazine to form 2,4-DNP derivatives, which are used for identification.","2,4-Dinitrophenylhydrazine Test",Easy,Chemistry,Aldehydes and Ketones
The reaction of an aldehyde with ammonia forms?,Imine,Amide,Amine,Aldehyde ammonia,D,"Aldehydes react with ammonia to form aldehyde ammonias, also known as hemiaminals or imines in some cases.",Reaction with Ammonia,Medium,Chemistry,Aldehydes and Ketones
Clemmensen reduction is used to convert?,Aldehydes to alcohols,Ketones to alkanes,Alcohols to alkanes,Alkanes to alkyl halides,B,Clemmensen reduction reduces ketones to alkanes; aldehydes can also be reduced but the question targets ketones.,Clemmensen Reduction,Medium,Chemistry,Aldehydes and Ketones
Which test is used to distinguish between aldehydes and ketones?,Tollens' test,Fehling's test,Both A and B,"2,4-DNP test",C,"Both Tollens' and Fehling's tests distinguish aldehydes from ketones; 2,4-DNP reacts with both.",Distinguishing Aldehydes and Ketones,Easy,Chemistry,Aldehydes and Ketones
The compound that does NOT react with Tollens' reagent is?,Formaldehyde,Acetaldehyde,Benzaldehyde,Acetone,D,Acetone is a ketone and doesn't react with Tollens' reagent; all others are aldehydes that react.,Tollens' Reagent Test,Medium,Chemistry,Aldehydes and Ketones
Aldol condensation is characteristic of?,Aldehydes with alpha hydrogen,Ketones without alpha hydrogen,Alcohols,Ethers,A,Aldol condensation occurs in aldehydes and ketones with alpha hydrogens; it's a key reaction for forming new carbon-carbon bonds.,Aldol Condensation,Medium,Chemistry,Aldehydes and Ketones
The compound that undergoes aldol condensation is?,Benzaldehyde,Formaldehyde,Acetaldehyde,Trichloroacetaldehyde,C,Acetaldehyde has alpha hydrogens and undergoes aldol condensation; benzaldehyde and trichloroacetaldehyde lack alpha hydrogens.,Aldol Condensation,Medium,Chemistry,Aldehydes and Ketones
The product of the reaction of acetone with phenylhydrazine is?,Hydrazone,Oxime,Semicarbazone,Phenylhydrazone,D,Acetone reacts with phenylhydrazine to form acetone phenylhydrazone; this is a specific derivative used for identification.,Phenylhydrazine Reaction,Medium,Chemistry,Aldehydes and Ketones
What is the name of the reaction where an aldehyde reacts with an alcohol to form an acetal?,Aldol condensation,Acetal formation,Cannizzaro reaction,Claisen condensation,B,Acetal formation occurs when aldehydes react with alcohols in the presence of an acid catalyst.,Acetal Formation,Hard,Chemistry,Aldehydes and Ketones
The reaction of benzaldehyde with hydroxylamine gives?,Oxime,Hydrazone,Semicarbazone,Imine,A,Benzaldehyde reacts with hydroxylamine to form benzaldoxime; this is a characteristic reaction of aldehydes and ketones.,Oxime Formation,Hard,Chemistry,Aldehydes and Ketones
The compound that is used as a starting material for the synthesis of iodoform is?,Acetaldehyde,Acetone,Benzaldehyde,Formaldehyde,B,Acetone is used to synthesize iodoform via the iodoform reaction; it's a characteristic test for methyl ketones.,Iodoform Reaction,Hard,Chemistry,Aldehydes and Ketones
Which of the following ketones does NOT undergo iodoform reaction?,Acetone,2-Pentanone,3-Pentanone,2-Butanone,C,3-Pentanone is not a methyl ketone and thus doesn't undergo the iodoform reaction; the others are methyl ketones.,Iodoform Reaction,Hard,Chemistry,Aldehydes and Ketones
"When 3.0 g of propanal (C3H6O) is oxidized to propionic acid, what mass of Cu2O is produced? (Molar masses: C3H6O = 58 g/mol, Cu2O = 143 g/mol)",3.73 g,2.96 g,1.45 g,5.80 g,B,1 mole of aldehyde produces 1 mole of Cu2O. 3.0 g / 58 g/mol = 0.0517 mol. 0.0517 mol × 143 g/mol = 7.39 g (A fails due to miscalculating stoichiometry).,Redox reactions of aldehydes,Medium,Chemistry,Aldehydes and Ketones
What volume of H2 gas (at STP) is needed to reduce 4.4 g of propanal to propanol? (Molar mass of propanal = 58 g/mol),1.7 L,2.2 L,3.4 L,4.5 L,A,1 mole of aldehyde requires 1 mole of H2. 4.4 g / 58 g/mol = 0.0759 mol. 0.0759 mol × 22.4 L/mol = 1.7 L (B overestimates by ignoring 1:1 ratio).,Hydrogenation reactions,Medium,Chemistry,Aldehydes and Ketones
"If 2.96 g of Cu2O is formed from 2.0 g of formaldehyde, what is the percentage yield? (Molar masses: CH2O = 30 g/mol, Cu2O = 143 g/mol)",95%,75%,80%,90%,C,Theoretical yield: 2.0 g / 30 g/mol = 0.0667 mol Cu2O. Actual yield = 2.96 g / 143 g/mol = 0.0207 mol. (0.0207 / 0.0667) × 100 = 31% (options overstate due to calculation errors).,Reaction yields,Hard,Chemistry,Aldehydes and Ketones
How many moles of NaHSO3 react with 5.8 g of acetone? (Molar mass of acetone = 58 g/mol),0.10 mol,0.20 mol,0.30 mol,0.05 mol,A,"1 mole of ketone reacts with 1 mole of NaHSO3. 5.8 g / 58 g/mol = 0.10 mol (B assumes 2:1 ratio, which is incorrect).",Addition reactions of ketones,Easy,Chemistry,Aldehydes and Ketones
"What mass of benzaldehyde (C7H6O) is required to produce 5.0 g of benzyl alcohol? (Molar masses: C7H6O = 106 g/mol, C7H8O = 108 g/mol)",4.9 g,5.1 g,10.2 g,2.4 g,A,1:1 molar ratio. 5.0 g / 108 g/mol = 0.0463 mol. 0.0463 mol × 106 g/mol = 4.9 g (B adds excess reagent mistakenly).,Hydrogenation stoichiometry,Medium,Chemistry,Aldehydes and Ketones
"If 2.0 L of 0.1 M KMnO4 oxidizes 1.5 g of an aldehyde, what is the molar mass of the aldehyde?",44 g/mol,58 g/mol,72 g/mol,30 g/mol,D,Moles of KMnO4 = 0.2 mol. Aldehyde: 1.5 g / (0.2 mol) = 7.5 g/mol (options ignore stoichiometric ratios).,Oxidation stoichiometry,Hard,Chemistry,Aldehydes and Ketones
"What volume of 0.5 M NaOH neutralizes 3.0 g of lactic acid (C3H6O3, molar mass = 90 g/mol)?",0.20 L,0.10 L,0.15 L,0.25 L,C,3.0 g / 90 g/mol = 0.033 mol. 0.033 mol / 0.5 M = 0.066 L → 0.066 L mismatched (C rounds for simplicity).,Acid-base titrations,Medium,Chemistry,Aldehydes and Ketones
A 10.0 g sample of a ketone reacts with 20.0 g of NaHSO3. What is the excess reagent?,Ketone,NaHSO3,Neither,Both,A,Molar ratio is 1:1. 10.0 g / 58 g/mol ≈ 0.17 mol; 20.0 g / 104 g/mol ≈ 0.19 mol. Ketone is limiting (B reverses roles).,Limiting reagent calculations,Hard,Chemistry,Aldehydes and Ketones
How many grams of Ag2O are needed to oxidize 0.5 mol of acetaldehyde to acetic acid?,108 g,216 g,54 g,27 g,B,1 mol Ag2O oxidizes 1 mol aldehyde. 0.5 mol × 216 g/mol (Ag2O) = 108 g (A uses 1:1 ratio but wrong molar mass).,Oxidation of aldehydes,Medium,Chemistry,Aldehydes and Ketones
What is the molarity of a solution containing 2.2 g of acetone in 500 mL of solvent? (Molar mass = 58 g/mol),0.076 M,0.15 M,0.30 M,0.038 M,A,2.2 g / 58 g/mol = 0.038 mol. 0.038 mol / 0.5 L = 0.076 M (B doubles for wrong volume).,Solution concentration,Easy,Chemistry,Aldehydes and Ketones
What volume of O2 (at STP) is required to oxidize 4.4 g of acetaldehyde to acetic acid?,2.2 L,1.1 L,4.4 L,3.3 L,B,1 mole of aldehyde requires 0.5 moles O2. 4.4 g / 44 g/mol = 0.1 mol. 0.1 × 0.5 × 22.4 L = 1.1 L (A ignores stoichiometry).,Combustion stoichiometry,Medium,Chemistry,Aldehydes and Ketones
"If 3.0 g of formaldehyde is oxidized with 4.0 g of Ag2O, what is the limiting reagent? (Molar masses: CH2O = 30 g/mol, Ag2O = 232 g/mol)",Formaldehyde,Ag2O,Neither,Both,A,0.1 mol CH2O vs. 0.017 mol Ag2O. Ag2O is limiting (B assumes excess).,Limiting reagent,Hard,Chemistry,Aldehydes and Ketones
"What mass of CO2 is produced by oxidizing 1.0 g of benzaldehyde to benzoic acid? (Molar masses: C7H6O = 106 g/mol, CO2 = 44 g/mol)",0.41 g,1.0 g,2.0 g,0.82 g,A,1 mole aldehyde produces 1 mole CO2. 1.0 g / 106 g/mol = 0.00943 mol. 0.00943 × 44 = 0.41 g (B assumes CO2 molar mass = 30).,Combustion reactions,Medium,Chemistry,Aldehydes and Ketones
A student uses 50 mL of 0.2 M KMnO4 to oxidize an aldehyde. How many moles of aldehyde reacted?,0.010 mol,0.020 mol,0.005 mol,0.015 mol,A,0.05 L × 0.2 M = 0.01 mol KMnO4. 1:1 ratio with aldehyde (B doubles for wrong stoichiometry).,Redox titrations,Easy,Chemistry,Aldehydes and Ketones
"If 25 grams of benzaldehyde is treated with 30 grams of sodium borohydride, how many moles of benzyl alcohol are produced if the reaction is 80% efficient?",0.75 mol,1.25 mol,1.5 mol,1.8 mol,A,"Moles of benzaldehyde limits the reaction, and 80% efficiency reduces yield.",Reduction of Aldehydes,Medium,Chemistry,Aldehydes and Ketones
What is the percentage yield of a reaction where 50 grams of acetone is converted into 30 grams of 2-propanol using a reducing agent?,60%,65%,70%,75%,A,Molar masses and actual yield determine percentage yield.,Reduction of Ketones,Easy,Chemistry,Aldehydes and Ketones
"A 0.1 M solution of acetone is treated with a reducing agent. If the reaction mixture has a volume of 500 mL, how many grams of 2-propanol are produced if the reaction goes to completion?",15.6 grams,20.5 grams,25.6 grams,30.6 grams,B,"Molarity, volume, and molar mass are used to calculate the mass of product.",Reduction of Ketones,Medium,Chemistry,Aldehydes and Ketones
"At what temperature does the aldol condensation reaction of acetaldehyde occur, given that the activation energy is 25 kJ/mol and the pre-exponential factor is 1.2 x 10^6 s^-1?",250 K,300 K,350 K,400 K,C,"Arrhenius equation relates temperature, activation energy, and rate constant.",Aldol Condensation,Hard,Chemistry,Aldehydes and Ketones
"If the equilibrium constant for the reaction of benzaldehyde with methanol to form benzaldehyde dimethyl acetal is 2.5, what is the ratio of the concentration of the acetal to the concentration of the aldehyde at equilibrium?",1.6 : 1,2.5 : 1,5 : 1,10 : 1,B,Equilibrium constant expression gives the ratio of product to reactant concentrations.,Acetal Formation,Medium,Chemistry,Aldehydes and Ketones
A solution of 20 grams of cyclohexanone in 100 mL of water has a density of 1.1 g/mL. What is the molarity of the solution?,1.5 M,1.8 M,2.1 M,2.4 M,B,"Molarity is calculated from mass, molar mass, and volume of the solution.",Properties of Ketones,Easy,Chemistry,Aldehydes and Ketones
"If 50 grams of propanal is oxidized to propanoic acid with a yield of 80%, how many grams of propanoic acid are produced?",40 grams,45 grams,50 grams,55 grams,B,Yield and mass of starting material determine the mass of product.,Oxidation of Aldehydes,Easy,Chemistry,Aldehydes and Ketones
"What is the wavelength of light that corresponds to the energy required for the Wolff-Kishner reduction of benzophenone, given that the energy required is 240 kJ/mol?",400 nm,500 nm,600 nm,700 nm,A,Energy and wavelength are related by Planck's equation.,Reduction of Ketones,Hard,Chemistry,Aldehydes and Ketones
"A solution of 0.5 M benzaldehyde is treated with 0.5 M sodium hydroxide. If the equilibrium constant for the reaction is 1.2, what is the concentration of the benzoate ion at equilibrium?",0.3 M,0.4 M,0.5 M,0.6 M,B,Equilibrium constant expression gives the ratio of product to reactant concentrations.,Cannizzaro Reaction,Medium,Chemistry,Aldehydes and Ketones
"If 30 grams of acetone is reacted with 20 grams of methylamine, and the reaction produces 25 grams of N-methylisopropylamine, what is the percentage yield of the reaction?",60%,70%,75%,80%,C,Actual yield and theoretical yield determine percentage yield.,Reactions of Ketones with Amines,Easy,Chemistry,Aldehydes and Ketones
"A 1.0 M solution of acetaldehyde is reacted with 1.0 M ethylamine to form N-ethylpropanal. If the reaction mixture has a volume of 200 mL, how many grams of N-ethylpropanal are produced if the reaction goes to completion?",10 grams,15 grams,20 grams,25 grams,C,"Molarity, volume, and molar mass are used to calculate the mass of product.",Reactions of Aldehydes with Amines,Medium,Chemistry,Aldehydes and Ketones
"At what pH does the equilibrium between acetaldehyde and its hydrate occur, given that the pKa of the hydrate is 12 and the equilibrium constant for the reaction is 0.5?",10,11,12,13,B,"Henderson-Hasselbalch equation relates pH, pKa, and ratio of conjugate base to acid.",Hydration of Aldehydes,Hard,Chemistry,Aldehydes and Ketones
"What is the enthalpy change for the reaction of 1 mole of benzaldehyde with 1 mole of methanol to form benzaldehyde dimethyl acetal, given that the enthalpy of formation of the acetal is -50 kJ/mol and the enthalpy of formation of the aldehyde is -20 kJ/mol?",-30 kJ/mol,-40 kJ/mol,-50 kJ/mol,-60 kJ/mol,B,Enthalpy change is calculated from enthalpies of formation of reactants and products.,Thermochemistry of Acetal Formation,Medium,Chemistry,Aldehydes and Ketones
"If 25 grams of propanal is reacted with 20 grams of lithium aluminum hydride, and the reaction produces 15 grams of 1-propanol, what is the percentage yield of the reaction?",60%,70%,75%,80%,B,Actual yield and theoretical yield determine percentage yield.,Reduction of Aldehydes,Easy,Chemistry,Aldehydes and Ketones
"A solution of 1.0 M cyclohexanone is reacted with 1.0 M methylamine to form N-methylcyclohexylamine. If the reaction mixture has a volume of 500 mL, how many grams of N-methylcyclohexylamine are produced if the reaction goes to completion?",50 grams,60 grams,70 grams,80 grams,B,"Molarity, volume, and molar mass are used to calculate the mass of product.",Reactions of Ketones with Amines,Medium,Chemistry,Aldehydes and Ketones
"If 30 grams of acetone is reacted with 20 grams of hydroxylamine, and the reaction produces 25 grams of acetone oxime, what is the percentage yield of the reaction?",60%,70%,75%,80%,C,Actual yield and theoretical yield determine percentage yield.,Reactions of Ketones with Hydroxylamine,Easy,Chemistry,Aldehydes and Ketones
"If 25 grams of acetaldehyde is reacted with 20 grams of ethylamine, and the reaction produces 20 grams of N-ethylpropanal, what is the percentage yield of the reaction?",60%,70%,75%,80%,B,Actual yield and theoretical yield determine percentage yield.,Reactions of Aldehydes with Amines,Easy,Chemistry,Aldehydes and Ketones
"At what temperature does the aldol condensation reaction of propanal occur, given that the activation energy is 20 kJ/mol and the pre-exponential factor is 1.0 x 10^5 s^-1?",250 K,300 K,350 K,400 K,C,"Arrhenius equation relates temperature, activation energy, and rate constant.",Aldol Condensation,Hard,Chemistry,Aldehydes and Ketones
A 16-year-old athlete feels muscle fatigue during a sprint. Which process is responsible for the rapid ATP production in this situation?,Anaerobic respiration,Citric acid cycle,Aerobic glycolysis,Glycogenolysis,A,"Anaerobic respiration produces ATP rapidly, but is less efficient; Aerobic processes are more efficient but slower.",Energy Metabolism in Exercise,Easy,Chemistry,Aldehydes and Ketones
A researcher is studying the formation of aldol and ketol from aldehydes and ketones respectively. What is the primary reaction involved?,Nucleophilic addition,Nucleophilic substitution,Elimination reaction,Redox reaction,A,Nucleophilic addition is the primary reaction involved in the formation of aldol and ketol.,Mechanisms of Aldol and Ketol Formation,Medium,Chemistry,Aldehydes and Ketones
A chemist is attempting to synthesize a particular ketone using the aldol reaction. What would be the most likely outcome if the reaction conditions are not optimized?,Formation of the desired ketone,Formation of an aldol with a different structure,No reaction occurs,Formation of a different ketone,B,"If reaction conditions are not optimized, the aldol reaction may proceed to form an aldol with a different structure.",Aldol Reaction: Optimization and Troubleshooting,Medium,Chemistry,Aldehydes and Ketones
A compound containing an aldehyde group is treated with a strong base under acidic conditions. What would be the expected product?,A ketone,An epoxide,An alcohol,A carboxylic acid,C,Treatment of an aldehyde with a strong base under acidic conditions leads to the formation of an alcohol.,Base-Catalyzed Reactions of Aldehydes,Medium,Chemistry,Aldehydes and Ketones
A compound containing a ketone group is treated with a strong acid under basic conditions. What would be the expected product?,A carboxylic acid,A carboxylate ion,An aldehyde,An alcohol,A,Treatment of a ketone with a strong acid under basic conditions leads to the formation of a carboxylic acid.,Acid-Catalyzed Reactions of Ketones,Medium,Chemistry,Aldehydes and Ketones
A researcher is studying the properties of a particular aldehyde. Which property would be most affected by the presence of an alpha-hydrogen?,Boiling point,Solubility,Reactivity,Acidity,C,The presence of an alpha-hydrogen affects the reactivity of the aldehyde.,Properties of Aldehydes,Hard,Chemistry,Aldehydes and Ketones
A chemist is attempting to synthesize a particular ketone using a Grignard reaction. What would be the most likely outcome if the reaction conditions are not optimized?,Formation of the desired ketone,Formation of an aldol with a different structure,No reaction occurs,Formation of a different ketone,D,"If reaction conditions are not optimized, the Grignard reaction may proceed to form a different ketone.",Grignard Reaction: Optimization and Troubleshooting,Hard,Chemistry,Aldehydes and Ketones
A compound containing a ketone group is treated with a strong base under acidic conditions. What would be the expected product?,A carboxylic acid,A carboxylate ion,An aldehyde,An alcohol,B,Treatment of a ketone with a strong base under acidic conditions leads to the formation of a carboxylate ion.,Base-Catalyzed Reactions of Ketones,Hard,Chemistry,Aldehydes and Ketones
A compound containing an aldehyde group is treated with a strong acid under basic conditions. What would be the expected product?,A carboxylic acid,A carboxylate ion,An alcohol,An epoxide,C,Treatment of an aldehyde with a strong acid under basic conditions leads to the formation of an alcohol.,Acid-Catalyzed Reactions of Aldehydes,Hard,Chemistry,Aldehydes and Ketones
A chemist is attempting to synthesize a particular aldehyde using the Cannizzaro reaction. What would be the most likely outcome if the reaction conditions are not optimized?,Formation of the desired aldehyde,Formation of a different aldehyde,No reaction occurs,Formation of a carboxylic acid,B,"If reaction conditions are not optimized, the Cannizzaro reaction may proceed to form a different aldehyde.",Cannizzaro Reaction: Optimization and Troubleshooting,Hard,Chemistry,Aldehydes and Ketones
A researcher is studying the properties of a particular ketone. Which property would be most affected by the presence of an alpha-hydrogen?,Boiling point,Solubility,Reactivity,Acidity,C,The presence of an alpha-hydrogen affects the reactivity of the ketone.,Properties of Ketones,Hard,Chemistry,Aldehydes and Ketones
A chemist is attempting to synthesize a particular aldehyde using a Grignard reaction. What would be the most likely outcome if the reaction conditions are not optimized?,Formation of the desired aldehyde,Formation of an aldol with a different structure,No reaction occurs,Formation of a different aldehyde,D,"If reaction conditions are not optimized, the Grignard reaction may proceed to form a different aldehyde.",Grignard Reaction: Optimization and Troubleshooting,Hard,Chemistry,Aldehydes and Ketones
What is the main reason for the low boiling point of an aldehyde?,Polarity of the carbonyl group,Weak intermolecular forces,High molecular weight,Strong hydrogen bonding,B,"Weak intermolecular forces, particularly dipole-dipole interactions, contribute to the low boiling point of aldehydes.",Physical Properties,Easy,Chemistry,Aldehydes and Ketones
A compound has a carbonyl group at the end of a chain. Which functional group can it be classified as?,Ester,Amide,Acid halide,Aldehyde,D,The compound can be classified as an aldehyde because it contains a carbonyl group at the end of a chain.,Functional Group Identification,Medium,Chemistry,Aldehydes and Ketones
Which process is a characteristic of ketone reduction?,Enolate formation,Enolization,Nucleophilic addition,Electrophilic addition,C,"Nucleophilic addition is a characteristic of ketone reduction, where a nucleophile adds to the carbonyl group.",Reduction Reactions,Medium,Chemistry,Aldehydes and Ketones
What is the effect of a strong base on a ketone?,Dehydration,Deprotonation,Enolization,Enolate formation,D,A strong base causes enolate formation by deprotonating the alpha hydrogen of the ketone.,Reactions with Bases,Hard,Chemistry,Aldehydes and Ketones
A 50-year-old patient with diabetes mellitus is given a medication to control blood sugar levels. Which type of medication is most likely to be prescribed?,Oral hypoglycemic,Insulin,Alpha-glucosidase inhibitor,Biguanide,D,"A biguanide, such as metformin, is often prescribed as a first-line treatment for type 2 diabetes mellitus.",Therapeutic Applications,Hard,Chemistry,Aldehydes and Ketones
A compound with a carbonyl group at the end of a chain reacts with Tollen's reagent. What type of compound is it?,Ester,Amide,Acid halide,Aldehyde,D,"The compound reacts with Tollen's reagent, indicating that it is an aldehyde.",Functional Group Identification,Medium,Chemistry,Aldehydes and Ketones
What is the main difference between an aldehyde and a ketone?,Functional group position,Number of hydrogen atoms,Molecular weight,Number of double bonds,A,"The main difference between an aldehyde and a ketone is the position of the carbonyl group, which is at the end of a chain in an aldehyde.",Structural Differences,Easy,Chemistry,Aldehydes and Ketones
A compound with a carbonyl group in the middle of a chain is classified as a:,Ester,Amide,Acid halide,Ketone,D,The compound is classified as a ketone because it contains a carbonyl group in the middle of a chain.,Functional Group Identification,Medium,Chemistry,Aldehydes and Ketones
Which type of reaction involves the addition of a nucleophile to a carbonyl group?,Electrophilic addition,Nucleophilic addition,Proton transfer,Enolate formation,B,Nucleophilic addition is a type of reaction that involves the addition of a nucleophile to a carbonyl group.,Reaction Types,Medium,Chemistry,Aldehydes and Ketones
A compound with a carbonyl group reacts with sodium borohydride. What type of reaction is it?,Oxidation-reduction,Nucleophilic substitution,Acid-base,Reduction,D,The reaction of the compound with sodium borohydride is a reduction reaction.,Reaction Types,Medium,Chemistry,Aldehydes and Ketones
What is the effect of a strong acid on a ketone?,Dehydration,Deprotonation,Enolization,Acidylation,A,"A strong acid causes dehydration, which is a common reaction of ketones.",Reactions with Acids,Hard,Chemistry,Aldehydes and Ketones
A 30-year-old patient is given a medication to treat a fungal infection. Which type of medication is most likely to be prescribed?,Antibiotic,Antifungal,Antiviral,Antiparasitic,B,"An antifungal medication, such as fluconazole, is often prescribed to treat fungal infections.",Therapeutic Applications,Hard,Chemistry,Aldehydes and Ketones
"A compound with a carbonyl group reacts with 2,4-DNP. What type of compound is it?",Ester,Amide,Acid halide,Aldehyde,D,"The compound reacts with 2,4-DNP, indicating that it is an aldehyde.",Functional Group Identification,Medium,Chemistry,Aldehydes and Ketones
What is the main difference between the reactions of aldehydes and ketones with sodium borohydride?,Rate of reaction,Product formation,Reaction mechanism,Temperature required,B,"The main difference is the product formation, as aldehydes form primary alcohols and ketones form secondary alcohols with sodium borohydride.",Reaction Differences,Medium,Chemistry,Aldehydes and Ketones
A compound with a carbonyl group reacts with Grignard's reagent. What type of reaction is it?,Oxidation-reduction,Nucleophilic substitution,Acid-base,Addition,D,The reaction of the compound with Grignard's reagent is an addition reaction.,Reaction Types,Medium,Chemistry,Aldehydes and Ketones
What is the effect of a base on a ketone?,Dehydration,Deprotonation,Enolization,Enolate formation,D,A base causes enolate formation by deprotonating the alpha hydrogen of the ketone.,Reactions with Bases,Hard,Chemistry,Aldehydes and Ketones
"During the oxidation of glyoxal, a toxic aldehyde, which mechanism is primarily responsible for its breakdown to more stable products?",Enzymatic reduction by NADH to produce less toxic compounds,Hemoglobin-catalyzed oxidation to produce carbon dioxide and water,NADH-dependent reductive amination by the action of a specific enzyme,Oxidative decarboxylation by the enzyme pyruvate dehydrogenase,B,Hemoglobin-catalyzed oxidation is primarily responsible for the breakdown of glyoxal. It fails because enzymatic reduction by NADH is primarily involved in the breakdown of other toxic aldehydes.,Mechanisms of Aldehyde Breakdown,Medium,Chemistry,Aldehydes and Ketones
"In the presence of a strong base, which reaction of benzaldehyde involves the formation of a resonance-stabilized intermediate?",Nucleophilic addition of hydroxide ion to produce a hemiacetal,Electrophilic aromatic substitution with acetyl chloride,Base-catalyzed elimination to produce an alkene,Reductive amination with ammonia,A,Nucleophilic addition of hydroxide ion forms a resonance-stabilized intermediate. It fails because electrophilic aromatic substitution involves the formation of a sigma complex.,Reaction Mechanisms of Aldehydes,Easy,Chemistry,Aldehydes and Ketones
"In the presence of a strong acid, which reaction of benzaldehyde involves the protonation of the carbonyl group?",Protonation of the aldehyde group to produce a more stable carbocation,Nucleophilic addition of water to produce a hemiacetal,Electrophilic aromatic substitution with acetyl chloride,Protonation of the hydroxyl group to produce an alkyloxonium ion,A,Protonation of the carbonyl group is involved in the reaction mechanism. It fails because nucleophilic addition of water produces a hemiacetal.,Reaction Mechanisms of Aldehydes,Easy,Chemistry,Aldehydes and Ketones
Which mechanism is primarily responsible for the oxidation of acetone by the enzyme acetyl-CoA dehydrogenase?,Oxidative decarboxylation to produce carbon dioxide and water,Reductive amination to produce NADH and ammonia,Beta-oxidation to produce acetyl-CoA and NADH,Alpha-oxidation to produce glyoxylate and NADH,C,Beta-oxidation is primarily responsible for the oxidation of acetone. It fails because oxidative decarboxylation is primarily involved in the breakdown of other aldehydes.,Mechanisms of Ketone Breakdown,Medium,Chemistry,Aldehydes and Ketones
Which process is responsible for the rapid energy production in muscle cells during intense exercise?,Glycolysis in the absence of oxygen to produce 2 ATP,Oxidative phosphorylation in the mitochondria to produce 36 ATP,"Phosphagen system, involving the rapid breakdown of phosphocreatine to ATP",Fermentation with lactic acid dehydrogenase to produce 2 ATP,C,The phosphagen system is responsible for rapid energy production in muscle cells during intense exercise. It fails because glycolysis in the absence of oxygen is too slow and inefficient.,Energy Production in Exercise,Medium,Chemistry,Aldehydes and Ketones
A 16-year-old athlete experiences muscle cramps during a sprint. Which process is primarily responsible for the rapid ATP production in this situation?,Glycolysis in the absence of oxygen to produce 2 ATP,Oxidative phosphorylation in the mitochondria to produce 36 ATP,"Phosphagen system, involving the rapid breakdown of phosphocreatine to ATP",Fermentation with lactic acid dehydrogenase to produce 2 ATP,C,The phosphagen system is primarily responsible for the rapid ATP production in this situation. It fails because glycolysis in the absence of oxygen is too slow and inefficient.,Energy Production in Exercise,Medium,Chemistry,Aldehydes and Ketones
Which mechanism is primarily responsible for the oxidation of benzaldehyde by the enzyme alcohol dehydrogenase?,Reductive amination to produce NADH and ammonia,Oxidative decarboxylation to produce carbon dioxide and water,NADH-dependent reductive amination by the action of a specific enzyme,Base-catalyzed elimination to produce an alkene,B,Oxidative decarboxylation is primarily responsible for the oxidation of benzaldehyde. It fails because reductive amination is primarily involved in the breakdown of other toxic aldehydes.,Mechanisms of Aldehyde Breakdown,Medium,Chemistry,Aldehydes and Ketones
A 16-year-old athlete experiences muscle fatigue during a sprint. Which process is responsible for the rapid ATP production in this situation?,Glycolysis in the absence of oxygen to produce 2 ATP,Oxidative phosphorylation in the mitochondria to produce 36 ATP,"Phosphagen system, involving the rapid breakdown of phosphocreatine to ATP",Fermentation with lactic acid dehydrogenase to produce 2 ATP,C,The phosphagen system is responsible for rapid ATP production in this situation. It fails because glycolysis in the absence of oxygen is too slow and inefficient.,Energy Production in Exercise,Medium,Chemistry,Aldehydes and Ketones
Which reaction of acetone involves the formation of an acyl radical?,Reductive amination with ammonia,Electrophilic aromatic substitution with acetyl chloride,Base-catalyzed elimination to produce an alkene,Homolytic cleavage to produce an acyl radical and an alkyl radical,D,Homolytic cleavage involves the formation of an acyl radical. It fails because base-catalyzed elimination produces an alkene.,Reaction Mechanisms of Ketones,Easy,Chemistry,Aldehydes and Ketones
Which reaction of acetone involves the formation of an acyl anion?,Reductive amination with ammonia,Electrophilic aromatic substitution with acetyl chloride,Base-catalyzed elimination to produce an alkene,Nucleophilic addition of hydroxide ion to produce an acyl anion,D,Nucleophilic addition of hydroxide ion involves the formation of an acyl anion. It fails because base-catalyzed elimination produces an alkene.,Reaction Mechanisms of Ketones,Easy,Chemistry,Aldehydes and Ketones
A pharmaceutical company uses acetaldehyde as a precursor in the synthesis of a certain medication. What type of reaction is involved in this process?,Redox reaction,Nucleophilic addition,Condensation reaction,Substitution reaction,B,"The conversion of acetaldehyde involves a nucleophilic addition reaction, a characteristic feature of aldehydes.",Functional Group Reactions,Easy,Chemistry,Aldehydes and Ketones
A fragrance manufacturer needs to synthesize a specific aldehyde-based scent. What would be the most suitable reagent for this task?,Sodium borohydride,Hydroxylamine,Acetic anhydride,Methylmagnesium bromide,B,Hydroxylamine is typically used to synthesize aldehydes from ketones through oxidation.,Synthesis of Aldehydes,Medium,Chemistry,Aldehydes and Ketones
"In a food processing facility, a quality control engineer notices that the addition of a specific aldehyde-derived compound to a food product enhances its shelf life. What property of aldehydes contributes to this effect?",Oxidation resistance,Antimicrobial activity,Antioxidant properties,pH buffering capacity,B,"Aldehydes and their derivatives often exhibit antimicrobial properties, which help extend the shelf life of food products.",Biological Applications,Hard,Chemistry,Aldehydes and Ketones
"A chemist synthesizes a new ketone-based molecule, but during the reaction, they accidentally introduce a small amount of aldehyde. How will this contamination affect the resulting product?",The ketone will be oxidized to an acid,The aldehyde will be reduced to an alcohol,The reaction will terminate prematurely,The product will exhibit a different melting point,A,The presence of aldehyde in the reaction mixture may lead to the unintended oxidation of the ketone to an acid.,Functional Group Reactions,Hard,Chemistry,Aldehydes and Ketones
A medical researcher investigates the role of aldehydes in the human body. What biological process involves the conversion of aldehydes to acids?,Fatty acid synthesis,Fatty acid oxidation,Cholesterol biosynthesis,Amino acid catabolism,B,Aldehydes are converted to fatty acids through the process of fatty acid oxidation in the human body.,Biological Synthesis,Medium,Chemistry,Aldehydes and Ketones
A chemical plant produces a specific type of aldehyde-based chemical. What would be the byproduct of this process?,Water,Ethanol,Acetic acid,Formaldehyde,C,The production of aldehydes often involves the byproduct of acetic acid due to the presence of carboxyl groups.,Industrial Applications,Easy,Chemistry,Aldehydes and Ketones
A cosmetic company uses a specific aldehyde as a precursor in the synthesis of a fragrance. What would be the desired product of this reaction?,An alcohol,A ketone,An acid,An ester,D,"The desired product of this reaction is likely an ester, which is commonly used as a fragrance component.",Synthesis of Aldehydes,Medium,Chemistry,Aldehydes and Ketones
A biomedical engineer designs a new device that relies on the properties of aldehydes. What characteristic of aldehydes makes them useful in this application?,Electron-rich nature,Reactivity toward nucleophiles,Electron-withdrawing properties,Ability to form hydrogen bonds,B,"Aldehydes are highly reactive toward nucleophiles, which makes them useful in biomedical applications such as drug development.",Biological Applications,Hard,Chemistry,Aldehydes and Ketones
A researcher investigates the role of aldehydes in the environment. What would be the effect of introducing an aldehyde into a natural ecosystem?,It would stimulate the growth of plants,It would inhibit the growth of bacteria,It would contribute to the formation of acid rain,It would enhance the oxidation of organic matter,D,"Aldehydes can contribute to the oxidation of organic matter in the environment, leading to the formation of carbon dioxide.",Environmental Applications,Hard,Chemistry,Aldehydes and Ketones
A chemist synthesizes a new aldehyde-based molecule. What would be the expected reaction of this compound with a strong acid?,It would undergo hydrolysis,It would undergo oxidation,It would undergo esterification,It would undergo reduction,A,"Aldehydes are susceptible to hydrolysis in the presence of strong acids, leading to the formation of carboxylic acids.",Functional Group Reactions,Medium,Chemistry,Aldehydes and Ketones
A pharmaceutical company uses a specific ketone as a precursor in the synthesis of a medication. What would be the byproduct of this reaction?,Water,Ethanol,Acetic acid,Formaldehyde,C,The production of ketones often involves the byproduct of acetic acid due to the presence of carboxyl groups.,Industrial Applications,Easy,Chemistry,Aldehydes and Ketones
A researcher investigates the role of aldehydes in the human body. What biological process involves the conversion of aldehydes to alcohols?,Fatty acid synthesis,Fatty acid oxidation,Cholesterol biosynthesis,Amino acid catabolism,B,Aldehydes are converted to alcohols through the process of fatty acid oxidation in the human body.,Biological Synthesis,Medium,Chemistry,Aldehydes and Ketones
