Question,Option_a,Option_b,Option_c,Option_d,Correct_answer,Explanation,Subtopic,Difficulty,Subject,Topic
"A sequence of numbers is given: 2, 5, 8, 11, 14. What is the next number?",15,17,18,20,B,The pattern is adding 3 to the previous number. 14 + 3 = 17. Option A is incorrect because it doesn't follow the pattern.,Number Series,Easy,Logical_Reasoning,Critical Thinking
"Identify the next letter in the series: A, C, E, G, I, ?",J,K,L,M,B,The pattern is incrementing by 2 letters in the alphabet. I + 2 = K. Option A is incorrect because it doesn't follow the alphabetical order correctly.,Letter Series,Easy,Logical_Reasoning,Critical Thinking
"A series of symbols is given: ∆, ◇, □, ∆, ◇, ?. What comes next?",◇,□,∆,○,B,"The pattern repeats every three symbols. ∆, ◇, □, then repeats. So, after ◇ comes □. Option C is tempting but incorrect because the sequence has moved past ∆.",Symbol Series,Medium,Logical_Reasoning,Critical Thinking
"The sequence of numbers is: 1, 2, 4, 8, 16. What comes next?",32,36,48,64,A,The pattern is doubling the previous number. 16 * 2 = 32. Option B is incorrect because it doesn't follow the doubling pattern.,Number Series,Easy,Logical_Reasoning,Critical Thinking
"Given the series: 3, 6, 9, 12, 15, what is the next number?",16,18,20,21,B,The pattern is adding 3 to the previous number. 15 + 3 = 18. Option A is incorrect because it doesn't follow the addition pattern.,Number Series,Easy,Logical_Reasoning,Critical Thinking
"Identify the pattern in the series: 2, 6, 12, 20, 30, ?",36,42,48,60,B,"The pattern is formed by adding 4, 6, 8, 10, ... to the previous term. So, 30 + 12 = 42. Option A is incorrect because it doesn't correctly follow the increasing difference.",Number Series,Medium,Logical_Reasoning,Critical Thinking
"A sequence is given as: 4, 9, 16, 25, 36. What comes next?",49,48,45,50,A,"The pattern consists of squares of consecutive integers: 2^2, 3^2, 4^2, 5^2, 6^2, 7^2 = 49. Option B is incorrect because it doesn't follow the square pattern.",Number Series,Medium,Logical_Reasoning,Critical Thinking
"The series is: 1, 3, 6, 10, 15. What is the next number?",20,21,22,25,B,"The pattern is formed by adding consecutive integers: +2, +3, +4, +5, +6. So, 15 + 6 = 21. Option A is incorrect because it doesn't follow the correct incremental pattern.",Number Series,Medium,Logical_Reasoning,Critical Thinking
"Given the sequence: F, J, N, R, ?. What comes next?",V,W,X,Y,A,"The pattern is incrementing by 4 letters in the alphabet. F + 4 = J, J + 4 = N, N + 4 = R, R + 4 = V. Option B is incorrect because it skips the correct alphabetical order.",Letter Series,Medium,Logical_Reasoning,Critical Thinking
"A series of numbers is: 10, 20, 30, 40, ?. What is the next number?",50,60,70,80,A,"The pattern is adding 10 to the previous number. 40 + 10 = 50. Option B is incorrect because, although it is a multiple of 10, it skips the correct sequence.",Number Series,Easy,Logical_Reasoning,Critical Thinking
"The sequence given is: 5, 10, 15, 20, 25. What comes next?",30,35,40,45,A,The pattern is adding 5 to the previous number. 25 + 5 = 30. Option B is incorrect because it skips the correct sequence.,Number Series,Easy,Logical_Reasoning,Critical Thinking
"Identify the next symbol in the series: ↑, →, ↓, ←, ↑, ?",→,↓,←,↔,A,"The pattern is a sequence of arrow directions. The sequence repeats every four arrows. So, after ↑ comes →. Option B is incorrect because it doesn't follow the directional sequence.",Symbol Series,Medium,Logical_Reasoning,Critical Thinking
"A number sequence is given as: 2, 4, 8, 16, ?. What is the next number?",32,48,64,128,A,The pattern is doubling the previous number. 16 * 2 = 32. Option B is incorrect because it doesn't follow the doubling pattern.,Number Series,Easy,Logical_Reasoning,Critical Thinking
"The series is: 3, 9, 27, 81, ?. What comes next?",243,240,81,90,A,The pattern is obtained by multiplying the previous number by 3. 81 * 3 = 243. Option B is incorrect because it doesn't follow the multiplication pattern.,Number Series,Medium,Logical_Reasoning,Critical Thinking
"Given the sequence: B, D, F, H, ?. What is the next letter?",I,J,K,L,B,The pattern is incrementing by 2 letters in the alphabet. H + 2 = J. Option A is incorrect because it doesn't follow the correct alphabetical increment.,Letter Series,Easy,Logical_Reasoning,Critical Thinking
"A series of numbers is given: 1, 4, 9, 16, 25. What comes next?",36,35,37,38,A,"The pattern consists of squares of consecutive integers: 1^2, 2^2, 3^2, 4^2, 5^2, 6^2 = 36. Option B is incorrect because it doesn't follow the square pattern.",Number Series,Medium,Logical_Reasoning,Critical Thinking
"The sequence is: 21, 20, 18, 15, 11, ?. What comes next?",6,7,8,10,A,"The pattern is formed by subtracting 1, 2, 3, 4, 5, ... from the previous term. So, 11 - 5 = 6. Option B is incorrect because it doesn't follow the decreasing pattern correctly.",Number Series,Hard,Logical_Reasoning,Critical Thinking
"Identify the next number in the series: 0.5, 1, 2, 4, 8, ?",16,12,10,6,A,The pattern is doubling the previous number. 8 * 2 = 16. Option B is incorrect because it doesn't follow the doubling pattern.,Number Series,Medium,Logical_Reasoning,Critical Thinking
"A sequence is: 100, 90, 81, 73, 66, ?. What comes next?",60,59,58,57,A,"The pattern is decreasing by 10, 9, 8, 7, 6, ... . So, 66 - 6 = 60. Option B is incorrect because it doesn't correctly follow the decreasing pattern.",Number Series,Hard,Logical_Reasoning,Critical Thinking
"The series given is: 8, 6, 4, 2, 0, ?. What comes next?",-2,-1,0,2,A,The pattern is decreasing by 2. 0 - 2 = -2. Option B is incorrect because it doesn't follow the subtraction pattern.,Number Series,Hard,Logical_Reasoning,Critical Thinking
"A researcher claims that all patients with symptom X have disease Y. If a patient has disease Y but no symptom X, what does this indicate about the researcher's claim?",The claim is invalid because the presence of Y without X contradicts it.,The claim is strengthened as Y can exist without X.,The claim remains unaffected since Y's presence isn't linked to X.,The claim is automatically confirmed by this observation.,A,"A. The claim requires X to always imply Y. Presence of Y without X doesn't disprove it, but presence of X without Y would. B fails because Y without X doesn't support the claim.",Logical Validity of Claims,Medium,Logical_Reasoning,Critical Thinking
"If all A are B and some B are C, which conclusion is logically valid?",All A are C.,Some A are C.,No A are C.,Not enough information to conclude.,D,D. The premises don't establish a direct A-C relationship. A/B/C are invalid because they assume connections not supported by 'some' and 'all' overlap.,Syllogistic Logic,Hard,Logical_Reasoning,Critical Thinking
"Given: 'If a country has high GDP, it will have low crime. Country X has high GDP.' What logically follows?",Country X has low crime.,Country X has high crime.,GDP and crime are unrelated in this case.,Country X's crime rate cannot be determined.,A,A. This is a direct application of modus ponens. D is incorrect because the premise directly links GDP to crime in this context.,Conditional Reasoning,Medium,Logical_Reasoning,Critical Thinking
A teacher states: 'Students who score above 90% will get an A. Maria scored 88%.' What valid conclusion can be drawn?,Maria will not get an A.,Maria will get an A.,The grading criteria are flawed.,Maria may still get an A.,D,"D. The premise only defines A for scores >90%. Below that, outcomes are uncertain. A is incorrect because 88% doesn't guarantee not getting an A.",Limitations of Deductive Logic,Medium,Logical_Reasoning,Critical Thinking
"If 'All metals conduct electricity' and 'Copper is a metal', what conclusion logically follows?",Copper conducts electricity.,Copper is a semiconductor.,Not all metals conduct electricity.,Copper is non-metallic.,A,A. This is a direct syllogism. B fails because it contradicts the premise that copper is a metal.,Syllogistic Logic,Easy,Logical_Reasoning,Critical Thinking
A politician says: 'Supporting this bill means you support free speech. Opposing it means you oppose free speech.' What fallacy is present?,False dilemma,Straw man,Ad hominem,Circular reasoning,A,A. It creates a false binary between support and opposition. B/D incorrectly frame the argument's structure.,Argument Fallacies,Medium,Logical_Reasoning,Critical Thinking
"Given: 'If it rains, the ground gets wet. The ground is wet.' What conclusion is logically valid?",It rained.,It did not rain.,The ground got wet from another source.,Insufficient information to determine the cause.,D,D. The wet ground could result from other causes. A is the fallacy of affirming the consequent.,Conditional Logic Errors,Hard,Logical_Reasoning,Critical Thinking
"A study claims: '90% of participants improved after treatment. Therefore, the treatment works.' What flaw exists?",Sample size too small,Lack of control group,Confirmation bias,Anecdotal evidence,B,"B. Without a control group, improvement could be due to placebo. A/D are plausible but not explicitly addressed in the premise.",Scientific Reasoning,Medium,Logical_Reasoning,Critical Thinking
"If 'No reptiles are mammals' and 'All snakes are reptiles', what conclusion is valid?",No snakes are mammals.,Some snakes are mammals.,All mammals are snakes.,Reptiles are a subset of mammals.,A,A. This is a categorical syllogism. B/D contradict the premises; C reverses the relationships.,Categorical Logic,Easy,Logical_Reasoning,Critical Thinking
A teacher says: 'All students who study pass. Ahmad passed.' What can be logically concluded?,Ahmad studied.,Ahmad did not study.,Passing requires studying.,Nothing can be concluded about Ahmad's studying.,D,D. The premise allows multiple pathways to passing. A is the fallacy of affirming the consequent.,Conditional Logic Errors,Hard,Logical_Reasoning,Critical Thinking
Given: 'All mammals have lungs. Whales are mammals.' What conclusion follows?,Whales have lungs.,Whales have gills.,Mammals have gills.,Not all whales are mammals.,A,A. Direct syllogistic conclusion. B/C/D contradict given premises.,Syllogistic Logic,Easy,Logical_Reasoning,Critical Thinking
"A doctor argues: 'This patient has a fever. All fevers are caused by infections. Therefore, this patient has an infection.' What's the flaw?",Overgeneralization,False cause,Circular reasoning,Ambiguity,A,"A. Not all fevers are infectious (e.g., autoimmune). B is possible but A better describes the specific error.",Medical Reasoning,Medium,Logical_Reasoning,Critical Thinking
"If 'A implies B' is true, which statement is also necessarily true?",B implies A,Not A implies not B,Not B implies not A,A and B are independent,C,"C. This is the contrapositive, logically equivalent to the original statement. A/B/D represent converses or inverses.",Logical Equivalents,Hard,Logical_Reasoning,Critical Thinking
"Given: 'If a number is even, it is divisible by 2. 14 is divisible by 2.' What conclusion follows?",14 is even.,14 is odd.,14 is a prime number.,14 is irrational.,A,A. This is modus ponens. B/D contradict the premise; C is unrelated to divisibility.,Conditional Logic,Easy,Logical_Reasoning,Critical Thinking
Which argument form is logically valid?,If P then Q. Q is true. Therefore P.,If P then Q. Not P. Therefore not Q.,If P then Q. P is true. Therefore Q.,If P then Q. Not Q. Therefore P.,C,"C. This is modus ponens. A/B/D represent fallacies (affirming consequent, denying antecedent, etc.).",Valid Argument Forms,Hard,Logical_Reasoning,Critical Thinking
Given: 'No reptiles are mammals. All snakes are reptiles.' What valid conclusion follows?,No snakes are mammals.,Some snakes are mammals.,All mammals are snakes.,Reptiles include mammals.,A,A. This follows the syllogistic structure. B/D contradict premises; C reverses categories.,Syllogistic Logic,Easy,Logical_Reasoning,Critical Thinking
"If 'All A are B' and 'All B are C', what can be concluded?",All A are C.,Some C are not A.,No A are C.,B and C are the same set.,A,A. This is a valid transitive syllogism. B is possible but not necessary. C/D contradict the premises.,Transitive Reasoning,Medium,Logical_Reasoning,Critical Thinking
"If all mammals have hair and all humans are mammals, which conclusion is logically valid?",All humans have hair.,Some humans are not mammals.,Hair is only found in mammals.,Non-mammals have hair.,A,Premises directly link humans to mammals and mammals to hair. Option C introduces irrelevant scope.,Categorical Syllogisms,Easy,Logical_Reasoning,Critical Thinking
"A student argues: If it rains, the match is canceled. The match was not canceled. What follows?",It did not rain.,It rained but the match continued.,The cancellation policy changed.,The match was rescheduled.,A,"This uses modus tollens (If P→Q, ¬Q→¬P). Option B violates logical structure by assuming exceptions.",Hypothetical Syllogisms,Medium,Logical_Reasoning,Critical Thinking
Which statement must be true if 'No reptiles are mammals' and 'All snakes are reptiles'?,Some snakes are not mammals.,All mammals are snakes.,Reptiles and mammals overlap.,Snakes are not reptiles.,A,Transitive exclusion applies: Snakes⊂Reptiles⊄Mammals. Option C contradicts the premises.,Logical Exclusions,Medium,Logical_Reasoning,Critical Thinking
"A doctor states: 'If a patient has a fever, they need hydration.' A child has a fever. What must be true?",The child needs hydration.,The child is dehydrated.,Hydration cures fever.,Fever indicates infection.,A,"Direct application of modus ponens (If P→Q, P→Q). Option B adds unproven assumption about dehydration.",Conditional Reasoning,Easy,Logical_Reasoning,Critical Thinking
Which argument contains a logical fallacy? Premise: All birds fly. Penguins are birds.,"Therefore, penguins fly.","Therefore, some birds do not fly.","Therefore, flying is a bird trait.","Therefore, penguins are animals.",A,Premise is false (penguins don't fly). Option B correctly identifies exception.,Fallacy Detection,Hard,Logical_Reasoning,Critical Thinking
Given: No reptiles are mammals. All lizards are reptiles. Which conclusion is valid?,Lizards are not mammals.,Mammals are lizards.,Some lizards are mammals.,Reptiles and mammals overlap.,A,Transitive exclusion applies (Lizards⊂Reptiles⊄Mammals). Option C violates premises.,Logical Exclusions,Medium,Logical_Reasoning,Critical Thinking
"If all A are B and some B are C, which must be true?",Some A are C.,All C are B.,No A are C.,Some B are A.,D,Original premises confirm A⊂B. Option D is converse of first premise.,Set Theory Logic,Hard,Logical_Reasoning,Critical Thinking
"A teacher says: 'If students complete homework, they will pass.' Sam passed. What can be concluded?",Sam completed homework.,Homework guarantees passing.,Sam didn't need homework to pass.,Passing requires homework.,D,Passing implies homework completion is necessary (converse fallacy in A).,Contrapositive Reasoning,Medium,Logical_Reasoning,Critical Thinking
All cars require fuel. My vehicle is a car. Which follows logically?,My vehicle requires fuel.,Fuel is only for cars.,My vehicle uses electricity.,Non-car vehicles don't need fuel.,A,Direct deduction from premises. Option C introduces irrelevant alternative energy.,Categorical Syllogisms,Easy,Logical_Reasoning,Critical Thinking
"Which scenario violates logical consistency? 'If a shape is a square, it is a rectangle.'",A square is a rectangle.,A rectangle is not a square.,Some rectangles are squares.,All squares are rectangles.,B,Statement B contradicts definition of squares as a subset of rectangles.,Logical Consistency,Medium,Logical_Reasoning,Critical Thinking
Given: All X are Y. Some Y are Z. Which conclusion is invalid?,Some X are Z.,All Z are Y.,Some Y are X.,No X are Z.,A,Overlap between X and Z isn't guaranteed. Option B is converse of premises.,Set Overlaps,Hard,Logical_Reasoning,Critical Thinking
"A student claims: 'If a compound is ionic, it conducts electricity. Sodium chloride conducts electricity.' What conclusion follows?",Sodium chloride is ionic.,Ionic compounds are always solid.,Conductivity implies ionic bonding.,Sodium chloride is a metal.,A,Modus ponens applies. Option C commits affirming the consequent fallacy.,Conditional Reasoning,Medium,Logical_Reasoning,Critical Thinking
All metals conduct heat. Copper is a metal. Which is logically valid?,Copper conducts heat.,Only copper conducts heat.,Non-metals don't conduct heat.,Heat conduction defines metals.,A,Direct deduction from premises. Option D introduces definitional reversal.,Categorical Syllogisms,Easy,Logical_Reasoning,Critical Thinking
"If no A are B and some C are A, which must be true?",Some C are not B.,All C are B.,No C are A.,Some B are A.,A,C's overlap with A excludes them from B. Option B contradicts premises.,Logical Exclusions,Medium,Logical_Reasoning,Critical Thinking
"A biologist states: 'If a cell has a nucleus, it is eukaryotic.' A cell lacks a nucleus. What follows?",It is not eukaryotic.,It is prokaryotic.,It has no organelles.,Nucleus is unnecessary for life.,A,Modus tollens applies (¬Q→¬P). Option B assumes prokaryotic classification.,Contrapositive Reasoning,Medium,Logical_Reasoning,Critical Thinking
Given: All P are Q. No Q are R. Which conclusion is valid?,No P are R.,Some P are R.,All R are P.,Q and R overlap.,A,Transitive exclusivity applies (P⊂Q⊄R). Option D contradicts premises.,Set Theory Logic,Hard,Logical_Reasoning,Critical Thinking
"If all vertebrates have a backbone and all mammals are vertebrates, which is valid?",All mammals have backbones.,Some mammals lack backbones.,Backbones define vertebrates.,Mammals are not vertebrates.,A,Transitive inclusion applies. Option C reverses premise direction.,Categorical Syllogisms,Easy,Logical_Reasoning,Critical Thinking
"A student claims: 'If a solution is acidic, it turns litmus red. Litmus turned red.' What follows?",The solution is acidic.,Acids always turn litmus red.,The solution is not basic.,Red litmus indicates acidity.,A,"Affirming the consequent (invalid). Option D is definition, not logical conclusion.",Fallacy Detection,Hard,Logical_Reasoning,Critical Thinking
Given: Some A are B. All B are C. Which conclusion is invalid?,Some A are C.,All C are B.,Some C are A.,No A are C.,B,B⊂C but C⊄B. Option B is converse of premise.,Set Overlaps,Medium,Logical_Reasoning,Critical Thinking
"If a triangle has equal angles, it is equilateral. A triangle is not equilateral. What follows?",Its angles are unequal.,It has one right angle.,All angles are 60°.,It has two equal sides.,A,"Modus tollens applies. Option D describes an isosceles triangle, not excluded by premises.",Contrapositive Reasoning,Hard,Logical_Reasoning,Critical Thinking
"If all reptiles lay eggs and snakes are reptiles, which conclusion is valid?",Snakes lay eggs,Some reptiles do not lay eggs,All egg-laying animals are reptiles,Birds are reptiles,A,Syllogism applies. B contradicts premise. C is converse fallacy. D is unrelated category,Syllogistic Reasoning,Easy,Logical_Reasoning,Critical Thinking
"Given: If it rains, the ground is wet. The ground is dry. What logically follows?",It did not rain,It rained but evaporated,The ground is made of concrete,Rainwater was absorbed,A,Modus tollens applies. B introduces unsupported facts. C/D are irrelevant material,Modus Tollens,Medium,Logical_Reasoning,Critical Thinking
Premise 1: All mammals have hair. Premise 2: Bats have hair. What is the logical structure used to conclude bats are mammals?,Affirming the consequent,Denying the antecedent,Hypothetical syllogism,Disjunctive syllogism,A,Valid in formal logic but not reliable. B is irrelevant. C/D require conditional chains,Formal Fallacies,Hard,Logical_Reasoning,Critical Thinking
"If a number is prime, it is divisible only by 1 and itself. 7 is divisible only by 1 and itself. Conclusion?",7 is prime,7 is even,7 is composite,7 is irrational,A,Affirms definition directly. B is false property. C contradicts premise. D is unrelated,Definitions & Properties,Easy,Logical_Reasoning,Critical Thinking
Given: If P → Q and Q → R. What can be derived?,P → R,R → P,¬Q → ¬P,P ∧ R,A,Hypothetical syllogism. B is converse error. C is contrapositive of original,Hypothetical Syllogism,Medium,Logical_Reasoning,Critical Thinking
All birds have feathers. Penguins are birds. Therefore...?,Penguins have feathers,Penguins can fly,Feathered animals are birds,Fish have feathers,A,Direct syllogism. B is false fact. C is converse error. D is category mismatch,Categorical Syllogisms,Easy,Logical_Reasoning,Critical Thinking
"If a chemical reaction is exothermic, it releases heat. This reaction releases heat. Conclusion?",It may be exothermic,It is definitely exothermic,It is endothermic,No conclusion possible,A,Affirming consequent is converse error. B overstates evidence. C contradicts premise,Converse Fallacy,Hard,Logical_Reasoning,Critical Thinking
"If plant cells have cell walls, and this cell has a cell wall, what follows?",This is a plant cell,This is an animal cell,Cell walls exist only in plants,Cell walls are unnecessary,A,Affirms definition but not reliable. B contradicts. C/D are unsupported claims,Biological Classification,Medium,Logical_Reasoning,Critical Thinking
Premise 1: All metals conduct electricity. Premise 2: Gold conducts electricity. What is invalid?,Gold is a metal,Some metals don't conduct,Gold is nonmetal,Conductivity proves metal status,D,Affirming consequent fallacy. A is valid. B/C contradict premises,Invalid Inference,Hard,Logical_Reasoning,Critical Thinking
"Given: If an organism is a mammal, it has a backbone. Dogs have backbones. Conclusion?",Dogs are mammals,Dogs are reptiles,Backbones imply mammals,Not enough information,D,Premise allows no definite conclusion. A is converse error. B/C contradicted,Insufficient Premises,Medium,Logical_Reasoning,Critical Thinking
"If x + y = 10 and x = 6, what is y? What logical pattern applies?",Substitution,Reductio ad absurdum,Deductive chain,Inductive generalization,A,Direct substitution resolves equation. Others are irrelevant reasoning methods,Mathematical Logic,Easy,Logical_Reasoning,Critical Thinking
All A are B. All B are C. Therefore...?,All A are C,Some C are not A,A and C are disjoint,B includes non-A,A,Transitive syllogism. B/C/D contradict logical hierarchy,Transitive Reasoning,Medium,Logical_Reasoning,Critical Thinking
"If photosynthesis requires light, and night has no light, what follows?",Photosynthesis stops at night,Plants store energy at night,Night plants use geothermal energy,Photosynthesis is independent of light,A,Modus tollens applied. B/C/D introduce unproven alternatives,Conditional Logic,Easy,Logical_Reasoning,Critical Thinking
Given: No amphibians have scales. Frogs are amphibians. Therefore...?,Frogs have no scales,All scaleless animals are frogs,Amphibians include fish,Frogs have feathers,A,Direct syllogism. B is converse error. C/D are category errors,Negative Syllogisms,Medium,Logical_Reasoning,Critical Thinking
"If a triangle has three equal sides, it is equilateral. This triangle has unequal sides. Conclusion?",Not equilateral,Isosceles triangle,Right-angled triangle,Still equilateral,A,Modus tollens valid. B/C/D are unrelated classifications,Contrapositive Reasoning,Hard,Logical_Reasoning,Critical Thinking
"Given: If x > y and y > z, then x > z. What principle applies?",Transitive property,Reflexive property,Symmetric property,Commutative property,A,Transitivity defined. Others describe different properties,Mathematical Properties,Medium,Logical_Reasoning,Critical Thinking
Premise: Only citizens can vote. Sara can vote. Conclusion?,Sara is a citizen,Sara is under 18,Only voters are citizens,Citizens include non-voters,A,Definition implies necessity. B/C/D introduce irrelevant factors,Necessity vs Sufficiency,Hard,Logical_Reasoning,Critical Thinking
"If all elements in Group 1 are alkali metals, and sodium is in Group 1, what follows?",Sodium is an alkali metal,Alkali metals include non-Group 1,Sodium is a noble gas,Group 1 elements are gases,A,Direct categorical inference. B/C/D contradict periodic table facts,Chemical Logic,Easy,Logical_Reasoning,Critical Thinking
"If all mammals have lungs and some aquatic animals are mammals, which conclusion must be true?",All aquatic animals have lungs.,Some aquatic animals have lungs.,No aquatic animals have lungs.,All mammals are aquatic.,B,Some aquatic animals being mammals implies their lungs. Option A overgeneralizes the premise.,Syllogistic Reasoning,Medium,Logical_Reasoning,Critical Thinking
"A statement claims, 'If it rains, the ground gets wet.' Observing a wet ground implies:",It rained recently.,The ground was sprinkled.,A logical conclusion cannot be drawn.,Both A and B are valid.,C,"Affirming the consequent is a fallacy; other causes (e.g., sprinklers) exist.",Logical Fallacies,Hard,Logical_Reasoning,Critical Thinking
All students in Class A passed the exam. Ali is a student in Class A. What follows?,Ali passed the exam.,Ali is the top scorer.,All exams are easy.,Class A has the best teachers.,A,Universal premise directly applies to Ali. Option B introduces unsupported claims.,Deductive Validity,Easy,Logical_Reasoning,Critical Thinking
"If some fruits are sweet and all sweets are edible, then:",All fruits are edible.,Some edibles are fruits.,No fruits are sour.,Sweetness determines edibility.,B,Intersection of 'some fruits' and 'all sweets' supports the conclusion. Option A overreaches.,Set Theory,Medium,Logical_Reasoning,Critical Thinking
"A survey states, 'All smokers have reduced lung capacity.' Ahmed has normal lung capacity. Thus:",Ahmed is a non-smoker.,Ahmed recently quit smoking.,Smoking is harmless.,Lung capacity varies genetically.,A,Denying the consequent (modus tollens) is valid. Option B introduces irrelevant detail.,Modus Tollens,Hard,Logical_Reasoning,Critical Thinking
Premise 1: Every prime number >2 is odd. Premise 2: 4 is even. Conclusion:,4 is not prime.,Even numbers are non-prime.,4 is a prime even number.,All primes are odd.,A,Premises 1 and 2 directly contradict. Option B misstates the universal claim.,Mathematical Logic,Medium,Logical_Reasoning,Critical Thinking
"If no reptiles are mammals and all snakes are reptiles, then:",Snakes are mammals.,No snakes are mammals.,Some reptiles are mammals.,Reptiles and mammals overlap.,B,Transitive property applies. Option A contradicts premises.,Categorical Logic,Easy,Logical_Reasoning,Critical Thinking
"A politician says, 'Vaccines are safe because I trust scientists.' This argument relies on:",Empirical evidence.,Circular reasoning.,Appeal to authority.,False dilemma.,C,"Credibility hinges on authority, not evidence. Option B requires self-referential claims.",Argument Structure,Medium,Logical_Reasoning,Critical Thinking
Given: All X are Y. Some Y are Z. Valid conclusion:,All X are Z.,Some X are Z.,No X are Z.,Some X are Y.,D,Premise 1 guarantees 'some X are Y.' Other options overextend data.,Existential Import,Hard,Logical_Reasoning,Critical Thinking
"If a student scores above 80% in quizzes, they pass. Farah passed. Therefore:",Farah scored above 80%.,Passing requires 80%.,Farah studied diligently.,Other pass criteria exist.,D,Affirming the consequent; passing could have other causes.,Conditional Logic,Hard,Logical_Reasoning,Critical Thinking
All birds have feathers. Penguins are birds. Therefore:,Penguins can fly.,Penguins have feathers.,Feathers enable flight.,No flightless birds exist.,B,Direct syllogism. Option A conflates traits with function.,Syllogistic Reasoning,Easy,Logical_Reasoning,Critical Thinking
"A study shows, 'Coffee drinkers have higher stress.' Mr. Khan drinks coffee. Thus:",Mr. Khan is stressed.,Coffee increases stress.,Stress causes coffee drinking.,Correlation does not imply causation.,D,Observing correlation alone is insufficient for causation claims.,Correlation vs Causation,Medium,Logical_Reasoning,Critical Thinking
"If no P are Q and some R are P, then:",Some R are not Q.,All R are Q.,No R are P.,All Q are P.,A,Intersection of 'some R are P' and 'no P are Q' excludes Q for those R.,Set Relationships,Hard,Logical_Reasoning,Critical Thinking
A claim: 'All mammals give birth to live young.' Platypuses lay eggs. Therefore:,Platypuses are not mammals.,The claim is partially true.,Egg-laying is a mammalian trait.,Mammalian classification is flawed.,B,Platypuses are mammals but exceptions to the rule.,Exceptions in Logic,Medium,Logical_Reasoning,Critical Thinking
Premise 1: All squares are rectangles. Premise 2: Some rectangles are not squares. Therefore:,All rectangles are squares.,No squares are rectangles.,Some squares are not rectangles.,Squares are a subset of rectangles.,D,Premises align with set inclusion. Option A contradicts premise 1.,Set Inclusion,Medium,Logical_Reasoning,Critical Thinking
"A statement: 'If a plant is a cactus, it needs little water.' A Venus flytrap needs lots of water. Thus:",It is not a cactus.,It is a cactus variant.,Water needs vary within cacti.,Cacti are overwatered.,A,Denying the consequent (modus tollens) applies. Option C introduces ambiguity.,Modus Tollens,Medium,Logical_Reasoning,Critical Thinking
All A are B. All B are C. Which is always true?,All C are A.,Some A are not C.,All A are C.,No B are A.,C,Transitivity holds for nested sets. Option A reverses the hierarchy.,Transitive Relations,Hard,Logical_Reasoning,Critical Thinking
"If a number is divisible by 4, it is even. 6 is even. Therefore:",6 is divisible by 4.,6 is not divisible by 4.,Even numbers are divisible by 4.,Divisibility rules vary.,B,Evenness does not guarantee divisibility by 4. Option A is converse fallacy.,Logical Fallacies,Hard,Logical_Reasoning,Critical Thinking
Every triangle has three sides. A shape has four sides. Therefore:,It is not a triangle.,It is a quadrilateral.,Triangles can have four sides.,Side count defines shape.,A,Premise excludes four-sided shapes from being triangles.,Definitional Logic,Easy,Logical_Reasoning,Critical Thinking
All metals conduct electricity. Graphite conducts electricity. Thus:,Graphite is a metal.,Conductivity defines metals.,Non-metals can conduct.,Graphite is an exception.,C,Graphite's conductivity shows non-metals can conduct. Option A misclassifies.,Exceptions in Logic,Hard,Logical_Reasoning,Critical Thinking
A 14-year-old student experiences frequent dizziness during exams. Which is the most probable cause?,Increased cortisol levels from stress,Iron deficiency anemia,Hyperthyroidism,Dehydration from skipping meals,A,Stress-induced cortisol spikes are common in exam settings. Anemia lacks direct temporal link.,Stress Physiology,Medium,Logical_Reasoning,Critical Thinking
A farmer's crops show stunted growth despite adequate sunlight. What is the most likely cause?,Soil pH imbalance,Overuse of nitrogenous fertilizer,Root-knot nematode infestation,Excessive irrigation,C,"Nematodes directly damage roots, hindering nutrient uptake. pH imbalance affects all nutrients.",Soil Pathology,Hard,Logical_Reasoning,Critical Thinking
A cyclist develops leg cramps during a long ride. Which is the most direct cause?,Depletion of muscle glycogen,Electrolyte imbalance from sweat loss,Reduced blood flow to muscles,Lactic acid accumulation,B,"Electrolytes are critical for muscle contraction. Lactic acid causes fatigue, not cramps.",Muscle Physiology,Medium,Logical_Reasoning,Critical Thinking
A patient with a history of asthma has a sudden attack after smelling perfume. What is the trigger?,Allergic reaction to fragrance chemicals,Psychosomatic response to strong odors,Respiratory irritation from volatile compounds,Neurogenic inflammation from olfactory stimulation,C,Perfumes contain irritants that directly trigger bronchoconstriction. Allergies require prior sensitization.,Respiratory Triggers,Medium,Logical_Reasoning,Critical Thinking
A child's wound develops a greenish discharge 48 hours post-injury. What is the most probable effect?,Pseudomonas aeruginosa infection,Delayed hypersensitivity reaction,Normal granulation tissue formation,Fungal colonization,A,Green discharge is hallmark of Pseudomonas. Fungal infections progress more slowly.,Wound Infection,Hard,Logical_Reasoning,Critical Thinking
A student's vision blurs after prolonged screen use. Which mechanism explains this?,Ciliary muscle spasm from accommodative strain,Retinal photoreceptor fatigue,Increased intraocular pressure,Corneal dehydration,A,Accommodative spasm causes temporary myopia. Intraocular pressure rises gradually in glaucoma.,Visual Physiology,Medium,Logical_Reasoning,Critical Thinking
A person experiences joint pain after consuming large amounts of red meat. What is the biochemical cause?,Uric acid crystal deposition,Collagen breakdown products,Heterocyclic amine toxicity,Advanced glycation end product accumulation,A,Purines in meat metabolize to uric acid. AGEs form slowly during cooking.,Metabolic Effects,Medium,Logical_Reasoning,Critical Thinking
"A plant kept in a dark room shows elongated, pale stems. What is this condition called?",Etiolation,Chlorosis,Phototropism,Thigmotropism,A,Etiolation is growth in darkness. Chlorosis refers to chlorophyll loss.,Plant Responses,Easy,Logical_Reasoning,Critical Thinking
A person's fingers swell after soaking in water for hours. What is the mechanism?,Epidermal water absorption,Lymphatic fluid retention,Increased subcutaneous fat,Capillary leakage,A,"Stratum corneum absorbs water, causing temporary swelling. Lymphatic issues are chronic.",Skin Physiology,Easy,Logical_Reasoning,Critical Thinking
A diabetic patient develops foot ulcers. Which is the most direct contributing cause?,Peripheral neuropathy,Hyperglycemia,Poor circulation,Immune system suppression,A,"Neuropathy causes insensate injuries. Hyperglycemia is the underlying cause, not direct.",Diabetic Complications,Hard,Logical_Reasoning,Critical Thinking
A person feels cold in 20°C water but not air. Why?,Water conducts heat 25x faster than air,Air contains insulating moisture,Water raises metabolic rate,Air promotes vasoconstriction,A,Thermal conductivity difference causes rapid heat loss in water.,Thermoregulation,Medium,Logical_Reasoning,Critical Thinking
A student's hand blisters after holding a hot pan. What is the primary injury?,Thermal denaturation of skin proteins,Nerve damage from heat,Capillary rupture,Muscle fiber necrosis,A,"Blisters form from denatured dermal proteins. Nerve damage causes numbness, not blisters.",Injury Mechanisms,Medium,Logical_Reasoning,Critical Thinking
A person develops a fever 10 days post-infection. Which immune process causes this?,Cytokine release from activated macrophages,Antibody-antigen complex formation,Complement system activation,T-cell mediated apoptosis,A,Fever is mediated by pyrogens like IL-1. Antibodies take days to develop.,Immunology,Hard,Logical_Reasoning,Critical Thinking
A plant's leaves curl inward during drought. What is the adaptation?,Reduced transpiration surface,Increased root water uptake,Stomatal closure,CAM photosynthesis activation,A,Leaf curling minimizes water loss. Stomatal closure is a separate mechanism.,Plant Adaptations,Medium,Logical_Reasoning,Critical Thinking
A person's voice becomes hoarse after singing for hours. What is the physical cause?,Vocal cord edema,Laryngeal cartilage deformation,Neurological fatigue,Tracheal inflammation,A,Vocal cords swell from overuse. Neurological causes are progressive.,Voice Physiology,Easy,Logical_Reasoning,Critical Thinking
A car's engine overheats after a long drive. What is the direct cause?,Coolant loss from a radiator leak,Thermostat failure,Airflow blockage at the condenser,Engine oil viscosity breakdown,A,Coolant loss causes immediate overheating. Thermostat issues develop gradually.,Mechanical Systems,Medium,Logical_Reasoning,Critical Thinking
A person's vision deteriorates at night. Which vitamin deficiency is likely?,Vitamin A,Vitamin B12,Vitamin C,Vitamin D,A,Retinal is derived from Vitamin A. B12 deficiency causes neurological issues.,Nutritional Deficiencies,Easy,Logical_Reasoning,Critical Thinking
A student's handwriting becomes shaky after drinking energy drinks. What is the physiological link?,Central nervous system stimulation,Adrenaline surge,Caffeine-induced tremors,Blood sugar fluctuation,C,Caffeine blocks adenosine receptors directly causing tremors. Adrenaline is secondary.,Neuropharmacology,Hard,Logical_Reasoning,Critical Thinking
A fruit rots faster in a humid environment. What is the primary mechanism?,Accelerated fungal spore germination,Increased bacterial reproduction,Enzymatic breakdown of cell walls,Hydrolysis of starch reserves,A,"Humidity promotes mold growth. Bacteria require oxygen, which is limited in humid conditions.",Decay Processes,Medium,Logical_Reasoning,Critical Thinking
A person experiences heartburn after eating spicy food. What is the cause?,Lower esophageal sphincter relaxation,Increased gastric acid production,Delayed gastric emptying,Mucosal irritation,A,"Capsaicin causes LES relaxation, allowing reflux. Acid production is not directly increased.",Gastrointestinal Physiology,Hard,Logical_Reasoning,Critical Thinking
A plant's stem bends toward a light source. What is the primary growth regulator?,Auxin redistribution,Gibberellin synthesis,Ethylene production,Abscisic acid accumulation,A,"Auxins redistribute to shaded sides, causing differential growth. Other hormones have different roles.",Plant Hormones,Medium,Logical_Reasoning,Critical Thinking
A 14-year-old boy develops hives after using a new laundry detergent. Which is the most probable cause?,Allergic reaction to a chemical in the detergent,Stress-induced skin irritation,Bacterial infection from contaminated fabric,Fungal overgrowth due to moisture retention,A,Allergens in detergents trigger immune responses. Option B fails as stress rarely directly causes hives.,Identifying Direct Causes,Medium,Logical_Reasoning,Critical Thinking
A farmer notices stunted growth in crops despite adequate sunlight. What is the most likely causal factor?,Nitrogen deficiency in soil,Overuse of insecticides,High ambient temperature,Excessive rainfall last week,A,Nitrogen is critical for chlorophyll synthesis. Option D fails as rain does not directly stunt growth.,Diagnosing Environmental Effects,Medium,Logical_Reasoning,Critical Thinking
A child's shadow shortens at noon compared to morning. What is the causal mechanism?,Sun's position in the sky,Atmospheric refraction changes,Earth's axial tilt variation,Increased air density at midday,A,Sun altitude determines shadow length. Option B fails as refraction changes are negligible daily.,Physical Phenomena Relationships,Easy,Logical_Reasoning,Critical Thinking
A patient with prolonged vitamin C deficiency develops gum bleeding. What pathophysiological process explains this?,Collagen synthesis impairment,Platelet dysfunction,Altered calcium metabolism,Increased capillary permeability,A,Vitamin C is essential for collagen formation. Option D fails as capillary issues are secondary effects.,Nutritional Deficiency Sequences,Hard,Logical_Reasoning,Critical Thinking
A city implements a mask mandate during a viral outbreak. What is the most probable public health effect?,Reduced community transmission rates,Increased healthcare worker infections,Higher vaccine development speed,Worsened economic conditions,A,Masks block respiratory droplet transmission. Option D fails as economic impacts are indirect.,Public Health Interventions,Medium,Logical_Reasoning,Critical Thinking
An athlete's muscle cramps during a marathon. Which metabolic process is most directly involved?,Electrolyte imbalance from sweating,Anaerobic respiration byproducts,Increased lactic acid production,Oxygen debt accumulation,A,Sodium/potassium depletion causes cramps. Option C fails as lactic acid is post-exercise.,Physiological Response Chains,Hard,Logical_Reasoning,Critical Thinking
A student's test scores improve after attending evening study groups. Which variable is most likely the confounding factor?,Increased peer accountability,Better lighting in study spaces,New textbook edition availability,Circadian rhythm changes,A,Social motivation improves performance. Option B fails as lighting is minor compared to behavioral changes.,Identifying Confounding Variables,Hard,Logical_Reasoning,Critical Thinking
A population of beetles shows increased resistance to pesticides over generations. What evolutionary mechanism explains this?,Natural selection acting on random mutations,Increased food availability,Chemical adaptation through learning,Symbiotic relationships with fungi,A,Selection pressure favors resistant alleles. Option C fails as learning is not heritable.,Biological Adaptation Sequences,Medium,Logical_Reasoning,Critical Thinking
A person experiences dizziness after standing up quickly. Which physiological system is most directly responsible?,Regulation of blood pressure,Neurological reflex pathways,Cardiac output adjustment,Renal filtration rate changes,A,Orthostatic hypotension causes brain hypoperfusion. Option B fails as reflexes are secondary effects.,Homeostatic Processes,Medium,Logical_Reasoning,Critical Thinking
A region's temperature rises by 2°C over 50 years. What is the most likely immediate effect on local wildlife?,Altered breeding cycles,Increased species migration,Decreased predation rates,Reduced food chain complexity,A,Temperature affects hormonal regulation of reproduction. Option B fails as migration is a long-term effect.,Ecological Impact Chains,Medium,Logical_Reasoning,Critical Thinking
A student forgets to study for an exam despite intending to. What psychological theory best explains this?,Procrastination due to decision fatigue,Classical conditioning of study habits,Operant conditioning with negative reinforcement,Working memory overload from distractions,A,Cognitive load reduces self-regulation capacity. Option D fails as memory isn't the primary failure point.,Behavioral Causality,Hard,Logical_Reasoning,Critical Thinking
A car's headlights dim when the engine is off. What electrical principle is responsible?,Battery voltage drop under load,Increased resistance in wiring,Capacitor discharge cycles,Magnetohydrodynamic effects,A,Battery cannot sustain full power without alternator support. Option B fails as resistance remains constant.,Physical System Dependencies,Easy,Logical_Reasoning,Critical Thinking
A plant exposed to blue light emits more oxygen. What photosynthetic pathway explains this?,Chlorophyll absorption spectra,Stomatal opening regulation,C4 pathway efficiency,Photophosphorylation rates,A,Blue light maximizes chlorophyll activation. Option D fails as it's an indirect photochemical process.,Biochemical Reaction Triggers,Medium,Logical_Reasoning,Critical Thinking
A patient's blood pressure drops after standing. What compensatory mechanism occurs immediately?,Vasoconstriction of peripheral blood vessels,Increased urine production,Decreased heart rate,Redistribution of intracellular fluids,A,Baroreceptors trigger vasoconstriction to maintain cerebral perfusion. Option C fails as heart rate actually increases.,Homeostatic Feedback Loops,Hard,Logical_Reasoning,Critical Thinking
A city's traffic congestion worsens after a highway expansion. What urban planning paradox explains this?,Induced demand phenomenon,Peak hour shifting,Public transport underinvestment,Population density increase,A,New capacity attracts more vehicles until congestion returns. Option D fails as density isn't the primary driver.,Sociological System Effects,Medium,Logical_Reasoning,Critical Thinking
A person's hand jerks when touching a hot stove. What neural pathway is responsible?,Spinal reflex arc,Cortical sensory processing,Autonomic nervous system activation,Hypothalamic temperature regulation,A,Spinal reflexes bypass brain processing for rapid response. Option B fails as conscious perception is delayed.,Neurological Response Chains,Easy,Logical_Reasoning,Critical Thinking
A population of bacteria develops resistance after antibiotic treatment. What selective pressure caused this?,Elimination of susceptible strains,Increased mutation rates,Horizontal gene transfer,Reduced environmental resistance,A,Antibiotics act as selection agents for resistant alleles. Option C fails as transfer isn't the primary cause.,Microbial Resistance Dynamics,Medium,Logical_Reasoning,Critical Thinking
A student's hand tremors during exams improve with beta-blockers. What physiological mechanism explains this?,Reduced sympathetic nervous system activity,Increased parasympathetic tone,Neurotransmitter receptor blockade,Central nervous system depression,A,Beta-blockers inhibit fight-or-flight responses. Option D fails as CNS depression causes sedation.,Pharmacological Intervention Chains,Hard,Logical_Reasoning,Critical Thinking
A forest fire leads to increased plant growth in subsequent seasons. What ecological process is at work?,Nutrient mineralization from ash,Seed germination triggers by heat,Reduced interspecies competition,Soil aeration from combustion,A,Ash releases phosphorus and potassium for growth. Option B fails as not all plants respond to heat.,Environmental Disturbance Effects,Medium,Logical_Reasoning,Critical Thinking
A worker experiences eye strain after long computer use. What optical principle is involved?,Accommodation fatigue of ciliary muscles,Prolonged pupillary constriction,Glare-induced corneal damage,Increased intraocular pressure,A,Constant focus adjustment fatigues eye muscles. Option D fails as pressure isn't directly caused.,Physiological Overuse Syndromes,Medium,Logical_Reasoning,Critical Thinking
A sudden increase in temperature leads to immediate environmental changes. Which effect is most directly linked to this cause?,Increased biodiversity,Melting of ice,Soil erosion,Forest fires,B,Melting of ice is a direct thermal effect. A is incorrect as biodiversity typically decreases with abrupt temperature shifts.,Environmental Changes,Easy,Logical_Reasoning,Critical Thinking
A patient experiences night blindness. Which deficiency is most likely the cause?,Vitamin C,Vitamin D,Vitamin A,Vitamin B12,C,"Vitamin A deficiency affects retinal function. B is incorrect as it regulates calcium, not vision.",Nutritional Deficiencies,Easy,Logical_Reasoning,Critical Thinking
A student studies 2 hours daily but scores poorly in exams. What is the most probable cause?,Lack of sleep,Inefficient study methods,Excessive physical activity,Poor nutrition,B,Study duration alone doesn't ensure retention. A is less directly linked to academic performance.,Educational Outcomes,Medium,Logical_Reasoning,Critical Thinking
A plant in a greenhouse shows yellowing leaves. Which cause is least likely if soil nutrients are sufficient?,Overwatering,Pest infestation,Excess light,Root rot,C,"Excess light doesn't cause chlorosis directly. A and D disrupt root function, leading to symptoms.",Plant Physiology,Hard,Logical_Reasoning,Critical Thinking
A city implements a recycling program. Which effect is most likely within 6 months?,Reduced landfill waste,Lower air pollution,Increased employment,Higher economic growth,A,Recycling directly reduces waste volume. B is a long-term effect requiring broader policy changes.,Environmental Policy,Medium,Logical_Reasoning,Critical Thinking
A person develops muscle cramps during exercise. What is the most immediate cause?,Lactic acid buildup,Electrolyte imbalance,Muscle fiber rupture,Dehydration,A,Anaerobic metabolism produces lactic acid rapidly. B is secondary to prolonged activity.,Physiological Responses,Easy,Logical_Reasoning,Critical Thinking
A river ecosystem experiences algal blooms. Which cause is least likely?,Agricultural runoff,Industrial waste,Low sunlight,High nutrient load,C,"Algal blooms require nutrients, not sunlight. D directly supports their growth.",Ecological Imbalance,Hard,Logical_Reasoning,Critical Thinking
A student avoids sunlight for weeks. What health issue may arise?,Rickets,Scurvy,Anemia,Beriberi,A,Sunlight is essential for vitamin D synthesis. B and D are caused by vitamin C and B1 deficiencies.,Vitamin Deficiencies,Medium,Logical_Reasoning,Critical Thinking
A country imposes strict carbon taxes. Which effect is least directly caused?,Reduced fossil fuel use,Lower industrial output,Improved public health,Increased renewable energy investment,C,Health improvements are indirect and long-term. A and D are immediate economic responses.,Economic Policies,Hard,Logical_Reasoning,Critical Thinking
A person develops a fungal infection after prolonged antibiotic use. What is the most probable cause?,Weakened immune system,Disrupted gut flora,Increased antibiotic resistance,Overgrowth of opportunistic fungi,D,"Antibiotics eliminate bacteria, allowing fungi to proliferate. B is a contributing factor but not the direct cause.",Medical Consequences,Medium,Logical_Reasoning,Critical Thinking
A farmer's wheat crop fails despite adequate rainfall. Which factor is most likely?,Soil nutrient depletion,Inadequate sunlight,Poor seed quality,Excessive fertilizer,C,Seed viability is a direct cause of crop failure. A and D are secondary environmental factors.,Agricultural Failure,Medium,Logical_Reasoning,Critical Thinking
A student's test scores improve after starting a meditation routine. What is the least likely explanation?,Reduced stress,Improved sleep,Enhanced memory,Increased social activity,D,Social activity doesn't directly correlate with academic improvement. A and C are well-documented effects.,Behavioral Psychology,Hard,Logical_Reasoning,Critical Thinking
A city's air quality worsens. Which cause is most directly responsible?,Increased vehicle traffic,Deforestation,Industrial expansion,Urbanization,A,Vehicle emissions directly contribute to air pollution. C is indirect unless industrial activity increases.,Environmental Pollution,Easy,Logical_Reasoning,Critical Thinking
A person develops jaundice. Which condition is least likely to cause this symptom?,Hepatitis,Gallstone blockage,Anemia,Pancreatitis,C,"Anemia causes pallor, not jaundice. A and B directly affect bilirubin metabolism.",Clinical Pathology,Hard,Logical_Reasoning,Critical Thinking
A student's motivation declines after repeated failures. What psychological process explains this?,Learned helplessness,Cognitive dissonance,Self-efficacy erosion,Imposter syndrome,A,Learned helplessness follows repeated failure. C is a long-term consequence rather than immediate cause.,Psychological Effects,Medium,Logical_Reasoning,Critical Thinking
A 14-year-old student experiences dizziness after standing up quickly. What is the most probable cause?,Sudden blood pressure increase,Dehydration from physical activity,Orthostatic hypotension,Hypoglycemia due to skipped meals,C,"Orthostatic hypotension causes blood pooling in legs. A fails as BP drops, not rises.",Physiological Responses,Medium,Logical_Reasoning,Critical Thinking
A farmer notices stunted growth in crops. Soil tests show low nitrogen. The most likely effect is:,Increased chlorophyll production,Yellowing of older leaves,Root overgrowth,Excessive flowering,B,Nitrogen deficiency causes chlorosis in older leaves. A is nitrogen-sufficient plants.,Plant Nutrition,Easy,Logical_Reasoning,Critical Thinking
A person develops a rash after eating seafood. The cause is most likely:,Histamine release from allergens,Bacterial contamination,Vitamin deficiency,Psychosomatic reaction,A,Allergies trigger histamine release; B is rare with fresh seafood.,Immunology Basics,Medium,Logical_Reasoning,Critical Thinking
A city observes increased traffic congestion. The most probable cause is:,New road construction,Expansion of public transport,Population decline,Weather improvement,A,Construction restricts lanes; B would reduce congestion.,Urban Planning,Medium,Logical_Reasoning,Critical Thinking
A student's test scores drop after starting a part-time job. What is the most likely effect?,Improved time management skills,Reduced sleep duration,Increased motivation to study,Enhanced financial literacy,B,"Job hours reduce sleep, affecting cognitive performance. A is counterintuitive.",Behavioral Effects,Hard,Logical_Reasoning,Critical Thinking
A patient with a fractured arm develops swelling. The direct cause is:,Bacterial infection,Blood vessel rupture,Muscle atrophy,Lymph node activation,B,"Fractures damage vessels, causing hematoma. A is secondary to open wounds.",Trauma Response,Medium,Logical_Reasoning,Critical Thinking
A sudden forest fire in a dry region is most likely caused by:,Lightning strike,Volcanic activity,Animal nesting behavior,Increased rainfall,A,Lightning is a natural ignition source. D contradicts 'dry region'.,Environmental Causation,Easy,Logical_Reasoning,Critical Thinking
A student's skin burns after prolonged sun exposure. The cause is:,Melanin overproduction,UV radiation damaging skin cells,Increased blood flow to skin,Sweat gland hyperactivity,B,"UV breaks DNA, causing burns. A protects against, not causes, burns.",Dermatology,Medium,Logical_Reasoning,Critical Thinking
A river's fish population declines. The most probable cause is:,Introduction of predators,Increased water pH,Aquatic plant overgrowth,Riparian vegetation removal,A,Predators directly reduce prey numbers. D affects habitat indirectly.,Ecology,Medium,Logical_Reasoning,Critical Thinking
A person forgets to bring an umbrella on a cloudy day. The effect is:,Clothing contamination,Shoe damage,Clothing soaked by rain,Sunburn prevention,C,Rainfall gets clothing wet; D is unrelated to clouds.,Daily Life Scenarios,Easy,Logical_Reasoning,Critical Thinking
A student's plant wilts despite regular watering. The cause is most likely:,Root rot from overwatering,Photosynthesis excess,Transpiration blockage,Soil mineral surplus,A,"Overwatering displaces soil oxygen, causing roots to decay.",Plant Physiology,Hard,Logical_Reasoning,Critical Thinking
A driver slams brakes suddenly. The immediate effect is:,Engine overheating,Passenger deceleration,Road surface wear,Fuel efficiency improvement,B,Newton's first law causes passengers to lurch forward. D is false.,Physics in Daily Life,Medium,Logical_Reasoning,Critical Thinking
A city experiences power outages after a tropical storm. The direct cause is:,Transformer overheating,Wind damage to power lines,Increased air conditioning use,Generator maintenance,B,"High winds snap lines; C is demand-related, not direct.",Disaster Response,Medium,Logical_Reasoning,Critical Thinking
A person develops a headache after eating chocolate. The most probable cause is:,Caffeine sensitivity,Lactose intolerance,Artificial sweetener reaction,Magnesium deficiency,A,Caffeine is a common headache trigger. B is dairy-related.,Nutrition,Medium,Logical_Reasoning,Critical Thinking
A student's plant receives insufficient sunlight. The effect is:,Increased leaf size,Etiolation (spindly growth),Flower overproduction,Root hair elongation,B,Etiolation occurs without light for photosynthesis. A is light-dependent.,Plant Growth,Hard,Logical_Reasoning,Critical Thinking
A person experiences chest pain after heavy lifting. The cause is:,Muscle strain,Cardiac arrhythmia,Costochondritis,Pulmonary embolism,A,Lifting stresses muscles; D is rare without risk factors.,Medical Diagnostics,Hard,Logical_Reasoning,Critical Thinking
A book slips from a table. The effect is:,Tabletop deformation,Book acceleration due to gravity,Air current disruption,Surface friction increase,B,Gravity acts on the book; A requires force exceeding table strength.,Physics Fundamentals,Easy,Logical_Reasoning,Critical Thinking
A student's eyes water during cooking. The cause is:,Vaporized oil particles,Sulfur compounds in onions,Carbon dioxide buildup,Aluminum foil reaction,B,Onions release lachrymatory agents. A is unrelated to tears.,Chemistry in Daily Life,Medium,Logical_Reasoning,Critical Thinking
A person's shadow lengthens at sunset. The cause is:,Earth's rotation,Atmospheric refraction,Sun's elliptical orbit,Lens flare from clouds,A,"Rotation changes sun angle, elongating shadows. C is false.",Astronomy Basics,Hard,Logical_Reasoning,Critical Thinking
A student's phone battery drains quickly. The cause is most likely:,High ambient temperature,Background app activity,Battery age degradation,Low signal strength,B,"Background processes consume power. C is cumulative, not sudden.",Technology Interactions,Medium,Logical_Reasoning,Critical Thinking
A 14-year-old student develops a rash after eating seafood. Which mechanism most likely explains this reaction?,Allergic response due to IgE-mediated histamine release,Autoimmune destruction of skin cells,Vitamin D deficiency causing rickets,Bacterial infection from contaminated food,A,Allergies involve IgE-mediated reactions. Distractor D is plausible but requires infection evidence.,Medical Allergies,Medium,Logical_Reasoning,Critical Thinking
A farmer's wheat crop shows yellowing leaves. Soil tests show high pH. What is the most probable cause?,Iron deficiency due to pH-induced nutrient lockout,Overuse of nitrogen-based fertilizers,Fungal root rot from overwatering,Genetic mutation in chlorophyll production,A,"High pH reduces iron availability. Distractor B causes dark green leaves, not yellowing.",Agricultural Science,Hard,Logical_Reasoning,Critical Thinking
"During a heatwave, a city's emergency rooms report increased asthma cases. What is the most likely causal pathway?",Ozone pollution increases from sunlight reacting with vehicle emissions,Higher humidity promotes mold spore release,Heat-induced dehydration thickens mucus,Air conditioning filters recirculate allergens,A,Ozone is a known asthma trigger during heatwaves. Distractor C is a secondary dehydration effect.,Environmental Health,Medium,Logical_Reasoning,Critical Thinking
A student's grades drop after joining a new study group. What factor most directly explains this change?,Reduced independent study time due to group distractions,Sleep deprivation from late-night group meetings,Social pressure to conform to lower academic standards,Incompatible teaching methods among group members,A,Direct time displacement is primary cause. Distractor B requires evidence of sleep loss.,Educational Psychology,Easy,Logical_Reasoning,Critical Thinking
"After a hurricane, a region experiences a dengue fever outbreak. What environmental factor is primarily responsible?",Standing water creating mosquito breeding sites,Damaged water systems causing contamination,Displacement leading to crowded shelters,Increased humidity weakening immune systems,A,Aedes mosquitoes breed in stagnant water. Distractor C is secondary to shelter conditions.,Epidemiology,Hard,Logical_Reasoning,Critical Thinking
A construction worker develops a tremor after years of using vibrating tools. What physiological process is primarily involved?,Nerve damage from repetitive mechanical trauma,Muscle fatigue from overexertion,Circulatory issues in the hands,Neurotransmitter imbalance from stress,A,"Vibration induces cumulative nerve damage. Distractor B is temporary, not permanent.",Occupational Health,Medium,Logical_Reasoning,Critical Thinking
A patient's blood pressure spikes during a stressful exam. What immediate physiological mechanism explains this?,Sympathetic nervous system activation releasing adrenaline,Renin-angiotensin system upregulation,Increased sodium retention in kidneys,Vasoconstriction from prolonged sitting,A,Stress activates the fight-or-flight response. Distractor B is a slower hormonal mechanism.,Stress Physiology,Easy,Logical_Reasoning,Critical Thinking
A region experiences increased flooding after urban development. What ecological factor is primarily responsible?,Reduced infiltration from asphalt surfaces,Deforestation lowering transpiration,Climate change increasing precipitation,Soil erosion from construction activity,A,Impervious surfaces prevent water absorption. Distractor D is secondary consequence.,Urban Ecology,Medium,Logical_Reasoning,Critical Thinking
A child with ADHD struggles in class despite medication. What factor most likely explains the academic difficulties?,Medication non-adherence due to forgetfulness,Side effects reducing attention span,Teacher's inflexible instructional methods,Co-occurring learning disabilities,C,Environmental factors modulate medication effectiveness. Distractor B requires evidence of side effects.,Learning Disabilities,Hard,Logical_Reasoning,Critical Thinking
A population shows higher cancer rates near a chemical plant. What study design would best establish causality?,Prospective cohort study tracking exposed vs. non-exposed groups,Case-control study comparing cancer patients with controls,Cross-sectional survey of current chemical exposure,Ecological study comparing regional cancer rates,A,Prospective studies track outcomes temporally. Distractor B lacks temporal sequence.,Epidemiological Methods,Medium,Logical_Reasoning,Critical Thinking
A student fails to recall material studied at 2 AM. What cognitive process is primarily impaired?,Consolidation due to sleep deprivation,Encoding due to low alertness,Retrieval due to stress hormones,Attention due to circadian rhythm,A,Sleep is critical for memory consolidation. Distractor B affects encoding quality.,Memory Physiology,Hard,Logical_Reasoning,Critical Thinking
A desert region adopts irrigation. What long-term environmental impact is most likely?,Salinization from evaporative mineral buildup,Soil erosion due to overwatering,Groundwater depletion exceeding recharge rates,Algal blooms in irrigation channels,A,Evaporation concentrates salts in irrigated soil. Distractor C depends on aquifer specifics.,Agricultural Impacts,Medium,Logical_Reasoning,Critical Thinking
A patient on antibiotics develops diarrhea. What mechanism most directly explains this effect?,Disruption of gut microbiota balance,Direct intestinal irritation by drugs,Increased mucus production in the colon,Immune response to medication,A,Antibiotics kill beneficial gut bacteria. Distractor B requires evidence of direct toxicity.,Pharmacological Side Effects,Easy,Logical_Reasoning,Critical Thinking
A city implements a bike lane. What effect is most likely to reduce traffic accidents?,Separated cycling infrastructure reducing vehicle-bike collisions,Increased cyclist awareness through signage,Improved road surface quality near bike lanes,Shorter commute times from increased cycling,A,Physical separation prevents direct vehicle-cyclist contact. Distractor B is a secondary effect.,Urban Planning,Medium,Logical_Reasoning,Critical Thinking
A student's motivation declines after failing an exam. What psychological theory best explains this?,Self-determination theory (loss of competence perception),Maslow's hierarchy (unmet safety needs),Operant conditioning (negative reinforcement),Cognitive dissonance theory,A,Failure undermines perceived competence. Distractor D requires conflicting cognitions.,Motivation Theories,Hard,Logical_Reasoning,Critical Thinking
A factory's emissions decrease. What immediate environmental effect is most probable?,Improved air quality reducing respiratory illnesses,Lower atmospheric CO2 levels,Decreased acid rain formation,Reduced global temperature rise,C,Local emissions affect acid rain chemistry. Distractor A takes time to manifest.,Pollution Control,Medium,Logical_Reasoning,Critical Thinking
A teacher introduces new curriculum materials. What student outcome most directly indicates effectiveness?,Improved standardized test scores in target domains,Increased engagement during lessons,Positive parent feedback surveys,Reduced classroom disciplinary incidents,A,Test scores measure knowledge acquisition. Distractor B suggests engagement but not mastery.,Educational Assessment,Easy,Logical_Reasoning,Critical Thinking
A region's fish population declines after a dam is built. What ecological process is primarily responsible?,Fragmented habitats disrupting migration patterns,Reduced oxygen levels in stagnant reservoirs,Sediment buildup smothering spawning grounds,Altered water temperature gradients,A,Dams block migratory routes for spawning. Distractor C is a secondary sediment effect.,Aquatic Ecology,Hard,Logical_Reasoning,Critical Thinking
A patient develops jaundice after a viral infection. What physiological process is primarily affected?,Impaired bilirubin excretion by damaged liver cells,Increased red blood cell destruction,Obstruction of bile ducts by gallstones,Hemoglobinuria from kidney damage,A,Viral hepatitis affects liver function. Distractor B requires evidence of hemolysis.,Liver Physiology,Medium,Logical_Reasoning,Critical Thinking
A country adopts renewable energy. What long-term economic effect is most likely?,Reduced fossil fuel import expenditures,Increased employment in energy sectors,Lower electricity production costs,Stabilized global oil prices,A,Energy independence reduces import costs. Distractor D depends on global market dynamics.,Energy Economics,Medium,Logical_Reasoning,Critical Thinking
A student crams for exams. What cognitive consequence is most directly expected?,Reduced long-term retention due to shallow processing,Increased short-term memory load,Heightened anxiety during tests,Improved recall through spaced repetition,A,Cramming avoids deep encoding necessary for retention. Distractor D is opposite effect.,Learning Methods,Hard,Logical_Reasoning,Critical Thinking
"A politician argues that a tax cut will boost economic growth, citing a historical example. What assumption is being made?",Correlation implies causation,Past events will repeat exactly,Economic systems are perfectly efficient,Human behavior is entirely rational,A,Correlation does not necessarily imply causation,Identifying Assumptions,Hard,Logical_Reasoning,Critical Thinking
"A company claims its product is environmentally friendly, based on a study funded by the company. What is the potential flaw?",Conflict of interest,Lack of transparency,Methodological error,Inadequate sampling,A,Conflict of interest can bias research findings,Evaluating Evidence,Easy,Logical_Reasoning,Critical Thinking
"A journalist argues that a social media platform is responsible for the spread of misinformation, citing an increase in fake news stories. What is being assumed?",Social media is the primary source of news,The increase in fake news is due to social media,Social media companies are not taking adequate action,Regulation of social media is necessary,B,Correlation between social media and fake news does not imply causation,Identifying Assumptions,Medium,Logical_Reasoning,Critical Thinking
"A scientist claims that a new species has been discovered, based on DNA analysis. What is the main strength of this argument?",The use of multiple lines of evidence,The presence of a control group,The use of a large sample size,The replication of results,A,Multiple lines of evidence increase the reliability of findings,Evaluating Scientific Claims,Easy,Logical_Reasoning,Critical Thinking
A historian argues that a particular event was the primary cause of a major historical change. What is being assumed?,The event was the sole cause of the change,The event was a necessary condition for the change,The event was a sufficient condition for the change,The event was a contributing factor to the change,B,The event must have been a necessary condition for the change to occur,Identifying Assumptions,Hard,Logical_Reasoning,Critical Thinking
"A researcher claims that a new method is more effective than an existing method, based on the results of a study. What is the main weakness of this argument?",The study was not peer-reviewed,The sample size was too small,The study did not control for confounding variables,The results were not replicated,C,Failure to control for confounding variables can lead to flawed conclusions,Evaluating Research Claims,Medium,Logical_Reasoning,Critical Thinking
"A philosopher argues that a particular moral principle is universally applicable, citing a thought experiment. What is being assumed?",The thought experiment is representative of real-world situations,The moral principle is based on human nature,The moral principle is absolute and unchanging,The moral principle is culturally relative,A,The thought experiment must be representative of real-world situations,Identifying Assumptions,Hard,Logical_Reasoning,Critical Thinking
"A economist argues that a free market economy is the most efficient, citing the example of a successful company. What is the main flaw in this argument?",The example is anecdotal and not representative,The company's success is due to external factors,The company's success is not sustainable,The company's success is not generalizable,A,Anecdotal evidence is not sufficient to support a general claim,Evaluating Economic Claims,Easy,Logical_Reasoning,Critical Thinking
"A politician argues that a particular policy will have a positive impact on the environment, citing a study. What is the main strength of this argument?",The study was conducted by a reputable organization,The study used a large sample size,The study controlled for confounding variables,The study was peer-reviewed,C,Controlling for confounding variables increases the reliability of the findings,Evaluating Policy Claims,Medium,Logical_Reasoning,Critical Thinking
"A scientist claims that a particular phenomenon is due to a specific cause, based on the results of an experiment. What is the main weakness of this argument?",The experiment was not replicated,The experiment did not control for confounding variables,The experiment used a small sample size,The experiment was not peer-reviewed,B,Failure to control for confounding variables can lead to flawed conclusions,Evaluating Scientific Claims,Medium,Logical_Reasoning,Critical Thinking
A researcher notices a significant increase in aggressive behavior among children who watch violent cartoons. What should be the next course of action?,Conduct a survey to identify other potential factors influencing aggressive behavior,Design an experiment to test the causal relationship between violent cartoons and aggression,Implement a nationwide ban on violent cartoons,Collaborate with parents to develop alternative entertainment options for children,B,Option B is correct; option A is incomplete as it doesn't test causality,Experimental Design,Medium,Logical_Reasoning,Critical Thinking
A new policy aims to reduce traffic congestion by increasing parking fees. What action should be taken to evaluate the policy's effectiveness?,Conduct regular traffic surveys to monitor congestion levels,Compare the policy's impact on traffic congestion to other cities with similar policies,Analyze the revenue generated from parking fees to determine the policy's success,"Implement additional measures to reduce traffic congestion, such as improving public transportation",A,"Option A is correct; option C only considers revenue, not congestion",Policy Evaluation,Easy,Logical_Reasoning,Critical Thinking
"A company is considering launching a new product line, but there are concerns about its potential environmental impact. What course of action should be taken?",Conduct a cost-benefit analysis to weigh the potential profits against the environmental costs,Consult with environmental experts to assess the potential impact and develop strategies to mitigate it,Survey consumers to gauge their willingness to pay a premium for eco-friendly products,Delay the product launch until more environmentally friendly materials are available,B,Option B is correct; option A may underestimate environmental costs,Environmental Impact Assessment,Medium,Logical_Reasoning,Critical Thinking
A teacher notices that students who participate in extracurricular activities tend to perform better academically. What action should be taken to investigate this relationship further?,Design an experiment to test the causal relationship between extracurricular activities and academic performance,Conduct a survey to identify other factors that may influence academic performance,Analyze existing data on student participation in extracurricular activities and academic performance,Implement a new policy requiring all students to participate in extracurricular activities,A,Option A is correct; option B may not establish causality,Correlation vs. Causation,Hard,Logical_Reasoning,Critical Thinking
A new employee is struggling to meet performance expectations. What should be the next course of action?,Provide additional training and support to help the employee improve,Set clear performance goals and deadlines for the employee to meet,Consider terminating the employee's contract due to poor performance,Transfer the employee to a different department or role,A,Option A is correct; option C is premature without support,Employee Development,Easy,Logical_Reasoning,Critical Thinking
A researcher is investigating the effects of a new medication on patients with a specific disease. What action should be taken to ensure the study's validity?,Use a control group to compare the outcomes of patients receiving the medication to those who do not,Select participants randomly from the population to minimize bias,Use a double-blind design to prevent researchers and participants from influencing the outcomes,Collect data on patient outcomes over an extended period to ensure long-term effects are captured,A,Option A is correct; option D may introduce other variables,Experimental Design,Medium,Logical_Reasoning,Critical Thinking
A manager is trying to improve communication within a team. What course of action should be taken?,Establish clear communication channels and protocols for team members to follow,Encourage team members to share their concerns and ideas in regular meetings,"Provide training on effective communication skills, such as active listening and conflict resolution",Implement a new technology platform to facilitate communication among team members,C,Option C is correct; option D may not address underlying issues,Team Communication,Easy,Logical_Reasoning,Critical Thinking
A company is facing financial difficulties and needs to reduce costs. What action should be taken to minimize the impact on employees?,Implement a hiring freeze to reduce personnel costs,Offer voluntary retirement packages to older employees,"Reduce non-essential expenses, such as travel and entertainment",Negotiate with employees to reduce salaries or benefits,C,Option C is correct; option D may damage employee morale,Cost Reduction Strategies,Medium,Logical_Reasoning,Critical Thinking
A student is struggling to understand a complex concept in a subject. What course of action should be taken to support the student's learning?,"Provide additional resources, such as textbooks or online tutorials, to supplement the student's learning",Offer one-on-one tutoring to help the student understand the concept,Encourage the student to ask questions in class to clarify their understanding,Allow the student to work in a group with peers to learn from one another,B,Option B is correct; option A may not provide personalized support,Learning Support Strategies,Easy,Logical_Reasoning,Critical Thinking
A community is experiencing a public health crisis due to a lack of access to healthcare services. What action should be taken to address the issue?,Establish a community health clinic to provide basic healthcare services,Develop a public awareness campaign to educate residents about healthy habits and disease prevention,Collaborate with local healthcare providers to offer discounts or free services to underserved populations,Advocate for policy changes to increase funding for healthcare services in the community,A,Option A is correct; option B may not address immediate healthcare needs,Public Health Initiatives,Medium,Logical_Reasoning,Critical Thinking
A company is considering expanding its operations to a new market. What course of action should be taken to assess the potential risks and opportunities?,Conduct market research to gather data on consumer behavior and preferences,Analyze the competitive landscape to identify potential competitors and market gaps,Develop a financial model to forecast revenue and expenses in the new market,Establish a local office or partnership to gather insights from the new market,A,Option A is correct; option D may be premature without market research,Market Analysis,Hard,Logical_Reasoning,Critical Thinking
A teacher is trying to engage students in a lesson on a complex topic. What action should be taken to promote student interest and participation?,Use real-world examples and case studies to illustrate the topic's relevance and applications,"Incorporate interactive activities, such as discussions and group work, to encourage student engagement","Provide clear and concise explanations of the topic, using visual aids and multimedia resources","Offer incentives, such as rewards or grades, to motivate students to participate",B,Option B is correct; option D may not promote intrinsic motivation,Teaching Strategies,Easy,Logical_Reasoning,Critical Thinking
A researcher is investigating the effects of climate change on ecosystems. What course of action should be taken to ensure the study's validity and generalizability?,"Use a longitudinal design to collect data over an extended period, capturing changes and trends",Select study sites randomly from a range of ecosystems to minimize bias and increase generalizability,"Collaborate with other researchers to pool data and expertise, increasing the study's scope and validity",Use advanced statistical models to control for confounding variables and account for uncertainty,A,Option A is correct; option D may not capture long-term effects,Research Design,Hard,Logical_Reasoning,Critical Thinking
A manager is trying to improve employee morale and productivity. What action should be taken to address the issue?,Conduct regular employee surveys to gather feedback and concerns,Implement a recognition and reward system to motivate employees,"Provide opportunities for professional development and growth, such as training and mentorship","Improve working conditions, such as office space and equipment, to enhance employee comfort and efficiency",C,Option C is correct; option B may not address underlying issues,Employee Motivation,Medium,Logical_Reasoning,Critical Thinking
"A student is struggling to manage their time effectively, leading to poor academic performance. What course of action should be taken to support the student's time management skills?",Provide the student with a planner or calendar to help them organize their schedule,Offer one-on-one coaching to help the student set goals and prioritize tasks,Encourage the student to use time management apps or software to track their activities,"Develop a schedule for the student, allocating specific times for studying and other activities",B,Option B is correct; option D may not promote self-regulation,Time Management Strategies,Easy,Logical_Reasoning,Critical Thinking
A company is facing a crisis due to a product recall. What action should be taken to mitigate the damage and restore public trust?,Issue a public apology and take responsibility for the issue,Provide compensation or refunds to affected customers,Conduct an internal investigation to identify the root cause of the problem,"Develop a plan to prevent similar crises in the future, including quality control measures and employee training",A,Option A is correct; option C may not address immediate public concerns,Crisis Management,Medium,Logical_Reasoning,Critical Thinking
A researcher is investigating the effects of a new educational program on student outcomes. What course of action should be taken to evaluate the program's effectiveness?,Use a quasi-experimental design to compare the outcomes of students in the program to those in a control group,Conduct a survey to gather feedback from students and teachers about the program,Analyze existing data on student performance to identify trends and patterns,Develop a logic model to illustrate the program's theory of change and expected outcomes,A,Option A is correct; option B may not establish causality,Program Evaluation,Hard,Logical_Reasoning,Critical Thinking
A manager is trying to improve team collaboration and communication. What action should be taken to promote a positive and inclusive team culture?,Establish clear expectations and goals for team performance and behavior,Encourage open communication and feedback among team members,Foster a sense of community and camaraderie through team-building activities and social events,Provide training and development opportunities to enhance team members' skills and knowledge,B,Option B is correct; option A may not address underlying issues,Team Culture,Medium,Logical_Reasoning,Critical Thinking
A doctor uses a novel treatment for a rare disease. The relationship between the doctor's action and the disease is similar to the relationship between a,pilot using a new flight route and a commercial airliner,surgeon using a new surgical technique and a common surgical procedure,engineer designing a new bridge and a skyscraper,chef creating a new recipe and a food critic,B,"Surgical technique is directly applied to a procedure, like the novel treatment for the disease.",Medical Analogies,Easy,Logical_Reasoning,Critical Thinking
A researcher conducts an experiment to test the effect of a variable on a system. This is analogous to a,teacher assessing student learning outcomes,engineer testing a new material's strength,businessman evaluating market trends,artist critiquing a painting,B,"Experimentation directly assesses cause-and-effect, like testing material strength.",Scientific Method Analogies,Medium,Logical_Reasoning,Critical Thinking
A new policy is implemented to reduce traffic congestion. The relationship between the policy and traffic is similar to the relationship between a,new software update and computer performance,marketing campaign and product sales,exercise routine and physical fitness,recipe modification and culinary outcome,A,"Software updates directly impact computer performance, like policy on traffic.",System Dynamics Analogies,Easy,Logical_Reasoning,Critical Thinking
A team leader assigns tasks to team members based on their skills. This is analogous to a,conductor assigning musical parts to orchestra members,chef assigning kitchen tasks to cooking staff,coach assigning positions to athletes,teacher assigning seats to students,A,"Conductor assigns parts based on musicians' skills, like leader to team members.",Leadership Analogies,Medium,Logical_Reasoning,Critical Thinking
A new employee is trained to perform a specific task. The relationship between the training and task is similar to the relationship between a,pupil learning a musical instrument and a musical performance,apprentice learning a trade and a craft project,student learning a language and a conversation,researcher learning a new technique and an experiment,B,"Apprentice learns trade for craft project, like employee learns task through training.",Skill Acquisition Analogies,Easy,Logical_Reasoning,Critical Thinking
A company's sales increase after a successful marketing campaign. This is analogous to a,farmer's crop yield increasing after using fertilizer,student's grades improving after attending tutoring sessions,athlete's performance enhancing after specialized training,artist's reputation growing after a successful exhibition,A,"Fertilizer directly impacts crop yield, like marketing on sales.",Causal Relationships Analogies,Medium,Logical_Reasoning,Critical Thinking
A complex system is broken down into smaller components for analysis. The relationship between the system and components is similar to the relationship between a,puzzle and its individual pieces,book and its chapters,machine and its parts,recipe and its ingredients,C,"Machine parts directly comprise the machine, like system components.",System Analysis Analogies,Easy,Logical_Reasoning,Critical Thinking
A problem is solved by identifying and addressing its root cause. This is analogous to a,doctor diagnosing and treating a disease,mechanic repairing a car's engine,teacher identifying and addressing a learning gap,chef identifying and correcting a recipe flaw,A,"Doctor diagnoses and treats disease, like solving problem by addressing root cause.",Problem-Solving Analogies,Medium,Logical_Reasoning,Critical Thinking
A process is optimized by streamlining its steps and reducing waste. The relationship between the process and optimization is similar to the relationship between a,manufacturer and a supply chain,restaurant and its menu,software developer and code refactoring,financial advisor and investment portfolio,C,"Code refactoring streamlines software, like process optimization.",Process Improvement Analogies,Hard,Logical_Reasoning,Critical Thinking
A decision is made by weighing the pros and cons of different options. This is analogous to a,judge evaluating evidence in a trial,investor assessing risk and potential return,scientist evaluating data from an experiment,artist critiquing a work of art,B,"Investor weighs risk and return, like decision-maker weighing pros and cons.",Decision-Making Analogies,Medium,Logical_Reasoning,Critical Thinking
A team works together to achieve a common goal. The relationship between the team and goal is similar to the relationship between a,sports team and a championship,musical ensemble and a performance,business partners and a successful venture,research collaborators and a publication,A,"Sports team works together for championship, like team for a common goal.",Teamwork Analogies,Easy,Logical_Reasoning,Critical Thinking
A complex issue is resolved by finding a creative solution. The relationship between the issue and solution is similar to the relationship between a,puzzle and its solution,math problem and its proof,design challenge and its innovative solution,conflict and its resolution,C,"Innovative solution addresses design challenge, like creative solution to complex issue.",Creative Problem-Solving Analogies,Hard,Logical_Reasoning,Critical Thinking
A system's performance is evaluated by tracking key metrics. The relationship between the system and metrics is similar to the relationship between a,car's performance and its speedometer,student's progress and their grades,business's success and its financial reports,athlete's training and their fitness tracker,A,"Speedometer measures car performance, like metrics for system performance.",Performance Evaluation Analogies,Easy,Logical_Reasoning,Critical Thinking
A plan is developed to achieve a specific objective. The relationship between the plan and objective is similar to the relationship between a,map and its destination,recipe and its dish,blueprint and its building,schedule and its timeline,A,"Map guides to destination, like plan to objective.",Planning Analogies,Medium,Logical_Reasoning,Critical Thinking
A risk is mitigated by taking proactive measures. The relationship between the risk and measures is similar to the relationship between a,hazard and its warning signs,disease and its vaccine,natural disaster and its emergency preparedness,cyber threat and its security measures,B,"Vaccine mitigates disease risk, like proactive measures for risk mitigation.",Risk Management Analogies,Medium,Logical_Reasoning,Critical Thinking
A decision is made by considering multiple perspectives. The relationship between the decision and perspectives is similar to the relationship between a,jury's verdict and its deliberation,focus group's feedback and its discussion,negotiation's outcome and its parties,mediator's resolution and its disputants,A,"Jury considers perspectives in deliberation, like decision-maker considering multiple views.",Decision-Making Analogies,Hard,Logical_Reasoning,Critical Thinking
A process is improved by identifying and addressing its bottlenecks. The relationship between the process and bottlenecks is similar to the relationship between a,traffic flow and its congestion points,supply chain and its logistics,computer network and its bandwidth,manufacturing line and its production constraints,A,"Congestion points hinder traffic flow, like bottlenecks in a process.",Process Improvement Analogies,Medium,Logical_Reasoning,Critical Thinking
A team's morale is boosted by recognizing and rewarding its members' contributions. The relationship between the team and morale is similar to the relationship between a,garden and its fertilization,student and their academic recognition,employee and their job satisfaction,artist and their creative inspiration,C,"Job satisfaction is boosted by recognition, like team morale.",Team Motivation Analogies,Easy,Logical_Reasoning,Critical Thinking
A system's resilience is enhanced by diversifying its components. The relationship between the system and components is similar to the relationship between a,portfolio and its investments,ecosystem and its biodiversity,supply chain and its vendors,network and its nodes,B,"Biodiversity enhances ecosystem resilience, like component diversification in a system.",System Resilience Analogies,Hard,Logical_Reasoning,Critical Thinking
"A problem is solved by breaking it down into smaller, manageable parts. The relationship between the problem and parts is similar to the relationship between a",puzzle and its pieces,math problem and its sub-problems,project and its tasks,recipe and its ingredients,B,"Sub-problems comprise the math problem, like parts of a larger problem.",Problem-Solving Analogies,Medium,Logical_Reasoning,Critical Thinking
"A sequence starts with the letters A, C, E, G, I, K, M, O, Q, S, U, W, Y. What comes next?",B,Z,A,"None of these, the sequence ends",B,"Alphabets are skipped in pattern, Z is the most tempting wrong option as it's the last letter.",Letter Series,Easy,Logical_Reasoning,Critical Thinking
"Identify the next element in the series: 2, 6, 12, 20, 30, ?",38,42,40,36,C,"Pattern formed by adding 4, 6, 8, 10, etc., 40 is the next number in sequence.",Number Series,Medium,Logical_Reasoning,Critical Thinking
"A series is given as: +, -, *, /. What comes next?",^,%,=,~,A,"Basic mathematical operations in order, ^ is the next operation in sequence.",Symbol Series,Easy,Logical_Reasoning,Critical Thinking
"The pattern of a sequence is: 1, 2, 4, 7, 11, ?. What is the next number in the sequence?",14,15,16,17,B,"Pattern formed by adding 1, 2, 3, 4, etc., 15 is the next number in sequence.",Number Series,Medium,Logical_Reasoning,Critical Thinking
"A sequence starts with: a, b, c, d, e, ?. What comes next?",f,g,h,i,A,"Alphabets in order, f is the next alphabet in sequence.",Letter Series,Easy,Logical_Reasoning,Critical Thinking
"The series is: 3, 6, 9, 12, 15, ?. What is the next number?",18,20,21,22,A,"Pattern formed by adding 3, 18 is the next number in sequence.",Number Series,Easy,Logical_Reasoning,Critical Thinking
"Identify the next element in the series: 1, 4, 9, 16, 25, ?",30,36,49,64,C,"Pattern formed by squaring numbers, 36 is the next square number.",Number Series,Medium,Logical_Reasoning,Critical Thinking
"A sequence starts with the numbers: 2, 5, 8, 11, 14, ?. What comes next?",15,17,18,20,B,"Pattern formed by adding 3, 17 is the next number in sequence.",Number Series,Easy,Logical_Reasoning,Critical Thinking
"The pattern of a sequence is: 1, 3, 6, 10, 15, ?. What is the next number in the sequence?",19,20,21,22,C,"Pattern formed by adding 2, 3, 4, 5, etc., 21 is the next number in sequence.",Number Series,Medium,Logical_Reasoning,Critical Thinking
"A series is given as: 2, 4, 8, 16, 32, ?. What comes next?",64,128,256,512,A,"Pattern formed by doubling the previous number, 64 is the next number in sequence.",Number Series,Easy,Logical_Reasoning,Critical Thinking
"Identify the next element in the series: 5, 10, 15, 20, 25, ?",28,30,35,40,B,"Pattern formed by adding 5, 30 is the next number in sequence.",Number Series,Easy,Logical_Reasoning,Critical Thinking
"The series is: a, c, e, g, i, ?. What is the next letter?",j,k,l,m,B,"Alphabets skipping one letter, k is the next letter in sequence.",Letter Series,Easy,Logical_Reasoning,Critical Thinking
"A sequence starts with the numbers: 3, 6, 12, 24, 48, ?. What comes next?",64,96,100,128,D,"Pattern formed by doubling the previous number, 96 is the next number in sequence but pattern requires doubling.",Number Series,Medium,Logical_Reasoning,Critical Thinking
"The pattern of a sequence is: 2, 5, 10, 17, 26, ?. What is the next number in the sequence?",33,35,37,40,C,"Pattern formed by adding 3, 5, 7, 9, etc., 37 is the next number in sequence.",Number Series,Medium,Logical_Reasoning,Critical Thinking
"Identify the next element in the series: 1, 2, 4, 8, 16, ?",32,64,128,256,A,"Pattern formed by doubling the previous number, 32 is the next number in sequence.",Number Series,Easy,Logical_Reasoning,Critical Thinking
"A sequence starts with: a, d, g, j, m, ?. What comes next?",n,o,p,q,D,"Alphabets skipping 3 letters, q is the next letter in sequence.",Letter Series,Medium,Logical_Reasoning,Critical Thinking
"The series is: 1, 4, 7, 10, 13, ?. What is the next number?",14,16,17,19,D,"Pattern formed by adding 3, 16 is the next number in sequence but pattern requires adding 3.",Number Series,Easy,Logical_Reasoning,Critical Thinking
"A sequence starts with the numbers: 2, 6, 12, 20, 30, ?. What comes next?",38,42,40,36,C,"Pattern formed by adding 4, 6, 8, 10, etc., 40 is the next number in sequence but requires analysis.",Number Series,Hard,Logical_Reasoning,Critical Thinking
"Identify the next element in the series: 3, 9, 27, 81, 243, ?",729,1024,1000,1200,A,"Pattern formed by multiplying by 3, 729 is the next number in sequence.",Number Series,Medium,Logical_Reasoning,Critical Thinking
"The pattern of a sequence is: 1, 2, 4, 8, 16, 32, ?. What is the next number in the sequence?",64,128,256,512,A,"Pattern formed by doubling the previous number, requires analysis to recognize pattern.",Number Series,Hard,Logical_Reasoning,Critical Thinking
"A researcher analyzes data from a study on the effects of climate change. If the study shows a strong correlation between rising temperatures and increased flooding, what can be concluded about the relationship between these variables?",Rising temperatures cause increased flooding,Increased flooding causes rising temperatures,There is no causal relationship between rising temperatures and increased flooding,The relationship between rising temperatures and increased flooding is bidirectional,A,"Correlation implies causation in this context, but option B reverses the likely causal direction",Causal Relationships,Medium,Logical_Reasoning,Critical Thinking
"A doctor notices that patients who take a certain medication have a lower risk of heart disease. If the medication has been shown to lower blood pressure, what can be concluded about the relationship between the medication and heart disease?",The medication directly prevents heart disease,"The medication lowers blood pressure, which in turn reduces the risk of heart disease",The medication has no effect on heart disease risk,The relationship between the medication and heart disease is coincidental,B,The medication's effect on blood pressure is the likely mechanism for its impact on heart disease,Mechanistic Reasoning,Easy,Logical_Reasoning,Critical Thinking
"A study finds that students who attend schools with more resources have better academic outcomes. If the study controls for socioeconomic status, what can be concluded about the relationship between school resources and academic outcomes?",School resources have a direct impact on academic outcomes,Socioeconomic status is the primary driver of academic outcomes,The relationship between school resources and academic outcomes is mediated by socioeconomic status,The study's findings are due to sampling bias,A,Controlling for socioeconomic status allows us to isolate the effect of school resources,Controlled Variables,Medium,Logical_Reasoning,Critical Thinking
"A company implements a new marketing strategy and sees an increase in sales. If the company also changed its product packaging around the same time, what can be concluded about the relationship between the marketing strategy and sales?",The marketing strategy caused the increase in sales,The new packaging caused the increase in sales,The combination of the marketing strategy and new packaging caused the increase in sales,The increase in sales is due to an external factor,C,The presence of a potential confounding variable (packaging) means we cannot isolate the effect of the marketing strategy,Confounding Variables,Hard,Logical_Reasoning,Critical Thinking
"A researcher conducts a study on the effects of a new drug on patients with a certain disease. If the study finds a significant improvement in symptoms, but the sample size is small, what can be concluded about the results?",The results are generalizable to the entire population,The results are due to chance,"The results are promising, but more research is needed to confirm the findings",The study is flawed due to a lack of control group,C,"A small sample size limits the generalizability of the results, but does not necessarily mean they are due to chance",Sample Size and Generalizability,Medium,Logical_Reasoning,Critical Thinking
"A city implements a new policy to reduce traffic congestion. If the policy involves increasing the number of traffic lanes, what can be concluded about the potential impact on traffic congestion?",The policy will definitely reduce traffic congestion,The policy will have no impact on traffic congestion,The policy may actually increase traffic congestion in the long run,The policy's impact on traffic congestion is uncertain,C,"Increasing traffic lanes can lead to induced demand, potentially offsetting the initial reduction in congestion",Unintended Consequences,Hard,Logical_Reasoning,Critical Thinking
"A student scores well on a test after studying for several hours. If the student also got plenty of sleep the night before, what can be concluded about the relationship between sleep and test performance?",Sleep has a direct impact on test performance,Study time is the primary driver of test performance,The relationship between sleep and test performance is mediated by study time,The student's score is due to innate ability,A,"Sleep has been shown to have a positive impact on cognitive function, including test performance",Mediating Variables,Easy,Logical_Reasoning,Critical Thinking
"A company's sales data shows a strong correlation between the amount spent on advertising and the number of units sold. If the company also collects data on the price of the product, what can be concluded about the relationship between advertising and sales?",Advertising has a direct impact on sales,The relationship between advertising and sales is mediated by product price,The correlation between advertising and sales is due to a common underlying factor,The data is insufficient to draw conclusions about the relationship between advertising and sales,B,"The price of the product may influence both advertising spend and sales, making it a potential mediating variable",Mediating Variables,Medium,Logical_Reasoning,Critical Thinking
"A researcher conducts a study on the effects of a certain nutrient on health outcomes. If the study finds a significant association between the nutrient and a reduced risk of disease, what can be concluded about the relationship between the nutrient and disease?",The nutrient causes a reduction in disease risk,The association between the nutrient and disease is due to a common underlying factor,The study's findings are due to selection bias,The relationship between the nutrient and disease is bidirectional,A,"A significant association in a well-designed study can imply causation, but option B raises a plausible alternative explanation",Causal Inference,Medium,Logical_Reasoning,Critical Thinking
"A manager notices that employees who work from home are more productive than those who work in the office. If the manager also knows that the employees who work from home are more experienced, what can be concluded about the relationship between working from home and productivity?",Working from home causes an increase in productivity,The relationship between working from home and productivity is mediated by employee experience,The correlation between working from home and productivity is due to a common underlying factor,The data is insufficient to draw conclusions about the relationship between working from home and productivity,B,The difference in experience between the two groups may be driving the observed difference in productivity,Mediating Variables,Medium,Logical_Reasoning,Critical Thinking
"A study finds that people who exercise regularly have a lower risk of developing certain diseases. If the study controls for diet, what can be concluded about the relationship between exercise and disease risk?",Exercise has a direct impact on disease risk,The relationship between exercise and disease risk is mediated by diet,The study's findings are due to sampling bias,The relationship between exercise and disease risk is bidirectional,A,Controlling for diet allows us to isolate the effect of exercise on disease risk,Controlled Variables,Easy,Logical_Reasoning,Critical Thinking
"A researcher analyzes data from a study on the effects of a certain medication on patients with a specific condition. If the study finds a significant improvement in symptoms, but the sample size is large, what can be concluded about the results?",The results are generalizable to the entire population,The results are due to chance,"The results are promising, but more research is needed to confirm the findings",The study is flawed due to a lack of control group,A,A large sample size increases the generalizability of the results,Sample Size and Generalizability,Easy,Logical_Reasoning,Critical Thinking
"A city implements a new policy to reduce energy consumption. If the policy involves providing incentives for residents to use public transportation, what can be concluded about the potential impact on energy consumption?",The policy will definitely reduce energy consumption,The policy will have no impact on energy consumption,The policy may actually increase energy consumption in the long run,The policy's impact on energy consumption is uncertain,A,"Providing incentives for public transportation can lead to a reduction in private vehicle use, which in turn reduces energy consumption",Mechanistic Reasoning,Easy,Logical_Reasoning,Critical Thinking
"A student scores poorly on a test after not studying for several hours. If the student also got little sleep the night before, what can be concluded about the relationship between sleep and test performance?",Sleep has a direct impact on test performance,Study time is the primary driver of test performance,The relationship between sleep and test performance is mediated by study time,The student's score is due to innate ability,A,"Sleep has been shown to have a positive impact on cognitive function, including test performance",Mediating Variables,Easy,Logical_Reasoning,Critical Thinking
A researcher notices a significant decrease in crop yield after introducing a new pesticide. What is the most probable cause of this effect?,Soil erosion due to increased rainfall,Toxicity of the pesticide to the crops,Change in soil pH due to the pesticide,Inadequate irrigation,B,"Pesticide toxicity reduces crop yield, unlike soil erosion or irrigation issues.",Environmental Impact,Medium,Logical_Reasoning,Critical Thinking
"A new policy aiming to reduce traffic congestion is implemented, resulting in increased air pollution. What is the likely effect of this policy?",Increased use of public transport,Reduced number of private vehicles on the road,Increase in industrial emissions,Higher emissions from increased traffic idling,D,"Increased traffic idling raises emissions, not the other options.",Urban Planning,Easy,Logical_Reasoning,Critical Thinking
"A company introduces a new product, leading to a significant increase in sales. However, the product's production process has a high carbon footprint. What is the probable cause of the increased sales?",Effective marketing strategy,Competitor's product recall,Government subsidies for eco-friendly products,High demand for sustainable products,A,"Marketing strategy can drive sales, unlike the other options which don't directly relate to sales increase.",Marketing Strategy,Medium,Logical_Reasoning,Critical Thinking
A student's grades improve significantly after attending a new tutoring program. What is the most likely cause of this improvement?,Increased motivation due to parental involvement,Improved study habits learned through the program,Better time management skills,Genetic predisposition to academic success,B,Learning new study habits directly impacts academic performance.,Education,Easy,Logical_Reasoning,Critical Thinking
A city experiences a surge in tourism after hosting a major international event. What is the probable effect of this increase in tourism?,Decrease in local business revenue,Increase in housing costs for locals,Improved public transportation system,Reduced cultural diversity,B,"Increased demand for housing raises costs, unlike the other options.",Economic Impact,Medium,Logical_Reasoning,Critical Thinking
A new exercise routine leads to a significant reduction in body fat percentage. What is the most likely cause of this effect?,Increased muscle mass due to resistance training,Improved cardiovascular health from aerobic exercise,Enhanced metabolism from high-intensity interval training,Reduced water retention due to decreased sodium intake,C,"High-intensity exercise boosts metabolism, reducing body fat.",Fitness,Easy,Logical_Reasoning,Critical Thinking
A company's stock price increases after announcing a major partnership. What is the probable cause of this increase?,Improved brand reputation due to the partnership,Expected increase in revenue from the partnership,Reduced competition in the market,Change in management leadership,B,Anticipated revenue growth directly affects stock prices.,Business,Medium,Logical_Reasoning,Critical Thinking
A researcher discovers a new species of plant with potential medicinal properties. What is the most likely effect of this discovery?,Increased deforestation to harvest the plant,Development of new medicines from the plant's properties,Improved conservation efforts for the plant's habitat,Decreased interest in alternative medicine,B,Discovery of medicinal properties leads to medicine development.,Botany,Easy,Logical_Reasoning,Critical Thinking
"A government implements a policy to reduce income inequality, resulting in increased economic growth. What is the probable cause of this effect?",Increased consumer spending due to higher minimum wage,Reduced tax burden on low-income households,Improved access to education and job training,Decreased government spending on social welfare programs,A,"Higher minimum wage boosts consumer spending, driving growth.",Economics,Medium,Logical_Reasoning,Critical Thinking
A new technology is developed to reduce energy consumption in homes. What is the most likely effect of this technology?,Increased use of renewable energy sources,Reduced greenhouse gas emissions from energy consumption,Higher upfront costs for homeowners to adopt the technology,Decreased energy efficiency in commercial buildings,B,Reduced energy consumption decreases greenhouse gas emissions.,Sustainability,Easy,Logical_Reasoning,Critical Thinking
A student's mental health improves after participating in a mindfulness program. What is the probable cause of this improvement?,Reduced stress levels due to mindfulness practices,Improved sleep quality from regular meditation,Increased social connections through group mindfulness activities,Genetic predisposition to mental well-being,A,Mindfulness practices directly reduce stress levels.,Mental Health,Medium,Logical_Reasoning,Critical Thinking
A company's customer satisfaction ratings increase after implementing a new customer service strategy. What is the most likely cause of this effect?,Improved response times to customer inquiries,Enhanced product quality due to customer feedback,Increased employee training on customer service skills,Reduced prices of products and services,C,Employee training directly improves customer service quality.,Customer Service,Easy,Logical_Reasoning,Critical Thinking
A city experiences a decrease in crime rates after implementing community policing initiatives. What is the probable cause of this effect?,Increased police presence in high-crime areas,Improved relationships between law enforcement and the community,Enhanced surveillance systems in public spaces,Stricter sentencing laws for criminals,B,"Community policing builds trust, reducing crime.",Law Enforcement,Medium,Logical_Reasoning,Critical Thinking
A company's sales increase after launching a social media marketing campaign. What is the most likely cause of this effect?,Increased brand awareness due to social media presence,Improved customer engagement through social media interactions,Enhanced product visibility through targeted advertisements,Reduced marketing costs due to social media's cost-effectiveness,C,"Targeted ads increase product visibility, driving sales.",Marketing,Easy,Logical_Reasoning,Critical Thinking
"A government implements a policy to reduce carbon emissions, resulting in increased use of renewable energy sources. What is the probable cause of this effect?",Improved energy efficiency in buildings and industries,Increased investment in renewable energy technologies,Enhanced public awareness of climate change,Reduced government subsidies for fossil fuels,B,Investment in renewables increases their usage.,Energy Policy,Medium,Logical_Reasoning,Critical Thinking
A student's academic performance improves after receiving personalized feedback from instructors. What is the most likely cause of this improvement?,Increased motivation due to recognition of progress,Improved understanding of subject matter due to targeted feedback,Enhanced study habits from instructor guidance,Reduced stress levels due to clearer expectations,B,Targeted feedback improves subject matter understanding.,Education,Easy,Logical_Reasoning,Critical Thinking
A company's employee retention rates increase after implementing a flexible work arrangement policy. What is the probable cause of this effect?,Improved work-life balance due to flexible schedules,Increased job satisfaction from autonomy in work arrangements,Enhanced productivity due to reduced commuting time,Reduced employee benefits due to cost savings,A,"Flexible schedules improve work-life balance, reducing turnover.",Human Resources,Medium,Logical_Reasoning,Critical Thinking
A city experiences a reduction in traffic congestion after implementing a public transportation system. What is the most likely cause of this effect?,Increased use of public transportation due to convenience,Improved traffic management through smart traffic signals,Enhanced pedestrian and cycling infrastructure,Reduced number of private vehicles on the road,A,Convenient public transport reduces private vehicle use.,Urban Planning,Easy,Logical_Reasoning,Critical Thinking
A critical thinker evaluates the argument that 'we should invest in renewable energy because it is the future of energy production.' What type of argument is this?,Appeal to authority,Appeal to emotion,Appeal to tradition,Appeal to the future,D,Appeal to the future is a fallacy,Fallacies,Hard,Logical_Reasoning,Critical Thinking
A researcher concludes that a new medication is safe based on a study with a small sample size. What is the potential flaw in this argument?,The study was not randomized,The sample size was too small to detect rare side effects,The study did not control for confounding variables,The medication was not compared to a placebo,B,Small sample size affects safety assessment,Sampling Bias,Medium,Logical_Reasoning,Critical Thinking
A researcher concludes that a new treatment is effective based on a study with a high response rate. What is the potential flaw in this argument?,The study was not randomized,The sample size was too small,The high response rate may have biased the results,The study did not control for confounding variables,C,High response rate affects external validity,Experimental Design,Medium,Logical_Reasoning,Critical Thinking
A critical thinker evaluates the argument that 'we should invest in education because it is a moral imperative.' What type of argument is this?,Appeal to authority,Appeal to emotion,Appeal to tradition,Moral appeal,D,Moral appeal is a valid argument,Moral Arguments,Hard,Logical_Reasoning,Critical Thinking
A researcher concludes that a new medication is effective based on a study with a low dropout rate. What is the potential flaw in this argument?,The study was not randomized,The sample size was too small,The low dropout rate may have biased the results,The study did not control for confounding variables,C,Low dropout rate affects internal validity,Experimental Design,Medium,Logical_Reasoning,Critical Thinking
A critical thinker evaluates the argument that 'we should not invest in renewable energy because it is too expensive.' What type of argument is this?,Appeal to authority,Appeal to emotion,False dichotomy,Economic argument,D,Economic argument is a valid consideration,Economic Arguments,Hard,Logical_Reasoning,Critical Thinking
