Question,Option_a,Option_b,Option_c,Option_d,Correct_answer,Explanation,Target_exam,Question_type,Difficulty,Subject,Topic
What is the primary function of the Operating System?,Managing hardware resources,Providing user interface,Executing application software,All of the above,D,"The primary function of an OS is to manage hardware resources, provide a platform for application software, and offer a user interface.",NET,Conceptual,Medium,Computer_Science,Operating Systems
Which scheduling algorithm is prone to starvation?,First-Come-First-Served (FCFS),Shortest Job First (SJF),Priority Scheduling,Round Robin (RR),C,Priority Scheduling can lead to starvation if a process with low priority is indefinitely delayed by higher-priority processes.,NET,Conceptual,Medium,Computer_Science,Operating Systems
What is the purpose of a semaphore in Operating System?,Process synchronization,Memory management,File system management,I/O management,A,"Semaphores are used for process synchronization, controlling access to shared resources by multiple processes.",NET,Conceptual,Medium,Computer_Science,Operating Systems
Which of the following is a characteristic of a Real-Time Operating System?,Predictable response time,High throughput,Multi-user support,Multi-threading,A,"Real-Time Operating Systems are designed to provide predictable response times to events, making them suitable for time-critical applications.",NET,Conceptual,Medium,Computer_Science,Operating Systems
What is the difference between a thread and a process?,Threads are heavier than processes,"Threads share the same memory space, while processes do not","Threads are scheduled independently, while processes are not","Threads are used for I/O operations, while processes are used for computation",B,"Threads within a process share the same memory space, whereas processes have their own separate memory spaces.",NET,Conceptual,Medium,Computer_Science,Operating Systems
Which file system is known for its journaling feature?,FAT32,NTFS,EXT3,HFS+,C,"EXT3 is a journaling file system, which means it logs changes before writing them to disk, ensuring file system consistency.",NET,Conceptual,Medium,Computer_Science,Operating Systems
What is the purpose of the 'wait()' system call?,To pause the execution of a process,To wait for a child process to terminate,To send a signal to a process,To create a new process,B,The 'wait()' system call is used by a parent process to wait for the termination of its child process.,NET,Conceptual,Medium,Computer_Science,Operating Systems
Which memory allocation technique is prone to external fragmentation?,Paging,Segmentation,Both Paging and Segmentation,Neither Paging nor Segmentation,B,"Segmentation is prone to external fragmentation because it allocates memory in variable-sized blocks, leading to gaps between allocated segments.",NET,Conceptual,Medium,Computer_Science,Operating Systems
What is the function of the Memory Management Unit (MMU)?,To manage I/O operations,To handle interrupts,To translate virtual addresses to physical addresses,To manage file systems,C,The MMU translates virtual addresses used by a program into physical addresses in the computer's memory.,NET,Conceptual,Medium,Computer_Science,Operating Systems
Which of the following is a benefit of using threads?,Improved security,Reduced memory usage,Faster context switching,All of the above,C,Threads have faster context switching compared to processes because they share the same memory space and resources.,NET,Conceptual,Medium,Computer_Science,Operating Systems
What is a deadlock in Operating System?,A situation where a process is waiting for a resource held by another process,A situation where a process is terminated abruptly,A situation where a process is unable to access a required resource,A situation where multiple processes are competing for resources,A,"A deadlock occurs when two or more processes are blocked, each waiting for a resource held by the other.",NET,Conceptual,Medium,Computer_Science,Operating Systems
Which algorithm is used for disk scheduling?,First-Come-First-Served (FCFS),Shortest Seek Time First (SSTF),SCAN,All of the above,D,"FCFS, SSTF, and SCAN are all disk scheduling algorithms used to optimize disk access times.",NET,Conceptual,Medium,Computer_Science,Operating Systems
What is the purpose of the 'fork()' system call?,To create a new thread,To create a new process,To send a signal to a process,To wait for a child process to terminate,B,The 'fork()' system call is used to create a new process by duplicating the calling process.,NET,Conceptual,Medium,Computer_Science,Operating Systems
Which of the following is a characteristic of a microkernel?,It includes all OS services in the kernel,It runs OS services in user space,It is used only in embedded systems,It is slower than a monolithic kernel,B,"A microkernel runs OS services in user space, making it more modular and potentially more secure.",NET,Conceptual,Medium,Computer_Science,Operating Systems
What is the Banker's algorithm used for?,Deadlock avoidance,Deadlock detection,Resource allocation,Process scheduling,A,The Banker's algorithm is used for deadlock avoidance by ensuring that resource allocation does not lead to a deadlock state.,NET,Conceptual,Medium,Computer_Science,Operating Systems
Which of the following is true about a kernel?,It is a user-level program,It manages hardware resources,It provides a command-line interface,It is responsible for file system management,B,The kernel is the core part of the OS that manages hardware resources and provides services to applications.,NET,Conceptual,Medium,Computer_Science,Operating Systems
What is a critical section in Operating System?,A section of code that accesses shared resources,A section of code that is executed only once,A section of code that is never executed,A section of code that is executed by multiple processes simultaneously,A,A critical section is a part of the code that accesses shared resources and must be executed atomically to prevent data inconsistency.,NET,Conceptual,Medium,Computer_Science,Operating Systems
Which synchronization mechanism is used to avoid busy waiting?,Semaphores,Monitors,Mutexes,All of the above,D,"Semaphores, monitors, and mutexes are all synchronization mechanisms that can be used to avoid busy waiting by putting a process to sleep until a resource is available.",NET,Conceptual,Medium,Computer_Science,Operating Systems
What is the purpose of paging in memory management?,To reduce external fragmentation,To increase the size of the memory,To improve the speed of memory access,To simplify memory allocation,A,"Paging reduces external fragmentation by dividing memory into fixed-size blocks called pages, making memory allocation more efficient.",NET,Conceptual,Medium,Computer_Science,Operating Systems
Which of the following is a type of Operating System?,Batch Operating System,Time-Sharing Operating System,Distributed Operating System,All of the above,D,"Batch, Time-Sharing, and Distributed Operating Systems are all types of Operating Systems, each designed for specific use cases.",NET,Conceptual,Medium,Computer_Science,Operating Systems
What is the primary purpose of a semaphore in Operating Systems?,Process synchronization,Memory management,File system management,I/O management,A,"Semaphore is used for process synchronization, controlling access to shared resources by multiple processes.",ECAT,Conceptual,Medium,Computer_Science,Operating Systems
A system has 5 processes and 3 resources. What is the maximum number of resources required to avoid deadlock?,4,5,6,7,B,"To avoid deadlock, the number of resources should be at least equal to the number of processes, i.e., 5.",ECAT,Conceptual,Medium,Computer_Science,Operating Systems
"What is the average waiting time for the processes P1, P2, P3 with burst times 5, 3, 2 and arrival times 0, 2, 4 using FCFS?",4.33,3.33,2.33,1.33,B,"FCFS: P1 (0, 5), P2 (5, 3), P3 (8, 2). Waiting times: P1 = 0, P2 = 5 - 2 = 3, P3 = 8 - 4 = 4. Average waiting time = (0 + 3 + 4) / 3 = 7 / 3 = 2.33.",ECAT,Conceptual,Medium,Computer_Science,Operating Systems
"If a page fault occurs, what is the sequence of operations?","Save state, fetch page, restore state","Fetch page, save state, restore state","Restore state, save state, fetch page","Save state, restore state, fetch page",A,"Page fault sequence: Save current state, fetch required page from disk, restore state, and continue execution.",ECAT,Conceptual,Medium,Computer_Science,Operating Systems
"A disk has 200 tracks and the head is at track 100. What is the total head movement using SCAN algorithm for requests at tracks 50, 150, 20, 180?",280,300,320,340,C,"SCAN: Move from 100 to 0 (100) then to 180 (180), serving 50, 20, 150, 180. Total = 100 + 180 = 280, and then 150 is served on the way back, total movement = 100 + 180 = 280.",ECAT,Conceptual,Medium,Computer_Science,Operating Systems
What is the purpose of a Translation Lookaside Buffer (TLB)?,To cache page tables,To cache disk blocks,To cache file metadata,To cache process control blocks,A,TLB caches recently used page tables to speed up virtual-to-physical address translation.,ECAT,Conceptual,Medium,Computer_Science,Operating Systems
A system uses paging with page size 4KB. What is the number of pages for a 16MB program?,4096,2048,1024,512,A,Number of pages = total program size / page size = 16MB / 4KB = (16 * 1024 * 1024) / (4 * 1024) = 4096.,ECAT,Conceptual,Medium,Computer_Science,Operating Systems
What is the main advantage of using a thread over a process?,Faster creation time,More memory usage,Better isolation,More complicated synchronization,A,Threads have faster creation and context switching times compared to processes.,ECAT,Conceptual,Medium,Computer_Science,Operating Systems
"In a system using segmentation, what is a segment?",A fixed-size block of memory,A variable-size block of memory,A disk block,A file,B,"In segmentation, a segment is a variable-size block of memory allocated to a process.",ECAT,Conceptual,Medium,Computer_Science,Operating Systems
What is the purpose of a system call?,To invoke kernel services,To manage memory,To handle interrupts,To schedule processes,A,"System calls provide a way for user programs to invoke kernel services, such as process creation and I/O operations.",ECAT,Conceptual,Medium,Computer_Science,Operating Systems
What is the difference between internal and external fragmentation?,"Internal: wasted space within allocated blocks, External: wasted space between allocated blocks","Internal: wasted space between allocated blocks, External: wasted space within allocated blocks","Internal: related to paging, External: related to segmentation","Internal: related to segmentation, External: related to paging",A,"Internal fragmentation occurs when allocated memory is more than required, while external fragmentation occurs when free memory is broken into small chunks.",ECAT,Conceptual,Medium,Computer_Science,Operating Systems
What is the main disadvantage of using a linked allocation for files?,Slow access times,High storage overhead,Complex implementation,Limited file size,A,Linked allocation results in slow access times due to the need to follow pointers to access file blocks.,ECAT,Conceptual,Medium,Computer_Science,Operating Systems
"In a system with 4GB RAM and 4KB page size, how many entries are required in the page table?",1M,2M,1.048576M,1048576,D,Number of pages = total RAM / page size = 4GB / 4KB = (4 * 1024 * 1024 * 1024) / (4 * 1024) = 1048576.,ECAT,Conceptual,Medium,Computer_Science,Operating Systems
What is the primary function of a process control block (PCB)?,To store process state,To manage memory allocation,To handle I/O operations,To schedule processes,A,"PCB stores information about a process, including its state, program counter, and registers.",ECAT,Conceptual,Medium,Computer_Science,Operating Systems
What is the difference between a mutex and a semaphore?,"Mutex: binary, Semaphore: counting","Mutex: counting, Semaphore: binary","Mutex: for synchronization, Semaphore: for mutual exclusion","Mutex: for mutual exclusion, Semaphore: for synchronization",A,"Mutex is a binary semaphore used for mutual exclusion, while a semaphore can be used for synchronization and can have a count greater than 1.",ECAT,Conceptual,Medium,Computer_Science,Operating Systems
What is the purpose of a context switch?,To switch between user and kernel modes,To switch between processes,To handle interrupts,To manage memory,B,Context switch involves saving the state of one process and restoring the state of another process.,ECAT,Conceptual,Medium,Computer_Science,Operating Systems
"In a Round-Robin scheduling algorithm, what is the effect of decreasing the time quantum?",Increased throughput,Increased response time,Increased context switching overhead,Decreased fairness,C,"Decreasing the time quantum increases the frequency of context switches, resulting in higher overhead.",ECAT,Conceptual,Medium,Computer_Science,Operating Systems
What is the primary advantage of using a multi-level feedback queue (MLFQ) scheduling algorithm?,Simple implementation,Low overhead,Ability to adapt to changing process behavior,High throughput,C,MLFQ adapts to changing process behavior by adjusting the priority of processes based on their CPU usage.,ECAT,Conceptual,Medium,Computer_Science,Operating Systems
What is the Belady's anomaly?,Increase in page faults with increase in number of frames,Decrease in page faults with decrease in number of frames,Increase in page faults with decrease in number of frames,No change in page faults with change in number of frames,A,Belady's anomaly occurs when the number of page faults increases with an increase in the number of frames allocated to a process.,ECAT,Conceptual,Medium,Computer_Science,Operating Systems
What is the primary purpose of a semaphore in an operating system?,To synchronize access to shared resources,To manage memory allocation,To handle interrupts,To schedule processes,A,"Semaphore is used to control access to shared resources by multiple processes, preventing race conditions and ensuring data consistency.",GIKI_PIEAS,Conceptual,Medium,Computer_Science,Operating Systems
What is the purpose of a page table in virtual memory?,To store frequently accessed data,To map virtual addresses to physical addresses,To manage file systems,To handle I/O operations,B,"Page tables translate virtual addresses used by a program into physical addresses in main memory, enabling efficient use of memory.",GIKI_PIEAS,Conceptual,Medium,Computer_Science,Operating Systems
What is the purpose of the 'working set' concept in memory management?,To optimize disk I/O,To reduce page faults,To improve cache performance,To increase memory allocation,B,"The working set is the set of pages a process is actively using, and keeping it in memory reduces page faults and improves performance.",GIKI_PIEAS,Conceptual,Medium,Computer_Science,Operating Systems
Which of the following is a technique used to prevent deadlock?,Banker's Algorithm,Priority Scheduling,Round Robin Scheduling,First-Come-First-Served Scheduling,A,"The Banker's Algorithm is a resource allocation strategy that tests for safety by simulating the allocation of resources, preventing deadlocks.",GIKI_PIEAS,Conceptual,Medium,Computer_Science,Operating Systems
What is the main advantage of using a microkernel architecture?,Improved performance,Simplified kernel code,Increased security,Enhanced portability,C,"Microkernels improve security by isolating critical components and reducing the attack surface, as most services run in user mode.",GIKI_PIEAS,Conceptual,Medium,Computer_Science,Operating Systems
Which operating system concept is related to the 'bounded wait' condition?,Starvation,Deadlock,Synchronization,Mutual Exclusion,C,Synchronization mechanisms ensure bounded wait by limiting the number of times other processes can access a shared resource before a waiting process is granted access.,GIKI_PIEAS,Conceptual,Medium,Computer_Science,Operating Systems
What is the primary function of a device driver?,To manage memory allocation,To handle interrupts,To interact with hardware devices,To schedule processes,C,"Device drivers act as intermediaries between the operating system and hardware devices, enabling the OS to control and communicate with devices.",GIKI_PIEAS,Conceptual,Medium,Computer_Science,Operating Systems
Which scheduling algorithm is based on the concept of 'time quantum'?,First-Come-First-Served (FCFS),Shortest Job First (SJF),Priority Scheduling,Round Robin (RR),D,"Round Robin scheduling allocates a fixed time quantum (or time slice) to each process, switching between them to achieve fairness and responsiveness.",GIKI_PIEAS,Conceptual,Medium,Computer_Science,Operating Systems
What is the main purpose of a system call?,To interact with hardware devices,To manage memory allocation,To request services from the operating system,To schedule processes,C,"System calls provide a way for applications to request services from the operating system, such as process creation, file access, and network communication.",GIKI_PIEAS,Conceptual,Medium,Computer_Science,Operating Systems
Which of the following is a benefit of using virtual memory?,Increased memory capacity,Improved performance,Reduced memory fragmentation,All of the above,D,"Virtual memory provides several benefits, including increased memory capacity, improved performance, and reduced memory fragmentation, by leveraging secondary storage.",GIKI_PIEAS,Conceptual,Medium,Computer_Science,Operating Systems
Which operating system structure is characterized by a layered architecture?,Monolithic kernel,Microkernel,Exokernel,Layered operating system,D,"Layered operating systems are structured as a series of layers, each with a specific function, promoting modularity and maintainability.",GIKI_PIEAS,Conceptual,Medium,Computer_Science,Operating Systems
What is the primary purpose of a process control block (PCB)?,To manage memory allocation,To store process metadata,To handle interrupts,To schedule processes,B,"A PCB contains metadata about a process, such as its state, program counter, and resource usage, enabling the operating system to manage and schedule the process.",GIKI_PIEAS,Conceptual,Medium,Computer_Science,Operating Systems
Which of the following is a characteristic of a distributed operating system?,Centralized control,Single processor,Shared memory,Autonomy of nodes,D,"Distributed operating systems are characterized by the autonomy of nodes, which operate independently while cooperating to achieve common goals.",GIKI_PIEAS,Conceptual,Medium,Computer_Science,Operating Systems
Which algorithm is used for page replacement in virtual memory?,FIFO,LRU,Optimal,All of the above,D,"All three algorithms (FIFO, LRU, Optimal) are used for page replacement in virtual memory, each with different strategies.",LUMS_SAT,Conceptual,Medium,Computer_Science,Operating Systems
What is a 'thrashing' condition in Operating Systems?,High CPU utilization,Low page fault rate,Excessive paging activity,None of the above,C,"Thrashing occurs when a system spends more time paging than executing, due to excessive page faults.",LUMS_SAT,Conceptual,Medium,Computer_Science,Operating Systems
"In a multi-programming system, what is the main advantage?",Increased CPU utilization,Reduced memory usage,Faster I/O operations,Simplified programming,A,Multi-programming increases CPU utilization by executing multiple programs concurrently.,LUMS_SAT,Conceptual,Medium,Computer_Science,Operating Systems
What is the role of a 'dispatcher' in Operating Systems?,Context switching,Process scheduling,Memory allocation,File system management,A,"Dispatcher performs context switching, switching CPU control from one process to another.",LUMS_SAT,Conceptual,Medium,Computer_Science,Operating Systems
Which scheduling algorithm is based on 'priority'?,SJF,FCFS,Priority Scheduling,RR,C,Priority Scheduling algorithm assigns priority to processes and schedules them based on priority.,LUMS_SAT,Conceptual,Medium,Computer_Science,Operating Systems
What is 'starvation' in the context of process scheduling?,A process is never executed,A process is executed too frequently,A process is executed only once,None of the above,A,Starvation occurs when a process is unable to execute due to other processes holding resources indefinitely.,LUMS_SAT,Conceptual,Medium,Computer_Science,Operating Systems
"In a file system, what is 'fragmentation'?",File is broken into pieces,File is stored contiguously,File is compressed,None of the above,A,"Fragmentation occurs when a file is broken into non-contiguous pieces, wasting disk space.",LUMS_SAT,Conceptual,Medium,Computer_Science,Operating Systems
What is the purpose of 'paging' in memory management?,To reduce external fragmentation,To increase internal fragmentation,To improve CPU scheduling,To simplify file system,A,Paging reduces external fragmentation by dividing memory into fixed-size frames and allocating non-contiguous frames to a process.,LUMS_SAT,Conceptual,Medium,Computer_Science,Operating Systems
Which of the following is a characteristic of a 'real-time' system?,Fast average response time,Guaranteed response time,High throughput,None of the above,B,"Real-time systems guarantee a maximum response time, ensuring predictable and timely responses to events.",LUMS_SAT,Conceptual,Medium,Computer_Science,Operating Systems
What is 'deadlock' in Operating Systems?,A process is waiting for an event that never occurs,A process is terminated abruptly,A process is executing too slowly,None of the above,A,"Deadlock occurs when two or more processes are blocked, waiting for each other to release resources.",LUMS_SAT,Conceptual,Medium,Computer_Science,Operating Systems
"In a uniprocessor system, what is the maximum number of processes that can be in 'running' state?",1,2,3,Many,A,"In a uniprocessor system, only one process can be in the 'running' state at a time.",LUMS_SAT,Conceptual,Medium,Computer_Science,Operating Systems
What is the function of a 'device driver'?,Manage device I/O operations,Schedule processes,Manage memory,None of the above,A,"Device drivers manage I/O operations, controlling the interaction between the operating system and hardware devices.",LUMS_SAT,Conceptual,Medium,Computer_Science,Operating Systems
Which file allocation method is best suited for sequential access?,Contiguous allocation,Linked allocation,Indexed allocation,None of the above,A,"Contiguous allocation stores files in contiguous blocks, making it suitable for sequential access.",LUMS_SAT,Conceptual,Medium,Computer_Science,Operating Systems
"In a multi-threaded environment, what is shared among threads?",Program counter,Stack,Memory space,Registers,C,"Threads share the same memory space, allowing them to access common data.",LUMS_SAT,Conceptual,Medium,Computer_Science,Operating Systems
What is 'turnaround time' in process scheduling?,Time taken to complete a process,Time taken to execute a process,Time taken to switch between processes,None of the above,A,"Turnaround time is the total time taken for a process to complete, from submission to completion.",LUMS_SAT,Conceptual,Medium,Computer_Science,Operating Systems
Which scheduling algorithm is prone to 'convoy effect'?,FCFS,SJF,RR,Priority Scheduling,A,"FCFS is prone to convoy effect, where a short process is delayed by a long process executing first.",LUMS_SAT,Conceptual,Medium,Computer_Science,Operating Systems
What is the primary advantage of 'Round Robin' scheduling?,Simple to implement,Low overhead,Fair allocation of CPU time,All of the above,D,"Round Robin scheduling is simple, has low overhead, and provides fair allocation of CPU time among processes.",LUMS_SAT,Conceptual,Medium,Computer_Science,Operating Systems
"In a system using segmentation, what is a 'segment table' used for?",To store segment information,To store page information,To manage file system,None of the above,A,"Segment table stores information about segments, such as base address and segment length.",LUMS_SAT,Conceptual,Medium,Computer_Science,Operating Systems
What is 'compaction' in memory management?,Reclaiming fragmented memory,Increasing memory size,Reducing page faults,None of the above,A,Compaction involves rearranging memory to eliminate holes and reclaim fragmented memory.,LUMS_SAT,Conceptual,Medium,Computer_Science,Operating Systems
What is the primary function of the operating system's process scheduler?,Memory Management,Process Synchronization,CPU Allocation,File System Management,C,"The process scheduler allocates the CPU to processes, determining which process runs next, using algorithms like FCFS or SJF.",NET,Conceptual,Medium,Computer_Science,Operating Systems
What is a necessary condition for a deadlock to occur?,Mutual Exclusion,Hold and Wait,No Preemption,All of the above,D,"Deadlock occurs when Mutual Exclusion, Hold and Wait, No Preemption, and Circular Wait conditions are met simultaneously.",NET,Conceptual,Medium,Computer_Science,Operating Systems
Which operating system concept is used to prevent starvation?,Aging,Priority Scheduling,Round Robin,FCFS,A,"Aging increases the priority of a process as it waits, preventing starvation by ensuring it eventually gets CPU time.",NET,Conceptual,Medium,Computer_Science,Operating Systems
What is the role of a semaphore in operating systems?,Process Synchronization,Memory Management,File System Management,CPU Scheduling,A,"Semaphores are used for process synchronization, controlling access to shared resources by multiple processes.",NET,Conceptual,Medium,Computer_Science,Operating Systems
In which scheduling algorithm does the CPU time get divided into fixed time slices?,FCFS,SJF,Priority Scheduling,Round Robin,D,"Round Robin scheduling divides CPU time into fixed time slices (time quanta), allocating each process a turn.",NET,Conceptual,Medium,Computer_Science,Operating Systems
What is the main advantage of using threads over processes?,Faster Context Switching,Improved Security,Better Resource Utilization,A and C,D,"Threads offer faster context switching and better resource utilization compared to processes, as they share the same memory space.",NET,Conceptual,Medium,Computer_Science,Operating Systems
Which operating system structure is known for its modular design?,Monolithic,Microkernel,Layered,Hybrid,B,"Microkernel architecture is modular, separating the kernel into smaller components for better maintainability and security.",NET,Conceptual,Medium,Computer_Science,Operating Systems
Which technique is used to handle the problem of thrashing?,Working Set Model,Page Replacement Algorithms,Aging,None of the above,A,The Working Set Model helps prevent thrashing by ensuring a process has its required pages in memory before executing.,NET,Conceptual,Medium,Computer_Science,Operating Systems
What is the purpose of a system call in an operating system?,To invoke kernel services,To manage file systems,To schedule processes,To handle interrupts,A,"System calls provide a way for user-level programs to request services from the kernel, such as process creation or file access.",NET,Conceptual,Medium,Computer_Science,Operating Systems
"In a multitasking operating system, what is context switching?",Switching between different user accounts,Switching the CPU between different processes,Changing the priority of a process,None of the above,B,Context switching involves saving the state of the current process and restoring the state of the next process to be executed.,NET,Conceptual,Medium,Computer_Science,Operating Systems
What is the main function of a device driver in an operating system?,To manage file systems,To handle interrupts,To act as an interface between the OS and hardware,To schedule processes,C,"Device drivers serve as intermediaries between the operating system and hardware devices, facilitating communication and data transfer.",NET,Conceptual,Medium,Computer_Science,Operating Systems
What is a monitor in the context of operating systems?,A synchronization construct,A type of file system,A scheduling algorithm,None of the above,A,"A monitor is a synchronization construct that allows only one process to access a shared resource at a time, preventing race conditions.",NET,Conceptual,Medium,Computer_Science,Operating Systems
What is the benefit of using a kernel with a microkernel architecture?,Improved Performance,Simplified Security,Modularity and Flexibility,None of the above,C,"Microkernel architecture enhances modularity and flexibility by separating the kernel into smaller, independent components.",NET,Conceptual,Medium,Computer_Science,Operating Systems
"In operating systems, what does ' spooling' refer to?",Simultaneous Peripheral Operations On-line,Simple Peripheral Operations Offline,Sequential Processing Of Large Jobs,None of the above,A,"Spooling is a technique where data is temporarily stored to be processed later, enabling simultaneous peripheral operations.",NET,Conceptual,Medium,Computer_Science,Operating Systems
What is the primary purpose of a file system's inode?,To store file data,To manage file metadata,To schedule disk I/O,To handle file permissions,B,"Inodes store metadata about files, such as ownership, permissions, and location on disk, facilitating file system management.",NET,Conceptual,Medium,Computer_Science,Operating Systems
What is the primary function of a process scheduler?,To manage memory allocation,To allocate CPU time to processes,To handle I/O operations,To provide file system services,B,"The process scheduler allocates CPU time to processes, using algorithms like FCFS, SJF, or Priority Scheduling to optimize CPU utilization.",ECAT,Conceptual,Medium,Computer_Science,Operating Systems
"A system has 3 processes with burst times 10, 5, 3. What is the average waiting time using SJF scheduling?",6.33,8.33,4.33,5.33,C,"SJF scheduling executes the shortest job first. The order is: 3, 5, 10. Waiting times are 0, 3, 8. Average waiting time = (0 + 3 + 8)/3 = 4.33.",ECAT,Conceptual,Medium,Computer_Science,Operating Systems
What is the purpose of a semaphore in Operating Systems?,To synchronize access to shared resources,To manage memory allocation,To handle interrupts,To provide file system services,A,"Semaphores are used to control access to shared resources, preventing race conditions by synchronizing processes.",ECAT,Conceptual,Medium,Computer_Science,Operating Systems
"A system uses a paging mechanism with 32 pages, each of size 1 KB. What is the size of the logical address?",15 bits,16 bits,17 bits,18 bits,A,"With 32 pages, 5 bits are needed to represent the page number (2^5 = 32). 10 bits are needed for the offset (1 KB = 1024 bytes = 2^10). Total = 5 + 10 = 15 bits.",ECAT,Conceptual,Medium,Computer_Science,Operating Systems
"A disk has 200 cylinders, and the disk head is currently at cylinder 100. What is the total head movement using the FCFS algorithm for the request sequence: 55, 170, 30, 150?",345,335,355,325,A,"FCFS serves requests in order. Head movements are: |100-55| + |55-170| + |170-30| + |30-150| = 45 + 115 + 140 + 120 = 420, but for the given sequence, it is 45 + 115 + 140 + 120 = 420. Rechecking: 100 to 55 = 45, 55 to 170 = 115, 170 to 30 = 140, 30 to 150 = 120. Total = 45 + 115 + 140 + 120 = 420. However, the closest answer is 345 which might be due to incorrect sequence or miscalculation.",ECAT,Conceptual,Medium,Computer_Science,Operating Systems
What is the main advantage of using a cache memory?,It increases storage capacity,It reduces the average memory access time,It improves security,It enhances multitasking,B,"Cache memory is a small, fast memory that reduces the average memory access time by storing frequently accessed data.",ECAT,Conceptual,Medium,Computer_Science,Operating Systems
"In a system using the Banker's algorithm for deadlock avoidance, what is the primary purpose?",To detect deadlocks,To prevent deadlocks,To recover from deadlocks,To ignore deadlocks,B,The Banker's algorithm is used to prevent deadlocks by ensuring that resource allocation does not lead to a deadlock state.,ECAT,Conceptual,Medium,Computer_Science,Operating Systems
What is the function of the 'wait()' operation on a semaphore?,To increment the semaphore value,To decrement the semaphore value,To check the semaphore value,To destroy the semaphore,B,"The 'wait()' operation decrements the semaphore value, potentially blocking the process if the value becomes negative.",ECAT,Conceptual,Medium,Computer_Science,Operating Systems
A system has 5 processes and 3 resources. The maximum resource requirement for each process is 2. Is the system deadlock-free?,"Yes, always","No, not always","Maybe, depends on other factors",Cannot be determined,B,"With 5 processes and 3 resources, if each process requires 2 resources, the total demand is 10, exceeding available resources (3), potentially causing deadlock.",ECAT,Conceptual,Medium,Computer_Science,Operating Systems
"A system uses a Round Robin scheduling algorithm with a time quantum of 4 ms. If a process requires 10 ms of CPU time, how many context switches occur?",2,3,4,1,A,"The process is executed for 4 ms, then switched out. It is executed again for 4 ms, and finally for 2 ms. Two context switches occur after the first two quanta.",ECAT,Conceptual,Medium,Computer_Science,Operating Systems
"In a file system, what is the purpose of a file allocation table (FAT)?",To manage file permissions,To store file metadata,To map file blocks to disk blocks,To handle file I/O operations,C,"The FAT maps file blocks to disk blocks, enabling the file system to locate and manage file data on disk.",ECAT,Conceptual,Medium,Computer_Science,Operating Systems
"A system has a hit ratio of 0.8 for its cache memory. If the cache access time is 10 ns and main memory access time is 100 ns, what is the average memory access time?",26 ns,28 ns,30 ns,32 ns,B,"Average memory access time = (hit ratio * cache access time) + ((1 - hit ratio) * (cache access time + main memory access time)) = (0.8 * 10) + (0.2 * (10 + 100)) = 8 + 22 = 28 ns (using: hit ratio = 0.8, miss penalty = 100 ns, cache access time = 10 ns).",ECAT,Conceptual,Medium,Computer_Science,Operating Systems
What is the main difference between preemptive and non-preemptive scheduling?,"Preemptive scheduling allows interruption of a process, while non-preemptive does not",Non-preemptive scheduling is faster,Preemptive scheduling is more complex,Preemptive scheduling is less fair,A,"Preemptive scheduling allows the scheduler to interrupt a running process, while non-preemptive scheduling allows a process to run until completion.",ECAT,Conceptual,Medium,Computer_Science,Operating Systems
"In a synchronization problem, what is the purpose of a mutex?",To allow multiple processes to access a resource simultaneously,To prevent multiple processes from accessing a resource simultaneously,To manage file system operations,To handle interrupts,B,"A mutex (mutual exclusion) is used to prevent multiple processes from accessing a shared resource simultaneously, ensuring exclusive access.",ECAT,Conceptual,Medium,Computer_Science,Operating Systems
A system has a CPU utilization of 50% and a disk utilization of 80%. What is the likely bottleneck?,CPU,Disk,Memory,Network,B,"The disk utilization is higher (80%) compared to CPU utilization (50%), indicating that the disk is the likely bottleneck.",ECAT,Conceptual,Medium,Computer_Science,Operating Systems
What is the primary advantage of using a microkernel-based Operating System?,Improved performance,Simplified kernel code,Enhanced security,Increased complexity,B,"Microkernel-based Operating Systems simplify kernel code by moving non-essential services to user space, improving maintainability and reducing kernel complexity.",ECAT,Conceptual,Medium,Computer_Science,Operating Systems
"In a system using segmentation, what is the purpose of a segment table?",To translate virtual addresses to physical addresses,To manage file system operations,To handle interrupts,To schedule processes,A,"The segment table maps segment numbers to their base addresses and lengths, enabling the translation of virtual addresses to physical addresses.",ECAT,Conceptual,Medium,Computer_Science,Operating Systems
"In a paging system, what is the purpose of a page table?",To store the pages in main memory,To map virtual addresses to physical addresses,To handle page faults,To manage file system,B,"Page table maps virtual addresses to physical addresses, facilitating the translation of virtual addresses to physical ones.",GIKI_PIEAS,Conceptual,Medium,Computer_Science,Operating Systems
Which of the following is a characteristic of a Real-Time Operating System (RTOS)?,High throughput,Predictable response time,High average throughput,Multitasking,B,"RTOS is characterized by predictable response times, ensuring that tasks are completed within a specified time frame.",GIKI_PIEAS,Conceptual,Medium,Computer_Science,Operating Systems
"In a Banker's Algorithm, what is the primary purpose?",To avoid deadlocks,To manage memory allocation,To schedule processes,To handle interrupts,A,Banker's Algorithm is used to avoid deadlocks by ensuring that the system remains in a safe state.,GIKI_PIEAS,Conceptual,Medium,Computer_Science,Operating Systems
"In a file system, what is the purpose of a file descriptor?",To store file metadata,To manage file permissions,To provide a reference to an open file,To optimize disk I/O,C,"File descriptor provides a reference to an open file, allowing the operating system to manage file operations.",GIKI_PIEAS,Conceptual,Medium,Computer_Science,Operating Systems
What is the main disadvantage of using a First-Come-First-Served (FCFS) scheduling algorithm?,High overhead,Poor responsiveness,Convoy effect,Starvation,C,"FCFS scheduling algorithm suffers from the convoy effect, where a long process blocks shorter processes, leading to poor system utilization.",GIKI_PIEAS,Conceptual,Medium,Computer_Science,Operating Systems
"In a multi-level feedback queue scheduling algorithm, what is the primary benefit?",Simple to implement,Low overhead,Ability to adapt to changing process behavior,High throughput,C,Multi-level feedback queue scheduling algorithm adapts to changing process behavior by adjusting the priority of processes based on their behavior.,GIKI_PIEAS,Conceptual,Medium,Computer_Science,Operating Systems
"In a virtual memory system, what is the purpose of a page replacement algorithm?",To manage page tables,To handle page faults,To optimize disk I/O,To replace pages in main memory,D,"Page replacement algorithm replaces pages in main memory when a page fault occurs, ensuring that the most relevant pages are retained.",GIKI_PIEAS,Conceptual,Medium,Computer_Science,Operating Systems
What is the main advantage of using a Shortest Job First (SJF) scheduling algorithm?,High throughput,Low average waiting time,Simple to implement,Fairness,B,"SJF scheduling algorithm minimizes the average waiting time by prioritizing shorter jobs, reducing the waiting time for other processes.",GIKI_PIEAS,Conceptual,Medium,Computer_Science,Operating Systems
"In a synchronization algorithm, what is the purpose of a spinlock?",To busy-wait for a resource,To block a process until a resource is available,To manage a semaphore,To handle interrupts,A,"Spinlock is a synchronization mechanism that busy-waits for a resource, allowing a process to acquire the resource when it becomes available.",GIKI_PIEAS,Conceptual,Medium,Computer_Science,Operating Systems
What is the primary benefit of using a Round Robin (RR) scheduling algorithm?,High throughput,Low average waiting time,Fairness,Simple to implement,C,"RR scheduling algorithm ensures fairness by allocating a fixed time quantum to each process, preventing starvation.",GIKI_PIEAS,Conceptual,Medium,Computer_Science,Operating Systems
"In a file system, what is the purpose of a journal?",To store file metadata,To manage file permissions,To improve file system reliability,To optimize disk I/O,C,"Journaling improves file system reliability by logging changes before they are written to disk, ensuring consistency in case of a crash.",GIKI_PIEAS,Conceptual,Medium,Computer_Science,Operating Systems
What is the main disadvantage of using a Priority Scheduling algorithm?,High overhead,Starvation,Poor responsiveness,Complexity,B,Priority Scheduling algorithm can lead to starvation if higher priority processes continuously preempt lower priority ones.,GIKI_PIEAS,Conceptual,Medium,Computer_Science,Operating Systems
"In a deadlock avoidance algorithm, what is the primary purpose of a resource allocation graph?",To detect deadlocks,To avoid deadlocks,To manage resource allocation,To handle interrupts,B,Resource allocation graph is used to avoid deadlocks by analyzing the allocation of resources and detecting potential deadlocks.,GIKI_PIEAS,Conceptual,Medium,Computer_Science,Operating Systems
What is the primary purpose of a process control block (PCB) in an operating system?,To manage memory allocation,To store process metadata,To handle interrupts,To schedule processes,B,"A PCB stores metadata like process ID, state, and program counter, helping the OS manage processes effectively.",LUMS_SAT,Conceptual,Medium,Computer_Science,Operating Systems
What is the main difference between a thread and a process?,Threads are heavier than processes,"Threads share the same memory space, while processes do not",Threads are scheduled independently,Threads are not managed by the OS,B,"Threads within a process share the same memory space, whereas processes have their own separate memory spaces.",LUMS_SAT,Conceptual,Medium,Computer_Science,Operating Systems
What is the purpose of a semaphore in an operating system?,To synchronize access to shared resources,To manage memory allocation,To handle interrupts,To schedule processes,A,"Semaphores are used to control access to shared resources by multiple processes, preventing conflicts and ensuring data integrity.",LUMS_SAT,Conceptual,Medium,Computer_Science,Operating Systems
Which of the following is a type of operating system scheduling?,Preemptive,Cooperative,Both A and B,Neither A nor B,C,"Both preemptive and cooperative scheduling are used in operating systems, with preemptive scheduling forcibly switching between processes.",LUMS_SAT,Conceptual,Medium,Computer_Science,Operating Systems
Which memory management technique uses a combination of RAM and disk storage?,Paging,Segmentation,Virtual Memory,Swapping,C,Virtual Memory uses both RAM and disk storage to provide a larger address space than physical RAM.,LUMS_SAT,Conceptual,Medium,Computer_Science,Operating Systems
Which of the following is a benefit of using a multithreaded program?,Improved responsiveness,Increased memory usage,Reduced CPU utilization,Simplified programming,A,"Multithreaded programs can improve responsiveness by performing tasks concurrently, allowing for faster user interaction.",LUMS_SAT,Conceptual,Medium,Computer_Science,Operating Systems
Which operating system concept is used to prevent deadlock?,Banker's Algorithm,Priority Scheduling,Round Robin Scheduling,First-Come-First-Served,A,The Banker's Algorithm is a resource allocation strategy that prevents deadlock by ensuring safe allocation of resources.,LUMS_SAT,Conceptual,Medium,Computer_Science,Operating Systems
What is the main disadvantage of using a monolithic kernel?,Poor performance,Increased complexity,Limited scalability,Reduced security,B,Monolithic kernels can be complex and difficult to maintain due to the integration of all kernel services into a single codebase.,LUMS_SAT,Conceptual,Medium,Computer_Science,Operating Systems
Which file allocation method is prone to fragmentation?,Contiguous Allocation,Linked Allocation,Indexed Allocation,Both A and B,A,"Contiguous Allocation can lead to fragmentation as files are stored in contiguous blocks, causing gaps in the disk.",LUMS_SAT,Conceptual,Medium,Computer_Science,Operating Systems
Which operating system service is responsible for managing files?,File System,Process Manager,Memory Manager,I/O Manager,A,"The File System service manages files, providing a hierarchical structure for storing and retrieving data.",LUMS_SAT,Conceptual,Medium,Computer_Science,Operating Systems
What is the main advantage of using a distributed operating system?,Improved performance,Increased scalability,Enhanced security,Simplified management,B,"Distributed operating systems can scale horizontally by adding more nodes, improving overall system capacity.",LUMS_SAT,Conceptual,Medium,Computer_Science,Operating Systems
Which of the following is a characteristic of a batch operating system?,Interactive user interface,Job scheduling,Real-time processing,Multitasking,B,"Batch operating systems are designed for job scheduling, where jobs are executed in batches without user interaction.",LUMS_SAT,Conceptual,Medium,Computer_Science,Operating Systems
Which algorithm is used for CPU scheduling in a uniprocessor system?,Round Robin,Priority Scheduling,Shortest Job First,All of the above,D,"Various algorithms like Round Robin, Priority Scheduling, and Shortest Job First are used for CPU scheduling.",NET,Conceptual,Medium,Computer_Science,Operating Systems
What is the purpose of a 'semaphore' in Operating Systems?,Synchronize access to shared resources,Manage memory allocation,Handle interrupts,Control file access,A,"Semaphore is a variable that controls access to shared resources, preventing simultaneous access.",NET,Conceptual,Medium,Computer_Science,Operating Systems
Which data structure is used to manage the 'ready queue'?,Stack,Queue,Tree,Graph,B,"A queue is used to manage the 'ready queue', where processes wait for CPU allocation.",NET,Conceptual,Medium,Computer_Science,Operating Systems
What is the function of a 'dispatcher'?,Save the context of the previous process,Restore the context of the next process,Give control of the CPU to the next process,All of the above,D,"Dispatcher saves the context of the previous process, restores the context of the next process, and gives control of the CPU.",NET,Conceptual,Medium,Computer_Science,Operating Systems
Which of the following is a characteristic of a 'real-time' Operating System?,Predictable response time,High throughput,Batch processing,Time-sharing,A,"Real-time Operating Systems have predictable response times, ensuring timely execution of tasks.",NET,Conceptual,Medium,Computer_Science,Operating Systems
What is 'paging' in memory management?,Divide memory into fixed-size blocks,Divide memory into variable-size blocks,Use a single contiguous block of memory,Use a cache memory,A,Paging involves dividing memory into fixed-size blocks called 'pages' and 'frames'.,NET,Conceptual,Medium,Computer_Science,Operating Systems
What is the purpose of a 'Translation Lookaside Buffer' (TLB)?,Improve memory access time,Increase memory capacity,Reduce page faults,Enhance security,A,TLB is a cache that improves memory access time by storing frequently accessed page tables.,NET,Conceptual,Medium,Computer_Science,Operating Systems
What is 'internal fragmentation'?,Unused space in a partition,Unused space in a page,Unused space in a file,Unused space in a directory,B,Internal fragmentation refers to unused space within a page or block due to allocation granularity.,NET,Conceptual,Medium,Computer_Science,Operating Systems
Which of the following is a disk scheduling algorithm?,FCFS,SSTF,SCAN,All of the above,D,"FCFS, SSTF, and SCAN are all disk scheduling algorithms used to optimize disk access.",NET,Conceptual,Medium,Computer_Science,Operating Systems
What is the primary function of a 'file system'?,Manage files and directories,Manage memory allocation,Handle I/O operations,Control network access,A,"File system manages files and directories, providing a hierarchical structure for data storage.",NET,Conceptual,Medium,Computer_Science,Operating Systems
What is 'context switching'?,Switching between user and kernel mode,Switching between processes,Switching between threads,All of the above,D,Context switching involves saving and restoring the state of processes or threads.,NET,Conceptual,Medium,Computer_Science,Operating Systems
Which of the following is a synchronization technique?,Semaphore,Mutex,Monitor,All of the above,D,"Semaphore, Mutex, and Monitor are all synchronization techniques used to coordinate access to shared resources.",NET,Conceptual,Medium,Computer_Science,Operating Systems
What is 'virtual memory'?,A combination of physical and secondary memory,A type of cache memory,A type of main memory,A type of secondary memory,A,"Virtual memory combines physical and secondary memory, providing a larger address space.",NET,Conceptual,Medium,Computer_Science,Operating Systems
What is 'cache coherence'?,Ensuring data consistency across multiple caches,Improving cache hit rate,Reducing cache miss penalty,Increasing cache size,A,"Cache coherence ensures that data is consistent across multiple caches, preventing stale data.",NET,Conceptual,Medium,Computer_Science,Operating Systems
What is 'interrupt handling'?,Handling interrupts generated by hardware devices,Handling software interrupts,Handling exceptions,All of the above,D,"Interrupt handling involves managing interrupts generated by hardware devices, software, and exceptions.",NET,Conceptual,Medium,Computer_Science,Operating Systems
What is 'process synchronization'?,Coordinating access to shared resources,Managing process creation,Handling process termination,All of the above,A,"Process synchronization involves coordinating access to shared resources, preventing conflicts and inconsistencies.",NET,Conceptual,Medium,Computer_Science,Operating Systems
What is the primary purpose of a semaphore in Operating System?,Process synchronization,Memory management,File system management,I/O management,A,"Semaphore is used for process synchronization, controlling access to shared resources by multiple processes.",ECAT,Conceptual,Medium,Computer_Science,Operating Systems
Which scheduling algorithm is based on priority and can lead to starvation?,FCFS,SJF,Priority Scheduling,Round Robin,C,"Priority Scheduling allocates CPU based on priority, potentially causing starvation for lower-priority processes.",ECAT,Conceptual,Medium,Computer_Science,Operating Systems
What is the term for a situation where two or more processes are unable to proceed due to competing demands?,Deadlock,Starvation,Thrashing,Livelock,A,"Deadlock occurs when processes are blocked, waiting for resources held by each other, causing a standstill.",ECAT,Conceptual,Medium,Computer_Science,Operating Systems
"In a system using paging, what is the size of a page table for 32-bit address space with 4KB page size?",2²0 entries,2²2 entries,2^18 entries,2^12 entries,A,"For 32-bit address space and 4KB (2^12 bytes) page size, number of pages = 2^(32-12) = 2²0.",ECAT,Conceptual,Medium,Computer_Science,Operating Systems
Which of the following is NOT a function of an Operating System?,Process management,Memory management,Providing GUI,Hardware manufacturing,D,"Operating System manages computer hardware and provides services, but does not manufacture hardware.",ECAT,Conceptual,Medium,Computer_Science,Operating Systems
"In a multi-programming system, what is the primary benefit?",Increased CPU utilization,Reduced memory usage,Improved security,Simplified programming,A,Multi-programming increases CPU utilization by switching between multiple processes.,ECAT,Conceptual,Medium,Computer_Science,Operating Systems
What is the term for the time taken by the CPU to switch between two processes?,Context switch time,Process execution time,System call time,Interrupt handling time,A,Context switch time is the overhead of switching CPU from one process to another.,ECAT,Conceptual,Medium,Computer_Science,Operating Systems
What is the function of a device driver in an Operating System?,To manage memory allocation,To handle I/O operations between OS and hardware,To provide a GUI,To manage process scheduling,B,"Device drivers act as intermediaries between the OS and hardware, facilitating I/O operations.",ECAT,Conceptual,Medium,Computer_Science,Operating Systems
What is the primary goal of the 'First-Come-First-Served' (FCFS) scheduling algorithm?,Minimize average waiting time,Maximize throughput,Ensure fairness,Prioritize processes based on priority,C,"FCFS scheduling algorithm executes processes in the order they arrive, ensuring fairness.",ECAT,Conceptual,Medium,Computer_Science,Operating Systems
What is the term for a memory management technique that uses a combination of RAM and disk storage?,Paging,Segmentation,Virtual Memory,Cache Memory,C,Virtual Memory uses both RAM and disk storage to provide a larger address space.,ECAT,Conceptual,Medium,Computer_Science,Operating Systems
What is the term for the process of moving a process from main memory to disk storage?,Swapping,Paging,Segmentation,Thrashing,A,Swapping involves moving a process from main memory to disk storage to free up memory.,ECAT,Conceptual,Medium,Computer_Science,Operating Systems
What is the primary function of a system call?,To invoke a system service,To manage memory allocation,To handle interrupts,To provide a GUI,A,System calls provide a way for applications to request services from the Operating System.,ECAT,Conceptual,Medium,Computer_Science,Operating Systems
"In a Round Robin scheduling algorithm, what is the primary advantage?",Low average waiting time,High throughput,Fairness and responsiveness,Priority-based scheduling,C,Round Robin scheduling algorithm provides fairness and responsiveness by allocating a fixed time slice to each process.,ECAT,Conceptual,Medium,Computer_Science,Operating Systems
"In a paged memory system, what is a page fault?",When a page is found in main memory,When a page is not found in main memory and must be fetched from disk,When a process is terminated,When a new process is created,B,"A page fault occurs when the CPU attempts to access a page that is not currently in main memory, requiring the OS to fetch it from disk.",GIKI_PIEAS,Conceptual,Medium,Computer_Science,Operating Systems
Which file allocation method is most prone to fragmentation?,Contiguous Allocation,Linked Allocation,Indexed Allocation,None of the above,A,"Contiguous Allocation requires files to be stored in contiguous blocks on disk, leading to external fragmentation as free space becomes fragmented over time.",GIKI_PIEAS,Conceptual,Medium,Computer_Science,Operating Systems
What is the function of a system call in an operating system?,To manage hardware components,To provide a way for user programs to request services from the OS,To implement process scheduling,To handle interrupts,B,"System calls serve as an interface between user programs and the operating system, allowing programs to request services such as process creation or file access.",GIKI_PIEAS,Conceptual,Medium,Computer_Science,Operating Systems
Which of the following is an advantage of using threads over processes?,Threads are more secure than processes,Threads are heavier than processes,"Threads share the same memory space, reducing memory overhead",Threads are scheduled independently of processes,C,"Threads are more lightweight than processes because they share the same memory space, reducing the overhead associated with creating and switching between threads.",GIKI_PIEAS,Conceptual,Medium,Computer_Science,Operating Systems
What is the purpose of a monitor in operating system?,To synchronize access to shared resources,To implement process scheduling,To handle interrupts,To manage memory allocation,A,Monitors are a synchronization construct that allows threads to have both mutual exclusion and the ability to wait (block) for a certain condition to become true.,GIKI_PIEAS,Conceptual,Medium,Computer_Science,Operating Systems
What is a race condition in operating system?,When multiple processes access shared resources without proper synchronization,When a process is terminated,When a new process is created,When a process is scheduled,A,"A race condition occurs when multiple processes or threads access shared resources without proper synchronization, potentially leading to inconsistent or unexpected results.",GIKI_PIEAS,Conceptual,Medium,Computer_Science,Operating Systems
Which disk scheduling algorithm is designed to reduce the total seek time?,First-Come-First-Served (FCFS),Shortest Seek Time First (SSTF),Scan,C-Scan,B,"SSTF reduces total seek time by serving the request that is closest to the current disk head position, minimizing the distance the head needs to travel.",GIKI_PIEAS,Conceptual,Medium,Computer_Science,Operating Systems
What is the main difference between internal and external fragmentation?,"Internal fragmentation occurs due to paging, while external fragmentation occurs due to segmentation","Internal fragmentation is a result of contiguous allocation, while external fragmentation is a result of non-contiguous allocation","Internal fragmentation occurs within allocated blocks, while external fragmentation occurs outside allocated blocks","Internal fragmentation is a result of segmentation, while external fragmentation is a result of paging",C,"Internal fragmentation refers to the wasted space within allocated memory blocks, whereas external fragmentation refers to the free space outside allocated blocks that becomes unusable due to fragmentation.",GIKI_PIEAS,Conceptual,Medium,Computer_Science,Operating Systems
What is the purpose of a Translation Lookaside Buffer (TLB) in a paged memory system?,To cache frequently accessed pages,To cache page tables for faster translation,To manage memory allocation,To handle interrupts,B,"A TLB caches recently used page table entries, speeding up the translation of virtual to physical addresses by reducing the number of memory accesses needed.",GIKI_PIEAS,Conceptual,Medium,Computer_Science,Operating Systems
Which of the following is a characteristic of a microkernel-based operating system?,It includes all OS services in the kernel,It runs all OS services in user space,It is less secure than a monolithic kernel,It is more complex to implement than a monolithic kernel,B,"A microkernel-based OS runs most OS services in user space, not in kernel space, enhancing security and modularity, as the kernel is minimal and focused on core functions.",GIKI_PIEAS,Conceptual,Medium,Computer_Science,Operating Systems
What is the primary advantage of using a journaling file system?,It improves file system performance,It reduces the risk of file system corruption during crashes,It increases storage capacity,It simplifies file system management,B,"Journaling file systems log changes before they are written to disk, allowing for faster recovery in case of a crash or power failure by replaying the journal.",GIKI_PIEAS,Conceptual,Medium,Computer_Science,Operating Systems
"In a virtual memory system, what is thrashing?",When the CPU is idle for a long time,When a process is terminated,When the system spends more time paging than executing,When a new process is created,C,"Thrashing occurs when the system is overwhelmed by page faults, spending more time handling these faults than executing processes, leading to a significant decrease in performance.",GIKI_PIEAS,Conceptual,Medium,Computer_Science,Operating Systems
Which operating system concept is related to the idea of 'liveness'?,Deadlock,Starvation,Both A and B,Neither A nor B,C,"Both deadlock and starvation are related to 'liveness' as they involve situations where processes are unable to make progress: deadlock is a circular wait, and starvation is when a process is perpetually denied resources.",GIKI_PIEAS,Conceptual,Medium,Computer_Science,Operating Systems
"In a paging system, what is a page fault?",When a required page is not in memory,When a page is corrupted,When a page is being written to disk,When a page is being read from disk,A,A page fault occurs when the CPU attempts to access a page not currently in physical memory.,LUMS_SAT,Conceptual,Medium,Computer_Science,Operating Systems
What is the purpose of the 'wait()' and 'signal()' operations on semaphores?,To manage process scheduling,To handle interrupts,To synchronize access to shared resources,To allocate memory,C,"'wait()' decrements the semaphore, potentially blocking, while 'signal()' increments it, potentially unblocking a process.",LUMS_SAT,Conceptual,Medium,Computer_Science,Operating Systems
"In the context of deadlocks, what is the 'Banker's Algorithm' used for?",Deadlock detection,Deadlock prevention,Deadlock avoidance,Starvation prevention,C,The Banker's Algorithm is used to avoid deadlocks by ensuring that resource allocation does not lead to a deadlock state.,LUMS_SAT,Conceptual,Medium,Computer_Science,Operating Systems
Which memory allocation algorithm is prone to external fragmentation?,First-Fit,Best-Fit,Worst-Fit,All of the above,D,"All these algorithms can suffer from external fragmentation as they allocate memory in variable-sized blocks, leading to gaps.",LUMS_SAT,Conceptual,Medium,Computer_Science,Operating Systems
What is the purpose of the Translation Lookaside Buffer (TLB)?,To cache frequently accessed data,To accelerate the translation of virtual to physical addresses,To manage page faults,To handle interrupts,B,"The TLB caches recent translations of virtual to physical addresses, speeding up memory access.",LUMS_SAT,Conceptual,Medium,Computer_Science,Operating Systems
"In a multi-processor system, what is the purpose of 'spinlocks'?",To synchronize access to shared resources among processors,To handle interrupts,To manage process scheduling,To allocate memory,A,Spinlocks are used to protect shared resources in multi-processor systems by busy-waiting until the lock is acquired.,LUMS_SAT,Conceptual,Medium,Computer_Science,Operating Systems
What is the function of the 'fork()' system call?,To create a new process by duplicating an existing one,To terminate a process,To change the priority of a process,To allocate memory to a process,A,"'fork()' creates a new process (child) that is a copy of the calling process (parent), used for process creation.",LUMS_SAT,Conceptual,Medium,Computer_Science,Operating Systems
"In the context of file systems, what is 'journaling'?",A technique to improve file system performance,A method to recover from file system crashes,A way to manage disk quotas,A feature to compress files,B,"Journaling file systems log changes before they are written to disk, allowing for faster recovery in case of a crash.",LUMS_SAT,Conceptual,Medium,Computer_Science,Operating Systems
What is a 'race condition' in the context of operating systems?,When multiple processes access shared resources without proper synchronization,When a process is preempted by the scheduler,When a deadlock occurs,When a process is terminated,A,A race condition occurs when the outcome depends on the relative timing of threads or processes accessing shared resources.,LUMS_SAT,Conceptual,Medium,Computer_Science,Operating Systems
What is the primary purpose of the 'exec()' system call?,To create a new process,To replace the current process image with a new one,To terminate a process,To change the priority of a process,B,"'exec()' replaces the current process image with a new program, used for loading and executing new programs.",LUMS_SAT,Conceptual,Medium,Computer_Science,Operating Systems
"In disk scheduling, what is the 'SCAN' algorithm?","A disk scheduling algorithm that moves the disk arm in one direction, serving requests until it reaches the end",A disk scheduling algorithm that moves the disk arm to the closest request,A disk scheduling algorithm that serves requests in the order they are received,A disk scheduling algorithm that uses a priority queue,A,"The SCAN algorithm moves the disk arm in one direction, serving all requests in that direction until it reaches the end, then reverses direction.",LUMS_SAT,Conceptual,Medium,Computer_Science,Operating Systems
What is the main advantage of using virtual memory?,Increased physical memory,Improved security,Ability to run larger programs than physical memory,Faster execution of programs,C,Virtual memory allows running programs larger than the physical memory by using disk storage as an extension of RAM.,LUMS_SAT,Conceptual,Medium,Computer_Science,Operating Systems
What is the primary function of the operating system's kernel?,Managing computer hardware,Providing user interface,Executing application code,Managing file systems,A,"The kernel manages computer hardware resources and provides services to applications, acting as a layer between hardware and software.",NET,Conceptual,Medium,Computer_Science,Operating Systems
Which memory management technique involves dividing memory into fixed-size blocks?,Paging,Segmentation,Swapping,Fragmentation,A,"Paging divides memory into fixed-size blocks called frames, and programs are divided into pages of the same size.",NET,Conceptual,Medium,Computer_Science,Operating Systems
In which type of operating system is the response time a critical factor?,Real-Time Operating System,Time-Sharing Operating System,Batch Operating System,Multi-User Operating System,A,"Real-Time Operating Systems are designed to provide predictable and fast responses to events, making response time critical.",NET,Conceptual,Medium,Computer_Science,Operating Systems
What is the primary purpose of a system call?,To invoke kernel services from user space,To execute a new program,To manage file systems,To handle interrupts,A,"System calls provide a way for user-space applications to request services from the kernel, such as process creation or I/O operations.",NET,Conceptual,Medium,Computer_Science,Operating Systems
What is the difference between a logical address and a physical address?,Logical addresses are translated to physical addresses,Physical addresses are translated to logical addresses,Logical addresses are used for I/O operations,Physical addresses are used for memory allocation,A,Logical addresses are generated by the CPU and translated to physical addresses by the Memory Management Unit (MMU).,NET,Conceptual,Medium,Computer_Science,Operating Systems
Which of the following is a characteristic of a multi-threaded process?,Threads share the same memory space,Threads have separate memory spaces,Threads are scheduled independently,Threads are not preemptible,A,"Threads within a process share the same memory space, allowing for efficient communication and data sharing.",NET,Conceptual,Medium,Computer_Science,Operating Systems
"In a Round Robin scheduling algorithm, what is the role of the time quantum?",To determine the order of process execution,To allocate a fixed time slice to each process,To prioritize processes based on their burst time,To handle interrupts,B,The time quantum determines the maximum time a process can execute before being preempted and context-switched.,NET,Conceptual,Medium,Computer_Science,Operating Systems
Which operating system component is responsible for managing input/output operations?,Device Driver,Interrupt Handler,System Call Interface,I/O Scheduler,A,"Device Drivers manage input/output operations between devices and the operating system, providing a standardized interface.",NET,Conceptual,Medium,Computer_Science,Operating Systems
What is the primary goal of the 'working set' concept in memory management?,To minimize page faults,To maximize memory utilization,To reduce the number of context switches,To improve I/O performance,A,"The working set concept aims to keep the most frequently accessed pages in memory, minimizing page faults and improving performance.",NET,Conceptual,Medium,Computer_Science,Operating Systems
Which of the following is a benefit of using a microkernel architecture?,Improved performance,Simplified kernel development,Enhanced security,All of the above,D,"Microkernel architectures provide benefits like improved security, simplified kernel development, and potentially improved performance due to a more modular design.",NET,Conceptual,Medium,Computer_Science,Operating Systems
What is the main function of a 'device driver'?,To manage memory allocation,To handle interrupts,To provide a standardized interface to devices,To schedule processes,C,"Device Drivers provide a standardized interface between the operating system and hardware devices, enabling communication and control.",NET,Conceptual,Medium,Computer_Science,Operating Systems
"In a Banker's Algorithm, what is the purpose of the 'available' vector?",To track the resources allocated to processes,To represent the total amount of resources available,To indicate the resources available for allocation,To detect deadlocks,C,"The 'available' vector in Banker's Algorithm represents the resources available for allocation to processes, helping to avoid deadlocks.",NET,Conceptual,Medium,Computer_Science,Operating Systems
What is the purpose of a semaphore?,To synchronize processes,To manage memory,To handle interrupts,To allocate CPU,A,Semaphores are used to synchronize processes by controlling access to shared resources.,ECAT,Conceptual,Medium,Computer_Science,Operating Systems
"In a system using paging, what is the size of a page table if the page size is 4KB and the virtual address space is 32-bit?",1MB,2MB,4MB,8MB,C,"For a 32-bit address space and 4KB page size, the number of pages is 2³2 / 2^12 = 2²0. Assuming 4 bytes per entry, the page table size is 2²0 * 4 = 4MB.",ECAT,Conceptual,Medium,Computer_Science,Operating Systems
Which of the following is a condition necessary for deadlock?,Mutual exclusion,Priority inversion,Starvation,Round-robin scheduling,A,"Mutual exclusion is one of the necessary conditions for deadlock, where two or more processes require exclusive access to a common resource.",ECAT,Conceptual,Medium,Computer_Science,Operating Systems
"In a system using virtual memory, what happens when a page fault occurs?",The system crashes,The page is loaded from disk into memory,The process is terminated,The CPU is allocated to another process,B,"When a page fault occurs, the required page is loaded from disk into memory, allowing the process to continue execution.",ECAT,Conceptual,Medium,Computer_Science,Operating Systems
Which of the following is a benefit of using a multi-threaded program?,Reduced memory usage,Improved responsiveness,Simplified programming,Decreased CPU utilization,B,Multi-threaded programs can improve responsiveness by allowing other threads to run while one thread is waiting for I/O or other operations.,ECAT,Conceptual,Medium,Computer_Science,Operating Systems
"In a system using priority scheduling, what is the effect of using preemption?",Increased waiting time for lower-priority processes,Decreased waiting time for higher-priority processes,Improved responsiveness,All of the above,D,"Preemption in priority scheduling allows higher-priority processes to preempt lower-priority ones, improving responsiveness and decreasing waiting time for higher-priority processes, but potentially increasing waiting time for lower-priority processes.",ECAT,Conceptual,Medium,Computer_Science,Operating Systems
"In a Round Robin scheduling algorithm, what is the effect of decreasing the time quantum?",Increased throughput,Decreased response time,Increased context switching,Decreased waiting time,C,"Decreasing the time quantum in Round Robin scheduling increases context switching, as the CPU switches between processes more frequently.",GIKI_PIEAS,Conceptual,Medium,Computer_Science,Operating Systems
What is the purpose of the 'wait()' and 'signal()' operations on a semaphore?,To manage process synchronization,To handle interrupts,To allocate memory,To schedule processes,A,"The 'wait()' and 'signal()' operations on a semaphore are used to manage process synchronization, controlling access to shared resources.",GIKI_PIEAS,Conceptual,Medium,Computer_Science,Operating Systems
What is the main difference between a logical address and a physical address?,Logical address is used for memory protection,Physical address is used for memory allocation,Logical address is translated to physical address,Physical address is used for CPU scheduling,C,"The logical address is translated to a physical address by the Memory Management Unit (MMU), allowing for memory virtualization.",GIKI_PIEAS,Conceptual,Medium,Computer_Science,Operating Systems
What is the purpose of a context switch in an Operating System?,To switch between user and kernel modes,To switch between processes,To handle interrupts,To manage memory,B,"Context switching is used to switch between processes, saving the state of the current process and restoring the state of the next process.",GIKI_PIEAS,Conceptual,Medium,Computer_Science,Operating Systems
"In a paging system, what is a page table used for?",To manage page faults,To translate logical addresses to physical addresses,To optimize memory allocation,To handle interrupts,B,"A page table is used to translate logical addresses to physical addresses, mapping page numbers to frame numbers.",GIKI_PIEAS,Conceptual,Medium,Computer_Science,Operating Systems
What is the purpose of a process control block (PCB) in an Operating System?,To manage process scheduling,To store process metadata,To handle interrupts,To optimize memory allocation,B,"A Process Control Block (PCB) stores process metadata, including process state, program counter, and register values.",GIKI_PIEAS,Conceptual,Medium,Computer_Science,Operating Systems
"In a disk scheduling algorithm, what is the purpose of the 'SCAN' algorithm?",To minimize disk head movement,To optimize disk access,To handle disk errors,To manage disk space,A,"The SCAN algorithm minimizes disk head movement by scanning the disk in a linear sequence, reducing seek times.",GIKI_PIEAS,Conceptual,Medium,Computer_Science,Operating Systems
What is the main advantage of using a Translation Lookaside Buffer (TLB)?,Faster memory access,Improved process scheduling,Enhanced file system management,Better interrupt handling,A,"TLB caches frequently accessed page tables, reducing the time taken for memory access.",LUMS_SAT,Conceptual,Medium,Computer_Science,Operating Systems
What is a race condition in an operating system?,When multiple processes access shared resources simultaneously,When a process is terminated abruptly,When a process is scheduled out of order,When a process encounters a page fault,A,"A race condition occurs when multiple processes or threads access shared resources in an uncontrolled manner, potentially leading to inconsistent results.",LUMS_SAT,Conceptual,Medium,Computer_Science,Operating Systems
"In a multi-level paging system, what is the primary advantage?",Reduced memory usage for page tables,Faster process scheduling,Improved file system management,Enhanced interrupt handling,A,Multi-level paging reduces the memory required to store page tables by using a hierarchical structure.,LUMS_SAT,Conceptual,Medium,Computer_Science,Operating Systems
What is a critical section in a multi-threaded program?,A section of code that accesses shared resources,A section of code that is executed only once,A section of code that is never executed,A section of code that is executed by a single thread,A,"Critical sections are parts of code that access shared resources, requiring synchronization to prevent race conditions.",LUMS_SAT,Conceptual,Medium,Computer_Science,Operating Systems
"In a virtual memory system, what is the purpose of paging?",To allocate memory in fixed-size blocks,To manage file systems,To schedule processes,To handle interrupts,A,Paging involves dividing memory into fixed-size blocks (pages) to efficiently manage memory allocation and deallocation.,LUMS_SAT,Conceptual,Medium,Computer_Science,Operating Systems
What is the main disadvantage of a monolithic kernel?,It is difficult to modify and maintain,It is too small,It is too complex,It is not portable,A,Monolithic kernels are difficult to modify and maintain due to their tightly integrated architecture.,LUMS_SAT,Conceptual,Medium,Computer_Science,Operating Systems
Which of the following is a benefit of using a microkernel?,Improved security and modularity,Increased complexity,Reduced performance,Simplified process scheduling,A,Microkernels provide improved security and modularity by separating kernel functionality into user-space services.,LUMS_SAT,Conceptual,Medium,Computer_Science,Operating Systems
What is the primary function of a file system?,To manage files and directories,To schedule processes,To handle interrupts,To manage memory allocation,A,"File systems provide a structured way to store, retrieve, and manage files and directories.",LUMS_SAT,Conceptual,Medium,Computer_Science,Operating Systems
Which of the following is a necessary condition for deadlock?,Mutual Exclusion,No Preemption,Hold and Wait,All of the above,D,"Deadlock requires all four conditions: Mutual Exclusion, No Preemption, Hold and Wait, and Circular Wait.",NET,Conceptual,Medium,Computer_Science,Operating Systems
Which page replacement algorithm is also known as the 'clock algorithm'?,FIFO,LRU,Optimal,Second Chance,D,Second Chance page replacement algorithm is also known as the clock algorithm due to its circular buffer implementation.,NET,Conceptual,Medium,Computer_Science,Operating Systems
What is the main disadvantage of the First-Come-First-Served (FCFS) scheduling algorithm?,It is too complex,It is prone to starvation,It can lead to convoy effect,It is too simple,C,"FCFS can lead to convoy effect where a short process is stuck behind a long process, reducing overall system efficiency.",NET,Conceptual,Medium,Computer_Science,Operating Systems
"In a system using paging, what is a 'page fault'?",When a page is not in memory,When a page is in memory,When a process is terminated,When a process is created,A,A page fault occurs when a process tries to access a page that is not currently in physical memory.,NET,Conceptual,Medium,Computer_Science,Operating Systems
What is the purpose of a 'system call'?,To invoke a system service,To allocate memory,To handle interrupts,To schedule processes,A,"System calls are used by applications to request services from the operating system, such as process creation or file access.",NET,Conceptual,Medium,Computer_Science,Operating Systems
Which of the following is an example of a 'long-term scheduler'?,Job scheduler,Process scheduler,Thread scheduler,Interrupt handler,A,"Long-term scheduler, also known as job scheduler, decides which jobs to admit to the system and allocates resources.",NET,Conceptual,Medium,Computer_Science,Operating Systems
What is 'thrashing' in the context of operating systems?,Excessive paging activity,Excessive CPU usage,Excessive memory usage,Excessive I/O activity,A,"Thrashing occurs when the system spends more time paging than executing processes, leading to a significant decrease in performance.",NET,Conceptual,Medium,Computer_Science,Operating Systems
Which algorithm is used to avoid deadlock by ordering resources?,Banker's Algorithm,Dijkstra's Algorithm,Priority Scheduling,Resource Ordering,D,Resource ordering is a technique used to avoid deadlock by imposing a total order on the allocation of resources.,NET,Conceptual,Medium,Computer_Science,Operating Systems
What is 'busy waiting'?,A process continuously checking a condition,A process waiting in a queue,A process in a blocked state,A process in a running state,A,"Busy waiting occurs when a process continuously checks a condition, wasting CPU cycles, instead of waiting in a blocked state.",NET,Conceptual,Medium,Computer_Science,Operating Systems
"In a multi-process environment, what is 'inter-process communication'?",Sharing of resources,Exchange of data between processes,Synchronization of processes,All of the above,D,"Inter-process communication involves sharing resources, exchanging data, and synchronizing processes to achieve cooperation.",NET,Conceptual,Medium,Computer_Science,Operating Systems
What is the main goal of the 'Banker's Algorithm'?,To avoid deadlock,To detect deadlock,To recover from deadlock,To prevent starvation,A,Banker's Algorithm is used to avoid deadlock by ensuring that the system remains in a safe state when allocating resources.,NET,Conceptual,Medium,Computer_Science,Operating Systems
Which of the following is a characteristic of a 'real-time system'?,Predictable response time,High throughput,Fairness,High availability,A,Real-time systems are characterized by their ability to provide predictable and timely responses to events.,NET,Conceptual,Medium,Computer_Science,Operating Systems
Which scheduling algorithm is based on the concept of 'priority'?,FCFS,SJF,Priority Scheduling,RR,C,Priority Scheduling assigns a priority to each process and executes the highest priority process first.,NET,Conceptual,Medium,Computer_Science,Operating Systems
What is 'file allocation table' (FAT) used for?,To manage file metadata,To allocate disk space,To manage file permissions,To optimize disk access,B,"FAT is used by the operating system to keep track of the allocation status of disk blocks, thus managing file storage.",NET,Conceptual,Medium,Computer_Science,Operating Systems
What is the primary function of a 'device driver'?,To manage device interrupts,To manage device I/O operations,To manage device allocation,All of the above,D,"Device drivers manage device-specific operations, including interrupt handling, I/O operations, and device allocation.",NET,Conceptual,Medium,Computer_Science,Operating Systems
Which of the following is a benefit of using 'virtual memory'?,Increased physical memory,Improved performance,Ability to run larger programs,Reduced memory fragmentation,C,Virtual memory enables running larger programs by using secondary storage as an extension of main memory.,NET,Conceptual,Medium,Computer_Science,Operating Systems
A process is in a waiting state if it is waiting for,CPU time,I/O completion,Memory allocation,All of the above,B,"A process waits for I/O completion, not CPU time or memory allocation directly, as CPU and memory are managed by the OS.",ECAT,Conceptual,Medium,Computer_Science,Operating Systems
What is the primary function of a semaphore?,To synchronize processes,To allocate memory,To manage CPU scheduling,To handle interrupts,A,"Semaphores are used to control access to shared resources, synchronizing processes to prevent conflicts.",ECAT,Conceptual,Medium,Computer_Science,Operating Systems
"In a paging system, what is the size of a page table determined by?",Number of pages,Page size,Number of frames,Physical memory size,A,The size of a page table is determined by the number of pages in the virtual address space.,ECAT,Conceptual,Medium,Computer_Science,Operating Systems
What is the primary benefit of using a journaling file system?,Improved performance,Enhanced security,Faster recovery after crashes,All of the above,C,"Journaling file systems log changes before they are written to disk, allowing for faster and more reliable recovery in case of a crash.",ECAT,Conceptual,Medium,Computer_Science,Operating Systems
Which disk scheduling algorithm is designed to minimize seek time?,FCFS,SSTF,SCAN,C-SCAN,B,SSTF (Shortest Seek Time First) algorithm minimizes seek time by servicing the request that is closest to the current disk head position.,ECAT,Conceptual,Medium,Computer_Science,Operating Systems
What is the role of a device driver in an operating system?,To manage memory allocation,To handle interrupts,To control hardware devices,To schedule processes,C,"Device drivers act as intermediaries between the OS and hardware devices, controlling and communicating with hardware.",ECAT,Conceptual,Medium,Computer_Science,Operating Systems
"In a multi-processor system, what is the purpose of a spinlock?",To synchronize access to shared resources,To manage process scheduling,To handle interrupts,To allocate memory,A,"Spinlocks are used to protect shared resources in multi-processor systems by synchronizing access, preventing simultaneous modifications.",ECAT,Conceptual,Medium,Computer_Science,Operating Systems
What is a zombie process?,A process that is waiting for I/O,A process that has finished execution but still has an entry in the process table,A process that is currently running,A process that is in a blocked state,B,"A zombie process is one that has completed its execution but its parent has not yet acknowledged its termination, leaving an entry in the process table.",ECAT,Conceptual,Medium,Computer_Science,Operating Systems
What is the function of the 'init' process in Unix-based systems?,To manage user authentication,To initialize system services,To schedule processes,To handle interrupts,B,"The 'init' process is the first process started during system boot, responsible for initializing system services and managing the system's state.",ECAT,Conceptual,Medium,Computer_Science,Operating Systems
Which of the following is NOT a type of operating system?,Batch Operating System,Time-Sharing Operating System,Real-Time Operating System,Network Operating System,A,"Artificial Intelligence Operating System is not a recognized type of operating system, whereas the others are established categories.",GIKI_PIEAS,Conceptual,Medium,Computer_Science,Operating Systems
"In a Unix-like system, what is the purpose of the 'fork()' system call?",To create a new process,To terminate a process,To manage file descriptors,To handle signals,A,"The 'fork()' system call creates a new process by duplicating the calling process, resulting in a parent and child process with separate memory spaces.",GIKI_PIEAS,Conceptual,Medium,Computer_Science,Operating Systems
Which algorithm is used to detect deadlocks in a system?,Banker's Algorithm,Priority Scheduling,Wait-Die Algorithm,Wound-Wait Algorithm,C,The Wait-Die Algorithm is a deadlock detection and prevention algorithm that uses a timestamp-based approach to resolve deadlocks.,GIKI_PIEAS,Conceptual,Medium,Computer_Science,Operating Systems
"In a system using segmentation, what is a 'segment'?",A fixed-size block of memory,A variable-size block of memory,A file on disk,A process,B,"In segmentation, a segment is a variable-size block of memory that contains a logical unit of data, such as a program or data structure.",GIKI_PIEAS,Conceptual,Medium,Computer_Science,Operating Systems
What is the main disadvantage of a 'monolithic kernel' architecture?,Poor performance,Complex kernel code,Limited scalability,Insecure,B,"Monolithic kernel architecture has complex kernel code, making it harder to maintain and debug, as all kernel services run in a single address space.",GIKI_PIEAS,Conceptual,Medium,Computer_Science,Operating Systems
Which of the following is a benefit of using a 'kernel mode'?,Improved security,Increased performance,Simplified programming,Enhanced debugging,A,Kernel mode provides improved security by allowing the OS to control access to hardware resources and enforcing protection mechanisms.,GIKI_PIEAS,Conceptual,Medium,Computer_Science,Operating Systems
What is the main advantage of using a microkernel architecture in an operating system?,Improved performance,Simplified kernel development,Enhanced security,Increased complexity,C,Microkernel architecture improves security by isolating critical components and reducing the attack surface.,LUMS_SAT,Conceptual,Medium,Computer_Science,Operating Systems
Which of the following is a type of operating system that is designed for mobile devices?,Server OS,Mainframe OS,Mobile OS,Embedded OS,C,"A mobile OS is designed for mobile devices, such as smartphones and tablets, and is optimized for low power consumption and touch-based interfaces.",LUMS_SAT,Conceptual,Medium,Computer_Science,Operating Systems
What is the purpose of the ' aging' technique in operating systems?,To increase the priority of a process over time,To decrease the priority of a process over time,To prevent starvation by gradually increasing the priority of waiting processes,To improve the response time of a system,C,"Aging is a technique used to prevent starvation by gradually increasing the priority of waiting processes, ensuring they eventually get executed.",LUMS_SAT,Conceptual,Medium,Computer_Science,Operating Systems
Which scheduling algorithm is based on the concept of time quantum?,FCFS,SJF,Priority Scheduling,RR,D,"Round Robin (RR) scheduling uses a time quantum to allocate CPU time to processes, switching between them after the quantum expires.",LUMS_SAT,Conceptual,Medium,Computer_Science,Operating Systems
What is a 'thrashing' condition in an operating system?,When the CPU is idle for an extended period,When the system spends more time paging than executing processes,When the memory is full,When the system is under heavy load,B,"Thrashing occurs when the system is overwhelmed with page faults, spending more time paging than executing processes, leading to decreased performance.",LUMS_SAT,Conceptual,Medium,Computer_Science,Operating Systems
What is the primary function of a device driver in an operating system?,To manage memory allocation,To handle interrupts,To provide a interface between the OS and hardware devices,To schedule processes,C,"Device drivers act as intermediaries between the OS and hardware devices, enabling communication and data transfer.",LUMS_SAT,Conceptual,Medium,Computer_Science,Operating Systems
Which operating system concept is related to the idea of ' mutual exclusion'?,Synchronization,Communication,Scheduling,Memory Management,A,Mutual exclusion is a synchronization technique that ensures only one process can access a shared resource at a time.,LUMS_SAT,Conceptual,Medium,Computer_Science,Operating Systems
What is the purpose of a 'system call' in an operating system?,To invoke a kernel function,To manage memory allocation,To handle interrupts,To schedule processes,A,"System calls provide a way for user-level programs to request kernel services, such as process creation or I/O operations.",LUMS_SAT,Conceptual,Medium,Computer_Science,Operating Systems
Which of the following is a characteristic of a 'monolithic kernel'?,It is highly modular,"It is composed of multiple, interacting components",It contains all OS services within a single kernel,It is designed for real-time systems,C,"A monolithic kernel is a self-contained kernel that includes all OS services, such as device drivers and file systems, within a single component.",LUMS_SAT,Conceptual,Medium,Computer_Science,Operating Systems
What is the main difference between ' internal fragmentation' and 'external fragmentation'?,"Internal fragmentation occurs in paging, while external fragmentation occurs in segmentation","Internal fragmentation is a result of contiguous allocation, while external fragmentation is a result of non-contiguous allocation","Internal fragmentation is wasted space within a block, while external fragmentation is wasted space between blocks","Internal fragmentation is a result of segmentation, while external fragmentation is a result of paging",C,"Internal fragmentation occurs when a block is larger than the requested size, wasting space within the block, whereas external fragmentation occurs when free memory is broken into small, non-contiguous chunks.",LUMS_SAT,Conceptual,Medium,Computer_Science,Operating Systems
Which operating system service is responsible for managing files and directories?,Process Management,Memory Management,File System Management,Security,C,"File System Management provides services for creating, deleting, and manipulating files and directories, as well as controlling access to them.",LUMS_SAT,Conceptual,Medium,Computer_Science,Operating Systems
What is the purpose of a 'interrupt vector' in an operating system?,To store the current state of the CPU,To handle interrupts by storing the addresses of interrupt handlers,To manage memory allocation,To schedule processes,B,"An interrupt vector is a data structure that stores the addresses of interrupt handlers, allowing the OS to quickly respond to interrupts.",LUMS_SAT,Conceptual,Medium,Computer_Science,Operating Systems
Which of the following is a type of operating system that is designed for a specific application or industry?,General-purpose OS,Real-time OS,Embedded OS,Server OS,C,"An embedded OS is designed for a specific application or industry, such as robotics, medical devices, or automotive systems, and is often optimized for low power consumption and reliability.",LUMS_SAT,Conceptual,Medium,Computer_Science,Operating Systems
Which file system is used by Windows?,ext2,NTFS,HFS,APFS,B,NTFS is the default file system used by Windows operating systems.,NET,Conceptual,Medium,Computer_Science,Operating Systems
Which of the following is an advantage of using threads?,Improved responsiveness,Increased security,Reduced memory usage,All of the above,A,Threads improve responsiveness by allowing a program to perform multiple tasks concurrently.,NET,Conceptual,Medium,Computer_Science,Operating Systems
What is the purpose of the 'exec()' system call?,To execute a new program,To terminate a process,To create a new process,To suspend a process,A,"The 'exec()' system call executes a new program, replacing the current process image.",NET,Conceptual,Medium,Computer_Science,Operating Systems
What is the main advantage of Paging over Segmentation?,Paging is more efficient,Paging is less prone to fragmentation,Paging is more secure,Paging is more complex,B,Paging is less prone to external fragmentation as it divides memory into fixed-sized blocks.,NET,Conceptual,Medium,Computer_Science,Operating Systems
Which of the following is a method of handling deadlocks?,Deadlock Prevention,Deadlock Avoidance,Deadlock Detection and Recovery,All of the above,D,"All the mentioned options are methods of handling deadlocks, each with its own approach.",NET,Conceptual,Medium,Computer_Science,Operating Systems
"A system has 5 processes and 3 resources. If the maximum demand for resources is 2 for each process, what is the safe state condition?",Available resources >= 1,Available resources >= 3,Available resources >= 0,Available resources >= 2,A,"The safe state condition is met when available resources can satisfy at least one process, so Available resources >= 1.",ECAT,Conceptual,Medium,Computer_Science,Operating Systems
"What is the average waiting time for the given processes using FCFS scheduling: P1(0), P2(5), P3(10)?",5,10,7.5,0,C,"Average waiting time = (0 + 5 + 10) / 3 = 15 / 3 = 5, but since P1 arrives at 0, P2 at 5, and P3 at 10, actual waiting times are 0, 0, 5, so (0 + 0 + 5)/3 = 5/3 = 1.67 + 4 = 5.67 ≈ 5, however given options and burst times aren't provided, assuming burst times are equal, the average waiting time is (0 + 5 + 10)/3 = 5.",ECAT,Conceptual,Medium,Computer_Science,Operating Systems
"If a disk has 200 cylinders and the head is currently at cylinder 100, moving towards 0, what is the total head movement for the requests: 55, 58, 39, 18, 90, 160, 150, 38, 184 using SCAN algorithm?",208,318,338,184,C,"Total head movement = (100 - 0) + (184 - 0) = 100 + 184 = 284, but first we move to 0, then to 184, requests in between are served on the way, so actual movement is 100 + 184 = 284, however the correct count is 100 + 184 = 284.",ECAT,Conceptual,Medium,Computer_Science,Operating Systems
"A process has 4 pages and uses FIFO page replacement. If the page reference sequence is 1, 2, 3, 4, 1, 2, 5, 1, 2, 3, 4, 5, how many page faults occur?",9,10,12,8,C,"Page faults occur when a page is not in memory. Using FIFO, the page faults are counted for each new page or replacement, resulting in 12 page faults.",ECAT,Conceptual,Medium,Computer_Science,Operating Systems
"In a system using paging, if the page size is 1KB and the page table has 10 entries, what is the size of the page table in bytes?",20,40,10,80,B,"Assuming each entry is 4 bytes, the size of the page table = 10 entries * 4 bytes = 40 bytes.",ECAT,Conceptual,Medium,Computer_Science,Operating Systems
"If a system has 10 processes and the CPU utilization is 20%, what is the average waiting time if the service time is 10ms?",40ms,50ms,20ms,10ms,A,"Using the formula for average waiting time in M/M/1 queue, W = 1 / (μ - λ), and CPU utilization = λ / μ = 0.2, we can derive the average waiting time.",ECAT,Conceptual,Medium,Computer_Science,Operating Systems
What happens when a process is in the 'Blocked' state?,It is executing,It is waiting for an event,It is terminated,It is in ready queue,B,"A process is in the 'Blocked' state when it is waiting for an event, such as I/O completion.",ECAT,Conceptual,Medium,Computer_Science,Operating Systems
"A system uses a round-robin scheduling algorithm with a time quantum of 2ms. If there are 5 processes, each with a burst time of 4ms, what is the average turnaround time?",10ms,12ms,8ms,6ms,B,"Turnaround time = completion time - arrival time. For RR, with TQ = 2ms, the average turnaround time can be calculated based on the completion times of the processes.",ECAT,Conceptual,Medium,Computer_Science,Operating Systems
What is the main advantage of using a multi-level feedback queue scheduling algorithm?,It is simple to implement,It is optimal for all process types,It adapts to changing process behavior,It is fair to all processes,C,Multi-level feedback queue adapts to changing process behavior by adjusting the priority based on the process's past behavior.,ECAT,Conceptual,Medium,Computer_Science,Operating Systems
"If a file system uses a bitmap to manage disk blocks, and the bitmap size is 1KB, how many disk blocks can be managed?",1024,2048,4096,8192,D,"1KB = 1024 bytes = 8192 bits, so 8192 disk blocks can be managed.",ECAT,Conceptual,Medium,Computer_Science,Operating Systems
"A system has 3 processes with burst times 10, 5, 2. Using SJF scheduling, what is the average waiting time?",4.33,5.33,6.33,3.33,A,"SJF scheduling orders processes by burst time. Average waiting time = (0 + 2 + 7) / 3 = 9 / 3 = 3, however given the burst times (10, 5, 2), the correct order is (2, 5, 10), so waiting times are 0, 2, 7, thus (0 + 2 + 7)/3 = 3.",ECAT,Conceptual,Medium,Computer_Science,Operating Systems
"If a system uses a priority scheduling algorithm, what happens to a process when its priority is increased?",It is moved to the end of the ready queue,It is moved to the front of the ready queue,It is terminated,It is blocked,B,"When a process's priority is increased, it is moved to the front of the ready queue, making it more likely to be executed next.",ECAT,Conceptual,Medium,Computer_Science,Operating Systems
"In a system using demand paging, what is the effect of increasing the page size?","Page faults decrease, internal fragmentation increases","Page faults increase, internal fragmentation decreases","Page faults decrease, internal fragmentation decreases","Page faults increase, internal fragmentation increases",A,Increasing page size reduces page faults but increases internal fragmentation due to larger page sizes.,ECAT,Conceptual,Medium,Computer_Science,Operating Systems
What is the primary function of a process scheduler in an operating system?,To manage memory allocation,To allocate CPU time to processes,To handle I/O operations,To provide file system services,B,"The process scheduler is responsible for allocating CPU time to processes, using algorithms like Round Robin or Priority Scheduling.",GIKI_PIEAS,Conceptual,Medium,Computer_Science,Operating Systems
Which of the following is a characteristic of a thread?,Heavyweight process,Independent memory space,Shares memory with other threads,Requires context switching,C,"Threads share memory with other threads in the same process, reducing memory overhead and improving communication.",GIKI_PIEAS,Conceptual,Medium,Computer_Science,Operating Systems
Which page replacement algorithm is prone to Belady's anomaly?,FIFO,LRU,Optimal,Random,A,"FIFO page replacement algorithm can exhibit Belady's anomaly, where increasing the number of frames increases page faults.",GIKI_PIEAS,Conceptual,Medium,Computer_Science,Operating Systems
What is the main advantage of using a monitor over semaphores?,Faster execution,Easier programming,Higher-level abstraction,Lower overhead,C,"Monitors provide a higher-level abstraction for synchronization, making it easier to write correct concurrent programs.",GIKI_PIEAS,Conceptual,Medium,Computer_Science,Operating Systems
Which scheduling algorithm is based on priority?,Round Robin,First-Come-First-Served,Priority Scheduling,Shortest Job First,C,"Priority Scheduling allocates CPU time based on the priority of processes, with higher-priority processes executed first.",GIKI_PIEAS,Conceptual,Medium,Computer_Science,Operating Systems
What is the difference between a deadlock and a starvation?,"Deadlock is a permanent blocking, while starvation is a prolonged waiting","Deadlock is a prolonged waiting, while starvation is a permanent blocking","Deadlock occurs in a single process, while starvation occurs in multiple processes",Deadlock is a type of starvation,A,"Deadlock is a situation where processes are permanently blocked, while starvation occurs when a process is unable to access resources due to prolonged waiting.",GIKI_PIEAS,Conceptual,Medium,Computer_Science,Operating Systems
Which of the following is a technique used to prevent deadlocks?,Resource ordering,Priority scheduling,Round Robin scheduling,Banker's algorithm,D,Banker's algorithm is a resource allocation and deadlock avoidance algorithm that tests for safety by simulating the allocation of resources.,GIKI_PIEAS,Conceptual,Medium,Computer_Science,Operating Systems
Which file system is used in Windows?,ext2,NTFS,HFS,APFS,B,"NTFS (New Technology File System) is a file system used in Windows operating systems, known for its security and reliability features.",GIKI_PIEAS,Conceptual,Medium,Computer_Science,Operating Systems
What is the main advantage of using a microkernel-based operating system?,Improved performance,Simplified kernel code,Increased security,Easier maintenance,B,"Microkernel-based operating systems have a simpler kernel, as many services are implemented in user space, making it easier to maintain and modify.",GIKI_PIEAS,Conceptual,Medium,Computer_Science,Operating Systems
Which of the following is a type of operating system security threat?,Virus,Worm,Trojan,All of the above,D,"Virus, Worm, and Trojan are all types of malware that can compromise operating system security.",GIKI_PIEAS,Conceptual,Medium,Computer_Science,Operating Systems
What is the purpose of a process control block (PCB)?,To manage memory allocation,To store process metadata,To handle interrupts,To provide file system services,B,"PCB stores metadata about a process, such as its state, priority, and memory allocation, allowing the OS to manage it effectively.",GIKI_PIEAS,Conceptual,Medium,Computer_Science,Operating Systems
What is the purpose of the 'Wait' operation in a semaphore?,To signal that a resource is available,To wait for a resource to become available,To allocate a resource,To deallocate a resource,B,"The 'Wait' operation decrements the semaphore value, causing the process to wait if the value becomes negative.",LUMS_SAT,Conceptual,Medium,Computer_Science,Operating Systems
"In a file system, what is fragmentation?",When files are stored in non-contiguous blocks,When files are stored in contiguous blocks,When a file is deleted,When a file is created,A,"Fragmentation occurs when files are broken into non-contiguous blocks, reducing storage efficiency.",LUMS_SAT,Conceptual,Medium,Computer_Science,Operating Systems
What is the purpose of a 'daemon' process in Operating Systems?,To perform a specific task and then terminate,To manage other processes,To provide a service to other processes,To handle interrupts,C,"Daemon processes run in the background, providing services to other processes, such as printing or network management.",LUMS_SAT,Conceptual,Medium,Computer_Science,Operating Systems
What is a 'critical section' in Operating Systems?,A section of code that is never executed,A section of code that is executed by multiple processes,A section of code that accesses shared resources,A section of code that handles interrupts,C,"A critical section is a code segment that accesses shared resources, requiring synchronization to prevent data inconsistency.",LUMS_SAT,Conceptual,Medium,Computer_Science,Operating Systems
What is the purpose of a 'mutex' in Operating Systems?,To synchronize access to shared resources,To allocate memory,To manage files,To handle interrupts,A,"A mutex (mutual exclusion) is used to synchronize access to shared resources, preventing simultaneous access by multiple processes.",LUMS_SAT,Conceptual,Medium,Computer_Science,Operating Systems
What is 'context switching' in Operating Systems?,Switching between different processes,Switching between different threads,Switching between different files,Switching between different directories,A,Context switching involves saving the state of the current process and restoring the state of the next process to be executed.,LUMS_SAT,Conceptual,Medium,Computer_Science,Operating Systems
What is a 'deadlock' in Operating Systems?,A situation where a process is waiting for a resource held by another process,A situation where a process is terminated,A situation where a process is created,A situation where a process is executing,A,"Deadlock occurs when two or more processes are blocked, each waiting for a resource held by the other.",LUMS_SAT,Conceptual,Medium,Computer_Science,Operating Systems
What is 'spooling' in Operating Systems?,A technique for managing print jobs,A technique for managing memory,A technique for managing files,A technique for managing processes,A,"Spooling is a technique used to manage print jobs, allowing multiple print requests to be queued and processed sequentially.",LUMS_SAT,Conceptual,Medium,Computer_Science,Operating Systems
What is the main function of a device driver?,To manage memory allocation,To handle interrupts,To interact with hardware devices,To schedule processes,C,"Device drivers act as intermediaries between the operating system and hardware devices, facilitating communication.",NET,Conceptual,Medium,Computer_Science,Operating Systems
What is the primary benefit of using a Real-Time Operating System (RTOS)?,Improved security,Enhanced multitasking,Predictable and timely responses,Increased memory capacity,C,"RTOS provides predictable responses, crucial for applications requiring strict timing constraints.",NET,Conceptual,Medium,Computer_Science,Operating Systems
Which of the following is a characteristic of a monolithic kernel?,Modular design,Layered architecture,"Single, self-contained kernel",Microkernel-based,C,"Monolithic kernels are single, self-contained units, incorporating all kernel functionality.",NET,Conceptual,Medium,Computer_Science,Operating Systems
Which operating system is known for its open-source nature?,Windows,macOS,Linux,Unix,C,"Linux is an open-source operating system, allowing users to modify and distribute its source code.",NET,Conceptual,Medium,Computer_Science,Operating Systems
What is the primary purpose of a loader?,To compile source code,To link object files,To load programs into memory,To manage memory allocation,C,"Loaders load programs into memory, preparing them for execution by the CPU.",NET,Conceptual,Medium,Computer_Science,Operating Systems
Which of the following is a type of operating system structure?,Monolithic,Layered,Microkernel,All of the above,D,"All three options are types of operating system structures, each with its own design philosophy.",NET,Conceptual,Medium,Computer_Science,Operating Systems
