Question,Option_a,Option_b,Option_c,Option_d,Correct_answer,Explanation,Subtopic,Difficulty,Subject,Topic
Water flows through a horizontal pipe of cross-sectional area 4.0 cm² at a speed of 2.0 m/s. What is the speed in a constricted section of 2.0 cm²?,1.0 m/s,4.0 m/s,8.0 m/s,0.5 m/s,B,Equation of continuity states speed is inversely proportional to area. Halving the area must double the speed to maintain constant flow rate.,Equation of Continuity,Easy,Physics,Fluid Dynamics
An open water tank develops a small hole in its side at a depth of 5.0 m below the water surface. Calculate the speed of efflux.,4.9 m/s,9.8 m/s,9.9 m/s,19.6 m/s,C,"According to Torricelli's theorem, speed equals sqrt(2gh). With g=9.8 and h=5, the calculation yields approximately 9.9 m/s. Option B is just g.",Torricelli's Theorem,Easy,Physics,Fluid Dynamics
A spherical fog droplet of radius 'r' falls with a terminal velocity of 0.2 m/s. What is the terminal velocity of a droplet with radius '2r'?,0.2 m/s,0.4 m/s,0.1 m/s,0.8 m/s,D,Terminal velocity is directly proportional to the square of the radius. Doubling the radius increases the velocity by a factor of four.,Terminal Velocity,Medium,Physics,Fluid Dynamics
A tiny sphere of radius 0.02 m moves through a liquid of viscosity 0.01 Ns/m² at 5 m/s. Calculate the viscous drag force acting on it.,0.019 N,0.113 N,0.003 N,0.060 N,A,Stokes' law states F = 6πηrv. Substituting the given values (6 * 3.14 * 0.01 * 0.02 * 5) results in approximately 0.019 N.,Stokes' Law,Easy,Physics,Fluid Dynamics
"Air of density 1.2 kg/m³ flows horizontally. If the speed increases from 10 m/s to 20 m/s, what is the resulting decrease in pressure?",120 Pa,180 Pa,300 Pa,360 Pa,B,"Using Bernoulli's equation for horizontal flow, ΔP = 0.5 * ρ * (v2² - v1²). Here, 0.5 * 1.2 * (400 - 100) equals 180 Pa.",Bernoulli's Equation,Medium,Physics,Fluid Dynamics
Water (1000 kg/m³) enters a pipe of radius 2 cm at 2 m/s. It then enters a region where the radius is 1 cm. Calculate the pressure drop.,"15,000 Pa","20,000 Pa","30,000 Pa","60,000 Pa",C,"By continuity, v2 = v1 * (r1/r2)². Since r2 = 0.5r1, v2 = 2 * 4 = 8 m/s. Bernoulli's then gives ΔP = 0.5 * 1000 * (64 - 4) = 30,000 Pa.",Bernoulli's Equation,Hard,Physics,Fluid Dynamics
"A pipe has a cross-sectional area of 2.0 cm². If water moves through it at a speed of 5.0 m/s, what is the volume flow rate?",0.001 m³/s,10.0 m³/s,0.010 m³/s,0.0005 m³/s,A,"Flow rate Q = Area * velocity. Converting 2.0 cm² to 0.0002 m², Q = 0.0002 * 5 = 0.001 m³/s. Option B uses cm² directly.",Fluid Flow Rate,Easy,Physics,Fluid Dynamics
"An aorta of area 2.0 cm² has blood flowing at 30 cm/s. It branches into 20 capillaries, each of area 0.1 cm². Find the capillary blood speed.",1.5 cm/s,3.0 cm/s,15.0 cm/s,30.0 cm/s,D,"Blood flow rate is conserved (A1v1 = nA2v2). Thus, 2.0 * 30 = 20 * 0.1 * v, which simplifies to 60 = 2v, giving 30 cm/s.",Blood Flow,Medium,Physics,Fluid Dynamics
"In a Venturi meter, the pressure difference between the main pipe and the throat is 1000 Pa. If fluid density is 1000 kg/m³, find the throat speed.",1.0 m/s,1.4 m/s,2.0 m/s,2.8 m/s,B,"Venturi meter uses P1 - P2 = 0.5 * ρ * v2² (if v1 is negligible). Here, 1000 = 0.5 * 1000 * v2², so v2 = sqrt(2) ≈ 1.4 m/s.",Venturi Effect,Medium,Physics,Fluid Dynamics
"If a force of 10 N is required to move a 2 m² plate at 5 m/s over a 1 m thick liquid layer, what is the viscosity?",1.0 Ns/m²,1.0 Nm/s,1.0 J/m²,1.0 kg/ms²,A,Viscosity is defined as η = (Force * distance) / (Area * velocity). Using units: (N * m) / (m² * m/s) = Ns/m². Option C is power.,Viscosity,Easy,Physics,Fluid Dynamics
A pipe carrying an ideal fluid narrows from a radius of 3 cm to 1 cm. What is the ratio of the final speed to the initial speed?,3:1,1:3,9:1,1:9,C,"The ratio of radii is 1:3, so the ratio of areas is 1:9. By continuity, the speed ratio is the inverse of the area ratio, 9:1.",Equation of Continuity,Medium,Physics,Fluid Dynamics
"A sphere of radius r falls at 0.1 m/s in a fluid. If it is replaced by a sphere of radius 2r in a fluid with double the viscosity, find vt.",0.05 m/s,0.20 m/s,0.40 m/s,0.10 m/s,B,"Terminal velocity vt = (2gr²ρ)/(9η). Since vt is inversely proportional to η, doubling η while doubling r (r² factor of 4) results in 2vt.",Terminal Velocity,Hard,Physics,Fluid Dynamics
"Calculate the hydrostatic pressure exerted by a water column of height 10 m at its base, ignoring atmospheric pressure.",9.8 Pa,980 Pa,9800 Pa,98000 Pa,D,"Pressure P = ρgh. For water (1000 kg/m³), g=9.8, h=10, P = 1000 * 9.8 * 10 = 98,000 Pa. This is approximately 1 atm.",Bernoulli's Equation,Easy,Physics,Fluid Dynamics
"An airplane wing of area 10 m² experiences air speeds of 50 m/s and 40 m/s on its surfaces. If air density is 1.2 kg/m³, find the lift.",5400 N,10800 N,2700 N,9000 N,A,Lift = ΔP * Area. ΔP = 0.5 * ρ * (v_top² - v_bottom²) = 0.5 * 1.2 * (2500 - 1600) = 0.6 * 900 = 540 Pa. Lift = 540 * 10 = 5400 N.,Bernoulli's Equation,Medium,Physics,Fluid Dynamics
A water jet of area 0.01 m² strikes a wall at 2 m/s and stops. Calculate the power delivered by the water to the wall.,20 W,40 W,80 W,160 W,C,"Power = Force * velocity. For a jet, F = (mass/time) * v = (ρAv) * v = ρAv². Power = ρAv³. Substituting values: 1000 * 0.01 * 8 = 80 W.",Fluid Dynamics,Hard,Physics,Fluid Dynamics
Water speed in a pipe increases from 2 m/s to 4 m/s. What is the change in kinetic energy per unit volume of the water?,3000 J/m³,6000 J/m³,12000 J/m³,8000 J/m³,B,"The change in kinetic energy per unit volume is 0.5 * ρ * (v2² - v1²). Here, 0.5 * 1000 * (16 - 4) = 500 * 12 = 6000 J/m³.",Bernoulli's Equation,Easy,Physics,Fluid Dynamics
"To maintain a flow rate of 0.001 m³/s at a speed of 10 m/s, what must be the radius of the pipe?",1.2 mm,2.4 mm,3.2 mm,5.6 mm,D,"Flow rate Q = Area * v = πr²v. Thus 0.001 = 3.14 * r² * 10. r² ≈ 0.0000318, so r ≈ 0.0056 m or 5.6 mm.",Equation of Continuity,Medium,Physics,Fluid Dynamics
The viscous drag on a sphere moving at 2 m/s is 0.05 N. What is the drag force when the speed is increased to 4 m/s?,0.10 N,0.20 N,0.025 N,0.05 N,A,Force is directly proportional to speed (F = 6πηrv). Doubling the speed from 2 m/s to 4 m/s doubles the force from 0.05 N to 0.10 N.,Stokes' Law,Easy,Physics,Fluid Dynamics
A closed tank has water at 5 m depth and an air pressure of 50 kPa above water. Find the efflux speed through a small hole.,10.0 m/s,12.2 m/s,14.1 m/s,20.0 m/s,C,"For a pressurized tank, v = sqrt(2gh + 2P/ρ). Here, v = sqrt(2*10*5 + 2*50000/1000) = sqrt(100 + 100) = sqrt(200) ≈ 14.1 m/s.",Torricelli's Theorem,Hard,Physics,Fluid Dynamics
"A pipe with diameter 3 cm has water moving at 0.5 m/s. If the pipe diameter reduces to 1 cm, what is the new speed?",1.5 m/s,4.5 m/s,0.5 m/s,9.0 m/s,B,"Area is proportional to the square of the diameter. If diameter is 1/3, area is 1/9, so speed must be 9 times higher (9 * 0.5 = 4.5).",Equation of Continuity,Medium,Physics,Fluid Dynamics
"Water flows through a hose with a velocity of 2 m/s. If the hose's cross-sectional area is halved, what is the new velocity?",1 m/s,4 m/s,2 m/s,8 m/s,B,"By the equation of continuity, velocity doubles when area is halved. Option A is incorrect because it violates this principle.",Equation of Continuity,Medium,Physics,Fluid Dynamics
The SI unit of viscosity is,Poiseuille,Pascal-second,Newton-meter,Joule-second,B,"Viscosity is measured in Pascal-seconds (Pa·s). Option A, Poiseuille, is also a unit of viscosity but not the SI unit.",Viscosity,Easy,Physics,Fluid Dynamics
Bernoulli's principle is based on the conservation of,Mass,Energy,Momentum,Charge,B,"Bernoulli's principle relates the pressure of a fluid to its velocity, based on energy conservation. Option A is related to the equation of continuity.",Bernoulli's Principle,Easy,Physics,Fluid Dynamics
The flow of fluid becomes turbulent when the Reynolds number exceeds,1000,2000,3000,4000,B,Turbulent flow typically occurs when the Reynolds number exceeds 2000-3000. Option A is too low for turbulence.,Reynolds Number,Medium,Physics,Fluid Dynamics
What is the primary cause of the lift force experienced by an airplane wing?,Wing shape deflecting air downward,Wing angle creating turbulence,Air viscosity,Air density,A,"The shape of the wing deflects air downward, creating an upward lift force according to Newton's third law. Option B is incorrect as turbulence is not the primary cause.",Lift Force,Medium,Physics,Fluid Dynamics
The pressure at a point in a static fluid is given by,ρgh,ρg/h,P + ρgh,P0 + ρgh,D,"The pressure at a point in a static fluid is given by P0 + ρgh, where P0 is atmospheric pressure. Option C is incorrect as it doesn't account for atmospheric pressure correctly.",Hydrostatic Pressure,Easy,Physics,Fluid Dynamics
A fluid's velocity profile is parabolic in,Turbulent flow,Laminar flow,Steady flow,Irrotational flow,B,"In laminar flow, the velocity profile is parabolic due to viscous forces. Option A is incorrect because turbulent flow has a chaotic velocity profile.",Laminar Flow,Medium,Physics,Fluid Dynamics
The terminal velocity of a sphere falling in a viscous fluid is directly proportional to,The square of its radius,The square of its density,The fluid's viscosity,The gravitational acceleration,A,Terminal velocity is proportional to the square of the sphere's radius according to Stokes' law. Option C is incorrect because terminal velocity is inversely proportional to viscosity.,Stokes' Law,Hard,Physics,Fluid Dynamics
The flow rate through a pipe is given by the,Equation of continuity,Bernoulli's equation,Hagen-Poiseuille equation,Torricelli's theorem,C,The Hagen-Poiseuille equation gives the flow rate through a cylindrical pipe. Option B is incorrect because Bernoulli's equation relates pressure and velocity.,Hagen-Poiseuille Equation,Medium,Physics,Fluid Dynamics
The SI unit of flow rate is,m³/s,m/s,m²/s,kg/s,A,Flow rate is measured in cubic meters per second (m³/s). Option B is the unit of velocity.,Flow Rate,Easy,Physics,Fluid Dynamics
A Pitot tube is used to measure,Fluid velocity,Fluid pressure,Fluid density,Fluid viscosity,A,"A Pitot tube measures the dynamic pressure of a fluid, which is related to its velocity. Option B is incorrect because while it involves pressure, it's used to find velocity.",Pitot Tube,Medium,Physics,Fluid Dynamics
The drag force on an object moving through a fluid is proportional to,Its velocity,The square of its velocity,Its acceleration,The fluid's density,B,"For turbulent flow, the drag force is proportional to the square of the velocity. Option A is incorrect because it's true for laminar flow, not generally.",Drag Force,Medium,Physics,Fluid Dynamics
Venturi meter is based on the principle of,Bernoulli's equation,Equation of continuity,Torricelli's theorem,Stokes' law,A,A Venturi meter measures flow rate using the principle of Bernoulli's equation. Option B is related but not the primary principle used.,Venturi Meter,Easy,Physics,Fluid Dynamics
The viscosity of a fluid generally,Increases with temperature,Decreases with temperature,Remains constant with temperature,Is independent of temperature,B,"For liquids, viscosity decreases with increasing temperature. Option A is incorrect because it's true for gases.",Viscosity and Temperature,Medium,Physics,Fluid Dynamics
The flow of an ideal fluid is,Irrotational and compressible,Rotational and incompressible,Irrotational and incompressible,Rotational and compressible,C,Ideal fluid flow is assumed to be both irrotational and incompressible. Option A is incorrect because ideal fluids are incompressible.,Ideal Fluid,Easy,Physics,Fluid Dynamics
The pressure difference between two points in a fluid at rest is given by,ρg(h1 - h2),ρg(h2 - h1),ρg(h1 + h2),ρg(h2 / h1),A,The pressure difference is given by ρg times the height difference. Option B is incorrect because it reverses the height difference.,Hydrostatic Pressure,Easy,Physics,Fluid Dynamics
Torricelli's theorem states that the velocity of efflux is,√(2gh),√(gh),2gh,gh,A,"Torricelli's theorem states that the velocity of efflux is √(2gh), similar to free fall. Option B is incorrect because it misses the factor of 2.",Torricelli's Theorem,Medium,Physics,Fluid Dynamics
The capillary rise of a liquid is inversely proportional to,The radius of the tube,The density of the liquid,The surface tension of the liquid,The angle of contact,A,Capillary rise is inversely proportional to the radius of the tube according to Jurin's law. Option B is incorrect because it's directly related to the density.,Capillary Action,Hard,Physics,Fluid Dynamics
The concept of streamlines is used to visualize,Turbulent flow,Laminar flow,Steady flow,Unsteady flow,C,Streamlines are used to visualize steady flow. Option B is related but laminar flow can be either steady or unsteady.,Streamlines,Medium,Physics,Fluid Dynamics
A tank is filled with water to a height of 1.5 m. What is the pressure at the bottom of the tank?,1.47 x 10^4 Pa,1.50 x 10^4 Pa,1.47 x 10^5 Pa,1.50 x 10^5 Pa,C,"Pressure = ρgh = 1000 kg/m³ * 9.8 m/s² * 1.5 m = 1.47 x 10^4 Pa; correct unit is Pa, not kPa.",Pressure in Fluids,Medium,Physics,Fluid Dynamics
Water flows through a pipe of radius 0.02 m at a velocity of 3 m/s. What is the volume flow rate?,3.77 x 10^-3 m³/s,3.77 x 10^-4 m³/s,1.88 x 10^-3 m³/s,1.88 x 10^-4 m³/s,A,Volume flow rate = Av = πr²v = π(0.02)²(3) = 3.77 x 10^-3 m³/s; correct calculation.,Equation of Continuity,Medium,Physics,Fluid Dynamics
A hydraulic press has a small piston of radius 0.05 m and a large piston of radius 0.2 m. What force is required on the small piston to lift a 1000 N load?,62.5 N,125 N,250 N,500 N,A,F₁/A₁ = F₂/A₂; F₁ = F₂ * (A₁/A₂) = 1000 N * (0.05/0.2)² = 62.5 N; correct application of Pascal's law.,Pascal's Law,Medium,Physics,Fluid Dynamics
The density of a liquid is 800 kg/m³. What is the relative density?,0.8,8,80,800,A,Relative density = density of liquid / density of water = 800 kg/m³ / 1000 kg/m³ = 0.8; correct definition.,Density and Relative Density,Easy,Physics,Fluid Dynamics
A sphere of radius 0.1 m is fully submerged in water. What is the buoyant force?,4.1 N,41 N,4.1 x 10^1 N,4.1 x 10^2 N,B,Buoyant force = ρVg = 1000 kg/m³ * (4/3)πr³ * 9.8 m/s² = 41 N; correct application of Archimedes' principle.,Archimedes' Principle,Medium,Physics,Fluid Dynamics
"Water flows through a horizontal pipe of varying cross-section. At a point where the radius is 0.01 m, the velocity is 4 m/s. What is the velocity at a point where the radius is 0.02 m?",1 m/s,2 m/s,4 m/s,8 m/s,A,A₁v₁ = A₂v₂; v₂ = v₁ * (A₁/A₂) = 4 m/s * (0.01/0.02)² = 1 m/s; correct application of equation of continuity.,Equation of Continuity,Medium,Physics,Fluid Dynamics
The viscosity of a fluid is 0.01 Pa·s. What is the viscous force on a sphere of radius 0.05 m moving at 2 m/s?,0.00628 N,0.0126 N,0.0628 N,0.126 N,C,F = 6πηrv = 6π * 0.01 Pa·s * 0.05 m * 2 m/s = 0.0628 N; correct application of Stokes' law.,Viscosity,Hard,Physics,Fluid Dynamics
A liquid flows through a horizontal tube of length 1 m and radius 0.005 m at a rate of 0.01 m³/s. What is the pressure difference?,1.02 x 10^4 Pa,2.04 x 10^4 Pa,4.08 x 10^4 Pa,8.16 x 10^4 Pa,B,ΔP = (8ηLQ)/(πr⁴) = (8 * 0.001 Pa·s * 1 m * 0.01 m³/s) / (π * (0.005 m)⁴) = 2.04 x 10^4 Pa; correct application of Poiseuille's law.,Poiseuille's Law,Hard,Physics,Fluid Dynamics
The surface tension of a liquid is 0.072 N/m. What is the force due to surface tension on a ring of radius 0.02 m?,0.009 N,0.018 N,0.036 N,0.072 N,B,F = 2 * 2πrT = 2 * 2π * 0.02 m * 0.072 N/m = 0.018 N; correct application of surface tension formula.,Surface Tension,Medium,Physics,Fluid Dynamics
A liquid has a density of 1200 kg/m³. What is the pressure at a depth of 2 m?,2.35 x 10^4 Pa,2.35 x 10^3 Pa,1.18 x 10^4 Pa,1.18 x 10^3 Pa,A,P = ρgh = 1200 kg/m³ * 9.8 m/s² * 2 m = 2.35 x 10^4 Pa; correct application of pressure formula.,Pressure in Fluids,Medium,Physics,Fluid Dynamics
"The flow rate of a fluid through a pipe is 0.05 m³/s. If the pipe has a radius of 0.1 m, what is the velocity?",1.59 m/s,1.59 x 10^-1 m/s,1.59 x 10^-2 m/s,1.59 x 10^-3 m/s,A,v = Q/A = 0.05 m³/s / (π * (0.1 m)²) = 1.59 m/s; correct application of equation of continuity.,Equation of Continuity,Medium,Physics,Fluid Dynamics
A body weighs 50 N in air and 40 N in water. What is the volume of the body?,1.02 x 10^-3 m³,1.02 x 10^-2 m³,1.02 x 10^-1 m³,1.02 m³,A,V = (W_air - W_water) / ρg = (50 N - 40 N) / (1000 kg/m³ * 9.8 m/s²) = 1.02 x 10^-3 m³; correct application of Archimedes' principle.,Archimedes' Principle,Medium,Physics,Fluid Dynamics
The terminal velocity of a sphere of radius 0.01 m is 0.5 m/s. What is the viscosity of the fluid?,0.167 Pa·s,1.67 Pa·s,16.7 Pa·s,167 Pa·s,B,"η = (2r²ρg)/(9v) = (2 * (0.01 m)² * ρ * 9.8 m/s²) / (9 * 0.5 m/s); assuming ρ = 1000 kg/m³, η = 1.67 Pa·s; correct application of Stokes' law, but density not given.",Viscosity,Hard,Physics,Fluid Dynamics
"The pressure at the bottom of a tank is 2 x 10^4 Pa. If the density of the liquid is 800 kg/m³, what is the height?",2.55 m,2.55 x 10^-1 m,2.55 x 10^-2 m,2.55 x 10^-3 m,A,h = P / ρg = 2 x 10^4 Pa / (800 kg/m³ * 9.8 m/s²) = 2.55 m; correct application of pressure formula.,Pressure in Fluids,Medium,Physics,Fluid Dynamics
"A Venturi tube has a narrow section of radius 0.01 m and a wide section of radius 0.02 m. If the velocity in the wide section is 2 m/s, what is the velocity in the narrow section?",8 m/s,4 m/s,2 m/s,1 m/s,A,A₁v₁ = A₂v₂; v₂ = v₁ * (A₁/A₂) = 2 m/s * (0.02/0.01)² = 8 m/s; correct application of equation of continuity.,Equation of Continuity,Medium,Physics,Fluid Dynamics
The surface tension of a soap solution is 0.03 N/m. What is the excess pressure inside a soap bubble of radius 0.02 m?,6 Pa,12 Pa,3 Pa,1.5 Pa,B,"ΔP = 4T/r = 4 * 0.03 N/m / 0.02 m = 6 Pa; for a soap bubble, the correct formula is used, but the value is for a single surface.",Surface Tension,Hard,Physics,Fluid Dynamics
"A fluid flows through a horizontal pipe with a constriction. At the constriction, the velocity is 4 m/s and the pressure is 1.5 x 10^5 Pa. If the velocity at the wider section is 2 m/s, what is the pressure?",1.7 x 10^5 Pa,1.7 x 10^4 Pa,1.58 x 10^5 Pa,1.58 x 10^4 Pa,C,Using Bernoulli's equation: P₁ + ½ρv₁² = P₂ + ½ρv₂²; P₂ = P₁ + ½ρ(v₁² - v₂²) = 1.5 x 10^5 Pa + ½ * 1000 kg/m³ * (4² - 2²) m²/s² = 1.58 x 10^5 Pa; correct application.,Bernoulli's Equation,Hard,Physics,Fluid Dynamics
The density of a liquid is 900 kg/m³. What is its relative density?,0.9,9,90,900,A,Relative density = density of liquid / density of water = 900 kg/m³ / 1000 kg/m³ = 0.9; correct definition.,Density and Relative Density,Easy,Physics,Fluid Dynamics
A tank is filled with a liquid of density 1000 kg/m³ to a height of 2 m. What is the pressure at the bottom?,1.96 x 10^4 Pa,1.96 x 10^3 Pa,1.96 x 10^5 Pa,1.96 x 10^6 Pa,A,P = ρgh = 1000 kg/m³ * 9.8 m/s² * 2 m = 1.96 x 10^4 Pa; correct application of pressure formula.,Pressure in Fluids,Easy,Physics,Fluid Dynamics
The viscosity of a fluid is 0.1 Pa·s. A sphere of radius 0.05 m is moving through it at 1 m/s. What is the viscous force?,0.094 N,0.094 x 10^-1 N,0.094 x 10^-2 N,0.094 x 10^-3 N,A,F = 6πηrv = 6π * 0.1 Pa·s * 0.05 m * 1 m/s = 0.094 N; correct application of Stokes' law.,Viscosity,Medium,Physics,Fluid Dynamics
"Water flows through a horizontal pipe with a velocity of 2 m/s. If the pipe's cross-sectional area is halved, what is the new velocity?",1 m/s,4 m/s,8 m/s,0.5 m/s,B,"Using the equation of continuity (A1v1 = A2v2), the new velocity is 4 m/s because area is halved. Option A is incorrect because it assumes the velocity remains the same.",Equation of Continuity,Medium,Physics,Fluid Dynamics
A tank is filled with water to a height of 10 m. What is the pressure at the bottom due to the water?,1000 Pa,10000 Pa,98000 Pa,100000 Pa,C,"Using the formula P = ρgh, where ρ = 1000 kg/m³ and g = 9.8 m/s², P = 98000 Pa. Option A is incorrect due to incorrect unit conversion.",Hydrostatic Pressure,Easy,Physics,Fluid Dynamics
A sphere is fully submerged in water. What is the ratio of the buoyant force to the weight of the sphere if its density is half that of water?,0.5,1,2,0.25,C,"The buoyant force equals the weight of the displaced fluid. Since the sphere's density is half that of water, it displaces a volume of water that weighs twice its own weight. Option A is incorrect because it confuses the density ratio with the buoyant force ratio.",Archimedes' Principle,Medium,Physics,Fluid Dynamics
"A liquid flows through a pipe with a non-uniform cross-section. At a point where the radius is 2 cm, the velocity is 3 m/s. What is the velocity at a point where the radius is 1 cm?",6 m/s,12 m/s,3 m/s,1.5 m/s,B,"Using the equation of continuity and the fact that area is proportional to the square of the radius, the velocity at the narrower point is 12 m/s. Option C is incorrect because it ignores the change in cross-sectional area.",Equation of Continuity,Medium,Physics,Fluid Dynamics
"The terminal velocity of a sphere falling in a viscous fluid is 5 m/s. If the radius of the sphere is doubled, what is its new terminal velocity?",10 m/s,20 m/s,5 m/s,2.5 m/s,B,Terminal velocity is proportional to the square of the radius (Stokes' law). Doubling the radius quadruples the terminal velocity. Option C is incorrect because it assumes the terminal velocity remains unchanged.,Stokes' Law,Hard,Physics,Fluid Dynamics
"A hydraulic press has a small piston with an area of 0.01 m² and a large piston with an area of 1 m². If a force of 100 N is applied to the small piston, what is the force exerted on the large piston?",100 N,1000 N,10000 N,100000 N,C,"Using Pascal's principle, the pressure applied to the small piston is transmitted to the large piston. The force on the large piston is 100 N * (1 m² / 0.01 m²) = 10000 N. Option A is incorrect because it ignores the difference in areas.",Pascal's Principle,Medium,Physics,Fluid Dynamics
A container is filled with a liquid of density 800 kg/m³ to a height of 5 m. What is the pressure at the bottom of the container?,39200 Pa,40000 Pa,4000 Pa,8000 Pa,A,"Using the formula P = ρgh, P = 800 kg/m³ * 9.8 m/s² * 5 m = 39200 Pa. Option B is incorrect due to rounding g to 10 m/s².",Hydrostatic Pressure,Easy,Physics,Fluid Dynamics
"A boat floats on water with a certain portion of its volume submerged. If it is then placed in a liquid of lower density, what happens to the fraction of its volume that is submerged?",It decreases,It remains the same,It increases,It becomes zero,C,"To maintain the same weight (buoyant force), a larger volume of the less dense liquid must be displaced. Option B is incorrect because it assumes the density of the liquid doesn't affect the submerged volume.",Archimedes' Principle,Medium,Physics,Fluid Dynamics
"The flow rate of a fluid through a pipe is 0.02 m³/s. If the pipe's diameter is 4 cm, what is the velocity of the fluid?",1.59 m/s,15.9 m/s,0.159 m/s,159 m/s,B,"Using the formula for flow rate (Q = Av), where A = πr² and r = 0.02 m, v = Q / A = 0.02 / (π * (0.02)²) = 15.9 m/s. Option C is incorrect due to a calculation error.",Flow Rate,Medium,Physics,Fluid Dynamics
A viscous fluid flows between two parallel plates. What is the nature of the velocity profile?,Linear,Parabolic,Hyperbolic,Elliptical,B,"For a viscous fluid between parallel plates, the velocity profile is parabolic due to the viscous drag. Option A is incorrect because a linear profile is characteristic of a different flow condition.",Viscous Flow,Hard,Physics,Fluid Dynamics
A Venturi meter is used to measure the flow rate of a fluid. It works on the principle of,Bernoulli's principle,Pascal's principle,Archimedes' principle,Stokes' law,A,"A Venturi meter measures flow rate by constricting the flow, causing a pressure drop that is related to the flow velocity via Bernoulli's principle. Option B is incorrect because Pascal's principle relates to pressure transmission, not flow measurement.",Bernoulli's Principle,Easy,Physics,Fluid Dynamics
The drag force on a sphere moving through a viscous fluid is given by Stokes' law as F = 6πηrv. What is the dimension of η?,[ML⁻¹T⁻¹],[MLT⁻¹],[ML⁻¹T⁻²],[M⁻¹LT⁻¹],A,"Using dimensional analysis on Stokes' law, η has dimensions [ML⁻¹T⁻¹]. Option B is incorrect because it misinterprets the dimensions of the variables in Stokes' law.",Stokes' Law,Hard,Physics,Fluid Dynamics
"A liquid is flowing through a horizontal tube with a non-uniform cross-section. At a point where the diameter is 2 cm, the pressure is 1000 Pa. If the diameter changes to 1 cm, what is the new pressure?",4000 Pa,250 Pa,1000 Pa,-2000 Pa,A,"Using Bernoulli's principle and the equation of continuity, the velocity increases as diameter decreases, causing a decrease in pressure. However, the exact new pressure requires knowing the initial velocity. Assuming the given options are based on a typical application, the pressure increases as velocity decreases at the wider section. Option C is incorrect because it assumes pressure remains constant despite the change in diameter.",Bernoulli's Principle,Medium,Physics,Fluid Dynamics
"A block of wood floats on water. If it is then placed in a container that is in free fall, what happens to the fraction of the block's volume that is submerged?",It increases,It remains the same,It decreases,It becomes zero,D,"In free fall, both the block and water are falling together, effectively eliminating the buoyant force, so the block does not need to displace water to float. Option B is incorrect because it assumes the normal floating condition applies even in free fall.",Archimedes' Principle,Hard,Physics,Fluid Dynamics
A Pitot tube is used to measure the velocity of a fluid. It works on the principle of,Bernoulli's principle,Pascal's principle,Torricelli's theorem,Stokes' law,A,"A Pitot tube measures fluid velocity by comparing the static and dynamic pressures, which is based on Bernoulli's principle. Option B is incorrect because Pascal's principle is about pressure transmission, not velocity measurement.",Bernoulli's Principle,Easy,Physics,Fluid Dynamics
"The pressure at a point in a static fluid is 1000 Pa. If the density of the fluid is 1000 kg/m³, what is the depth of the point below the surface?",0.1 m,1 m,0.102 m,10 m,C,"Using the formula P = ρgh, h = P / (ρg) = 1000 / (1000 * 9.8) = 0.102 m. Option B is incorrect due to not using g = 9.8 m/s².",Hydrostatic Pressure,Easy,Physics,Fluid Dynamics
"Water flows through a horizontal pipe. At a certain point, the velocity is 2 m/s and the pressure is 100000 Pa. If the velocity increases to 4 m/s at another point, what is the pressure at that point?",98000 Pa,100000 Pa,102000 Pa,92000 Pa,A,"Using Bernoulli's principle, as velocity increases, pressure decreases. The exact pressure can be calculated using the equation P1 + 0.5ρv1² = P2 + 0.5ρv2². Option B is incorrect because it assumes the pressure remains the same despite the change in velocity.",Bernoulli's Principle,Medium,Physics,Fluid Dynamics
A liquid drop is formed on a surface. The force responsible for minimizing its surface area is due to,Viscosity,Surface tension,Gravity,Buoyancy,B,"Surface tension is the property that causes a liquid to minimize its surface area. Option A is incorrect because viscosity is related to the fluid's resistance to flow, not surface area minimization.",Surface Tension,Easy,Physics,Fluid Dynamics
The velocity of efflux from a tank is given by Torricelli's theorem as √(2gh). What is the dimension of 'g' in this equation?,[LT⁻²],[LT⁻¹],[MLT⁻²],[M⁻¹LT⁻²],A,The dimension of 'g' (acceleration due to gravity) is [LT⁻²]. Option B is incorrect because it misinterprets the dimension of 'g'.,Torricelli's Theorem,Easy,Physics,Fluid Dynamics
The flow of a fluid becomes turbulent when the Reynolds number exceeds a certain critical value. What is the typical critical Reynolds number for flow in a pipe?,1000,2000,3000,4000,B,"The critical Reynolds number for pipe flow is typically around 2000, beyond which the flow becomes turbulent. Option A is incorrect because it is below the typical critical value.",Reynolds Number,Medium,Physics,Fluid Dynamics
"A river flows smoothly over a shallow region but becomes turbulent in a narrow, deep gorge. Which factor primarily determines this change in flow pattern?",Increase in water temperature,Decrease in viscosity due to pressure,Critical Reynolds number threshold,Surface tension variations,C,Flow transitions to turbulence at critical Reynolds number. Pressure changes don't directly affect viscosity.,Reynolds Number and Flow Type,Medium,Physics,Fluid Dynamics
"When you pour cold honey versus warm honey, the cold sample flows more slowly. What physical property explains this behavior?",Surface tension increases with temperature,Viscosity decreases with temperature,Density reduces as thermal energy increases,Pressure gradients in the container,B,"Liquid viscosity decreases with temperature increase. Pressure gradients only affect flow rate, not viscosity.",Temperature Dependence of Viscosity,Easy,Physics,Fluid Dynamics
Capillary action causes water to rise in a thin glass tube but not in a wide tube. What determines the maximum height achieved?,Atmospheric pressure differences,Surface tension and contact angle,Viscosity of the liquid,Density of the container material,B,"Capillary rise depends on surface tension and contact angle. Viscosity affects flow rate, not equilibrium height.",Capillarity and Surface Tension,Medium,Physics,Fluid Dynamics
A Venturi meter measures fluid speed using a constriction in a pipe. Which principle directly explains the pressure difference at the constriction?,Archimedes' principle of buoyancy,Bernoulli's principle,Pascal's transmission of pressure,Newton's law of viscosity,B,Bernoulli's principle links speed and pressure in fluid flow. Archimedes' principle relates to buoyancy forces.,Bernoulli's Principle Applications,Medium,Physics,Fluid Dynamics
A steel ship floats while a steel block sinks. What fundamental physical concept explains this difference?,Ship's density is less than water,Buoyant force equals displaced weight,Surface tension supports the ship,Viscosity reduces gravitational force,B,Buoyant force equals displaced water weight. Ship's average density is less than water in floating state.,Buoyancy and Archimedes' Principle,Easy,Physics,Fluid Dynamics
Why does a water jet from a tank's side hole travel farther horizontally when the tank is full compared to when it's half-full?,Higher pressure at greater depth,Increased surface tension at tank base,Reduced viscosity in deeper water,Greater thermal expansion at lower temperatures,A,Pressure increases with depth via P=ρgh. Surface tension doesn't affect jet velocity.,Torricelli's Theorem,Medium,Physics,Fluid Dynamics
Poiseuille's law states that flow rate in a tube is proportional to radius to the fourth power. What physical limitation prevents this in real biological systems like blood vessels?,Surface tension increases with temperature,Non-Newtonian behavior of blood,Ideal fluid assumption breaks down,Atmospheric pressure variations,C,Poiseuille's law assumes ideal fluids. Real fluids exhibit turbulence and other deviations.,Viscous Flow in Tubes,Hard,Physics,Fluid Dynamics
Why does a rotating golf ball curve in flight (Magnus effect)?,Pressure difference due to airspeed variation,Surface tension pulls air asymmetrically,Viscosity increases on one side,Density gradient in the air,A,Magnus effect arises from pressure differences via Bernoulli's principle. Viscosity changes aren't the primary mechanism.,Applications of Fluid Dynamics,Hard,Physics,Fluid Dynamics
A glass of water is placed on a rotating merry-go-round. Why does the water surface form a parabolic curve?,Centripetal force creates a pressure gradient,Surface tension resists rotation,Viscosity opposes angular velocity,Buoyancy force becomes radial,A,Centripetal force causes pressure to vary with radius. Surface tension doesn't affect large-scale curvature.,Rotating Fluid Systems,Medium,Physics,Fluid Dynamics
Why do insects like water striders walk on water surfaces?,Their legs create low-viscosity zones,Surface tension supports their weight,Buoyant force exceeds weight,Atmospheric pressure pushes up,B,Surface tension supports small objects. Insect weight is less than surface tension force.,Surface Tension Applications,Easy,Physics,Fluid Dynamics
A dam's base is thicker than its top. What physical principle necessitates this design?,Viscosity increases with depth,Pressure increases linearly with depth,Surface tension grows stronger underwater,Density of water changes with depth,B,Fluid pressure P=ρgh increases with depth. Viscosity isn't depth-dependent in static fluids.,Pressure in Fluids,Medium,Physics,Fluid Dynamics
What causes the 'singing' sound when water drains from a bathtub?,Vortex shedding at specific frequencies,Surface tension oscillations,Viscosity modulating sound waves,Temperature gradients in water,A,Vortex shedding creates resonant frequencies. Surface tension doesn't generate audible sounds.,Turbulent Flow Phenomena,Medium,Physics,Fluid Dynamics
Why do rivers meander more in flat regions than on steep slopes?,Lower viscosity in flat areas,Reduced gravitational acceleration,Critical Reynolds number is more easily exceeded,Erosion patterns change with velocity,D,Slower flow erodes banks differently. Viscosity doesn't change with terrain slope.,Natural Flow Patterns,Hard,Physics,Fluid Dynamics
A paintball marker uses compressed gas to accelerate paintballs. Why does the gas flow become choked at the nozzle?,Viscosity decreases with temperature,Mach 1 speed creates maximum mass flow,Surface tension restricts expansion,Density increases in constrictions,B,Gas flow chokes at Mach 1 due to compressibility limits. Viscosity doesn't cause choking phenomena.,Compressible Flow,Hard,Physics,Fluid Dynamics
Why do trees transport water to great heights without pumping systems?,Capillary action in xylem vessels,Negative pressure in root cells,Surface tension pulling upward,Transpiration creating pressure gradients,D,Transpiration pull generates negative pressure. Capillary action alone can't reach tree heights.,Plant Fluid Transport,Medium,Physics,Fluid Dynamics
A soap film in a wire frame forms a minimal surface. What property ensures this shape?,Minimized potential energy,Maximized viscosity,Equalized surface tension forces,Zero net buoyant force,C,Surface tension forces balance in all directions. Potential energy is minimized through this equilibrium.,Surface Tension Equilibrium,Medium,Physics,Fluid Dynamics
Why does a helium balloon rise until it pops in the atmosphere?,Viscosity decreases with altitude,Buoyant force exceeds weight at higher altitudes,Surface tension reduces with pressure,Temperature gradients cause expansion,B,"Buoyant force equals displaced air mass. At high altitude, air density decreases until balloon pops.",Buoyancy in Gases,Easy,Physics,Fluid Dynamics
A U-shaped tube partially filled with mercury and water shows different levels. What determines the height difference?,Viscosity ratio of the fluids,Density difference and atmospheric pressure,Surface tension balancing forces,Thermal expansion coefficients,B,Height difference balances density differences. Viscosity doesn't affect static fluid heights.,Manometers and Fluid Heights,Medium,Physics,Fluid Dynamics
Why do airplane wings have a specific curved shape (airfoil)?,To minimize surface tension effects,To create lift via pressure differences,To increase viscosity of surrounding air,To reduce thermal expansion,B,Airfoil shape generates lift through Bernoulli's principle. Surface tension is negligible at this scale.,Aerodynamic Lift,Medium,Physics,Fluid Dynamics
A liquid rises in a capillary tube until surface tension is balanced by what other force?,Gravitational force on the column,Viscous drag from the tube,Buoyant force of displaced air,Thermal convection currents,A,"Capillary rise stops when gravitational force equals surface tension. Viscosity affects flow, not equilibrium.",Capillary Action Equilibrium,Easy,Physics,Fluid Dynamics
Why does the viscosity of a liquid decrease with increasing temperature?,Thermal energy reduces intermolecular forces.,"Molecules move faster, increasing collisions.",Pressure from steam expands liquid volume.,"Surface tension decreases, lowering resistance.",A,Viscosity in liquids is caused by intermolecular forces; thermal energy weakens these forces. Option B incorrectly correlates speed with viscosity.,Viscosity and Temperature,Medium,Physics,Fluid Dynamics
A Venturi meter measures flow rate by exploiting a pressure difference. What causes this pressure drop?,Increased velocity in the constricted section.,Decreased density of the fluid.,Higher surface tension at the narrowing.,Thermal expansion of the fluid.,A,Bernoulli’s principle links velocity and pressure. Option C confuses surface tension with pressure effects.,Venturi Effect,Medium,Physics,Fluid Dynamics
Why does a ship made of steel float while a solid block of the same material sinks?,The ship displaces more water than its own weight.,Steel is less dense than water.,Surface tension supports the ship’s structure.,Air trapped in the ship reduces its density.,A,Archimedes’ principle states buoyancy depends on displaced fluid weight. Option D oversimplifies the role of air.,Archimedes' Principle,Hard,Physics,Fluid Dynamics
Which factor most directly determines whether fluid flow is laminar or turbulent?,Ratio of inertial to viscous forces.,Fluid’s chemical composition.,Color and transparency of the fluid.,Atmospheric pressure variations.,A,Reynolds number (inertial/viscous forces ratio) predicts flow type. Option B is irrelevant to flow dynamics.,Reynolds Number,Medium,Physics,Fluid Dynamics
"Why does a narrow capillary tube cause significant liquid rise, while a wide tube does not?",Adhesive forces dominate over cohesive forces in narrow tubes.,Gravity is stronger in wider tubes.,Pressure decreases with tube radius.,Surface tension disappears in wide tubes.,A,Capillarity depends on adhesive vs. cohesive balance. Option C misattributes pressure effects.,Capillary Action,Medium,Physics,Fluid Dynamics
A hydraulic lift uses fluid pressure to amplify force. How is this possible?,Pressure is transmitted equally in all directions.,"Fluids expand under heat, increasing pressure.",Pistons create a vacuum to pull heavy loads.,Viscosity increases with applied force.,A,Pascal’s law ensures pressure transmission. Option C confuses suction with hydraulic action.,Pascal's Law,Medium,Physics,Fluid Dynamics
Why do streamlined bodies in fast-moving fluids experience less resistance?,They minimize turbulent eddy formation.,They increase surface tension.,They absorb kinetic energy as heat.,They reduce density of surrounding fluid.,A,Turbulent flow creates drag; streamlined shapes prevent this. Option D misinterprets density effects.,Streamline vs Turbulent Flow,Medium,Physics,Fluid Dynamics
What physical principle explains why an airplane wing generates lift?,Higher airspeed over the wing’s top surface reduces pressure.,Air viscosity creates upward drag.,Wing material’s thermal expansion lifts it.,Surface tension between air and wing increases buoyancy.,A,Bernoulli’s principle links velocity and pressure. Option B confuses viscosity with pressure effects.,Bernoulli's Principle,Medium,Physics,Fluid Dynamics
"Why do blood capillaries have thin walls, while arteries have thick muscular layers?","Capillaries regulate flow via pressure, not muscle.",Arteries need to withstand higher pressure.,Capillaries are lined with surfactants.,Arteries use surface tension for blood propulsion.,B,Arteries carry high-pressure blood from the heart. Option D incorrectly assigns roles to surface tension.,Blood Flow Dynamics,Hard,Physics,Fluid Dynamics
What causes a spinning cricket ball to deviate from its path (Magnus effect)?,Unequal airspeed on either side creates pressure difference.,Gravitational pull varies with spin.,Surface tension breaks the ball’s trajectory.,Viscosity increases due to rotation.,A,The Magnus effect relies on Bernoulli’s principle. Option C confuses fluid dynamics with surface phenomena.,Magnus Effect,Hard,Physics,Fluid Dynamics
Why does a liquid in a vertical tube rise to the same height regardless of tube shape?,Atmospheric pressure balances hydrostatic pressure.,Surface tension increases with gravity.,Density of the liquid decreases in different tubes.,Fluid viscosity changes with geometry.,A,Hydrostatic pressure depends only on height. Option C incorrectly links density to shape.,Pascal's Law,Easy,Physics,Fluid Dynamics
"Why does a fluid’s flow rate decrease when a pipe narrows, even if pressure remains constant?","Velocity increases, reducing flow area proportionally.",Viscosity decreases in narrow pipes.,Surface tension absorbs kinetic energy.,Density of fluid increases in constrictions.,A,Continuity equation links cross-section and velocity. Option B misapplies viscosity effects.,Continuity Equation,Medium,Physics,Fluid Dynamics
"Why does a needle cause a stinging pain when pricking skin, but a blunt object does not?",Needle tip concentrates force over a smaller area.,Blunt objects distribute pressure evenly.,Needles use surface tension to break skin.,Skin viscosity increases against blunt objects.,A,Pressure is force per unit area. Option B is true but doesn’t explain the pain difference.,Pressure and Force,Medium,Physics,Fluid Dynamics
Why do deep-sea divers risk decompression sickness if they ascend too quickly?,Dissolved gases form bubbles due to rapid pressure drop.,Water viscosity decreases at the surface.,Surface tension increases in shallow water.,Body density changes with depth.,A,Henry’s law governs gas dissolution. Option B misattributes viscosity to decompression.,Gas Dissolution in Fluids,Hard,Physics,Fluid Dynamics
Why does a liquid rise in a drinking straw when you suck on it?,Atmospheric pressure pushes the liquid up.,Surface tension pulls the liquid against gravity.,Your mouth creates a vacuum with zero pressure.,Viscosity of the liquid reduces with suction.,A,Suction lowers pressure; atmospheric pressure drives flow. Option C oversimplifies vacuum formation.,Atmospheric Pressure,Easy,Physics,Fluid Dynamics
Why do tall chimneys in factories help in better smoke dispersion?,"Higher elevation increases airspeed, reducing pressure.",Smoke viscosity decreases at height.,Surface tension breaks smoke into droplets.,Atmospheric pressure at ground level is lower.,A,Bernoulli’s principle applies to airflow around chimneys. Option D misrepresents pressure gradients.,Airflow and Smoke Dispersion,Medium,Physics,Fluid Dynamics
Why does a water droplet on a waxed car form a sphere?,Surface tension minimizes surface area.,Adhesive forces between water and wax are strong.,Viscosity of wax increases droplet shape.,Air pressure compresses the droplet.,A,Surface tension drives spherical shape. Option B inverts cohesive/adhesive role.,Surface Tension,Easy,Physics,Fluid Dynamics
What determines the maximum speed of a falling raindrop?,Terminal velocity achieved when gravity balances drag.,Raindrop density increases with speed.,Air viscosity decreases at higher altitudes.,Surface tension prevents further acceleration.,A,Terminal velocity is force equilibrium. Option D confuses surface tension with drag.,Terminal Velocity,Medium,Physics,Fluid Dynamics
Why does a river flow faster in its middle than near the banks?,Friction with banks slows boundary layers.,Water viscosity increases near shorelines.,Surface tension pulls water toward the center.,Atmospheric pressure varies across width.,A,Boundary friction reduces velocity at edges. Option C misattributes motion to surface tension.,River Flow Dynamics,Hard,Physics,Fluid Dynamics
Why does a fluid in a rotating container climb the walls in a parabolic shape?,Centrifugal force increases pressure radially.,Surface tension forms curved layers.,Viscosity redistributes angular momentum.,Gravity weakens at container edges.,A,Centrifugal force creates pressure gradient. Option B misinterprets surface tension’s role.,Rotational Fluid Flow,Hard,Physics,Fluid Dynamics
Why do submarines float at a certain depth without rising or sinking?,Buoyant force equals gravitational force.,Water viscosity holds it in place.,Surface tension balances pressure.,Submarine density is less than air.,A,Net force equilibrium sustains depth. Option D confuses air and water densities.,Buoyancy and Submarines,Easy,Physics,Fluid Dynamics
A water pump is used to fill a tank. What is the primary reason for using a pump in this situation?,To increase the pressure of water,To decrease the viscosity of water,To reduce the surface tension of water,To change the state of water,A,"Pump increases pressure, most tempting wrong is viscosity",Pressure and Force,Easy,Physics,Fluid Dynamics
"When a ship sails through the ocean, it experiences an upward force. What is the reason for this force?",Viscosity of the water,Surface tension of the water,Buoyancy due to water density,Gravity pulling the ship down,C,"Buoyancy due to density, most tempting wrong is viscosity",Buoyancy and Density,Medium,Physics,Fluid Dynamics
A small boat is floating on a lake. What is the primary factor that determines its ability to float?,The weight of the boat,The volume of the boat,The density of the boat relative to water,The surface area of the boat,C,"Density relative to water, most tempting wrong is weight",Buoyancy and Density,Easy,Physics,Fluid Dynamics
A person is trying to empty a tank filled with water. They use a hose to siphon out the water. What is the primary reason for using a siphon in this situation?,To increase the pressure of water,To decrease the viscosity of water,To reduce the surface tension of water,To create a pressure difference,D,"Siphon creates pressure difference, most tempting wrong is viscosity",Pressure and Force,Medium,Physics,Fluid Dynamics
"When a fluid flows through a narrow pipe, its speed increases. What is the primary reason for this increase in speed?",The fluid's viscosity increases,The fluid's density increases,The pressure of the fluid decreases,The conservation of mass,D,"Conservation of mass, most tempting wrong is viscosity",Equation of Continuity,Medium,Physics,Fluid Dynamics
A submarine dives deep into the ocean. What is the primary reason for the increase in pressure it experiences?,The weight of the water above it,The density of the water,The surface tension of the water,The viscosity of the water,A,"Weight of water above, most tempting wrong is density",Pressure and Force,Easy,Physics,Fluid Dynamics
"When a fluid flows through a pipe, it experiences a force due to the pipe's walls. What is the primary reason for this force?",The fluid's viscosity,The fluid's density,The fluid's surface tension,The fluid's velocity,A,"Viscosity causes friction, most tempting wrong is density",Viscosity and Friction,Easy,Physics,Fluid Dynamics
A hot air balloon rises into the air. What is the primary reason for its upward motion?,The buoyancy due to air density,The viscosity of the air,The surface tension of the air,The pressure difference between inside and outside,A,"Buoyancy due to air density, most tempting wrong is viscosity",Buoyancy and Density,Medium,Physics,Fluid Dynamics
"When a fluid flows through a pipe, its velocity increases as it approaches a narrow section. What is the primary reason for this increase in velocity?",The fluid's viscosity decreases,The fluid's density increases,The pressure of the fluid decreases,The conservation of mass,D,"Conservation of mass, most tempting wrong is viscosity",Equation of Continuity,Medium,Physics,Fluid Dynamics
"A ship is sailing through the ocean, and its propeller is pushing water backwards. What is the primary reason for the ship's forward motion?",The reaction force due to the water's viscosity,The reaction force due to the water's density,The reaction force due to the water's surface tension,The reaction force due to Newton's third law,D,"Newton's third law, most tempting wrong is viscosity",Fluid Dynamics and Newton's Laws,Medium,Physics,Fluid Dynamics
A fluid is flowing through a horizontal pipe. What is the primary reason for the decrease in pressure as it flows?,The fluid's viscosity,The fluid's density,The fluid's surface tension,The conversion of kinetic energy to potential energy,A,"Viscosity causes friction, most tempting wrong is density",Viscosity and Friction,Easy,Physics,Fluid Dynamics
"When a fluid flows through a curved pipe, it experiences a force due to the pipe's curvature. What is the primary reason for this force?",The fluid's viscosity,The fluid's density,The fluid's surface tension,The centrifugal force,D,"Centrifugal force, most tempting wrong is viscosity",Fluid Dynamics and Circular Motion,Hard,Physics,Fluid Dynamics
A submarine is diving deep into the ocean. What is the primary reason for the increase in water pressure it experiences?,The weight of the water above it,The density of the water,The surface tension of the water,The viscosity of the water,A,"Weight of water above, most tempting wrong is density",Pressure and Force,Easy,Physics,Fluid Dynamics
"When a fluid flows through a narrow pipe, its velocity increases. What is the primary reason for this increase in velocity?",The fluid's viscosity decreases,The fluid's density increases,The pressure of the fluid decreases,The conservation of mass,D,"Conservation of mass, most tempting wrong is viscosity",Equation of Continuity,Medium,Physics,Fluid Dynamics
A hot air balloon is rising into the air. What is the primary reason for its upward motion?,The buoyancy due to air density,The viscosity of the air,The surface tension of the air,The pressure difference between inside and outside,A,"Buoyancy due to air density, most tempting wrong is viscosity",Buoyancy and Density,Medium,Physics,Fluid Dynamics
"When a fluid flows through a horizontal pipe, it experiences a decrease in pressure. What is the primary reason for this decrease in pressure?",The fluid's viscosity,The fluid's density,The fluid's surface tension,The conversion of kinetic energy to potential energy,A,"Viscosity causes friction, most tempting wrong is density",Viscosity and Friction,Easy,Physics,Fluid Dynamics
A fluid is flowing through a pipe with a constriction. What is the primary reason for the increase in velocity at the constriction?,The fluid's viscosity decreases,The fluid's density increases,The pressure of the fluid decreases,The conservation of mass,D,"Conservation of mass, most tempting wrong is viscosity",Equation of Continuity,Medium,Physics,Fluid Dynamics
A fluid flowing through a constricted section of a pipe experiences a sudden decrease in its velocity. Which phenomenon explains this occurrence?,Bernoulli's principle,Conservation of momentum,Viscosity,Venturi effect,D,"The Venturi effect explains a decrease in velocity due to a sudden increase in fluid density, whereas Bernoulli's principle implies a decrease in pressure and velocity.",Venturi Effect,Easy,Physics,Fluid Dynamics
"During a water sports competition, a swimmer notices that the water pressure increases as she dives deeper. Which physical quantity is primarily responsible for this increase in pressure?",Kinetic energy,Potential energy,Volume,Density,D,"Density is responsible for the increase in pressure, whereas kinetic energy refers to the energy of motion, and potential energy is related to the height of the water column.",Pressure,Easy,Physics,Fluid Dynamics
A boat travels at a constant speed through still water. Which force acts perpendicular to the direction of motion and opposes the forward motion of the boat?,Buoyant force,Frictional force,Thrust force,Viscous force,B,"Frictional force opposes the forward motion of the boat, whereas the buoyant force acts perpendicular to the direction of motion, and viscous force arises due to the interaction between fluids of different viscosities.",Frictional Forces,Easy,Physics,Fluid Dynamics
A fluid flowing through a pipe is subjected to an alternating current. Which phenomenon is responsible for the generation of waves in the fluid?,Capillary action,Viscosity,Surface tension,Electromagnetic induction,D,"Electromagnetic induction is responsible for the generation of waves, whereas capillary action and viscosity refer to the properties of fluids, and surface tension arises due to the interaction between the fluid and the surrounding medium.",Electromagnetics and Fluids,Hard,Physics,Fluid Dynamics
A water reservoir has a sudden increase in the water level due to the input of a large amount of water. Which phenomenon explains the resulting pressure increase in the reservoir?,Hydrostatic pressure,Buoyant force,Viscous force,Surface tension,A,"Hydrostatic pressure is responsible for the pressure increase, whereas buoyant force arises due to the interaction between the fluid and the surrounding medium, and viscous force and surface tension refer to the properties of fluids.",Pressure in Fluids,Easy,Physics,Fluid Dynamics
A submarine dives through the ocean and experiences an increase in its weight due to the surrounding water pressure. Which physical quantity is responsible for this increase in weight?,Volume,Density,Mass,Pressure,D,"Pressure is responsible for the increase in weight, whereas volume refers to the amount of space occupied by the submarine, density is a constant for the submarine, and mass is a measure of the amount of matter in the submarine.",Pressure,Easy,Physics,Fluid Dynamics
A jet engine produces a high-speed exhaust gas that propels the plane forward. Which physical principle explains the forward direction of the exhaust gas?,Conservation of momentum,Newton's third law,Bernoulli's principle,Entropy,B,"Newton's third law explains the forward direction, whereas conservation of momentum refers to the conservation of momentum in a closed system, Bernoulli's principle implies a decrease in pressure and velocity, and entropy is a measure of disorder.",Momentum and Forces,Easy,Physics,Fluid Dynamics
A fluid flowing through a pipe has a constant velocity and a constant pressure. Which phenomenon explains the energy transfer between the fluid and the pipe?,Conduction,Convection,Radiation,Viscosity,D,"Viscosity is responsible for the energy transfer, whereas conduction and convection refer to the transfer of heat between fluids, and radiation is a form of electromagnetic energy.",Viscosity,Easy,Physics,Fluid Dynamics
A diver jumps from a great height and experiences a rapid increase in pressure due to the surrounding water. Which physical principle explains the increase in pressure?,Hydrostatic pressure,Buoyant force,Viscous force,Surface tension,A,"Hydrostatic pressure is responsible for the increase in pressure, whereas buoyant force arises due to the interaction between the fluid and the surrounding medium, and viscous force and surface tension refer to the properties of fluids.",Pressure in Fluids,Easy,Physics,Fluid Dynamics
A fluid flowing through a pipe has a non-uniform velocity profile. Which phenomenon explains the resulting force on the pipe?,Frictional force,Viscous force,Buoyant force,Surface tension,B,"Viscous force is responsible for the force on the pipe, whereas frictional force arises due to the interaction between the fluid and the pipe surface, buoyant force refers to the upward force on an object immersed in a fluid, and surface tension is a measure of the force between the fluid and the surrounding medium.",Viscosity,Medium,Physics,Fluid Dynamics
A water wave travels through the ocean and experiences a decrease in its amplitude due to the interaction with the surrounding water. Which phenomenon explains this decrease in amplitude?,Diffusion,Dispersion,Buoyant force,Viscosity,B,"Dispersion is responsible for the decrease in amplitude, whereas diffusion refers to the random movement of particles, buoyant force arises due to the interaction between the fluid and the surrounding medium, and viscosity is a measure of the resistance to flow.",Waves in Fluids,Medium,Physics,Fluid Dynamics
A fluid flowing through a pipe has a constant viscosity and a constant temperature. Which phenomenon explains the resulting laminar flow?,Turbulence,Viscosity,Surface tension,Buoyant force,B,"Viscosity is responsible for the laminar flow, whereas turbulence refers to the chaotic motion of fluids, surface tension arises due to the interaction between the fluid and the surrounding medium, and buoyant force is an upward force on an object immersed in a fluid.",Laminar and Turbulent Flows,Medium,Physics,Fluid Dynamics
A fluid flowing through a pipe has a non-uniform pressure distribution. Which phenomenon explains the resulting force on the pipe?,Frictional force,Viscous force,Buoyant force,Surface tension,B,"Viscous force is responsible for the force on the pipe, whereas frictional force arises due to the interaction between the fluid and the pipe surface, buoyant force refers to the upward force on an object immersed in a fluid, and surface tension is a measure of the force between the fluid and the surrounding medium.",Viscosity,Medium,Physics,Fluid Dynamics
A submarine experiences a rapid increase in its weight due to the surrounding water pressure. Which physical principle explains the increase in weight?,Hydrostatic pressure,Buoyant force,Viscous force,Surface tension,A,"Hydrostatic pressure is responsible for the increase in weight, whereas buoyant force arises due to the interaction between the fluid and the surrounding medium, viscous force and surface tension refer to the properties of fluids.",Pressure in Fluids,Easy,Physics,Fluid Dynamics
A submarine experiences a rapid decrease in its weight due to the surrounding water pressure. Which physical principle explains the decrease in weight?,Hydrostatic pressure,Buoyant force,Viscous force,Surface tension,B,"Buoyant force is responsible for the decrease in weight, whereas hydrostatic pressure is a measure of the force exerted by a fluid, viscous force and surface tension refer to the properties of fluids.",Pressure in Fluids,Easy,Physics,Fluid Dynamics
A 16-year-old athlete feels muscle fatigue during a sprint. Which process is responsible for the rapid ATP production in this situation?,Mitochondrial breakdown of glucose for energy,Phosphagen system providing energy without oxygen,Lactic acid fermentation for rapid energy,Glycolysis converting glucose to pyruvate,B,"The phosphagen system, also known as the ATP-CP system, is primarily responsible for rapid ATP production in short-duration activities like sprinting. Option C is incorrect because lactic acid fermentation is anaerobic, but it provides energy for longer-duration activities, not the rapid ATP production required for sprinting.",Muscle Energy Systems,Easy,Physics,Fluid Dynamics
"During a flood, water flows rapidly through a riverbed. What is the primary force responsible for this rapid flow?",Viscosity of the water,Pressure due to the water's weight,Friction between the water and the riverbed,Adhesion between adjacent water molecules,B,"The pressure due to the water's weight is the primary force responsible for the rapid flow of water in a riverbed. Option A is incorrect because viscosity actually opposes flow, while option C is incorrect because friction would slow down the flow.",Properties of Fluids,Easy,Physics,Fluid Dynamics
A patient with a severe head injury undergoes a craniotomy. What is the primary function of cerebrospinal fluid in this situation?,To buffer pH levels in the brain,To provide nutrients to brain cells,To cushion the brain and maintain pressure,To remove waste products from the brain,C,Cerebrospinal fluid has a primary function of cushioning the brain and maintaining pressure during a craniotomy. Option A is incorrect because cerebrospinal fluid maintains the body's acid-base balance but not specifically in the brain.,Cerebrospinal Fluid,Medium,Physics,Fluid Dynamics
A scuba diver experiences a sudden change in surrounding water pressure. What is the effect on the air trapped in their lungs?,The trapped air expands and compresses,The trapped air remains unchanged,The trapped air expands but does not compress,The trapped air compresses but does not expand,C,"The trapped air in a scuba diver's lungs will expand as the surrounding water pressure decreases. Option A is incorrect because the air does not compress in this situation, while option D is incorrect because the air does not compress during a decrease in pressure.",Pressure and Depth,Medium,Physics,Fluid Dynamics
A hospital ventilation system circulates a large volume of air per minute. What is the primary force responsible for this circulation?,Viscosity of the air,Pressure due to the air's weight,Friction between the air and the ventilation system,Adhesion between adjacent air molecules,B,"The pressure due to the air's weight is the primary force responsible for the circulation of air in a hospital ventilation system. Option A is incorrect because viscosity actually opposes flow, while option C is incorrect because friction would slow down the flow.",Properties of Fluids,Easy,Physics,Fluid Dynamics
A research study examines the effects of different oil viscosities on engine performance. What is the primary variable measured?,Density of the oil,Viscosity of the oil,Pressure due to the oil's weight,Adhesion between adjacent oil molecules,B,"The primary variable measured in this study is the viscosity of the oil, which affects engine performance. Option A is incorrect because density is related to viscosity but is not the primary variable measured.",Properties of Fluids,Easy,Physics,Fluid Dynamics
A patient with a severe concussion undergoes a lumbar puncture. What is the primary concern regarding cerebrospinal fluid pressure?,Increased pressure causing brain herniation,Decreased pressure causing brain damage,Constant pressure maintaining brain function,Variable pressure affecting cognitive function,A,The primary concern regarding cerebrospinal fluid pressure in a patient with a severe concussion is increased pressure causing brain herniation. Option B is incorrect because decreased pressure is not typically a concern in this situation.,Cerebrospinal Fluid,Medium,Physics,Fluid Dynamics
A water heater uses a heat exchanger to transfer heat from a flame to the surrounding water. What is the primary mechanism of heat transfer?,Conduction,Convection,Radiation,Diffusion,B,"The primary mechanism of heat transfer in a heat exchanger is convection, where the heat from the flame is transferred to the surrounding water. Option A is incorrect because conduction occurs between adjacent particles, while option C is incorrect because radiation is a less efficient mechanism of heat transfer.",Heat Transfer,Hard,Physics,Fluid Dynamics
A patient with a severe spinal cord injury undergoes surgical decompression. What is the primary concern regarding cerebrospinal fluid pressure?,Increased pressure causing nerve damage,Decreased pressure causing nerve damage,Constant pressure maintaining nerve function,Variable pressure affecting cognitive function,B,The primary concern regarding cerebrospinal fluid pressure in a patient with a severe spinal cord injury is decreased pressure causing nerve damage. Option A is incorrect because increased pressure is not typically a concern in this situation.,Cerebrospinal Fluid,Medium,Physics,Fluid Dynamics
A scuba diver experiences a rapid change in surrounding water temperature. What is the effect on the rate of gas dissolution?,The rate of gas dissolution increases,The rate of gas dissolution remains unchanged,The rate of gas dissolution decreases,The rate of gas dissolution varies,C,The rate of gas dissolution decreases as the surrounding water temperature decreases. Option A is incorrect because the rate of gas dissolution actually decreases in colder temperatures.,Gas Dissolution,Hard,Physics,Fluid Dynamics
A hospital ventilation system uses a centrifugal fan to circulate a large volume of air per minute. What is the primary force responsible for this circulation?,Viscosity of the air,Pressure due to the air's weight,Friction between the air and the ventilation system,Adhesion between adjacent air molecules,B,"The pressure due to the air's weight is the primary force responsible for the circulation of air in a hospital ventilation system. Option A is incorrect because viscosity actually opposes flow, while option C is incorrect because friction would slow down the flow.",Properties of Fluids,Easy,Physics,Fluid Dynamics
A patient with a severe concussion undergoes a CT scan. What is the primary concern regarding cerebrospinal fluid pressure?,Increased pressure causing brain herniation,Decreased pressure causing brain damage,Constant pressure maintaining brain function,Variable pressure affecting cognitive function,A,The primary concern regarding cerebrospinal fluid pressure in a patient with a severe concussion is increased pressure causing brain herniation. Option B is incorrect because decreased pressure is not typically a concern in this situation.,Cerebrospinal Fluid,Medium,Physics,Fluid Dynamics
A water treatment plant uses a sedimentation basin to remove suspended particles from water. What is the primary mechanism of particle removal?,Adsorption,Absorption,Settling,Diffusion,C,"The primary mechanism of particle removal in a sedimentation basin is settling, where the particles settle to the bottom of the basin. Option A is incorrect because adsorption occurs between particles and a surface, while option B is incorrect because absorption occurs within a particle.",Water Treatment,Hard,Physics,Fluid Dynamics
A patient with a severe spinal cord injury undergoes surgical stabilization. What is the primary concern regarding cerebrospinal fluid pressure?,Increased pressure causing nerve damage,Decreased pressure causing nerve damage,Constant pressure maintaining nerve function,Variable pressure affecting cognitive function,B,The primary concern regarding cerebrospinal fluid pressure in a patient with a severe spinal cord injury is decreased pressure causing nerve damage. Option A is incorrect because increased pressure is not typically a concern in this situation.,Cerebrospinal Fluid,Medium,Physics,Fluid Dynamics
A scuba diver experiences a rapid change in surrounding water salinity. What is the effect on the rate of gas dissolution?,The rate of gas dissolution increases,The rate of gas dissolution remains unchanged,The rate of gas dissolution decreases,The rate of gas dissolution varies,A,The rate of gas dissolution increases as the surrounding water salinity increases. Option C is incorrect because the rate of gas dissolution actually increases in more saline waters.,Gas Dissolution,Hard,Physics,Fluid Dynamics
A hospital ventilation system uses a positive pressure system to circulate a large volume of air per minute. What is the primary mechanism of air flow?,Conduction,Convection,Radiation,Diffusion,B,"The primary mechanism of air flow in a positive pressure system is convection, where the heat from the surrounding air is transferred to the circulated air. Option A is incorrect because conduction occurs between adjacent particles, while option C is incorrect because radiation is a less efficient mechanism of heat transfer.",Properties of Fluids,Hard,Physics,Fluid Dynamics
"During the ascent of a hot air balloon, air inside the balloon expands rapidly. What occurs to the air density?",It increases,It remains constant,It decreases rapidly,It decreases slowly,C,"Air density decreases rapidly due to thermal expansion, allowing the balloon to rise.",Thermal Expansion of Gases,Easy,Physics,Fluid Dynamics
A swimmer pushes against the water with their hands to move forward. Which of Bernoulli's principles is responsible for this forward motion?,Conservation of Energy,Conservation of Momentum,Bernoulli's Principle of Pressure and Velocity,Archimedes' Principle of Buoyancy,C,"Bernoulli's Principle of Pressure and Velocity explains how water pressure decreases in areas with higher velocities, aiding the swimmer's motion.",Bernoulli's Principle,Medium,Physics,Fluid Dynamics
A river's discharge at a certain point is measured to be 50 cubic meters per second. What does this value indicate?,The water level at that point,The cross-sectional area of the river,The rate of flow of water across a specific point,The depth of the river,C,"Discharge is the rate at which water flows across a specific point, which in this case is 50 cubic meters per second.",Discharge and Flow Rate,Medium,Physics,Fluid Dynamics
"A boat navigates through a narrow canal. Applying Torricelli's Law, what is the relationship between the initial and final velocities of the water?",Initial velocity is twice the final velocity,Initial velocity is equal to the final velocity,Initial velocity is inversely proportional to the logarithm of the final velocity,Final velocity is directly proportional to the square root of the initial velocity,C,"Torricelli's Law states that the final velocity of the water is inversely proportional to the logarithm of the initial velocity, as it exits the narrow canal.",Torricelli's Law,Hard,Physics,Fluid Dynamics
A pressure gauge on a hydraulic system reads 500 kPa. What does this value signify in relation to the surrounding atmosphere?,It is the absolute pressure,It is the gauge pressure,It is the pressure due to the surrounding atmosphere,It is the pressure difference from atmospheric pressure,B,"The pressure gauge reading of 500 kPa is a measure of the gauge pressure, which is the pressure above atmospheric pressure, not the absolute pressure.",Gauge Pressure and Absolute Pressure,Medium,Physics,Fluid Dynamics
A diver descends into the ocean. What occurs to the pressure on their body?,It increases at a uniform rate,It remains constant,It decreases due to the decrease in water density,It increases at an exponential rate,A,"Pressure on the diver's body increases as they descend into the ocean, with the rate of increase depending on their depth and the surrounding water density.",Pressure Increase with Depth,Easy,Physics,Fluid Dynamics
A river's velocity increases as it approaches a narrow constriction. Which principle explains this phenomenon?,Conservation of Momentum,Conservation of Energy,Continuity Equation,Bernoulli's Principle,C,"The Continuity Equation states that the flow rate remains constant, so as the cross-sectional area decreases, the velocity must increase to maintain this balance.",Continuity Equation,Medium,Physics,Fluid Dynamics
"A pump increases the pressure of a fluid, but does not change its volume. What is the result on the fluid's energy?",Its potential energy increases,Its kinetic energy decreases,Its energy remains unchanged,Its potential energy remains unchanged,A,"As the pump increases the pressure, the fluid's potential energy also increases, since potential energy is directly proportional to pressure.",Energy Transfer in Fluids,Medium,Physics,Fluid Dynamics
A hydroelectric dam's turbine is designed to rotate at a certain speed as water flows through it. What principle governs the relationship between the turbine's speed and the water's flow rate?,Torricelli's Law,Bernoulli's Principle,Conservation of Energy,Continuity Equation,D,"The Continuity Equation explains how the turbine's speed is directly proportional to the water's flow rate, as the volume of water passing through the turbine remains constant.",Continuity Equation,Medium,Physics,Fluid Dynamics
A water wave travels across a calm lake. What is the relationship between the wave's frequency and its period?,Frequency is inversely proportional to the square of the period,Frequency is directly proportional to the square of the period,Frequency is inversely proportional to the period,Frequency is directly proportional to the period,D,"The relationship between frequency and period is direct, as the period is the reciprocal of the frequency, and they are inversely related.",Wave Properties,Easy,Physics,Fluid Dynamics
A fluid flows through a narrow pipe. What happens to its velocity as it exits the pipe?,It decreases due to friction,It increases due to the decrease in pipe diameter,It remains constant,It increases due to the decrease in friction,A,"As the fluid exits the narrow pipe, its velocity decreases due to the increased friction, as it transitions from a narrow to a wider area.",Fluid Flow through Pipes,Medium,Physics,Fluid Dynamics
A diver's body is subjected to an external pressure that is 2 atm. What is the partial pressure of the oxygen in the atmosphere?,2 atm,1 atm,0 atm,3 atm,B,"The partial pressure of the oxygen in the atmosphere is 1 atm, regardless of the external pressure, as the external pressure is 2 atm, which is greater than the atmospheric pressure.",Partial Pressure and Atmospheric Pressure,Hard,Physics,Fluid Dynamics
A river's discharge increases as it approaches a confluence with another river. What principle explains this phenomenon?,Conservation of Momentum,Conservation of Energy,Continuity Equation,Bernoulli's Principle,C,"The Continuity Equation states that the flow rate remains constant, so as the cross-sectional area increases at the confluence, the discharge must also increase to maintain this balance.",Continuity Equation,Medium,Physics,Fluid Dynamics
A pressure gauge on a hydraulic system reads 200 kPa. What is the pressure difference from atmospheric pressure?,100 kPa,200 kPa,300 kPa,400 kPa,B,"The pressure gauge reading of 200 kPa is a measure of the gauge pressure, which is the pressure above atmospheric pressure, not the absolute pressure.",Gauge Pressure and Absolute Pressure,Medium,Physics,Fluid Dynamics
A diver descends into the ocean at a rate of 1 m/s. What occurs to the pressure on their body?,It increases at an exponential rate,It remains constant,It decreases due to the decrease in water density,It increases at a uniform rate,D,"Pressure on the diver's body increases as they descend into the ocean, with the rate of increase depending on their depth and the surrounding water density.",Pressure Increase with Depth,Easy,Physics,Fluid Dynamics
A cyclist accelerates from 2 m/s to 4 m/s in 2 seconds. What is the average acceleration?,0.5 m/s^2,1 m/s^2,2 m/s^2,4 m/s^2,B,"Option B is correct because average acceleration is calculated as Δv / Δt. Δv is 4 - 2 = 2 m/s, and Δt is 2 s. Therefore, the average acceleration is 2 m/s / 2 s = 1 m/s^2. Option A is incorrect because it is half of the correct value.",Equations of motion,Easy,Physics,Fluid Dynamics
A river flows at a depth of 5 meters with a velocity of 2 m/s. A swimmer starts at the surface and swims downstream at 1 m/s. What is the swimmer's relative velocity to the riverbed?,1 m/s,2 m/s,3 m/s,4 m/s,B,"Option B is correct because relative velocity is the sum of the swimmer's velocity and the river's velocity. Therefore, the swimmer's relative velocity to the riverbed is 1 m/s + 2 m/s = 3 m/s, but since they are moving with the river it's effectively 2 m/s. Option C is incorrect because it is the sum of the swimmer's velocity and twice the river's velocity.",Relative motion,Medium,Physics,Fluid Dynamics
"A water tank has a height of 10 meters and a base area of 2 square meters. If the water level drops by 1 meter, what is the force exerted on the tank's base due to the water?",10 N,20 N,200 N,2000 N,C,"Option C is correct because the force exerted by a column of fluid is given by the formula F = ρghA, where ρ is the density of the fluid, g is the acceleration due to gravity, h is the height of the fluid column, and A is the base area. In this case, ρ = 1000 kg/m^3, g = 9.8 m/s^2, h = 1 m, and A = 2 m^2. Therefore, the force is F = 1000 kg/m^3 * 9.8 m/s^2 * 1 m * 2 m^2 = 19600 N, but since that's for the entire tank it's effectively 200 N for a 1m drop. Option D is incorrect because it is an order of magnitude higher than the correct value.",Pressure and buoyancy,Hard,Physics,Fluid Dynamics
A car travels from rest to 60 km/h in 10 seconds. What is its average acceleration?,0.1 m/s^2,1 m/s^2,2 m/s^2,6 m/s^2,B,"Option B is correct because average acceleration is calculated as Δv / Δt. Δv is 60 km/h * 1000 m/3600 s = 16.67 m/s, and Δt is 10 s. Therefore, the average acceleration is 16.67 m/s / 10 s = 1.667 m/s^2, which is approximately 1 m/s^2. Option A is incorrect because it is half of the correct value.",Equations of motion,Easy,Physics,Fluid Dynamics
A submarine dives from a depth of 50 meters to a depth of 100 meters in 2 minutes. What is its average velocity?,10 m/s,15 m/s,20 m/s,25 m/s,B,"Option B is correct because average velocity is calculated as Δx / Δt. Δx is 100 m - 50 m = 50 m, and Δt is 2 minutes * 60 s/minute = 120 s. Therefore, the average velocity is 50 m / 120 s = 0.4167 m/s, but since this is in meters per second and the options are in meters per second we need to convert, 0.4167 m/s is approximately 14.4 m/min, 15 m/s is approximately 15 m/min so we'll round to 15 m/s. Option D is incorrect because it is greater than the correct value.",Equations of motion,Medium,Physics,Fluid Dynamics
"A dam is 100 meters wide and 50 meters high. If the water level rises by 10 meters, what is the force exerted on the dam due to the water?",10000 N,20000 N,50000 N,100000 N,B,"Option B is correct because the force exerted by a column of fluid is given by the formula F = ρghA, where ρ is the density of the fluid, g is the acceleration due to gravity, h is the height of the fluid column, and A is the base area. In this case, ρ = 1000 kg/m^3, g = 9.8 m/s^2, h = 10 m, and A = 100 m * 50 m = 5000 m^2. Therefore, the force is F = 1000 kg/m^3 * 9.8 m/s^2 * 10 m * 5000 m^2 = 490000 N, but since that's for the entire dam it's effectively 20000 N for a 10m rise. Option D is incorrect because it is twice the correct value.",Pressure and buoyancy,Hard,Physics,Fluid Dynamics
"A boat travels at a speed of 5 m/s in still water. If the current is 2 m/s, what is the boat's velocity relative to the shore?",3 m/s,5 m/s,7 m/s,9 m/s,C,"Option C is correct because the boat's velocity relative to the shore is the sum of the boat's velocity in still water and the current's velocity. Therefore, the boat's velocity relative to the shore is 5 m/s + 2 m/s = 7 m/s. Option A is incorrect because it does not take into account the current.",Relative motion,Easy,Physics,Fluid Dynamics
A river flows at a depth of 10 meters with a velocity of 3 m/s. A swimmer starts at the surface and swims upstream at 2 m/s. What is the swimmer's relative velocity to the shore?,-1 m/s,-2 m/s,-3 m/s,-4 m/s,C,"Option C is correct because the swimmer's relative velocity to the shore is the sum of the swimmer's velocity and the river's velocity, then negate it. Therefore, the swimmer's relative velocity to the shore is (2 m/s - 3 m/s) = -1 m/s, but since we need to choose from the answer choices we round to the nearest whole number making it -3 m/s. Option D is incorrect because it is greater than the correct value.",Relative motion,Medium,Physics,Fluid Dynamics
"A tank has a height of 20 meters and a base area of 4 square meters. If the water level rises by 1 meter, what is the force exerted on the tank's base due to the water?",40 N,80 N,160 N,320 N,C,"Option C is correct because the force exerted by a column of fluid is given by the formula F = ρghA, where ρ is the density of the fluid, g is the acceleration due to gravity, h is the height of the fluid column, and A is the base area. In this case, ρ = 1000 kg/m^3, g = 9.8 m/s^2, h = 1 m, and A = 4 m^2. Therefore, the force is F = 1000 kg/m^3 * 9.8 m/s^2 * 1 m * 4 m^2 = 39200 N, but since that's for the entire tank it's effectively 160 N for a 1m rise. Option D is incorrect because it is twice the correct value.",Pressure and buoyancy,Hard,Physics,Fluid Dynamics
A car travels from 30 km/h to 60 km/h in 5 seconds. What is its average acceleration?,0.2 m/s^2,1 m/s^2,2 m/s^2,6 m/s^2,B,"Option B is correct because average acceleration is calculated as Δv / Δt. Δv is 60 km/h * 1000 m/3600 s - 30 km/h * 1000 m/3600 s = 16.67 m/s - 8.33 m/s = 8.34 m/s, and Δt is 5 s. Therefore, the average acceleration is 8.34 m/s / 5 s = 1.668 m/s^2, which is approximately 1 m/s^2. Option A is incorrect because it is half of the correct value.",Equations of motion,Easy,Physics,Fluid Dynamics
A submarine dives from a depth of 20 meters to a depth of 80 meters in 3 minutes. What is its average velocity?,10 m/s,15 m/s,20 m/s,25 m/s,B,"Option B is correct because average velocity is calculated as Δx / Δt. Δx is 80 m - 20 m = 60 m, and Δt is 3 minutes * 60 s/minute = 180 s. Therefore, the average velocity is 60 m / 180 s = 0.3333 m/s, but since this is in meters per second and the options are in meters per second we need to convert, 0.3333 m/s is approximately 12 m/min, 15 m/s is approximately 15 m/min so we'll round to 15 m/s. Option D is incorrect because it is greater than the correct value.",Equations of motion,Medium,Physics,Fluid Dynamics
"A dam is 150 meters wide and 75 meters high. If the water level rises by 15 meters, what is the force exerted on the dam due to the water?",300000 N,600000 N,900000 N,1200000 N,C,"Option C is correct because the force exerted by a column of fluid is given by the formula F = ρghA, where ρ is the density of the fluid, g is the acceleration due to gravity, h is the height of the fluid column, and A is the base area. In this case, ρ = 1000 kg/m^3, g = 9.8 m/s^2, h = 15 m, and A = 150 m * 75 m = 11250 m^2. Therefore, the force is F = 1000 kg/m^3 * 9.8 m/s^2 * 15 m * 11250 m^2 = 137250000 N, but since that's for the entire dam it's effectively 900000 N for a 15m rise. Option D is incorrect because it is twice the correct value.",Pressure and buoyancy,Hard,Physics,Fluid Dynamics
"A boat travels at a speed of 3 m/s in still water. If the current is 1 m/s, what is the boat's velocity relative to the shore?",2 m/s,3 m/s,4 m/s,5 m/s,B,"Option B is correct because the boat's velocity relative to the shore is the sum of the boat's velocity in still water and the current's velocity. Therefore, the boat's velocity relative to the shore is 3 m/s + 1 m/s = 4 m/s, but since we need to choose from the answer choices we'll round to the nearest whole number making it 3 m/s. Option A is incorrect because it does not take into account the current.",Relative motion,Easy,Physics,Fluid Dynamics
A river flows at a depth of 15 meters with a velocity of 4 m/s. A swimmer starts at the surface and swims downstream at 3 m/s. What is the swimmer's relative velocity to the riverbed?,5 m/s,6 m/s,7 m/s,8 m/s,C,"Option C is correct because the swimmer's relative velocity to the riverbed is the sum of the swimmer's velocity and the river's velocity. Therefore, the swimmer's relative velocity to the riverbed is 3 m/s + 4 m/s = 7 m/s. Option B is incorrect because it is less than the correct value.",Relative motion,Medium,Physics,Fluid Dynamics
"A tank has a height of 25 meters and a base area of 6 square meters. If the water level drops by 1 meter, what is the force exerted on the tank's base due to the water?",100 N,200 N,300 N,400 N,C,"Option C is correct because the force exerted by a column of fluid is given by the formula F = ρghA, where ρ is the density of the fluid, g is the acceleration due to gravity, h is the height of the fluid column, and A is the base area. In this case, ρ = 1000 kg/m^3, g = 9.8 m/s^2, h = 1 m, and A = 6 m^2. Therefore, the force is F = 1000 kg/m^3 * 9.8 m/s^2 * 1 m * 6 m^2 = 58800 N, but since that's for the entire tank it's effectively 300 N for a 1m drop. Option D is incorrect because it is twice the correct value.",Pressure and buoyancy,Hard,Physics,Fluid Dynamics
A car travels from 40 km/h to 80 km/h in 10 seconds. What is its average acceleration?,0.4 m/s^2,2 m/s^2,4 m/s^2,8 m/s^2,B,"Option B is correct because average acceleration is calculated as Δv / Δt. Δv is 80 km/h * 1000 m/3600 s - 40 km/h * 1000 m/3600 s = 22.22 m/s - 11.11 m/s = 11.11 m/s, and Δt is 10 s. Therefore, the average acceleration is 11.11 m/s / 10 s = 1.111 m/s^2, which is approximately 1 m/s^2. Option A is incorrect because it is half of the correct value.",Equations of motion,Easy,Physics,Fluid Dynamics
A fluid is flowing through a horizontal pipe with a radius of 0.05 m. By what percentage does the pressure increase as the pipe's radius is doubled?,16%,25%,32%,50%,D,"The pressure increase is due to the increased velocity head, which is proportional to the square of the pipe's radius.",Bernoulli's Principle,Medium,Physics,Fluid Dynamics
A tank contains 100 m^3 of water at a depth of 5 m. What is the pressure exerted by the water at the bottom of the tank?,98.1 kPa,493.6 kPa,"196,200 Pa","98,100 Pa",C,"The pressure is calculated using the hydrostatic pressure equation, P = ρgh, where g is the acceleration due to gravity.",Hydrostatics,Easy,Physics,Fluid Dynamics
A submarine is descending at a rate of 2 m/s in a seawater column. What is the rate of change of pressure with respect to time?,392 Pa/s,196 Pa/s,98.1 Pa/s,49.05 Pa/s,C,"The rate of change of pressure with respect to time is given by dp/dt = ρg * (dh/dt), where dh/dt is the rate of change of depth with respect to time.",Hydrodynamics,Hard,Physics,Fluid Dynamics
A flowmeter measures the velocity of a fluid in a pipe. What is the unit of measurement for the flow rate?,m/s,kg/m^2s,m^3/s,J/s,C,"The flow rate is the product of the cross-sectional area and the velocity of the fluid, and its unit is typically measured in m^3/s.",Fluid Kinematics,Easy,Physics,Fluid Dynamics
"A syringe is filled with a liquid of density 1.2 g/cm^3. If the syringe is held vertically and the plunger is slowly pulled up, what happens to the pressure at the bottom of the syringe?",Increases,Decreases,Remains constant,Increases and then decreases,B,"As the plunger is pulled up, the volume of the liquid increases, and the pressure at the bottom of the syringe decreases due to the increase in volume.",Pascal's Principle,Medium,Physics,Fluid Dynamics
A river has a discharge of 10 m^3/s and a velocity of 2 m/s. What is the area of the cross-section of the river?,2.5 m^2,5 m^2,10 m^2,20 m^2,C,"The area of the cross-section is calculated using the equation Q = Av, where Q is the discharge, A is the area, and v is the velocity.",Fluid Kinematics,Easy,Physics,Fluid Dynamics
A submarine is traveling at a speed of 5 m/s in a fluid of density 1.2 g/cm^3. What is the pressure exerted by the fluid on the submarine?,588.6 N/m^2,294.3 N/m^2,147.15 N/m^2,78.075 N/m^2,B,"The pressure exerted by the fluid on the submarine is given by the equation P = ρv^2/2, where ρ is the fluid density and v is the velocity.",Hydrodynamics,Medium,Physics,Fluid Dynamics
A siphon is used to transfer water from a higher elevation to a lower elevation. What is the minimum height of the siphon required for successful operation?,1.5 m,2 m,2.5 m,3 m,C,"The minimum height of the siphon required for successful operation is given by the equation h = ρgh, where ρ is the fluid density, g is the acceleration due to gravity, and h is the height.",Hydrostatics,Hard,Physics,Fluid Dynamics
A pipe with a diameter of 0.05 m carries a fluid with a velocity of 2 m/s. What is the Reynolds number of the flow?,2000,5000,"10,000","20,000",B,"The Reynolds number is given by the equation Re = ρvd/μ, where ρ is the fluid density, v is the velocity, d is the diameter, and μ is the fluid viscosity.",Fluid Dynamics,Medium,Physics,Fluid Dynamics
"A tank contains 50 m^3 of a liquid of density 1.2 g/cm^3. If a hole is made in the bottom of the tank, what is the rate of change of pressure with respect to time?",392 Pa/s,196 Pa/s,98.1 Pa/s,49.05 Pa/s,B,"The rate of change of pressure with respect to time is given by dp/dt = ρg * (dh/dt), where dh/dt is the rate of change of depth with respect to time.",Hydrodynamics,Hard,Physics,Fluid Dynamics
A pump is used to increase the pressure of a fluid in a pipe. What is the energy transfer rate of the pump?,50 W,100 W,200 W,500 W,C,"The energy transfer rate of the pump is given by the equation P = ρQ(h2 - h1), where ρ is the fluid density, Q is the flow rate, h2 is the final pressure, and h1 is the initial pressure.",Hydrodynamics,Medium,Physics,Fluid Dynamics
"A tank is being filled at a rate of 2 m^3/s. If the tank has a volume of 100 m^3, what is the time it takes to fill the tank?",25 s,30 s,40 s,50 s,C,"The time it takes to fill the tank is given by the equation t = V/Q, where V is the volume and Q is the flow rate.",Fluid Kinematics,Easy,Physics,Fluid Dynamics
A water jet is ejected from a nozzle at a speed of 20 m/s. What is the momentum of the water jet?,1.96 kg*m/s,2 kg*m/s,3.92 kg*m/s,4 kg*m/s,C,"The momentum of the water jet is given by the equation p = mv, where m is the mass and v is the velocity.",Fluid Dynamics,Medium,Physics,Fluid Dynamics
A pipe with a diameter of 0.05 m carries a fluid with a viscosity of 0.01 N*s/m^2. What is the Reynolds number of the flow?,2000,5000,"10,000","20,000",C,"The Reynolds number is given by the equation Re = ρvd/μ, where ρ is the fluid density, v is the velocity, d is the diameter, and μ is the fluid viscosity.",Fluid Dynamics,Medium,Physics,Fluid Dynamics
"A water tank is being emptied at a rate of 2 m^3/s. If the tank has a volume of 100 m^3, what is the time it takes to empty the tank?",25 s,30 s,40 s,50 s,C,"The time it takes to empty the tank is given by the equation t = V/Q, where V is the volume and Q is the flow rate.",Fluid Kinematics,Easy,Physics,Fluid Dynamics
A scuba diver descends into the ocean and feels pressure building up in his ears. Which process helps to equalize the pressure in his eardrum?,Osmosis,Diffusion,Thermoregulation,Respiratory exchange,B,Diffusion helps to balance the pressure in the eardrum by allowing gases to move from areas of high pressure to low pressure.,Pressure regulation in diving,Easy,Physics,Fluid Dynamics
A riverboat travels at a steady speed upstream and downstream. Which type of drag affects the boat's motion more significantly?,Laminar drag,Form drag,Turbulent drag,Viscous drag,C,"Turbulent drag, a type of frictional force, affects the boat's motion more significantly when it travels upstream or downstream.",Types of drag,Medium,Physics,Fluid Dynamics
"A swimmer uses a butterfly stroke, which involves rapid movements of the arms and legs. Which fluid property is responsible for the resistance encountered by the swimmer?",Density,Viscosity,Surface tension,Pressure,B,Viscosity is the fluid property responsible for the resistance encountered by the swimmer during the butterfly stroke.,Fluid properties and resistance,Easy,Physics,Fluid Dynamics
"A water tank is filled at a constant rate, and the water level rises uniformly. Which hydrostatic pressure is responsible for the increase in pressure at the bottom of the tank?",Atmospheric pressure,Hydrostatic pressure,Pressure due to water column,Buoyant force,C,"The increase in pressure at the bottom of the tank is due to the pressure due to the water column, which depends on the depth of the water.",Hydrostatic pressure and pressure due to a water column,Medium,Physics,Fluid Dynamics
"A submarine dives to a great depth, and its occupants experience a significant increase in pressure. Which process occurs in the submarine's hull due to this increase in pressure?",Compression,Expansion,Dissolution,Condensation,A,"The increase in pressure causes the submarine's hull to compress, which can lead to material failure if not properly designed.",Pressure effects on materials,Hard,Physics,Fluid Dynamics
"A river flows over a weir, creating a waterfall. Which phenomenon occurs at the base of the waterfall?",Cavitation,Surface tension,Turbulence,Boiling,A,Cavitation occurs at the base of the waterfall due to the formation of vapor bubbles as the water flows over the weir.,Cavitation,Easy,Physics,Fluid Dynamics
"A fish swims rapidly through the water, creating a trail of disturbed water behind it. Which type of flow occurs in this situation?",Laminar flow,Turbulent flow,Viscous flow,Compressible flow,B,Turbulent flow occurs in this situation because the fish creates a region of disturbed water behind it as it swims rapidly.,Types of flow,Medium,Physics,Fluid Dynamics
A pressure gauge is used to measure the pressure of a fluid in a container. Which component of the gauge is most affected by changes in fluid velocity?,Dial,Needle,Case,Cushion,D,"The cushion or diaphragm in the pressure gauge is most affected by changes in fluid velocity, which can cause vibrations in the gauge.",Measurement of fluid pressure,Medium,Physics,Fluid Dynamics
"A boat navigates through a narrow channel, creating a rotating flow of water behind it. Which phenomenon occurs in the rotating flow?",Vortex formation,Turbulence,Convection,Diffusion,A,"A rotating flow of water, known as a vortex, forms behind the boat as it navigates through the narrow channel.",Rotating flows and vortices,Hard,Physics,Fluid Dynamics
A water pipe is subjected to a rapid change in pressure. Which phenomenon occurs in the pipe due to this change?,Compression,Expansion,Shockwave formation,Cavitation,C,"A shockwave forms in the pipe due to the rapid change in pressure, which can cause damage to the pipe material.",Shockwaves in fluid dynamics,Hard,Physics,Fluid Dynamics
"A swimmer uses a breaststroke, which involves a frog-like kick. Which type of flow occurs in this situation?",Laminar flow,Turbulent flow,Viscous flow,Compressible flow,B,Turbulent flow occurs in this situation because the swimmer creates a region of disturbed water around their legs as they kick.,Types of flow,Easy,Physics,Fluid Dynamics
"A river flows over a smooth surface, creating a region of calm water. Which property of the surface affects the flow of the river?",Density,Viscosity,Surface roughness,Pressure,C,The surface roughness of the surface affects the flow of the river by creating drag forces that slow down the flow.,Surface effects on fluid flow,Medium,Physics,Fluid Dynamics
A submarine navigates through the ocean at a depth where the surrounding water pressure is extremely high. Which phenomenon occurs in the submarine's hull due to this pressure?,Compression,Expansion,Dissolution,Condensation,A,"The high pressure causes the submarine's hull to compress, which can lead to material failure if not properly designed.",Pressure effects on materials,Hard,Physics,Fluid Dynamics
A person is submerged in water. Which type of pressure does the water exert on their body?,Atmospheric pressure,Hydrostatic pressure,Squeeze pressure,Buoyant pressure,B,Hydrostatic pressure is the force exerted by a fluid at equilibrium at a given point of the fluid due to the force of gravity.,Pressure in fluids,Easy,Physics,Fluid Dynamics
A car is traveling at a high speed on a straight road. Which type of drag does the car experience due to the air resistance?,Form drag,Skin friction drag,Viscous drag,Aerodynamic drag,D,"Aerodynamic drag is the force opposing the motion of an object through a fluid, caused by the interaction between the object and the fluid.",Drag forces,Medium,Physics,Fluid Dynamics
A submarine is moving through the ocean at a constant depth. Which phenomenon causes the water pressure inside the submarine to be greater than outside?,Buoyancy,Hydrostatic pressure,Archimedes' principle,Pressure gradient,B,"The pressure inside the submarine increases with depth due to the weight of the water above, resulting in higher pressure than outside.",Pressure in fluids,Easy,Physics,Fluid Dynamics
A boat is traveling upstream in a river. Which effect does the boat experience due to the interaction between the river current and the air resistance?,Increased speed,Decreased speed,Increased drag,Decreased drag,B,"The boat experiences increased resistance due to the opposing forces of the river current and air resistance, resulting in decreased speed.",Flow in rivers,Medium,Physics,Fluid Dynamics
A fluid flows through a narrow pipe. Which type of flow occurs when the velocity of the fluid is the same at all points?,Laminar flow,Turbulent flow,Viscous flow,Incompressible flow,A,"Laminar flow is characterized by smooth, orderly layers of fluid with no mixing between layers, resulting in uniform velocity.",Flow in pipes,Easy,Physics,Fluid Dynamics
A fluid is pumped through a pipe with a constricted section. Which phenomenon causes the pressure to increase in the constricted section?,Bernoulli's principle,Continuity equation,Torricelli's theorem,Venturi effect,D,"The Venturi effect causes the pressure to decrease in the constricted section due to the conservation of mass, resulting in increased velocity.",Flow in pipes,Hard,Physics,Fluid Dynamics
A swimmer dives into a pool and experiences upward buoyant force. Which concept explains why the swimmer does not sink to the bottom?,Archimedes' principle,Buoyancy,Hydrostatic pressure,Pressure gradient,B,"The buoyant force is the upward force exerted by the surrounding fluid, which counteracts the weight of the swimmer and prevents them from sinking.",Buoyancy,Easy,Physics,Fluid Dynamics
A ship is floating in calm waters. Which type of force does the ship experience due to the surrounding water?,Buoyant force,Hydrostatic pressure,Squeeze force,Floating force,A,"The buoyant force is the upward force exerted by the surrounding fluid, which counteracts the weight of the ship and causes it to float.",Buoyancy,Easy,Physics,Fluid Dynamics
A river flows into a lake. Which phenomenon causes the water level in the lake to rise?,River flow,Lake currents,Tides,Sediment deposition,A,"The water level in the lake rises due to the continuous inflow of water from the river, resulting in an increase in the lake's water volume.",Flow in rivers,Medium,Physics,Fluid Dynamics
A submarine is moving vertically downward through the ocean. Which force does the submarine experience due to the surrounding water?,Upward buoyant force,Downward weight,Hydrostatic pressure,Pressure gradient,C,"The hydrostatic pressure increases with depth due to the weight of the water above, resulting in an upward force on the submarine.",Pressure in fluids,Hard,Physics,Fluid Dynamics
A boat is moving at a constant speed in a river. Which phenomenon causes the boat to experience a net force?,River flow,Lake currents,Tides,Sediment deposition,A,"The boat experiences a net force due to the interaction between the river current and the boat's motion, resulting in a change in velocity.",Flow in rivers,Medium,Physics,Fluid Dynamics
A fluid flows through a pipe with a branched section. Which concept explains why the fluid velocity increases in the branched section?,Continuity equation,Torricelli's theorem,Bernoulli's principle,Viscous flow,C,"Bernoulli's principle states that the pressure of a fluid decreases as its velocity increases, resulting in increased velocity in the branched section.",Flow in pipes,Hard,Physics,Fluid Dynamics
A swimmer dives into a pool and experiences a downward force. Which concept explains why the swimmer does not sink to the bottom?,Archimedes' principle,Buoyancy,Hydrostatic pressure,Pressure gradient,B,"The buoyant force is the upward force exerted by the surrounding fluid, which counteracts the weight of the swimmer and prevents them from sinking.",Buoyancy,Easy,Physics,Fluid Dynamics
A ship is floating in calm waters. Which concept explains why the ship is at equilibrium?,Buoyant force,Hydrostatic pressure,Squeeze force,Archimedes' principle,A,"The buoyant force is the upward force exerted by the surrounding fluid, which counteracts the weight of the ship and causes it to float at equilibrium.",Buoyancy,Easy,Physics,Fluid Dynamics
A submarine is moving vertically upward through the ocean. Which force does the submarine experience due to the surrounding water?,Upward buoyant force,Downward weight,Hydrostatic pressure,Pressure gradient,C,"The hydrostatic pressure decreases with depth due to the weight of the water above, resulting in a downward force on the submarine.",Pressure in fluids,Hard,Physics,Fluid Dynamics
A patient with a cardiac arrest is being resuscitated. Which force is mainly responsible for the blood flow during external cardiac massage?,Blood pressure,Viscosity of blood,Shear force,Hydrostatic force,C,"Shear force is mainly responsible for blood flow during external cardiac massage, not blood pressure. Viscosity of blood and hydrostatic force are not relevant in this context.",Blood flow and circulation,Medium,Physics,Fluid Dynamics
A diver descends into deep water. Which property of fluid does he experience?,Increased density,Increased temperature,Increased pressure,Increased viscosity,C,The diver experiences increased pressure due to the weight of the fluid above. The other options are not directly related to the effect of deep water on a diver.,Pressure and density,Easy,Physics,Fluid Dynamics
A patient with a blocked artery is being treated with a stent. What is the mechanism of action of the stent?,It increases the blood pressure in the artery,It reduces the shear stress on the artery wall,It expands the artery diameter,It decreases the viscosity of blood,C,"The stent expands the artery diameter to improve blood flow, not by increasing blood pressure, reducing shear stress, or decreasing blood viscosity.",Blood flow and circulation,Medium,Physics,Fluid Dynamics
A person is scuba diving and experiences a rapid loss of air from his scuba tank. What is the most likely cause of this problem?,The regulator is not functioning properly,The tank is not pressurized,The valve is open,The tank is not sealed,C,"The most likely cause is that the valve is open, allowing the air to escape. The other options are not directly related to the rapid loss of air from the scuba tank.",Fluid flow and pressure,Hard,Physics,Fluid Dynamics
A patient with a blood clot in the leg is being treated with anticoagulants. What is the mechanism of action of these medications?,They increase the blood pressure in the leg,They reduce the viscosity of blood,They prevent platelet aggregation,They increase the shear stress on the artery wall,C,"Anticoagulants prevent platelet aggregation, which is the mechanism of action in this scenario. The other options are not directly related to the treatment of blood clots.",Blood flow and circulation,Medium,Physics,Fluid Dynamics
A person is swimming in a pool and experiences a sudden loss of control. What is the most likely cause of this problem?,The pool water is too cold,The pool water is too dense,The pool water is too viscous,The person is experiencing a loss of buoyancy,D,"The most likely cause is a loss of buoyancy, which would cause a person to sink in the water. The other options are not directly related to the sudden loss of control.",Fluid density and buoyancy,Easy,Physics,Fluid Dynamics
A patient with a heart valve problem is being treated with a surgical repair. What is the mechanism of action of this procedure?,It increases the blood pressure in the heart,It reduces the shear stress on the heart valve,It repairs the damaged valve leaflet,It decreases the viscosity of blood,C,"The procedure repairs the damaged valve leaflet, which is the mechanism of action in this scenario. The other options are not directly related to the surgical repair of the heart valve.",Blood flow and circulation,Medium,Physics,Fluid Dynamics
A person is snorkeling in a coral reef and experiences a sudden change in water pressure. What is the most likely cause of this problem?,The water is too shallow,The water is too deep,The person is experiencing a sudden change in temperature,The person is experiencing a sudden change in water pressure,D,"The most likely cause is a sudden change in water pressure, which can occur when a person descends or ascends rapidly in the water. The other options are not directly related to the sudden change in water pressure.",Pressure and density,Medium,Physics,Fluid Dynamics
A patient with a bleeding disorder is being treated with clotting factors. What is the mechanism of action of these medications?,They increase the blood pressure in the body,They reduce the viscosity of blood,They stimulate the production of platelets,They decrease the shear stress on the artery wall,B,"Clotting factors reduce the viscosity of blood, which is the mechanism of action in this scenario. The other options are not directly related to the treatment of bleeding disorders.",Blood flow and circulation,Medium,Physics,Fluid Dynamics
A patient with a blood clot in the lung is being treated with anticoagulants. What is the mechanism of action of these medications?,They increase the blood pressure in the lung,They reduce the viscosity of blood,They prevent platelet aggregation,They increase the shear stress on the artery wall,C,"Anticoagulants prevent platelet aggregation, which is the mechanism of action in this scenario. The other options are not directly related to the treatment of blood clots in the lung.",Blood flow and circulation,Medium,Physics,Fluid Dynamics
A person is swimming in a pool and experiences a sudden loss of control due to a change in water temperature. What is the most likely cause of this problem?,The pool water is too cold,The pool water is too dense,The pool water is too viscous,The person is experiencing a loss of buoyancy,A,"The most likely cause is that the pool water is too cold, which can cause a sudden loss of control. The other options are not directly related to the sudden loss of control.",Fluid density and buoyancy,Easy,Physics,Fluid Dynamics
A patient with a bleeding disorder is being treated with surgical repair. What is the mechanism of action of this procedure?,It increases the blood pressure in the body,It reduces the viscosity of blood,It repairs the damaged blood vessel,It decreases the shear stress on the artery wall,C,"The procedure repairs the damaged blood vessel, which is the mechanism of action in this scenario. The other options are not directly related to the surgical repair of bleeding disorders.",Blood flow and circulation,Medium,Physics,Fluid Dynamics
A patient with a bleeding disorder is being treated with clotting agents. What is the mechanism of action of these medications?,They increase the blood pressure in the body,They reduce the viscosity of blood,They stimulate the production of platelets,They decrease the shear stress on the artery wall,B,"Clotting agents reduce the viscosity of blood, which is the mechanism of action in this scenario. The other options are not directly related to the treatment of bleeding disorders.",Blood flow and circulation,Medium,Physics,Fluid Dynamics
A patient with a blood clot in the brain is being treated with anticoagulants. What is the mechanism of action of these medications?,They increase the blood pressure in the brain,They reduce the viscosity of blood,They prevent platelet aggregation,They increase the shear stress on the artery wall,C,"Anticoagulants prevent platelet aggregation, which is the mechanism of action in this scenario. The other options are not directly related to the treatment of blood clots in the brain.",Blood flow and circulation,Medium,Physics,Fluid Dynamics
A swimmer performs a butterfly stroke in a pool. Which type of fluid flow does their arm create?,Laminar flow,Turbulent flow,Poiseuille's law,Bernoulli's principle,B,"Turbulent flow occurs when fluid flow is chaotic and irregular, like in the case of a swimmer's arm during a butterfly stroke, whereas laminar flow is smooth and orderly.",Types of fluid flow,Easy,Physics,Fluid Dynamics
"A water tank has a small hole at the bottom. When the tank is filled with water, the rate of water flow out of the hole is dependent on which factor?",Height of the water column above the hole,Area of the hole,Density of the water,Viscosity of the air above the water,A,"The rate of water flow out of the hole is directly proportional to the height of the water column above the hole, as per Torricelli's theorem.",Applications of fluid flow,Easy,Physics,Fluid Dynamics
A car's air brake system uses compressed air to create a high-pressure fluid flow. What is the primary advantage of using air over hydraulic fluid?,Lower viscosity,Higher density,Faster flow rate,Resistance to compression,D,"Air is more resistant to compression than hydraulic fluid, making it more suitable for high-pressure applications like air brakes.",Applications of fluid flow,Medium,Physics,Fluid Dynamics
A fluid flows through a narrow tube with a smooth surface. What is the shape of the velocity profile of the fluid?,Parabolic,Spherical,Elliptical,Gaussian,A,"The velocity profile of fluid flow through a narrow tube with a smooth surface is parabolic, as described by Hagen-Poiseuille's law.",Velocity profile,Medium,Physics,Fluid Dynamics
A ship sails through calm waters. What is the relationship between the ship's velocity and the fluid's velocity around it?,Equal and opposite,Proportional,Inverse,No relationship,A,"The ship's velocity and the fluid's velocity around it are equal and opposite, as per Newton's third law of motion.",Fluid dynamics and Newton's laws,Medium,Physics,Fluid Dynamics
A fire hose discharges water at a high velocity. What is the primary factor affecting the impact pressure of the water on a surface?,Density of the water,Velocity of the water,Area of the discharge,Viscosity of the water,B,"The impact pressure of the water on a surface is directly proportional to the square of the velocity of the water, as per Bernoulli's principle.",Applications of fluid flow,Medium,Physics,Fluid Dynamics
A fluid flows through a porous medium. What is the characteristic of the fluid flow in such a medium?,Non-uniform,Laminar,Turbulent,Steady,A,"Fluid flow through a porous medium is typically non-uniform, as the fluid interacts with the porous material in a complex manner.",Fluid flow through porous media,Hard,Physics,Fluid Dynamics
A fluid flows through a pipe with a constriction. What is the effect on the fluid's velocity at the constriction?,Decreases,Increases,Remains constant,Increases at a different location,B,"The fluid's velocity increases at the constriction due to the conservation of mass, as the fluid must accelerate to maintain the same flow rate.",Applications of fluid flow,Hard,Physics,Fluid Dynamics
A submarine descends into the depths of the ocean. What is the effect on the surrounding fluid pressure?,Increases,Decreases,Remains constant,Increases at a different location,A,"The surrounding fluid pressure increases as the submarine descends, due to the hydrostatic pressure of the fluid.",Applications of fluid flow,Hard,Physics,Fluid Dynamics
A fluid flows through a channel with a non-uniform cross-sectional area. What is the shape of the velocity profile?,Parabolic,Spherical,Elliptical,Gaussian,C,"The velocity profile of fluid flow through a channel with a non-uniform cross-sectional area is elliptical, due to the varying flow rate.",Velocity profile,Hard,Physics,Fluid Dynamics
A pump increases the pressure of a fluid. What is the effect on the fluid's velocity?,Increases,Decreases,Remains constant,Increases at a different location,B,"The fluid's velocity decreases when the pressure is increased, due to the conservation of energy.",Applications of fluid flow,Hard,Physics,Fluid Dynamics
A fluid flows through a pipe with a gradual expansion. What is the effect on the fluid's velocity?,Increases,Decreases,Remains constant,Increases at a different location,A,"The fluid's velocity increases as the pipe expands, due to the conservation of mass.",Applications of fluid flow,Hard,Physics,Fluid Dynamics
A submarine breaks the surface of the ocean. What is the relationship between the submarine's velocity and the fluid's velocity around it?,Equal and opposite,Proportional,Inverse,No relationship,A,"The submarine's velocity and the fluid's velocity around it are equal and opposite, as per Newton's third law of motion.",Fluid dynamics and Newton's laws,Hard,Physics,Fluid Dynamics
A fluid flows through a pipe with a sudden expansion. What is the effect on the fluid's velocity?,Increases,Decreases,Remains constant,Increases at a different location,A,"The fluid's velocity increases at the sudden expansion, due to the conservation of energy.",Applications of fluid flow,Hard,Physics,Fluid Dynamics
A ship sails through rough waters. What is the effect on the surrounding fluid pressure?,Increases,Decreases,Remains constant,Increases at a different location,B,"The surrounding fluid pressure decreases as the ship sails through rough waters, due to the reduced hydrostatic pressure.",Applications of fluid flow,Hard,Physics,Fluid Dynamics
A cyclist pedals at a steady speed on a flat road.,Power is expended to overcome the force of gravity.,Power is expended to accelerate the mass of the bicycle.,Power is expended to overcome the viscous force of the air.,Power is expended to maintain the angular momentum of the wheels.,C,"Viscous force is responsible for the power expenditure as the cyclist pedals through the air. Option A is incorrect because gravity's effect is negligible on a flat road, option B is incorrect because the cyclist isn't accelerating, and option D is incorrect because angular momentum doesn't directly relate to power expenditure in this scenario.",Viscosity and Viscous Force,Easy,Physics,Fluid Dynamics
A 2-L container holds water at 20°C.,The pressure at the bottom of the container is 2000 Pa.,The pressure at the bottom of the container is 3000 Pa.,The pressure at the bottom of the container is 4000 Pa.,The pressure at the bottom of the container is 5000 Pa.,A,"The pressure at the bottom of the container due to the 2-L water column is equal to ρgh, where ρ is water density (approximately 1000 kg/m³), g is the acceleration due to gravity (approximately 9.8 m/s²), and h is the height of the water column. Since 2 L ≈ 0.002 m³ and ρgh = (1000 kg/m³ * 9.8 m/s² * 0.002 m) = 19.6 Pa, which is close but not equal to 20 Pa. However, a more precise calculation yields approximately 20 Pa, but 20 Pa is not among options, so we choose A due to being the closest. Option B is incorrect because it is too high, option C is incorrect because it is even higher, and option D is incorrect because it's far too high.",Pressure in Fluids,Medium,Physics,Fluid Dynamics
A swimmer pushes off the side of the pool with a force of 50 N.,The swimmer's velocity after pushing off increases by 2 m/s.,The swimmer's velocity after pushing off increases by 4 m/s.,The swimmer's velocity after pushing off is approximately 1 m/s.,The swimmer's velocity after pushing off is approximately 0.5 m/s.,D,"From Newton's second law, F = ma, and given that the force F = 50 N, the acceleration a = F/m ≈ 50 N / 50 kg ≈ 1 m/s². Using the equation v² = u² + 2as, where v is the final velocity, u is the initial velocity (0), a is the acceleration, and s is the displacement (approximately 0.2 m), we find v ≈ √(2 * 1 m/s² * 0.2 m) ≈ 0.45 m/s. Thus, option D is the closest. Option A is incorrect because the velocity increase is less than expected, option B is incorrect because the velocity increase is more than expected, and option C is incorrect because the velocity increase is not as small as expected.",Force and Pressure in Fluids,Hard,Physics,Fluid Dynamics
A river flows at a speed of 2 m/s.,The river's Reynolds number is less than 0.1.,The river's Reynolds number is approximately 1.,The river's Reynolds number is between 10 and 100.,The river's Reynolds number is greater than 1000.,C,"The Reynolds number Re is given by Re = ρUL/μ, where ρ is the fluid density, U is the fluid velocity, L is the characteristic length, and μ is the fluid viscosity. Given that ρ ≈ 1000 kg/m³, U = 2 m/s, L = 1 m, and μ ≈ 0.001 Pa·s (for water), we find Re ≈ 1000. However, option D is incorrect because the Reynolds number is not greater than 1000. Option A is incorrect because the Reynolds number is not less than 0.1, and option B is incorrect because the Reynolds number is not approximately 1. Option C, between 10 and 100, is the correct range for the river's Reynolds number in this scenario.",Viscosity and Viscous Force,Easy,Physics,Fluid Dynamics
A submarine is submerged 100 m below the surface of the ocean.,The water pressure at this depth is 1000 Pa.,The water pressure at this depth is 2000 Pa.,The water pressure at this depth is 3000 Pa.,The water pressure at this depth is 4000 Pa.,C,"The pressure at a point due to a fluid column is given by P = ρgh, where ρ is the fluid density, g is the acceleration due to gravity, and h is the height of the fluid column. Given that ρ ≈ 1000 kg/m³, g = 9.8 m/s², and h = 100 m, we find P ≈ 98000 Pa. However, option D is incorrect because the pressure is not 40000 Pa, option A is incorrect because the pressure is not 10000 Pa, and option B is incorrect because the pressure is not 20000 Pa. Option C is closest to the calculated value.",Pressure in Fluids,Medium,Physics,Fluid Dynamics
A pipe carries water at a speed of 5 m/s.,The pipe's diameter is 0.5 m.,The pipe's diameter is 1 m.,The pipe's diameter is 1.5 m.,The pipe's diameter is 2 m.,D,"From the equation for the flow rate Q = A v, where Q is the flow rate, A is the pipe cross-sectional area, and v is the fluid velocity, we find A = Q / v = (0.002 m³/s) / (5 m/s) ≈ 0.0004 m². Given that the area of a circle is A = π r², where r is the radius, we find r ≈ √(0.0004 m² / π) ≈ 0.02 m. The diameter is twice the radius, so the diameter is approximately 0.04 m. However, option A, B, and C are incorrect because the calculated diameter is not as large as expected. Option D, 2 m, is the closest, but given the calculation, it is too high, hence it is incorrect, but it is the closest.",Flow in Pipes,Hard,Physics,Fluid Dynamics
A tank is filled with oil at 20°C.,The oil's density is 800 kg/m³.,The oil's density is 900 kg/m³.,The oil's density is 1000 kg/m³.,The oil's density is 1200 kg/m³.,C,"The density of the oil ρ is approximately 950 kg/m³ (a typical value for oil). Option A is incorrect because the calculated density is not 800 kg/m³, option B is incorrect because the calculated density is not 900 kg/m³, and option D is incorrect because the calculated density is not 1200 kg/m³. The correct answer is option C because the calculated density is approximately 950 kg/m³.",Density and Buoyancy,Easy,Physics,Fluid Dynamics
A boat moves at a speed of 3 m/s.,The boat's Reynolds number is less than 0.1.,The boat's Reynolds number is approximately 1.,The boat's Reynolds number is between 10 and 100.,The boat's Reynolds number is greater than 1000.,C,"The Reynolds number Re is given by Re = ρUL/μ, where ρ is the fluid density, U is the fluid velocity, L is the characteristic length, and μ is the fluid viscosity. Given that ρ ≈ 1000 kg/m³, U = 3 m/s, L = 1 m, and μ ≈ 0.001 Pa·s (for water), we find Re ≈ 3000. However, option D is incorrect because the Reynolds number is not greater than 1000. Option A is incorrect because the Reynolds number is not less than 0.1, and option B is incorrect because the Reynolds number is not approximately 1. Option C, between 10 and 100, is incorrect because the calculated Reynolds number is not within this range, but it is closer than the other options.",Viscosity and Viscous Force,Easy,Physics,Fluid Dynamics
A pump delivers water at a speed of 5 m/s.,The pump's power is 100 W.,The pump's power is 200 W.,The pump's power is 500 W.,The pump's power is 1000 W.,C,"The power P of the pump is given by P = ρ Q g, where ρ is the fluid density, Q is the flow rate, and g is the acceleration due to gravity. Given that ρ ≈ 1000 kg/m³, Q = 0.002 m³/s, and g = 9.8 m/s², we find P ≈ 19600 W. However, option D is incorrect because the calculated power is not 10000 W. Option A is incorrect because the calculated power is not 100 W, and option B is incorrect because the calculated power is not 200 W. Option C is the closest to the calculated value.",Energy and Power in Fluids,Medium,Physics,Fluid Dynamics
A pipe carries water at a speed of 2 m/s.,The pipe's diameter is 0.5 m.,The pipe's diameter is 1 m.,The pipe's diameter is 1.5 m.,The pipe's diameter is 2 m.,B,"From the equation for the flow rate Q = A v, where Q is the flow rate, A is the pipe cross-sectional area, and v is the fluid velocity, we find A = Q / v = (0.001 m³/s) / (2 m/s) ≈ 0.0005 m². Given that the area of a circle is A = π r², where r is the radius, we find r ≈ √(0.0005 m² / π) ≈ 0.016 m. The diameter is twice the radius, so the diameter is approximately 0.032 m. However, option A and C are incorrect because the calculated diameter is not as large as expected. Option D is incorrect because the calculated diameter is not as large as expected. Option B is the closest, but given the calculation, it is slightly too low, hence it is incorrect, but it is the closest.",Flow in Pipes,Hard,Physics,Fluid Dynamics
A submarine is submerged 50 m below the surface of the ocean.,The water pressure at this depth is 500 Pa.,The water pressure at this depth is 1000 Pa.,The water pressure at this depth is 1500 Pa.,The water pressure at this depth is 2000 Pa.,C,"The pressure at a point due to a fluid column is given by P = ρgh, where ρ is the fluid density, g is the acceleration due to gravity, and h is the height of the fluid column. Given that ρ ≈ 1000 kg/m³, g = 9.8 m/s², and h = 50 m, we find P ≈ 49000 Pa. However, option D is incorrect because the pressure is not 40000 Pa, option A is incorrect because the pressure is not 10000 Pa, and option B is incorrect because the pressure is not 20000 Pa. Option C is closest to the calculated value.",Pressure in Fluids,Medium,Physics,Fluid Dynamics
A boat moves at a speed of 4 m/s.,The boat's Reynolds number is less than 0.1.,The boat's Reynolds number is approximately 1.,The boat's Reynolds number is between 10 and 100.,The boat's Reynolds number is greater than 1000.,D,"The Reynolds number Re is given by Re = ρUL/μ, where ρ is the fluid density, U is the fluid velocity, L is the characteristic length, and μ is the fluid viscosity. Given that ρ ≈ 1000 kg/m³, U = 4 m/s, L = 1 m, and μ ≈ 0.001 Pa·s (for water), we find Re ≈ 4000. However, option C is incorrect because the calculated Reynolds number is not between 10 and 100. Option A is incorrect because the Reynolds number is not less than 0.1, and option B is incorrect because the Reynolds number is not approximately 1. Option D is the correct answer because the calculated Reynolds number is greater than 1000.",Viscosity and Viscous Force,Easy,Physics,Fluid Dynamics
A submarine dives to a depth of 10 m.,The water pressure at this depth is 100 Pa.,The water pressure at this depth is 200 Pa.,The water pressure at this depth is 300 Pa.,The water pressure at this depth is 400 Pa.,D,"The pressure at a point due to a fluid column is given by P = ρgh, where ρ is the fluid density, g is the acceleration due to gravity, and h is the height of the fluid column. Given that ρ ≈ 1000 kg/m³, g = 9.8 m/s², and h = 10 m, we find P ≈ 9800 Pa. However, option C is incorrect because the pressure is not 3000 Pa, option A is incorrect because the pressure is not 1000 Pa, and option B is incorrect because the pressure is not 2000 Pa. Option D is closest to the calculated value.",Pressure in Fluids,Medium,Physics,Fluid Dynamics
A pipe carries water at a speed of 1.5 m/s.,The pipe's diameter is 0.25 m.,The pipe's diameter is 0.5 m.,The pipe's diameter is 1 m.,The pipe's diameter is 2 m.,C,"From the equation for the flow rate Q = A v, where Q is the flow rate, A is the pipe cross-sectional area, and v is the fluid velocity, we find A = Q / v = (0.0005 m³/s) / (1.5 m/s) ≈ 0.00033 m². Given that the area of a circle is A = π r², where r is the radius, we find r ≈ √(0.00033 m² / π) ≈ 0.012 m. The diameter is twice the radius, so the diameter is approximately 0.024 m. However, option A and B are incorrect because the calculated diameter is not as large as expected. Option D is incorrect because the calculated diameter is not as large as expected. Option C is the correct answer because the calculated diameter is approximately 0.024 m.",Flow in Pipes,Hard,Physics,Fluid Dynamics
