Question,Option_a,Option_b,Option_c,Option_d,Correct_answer,Explanation,Subtopic,Difficulty,Subject,Topic
A student needs to specify the direction of a force in the xy-plane without changing its magnitude. Which mathematical tool should be used?,Scalar vector,Unit vector,Position vector,Null vector,B,A unit vector is used only to specify direction; its magnitude is exactly one. Option C is wrong because unit vectors are dimensionless.,Unit Vectors,Easy,Physics,Vectors and Equilibrium
Two forces of equal magnitude act on a stationary block in exactly opposite directions. What is the resultant of these two vectors?,Unit vector,Position vector,Negative vector,Null vector,D,"The null vector has zero magnitude and arbitrary direction. Option A is tempting but wrong because it implies a specific, non-zero direction.",Null Vector,Easy,Physics,Vectors and Equilibrium
A porter carries a heavy suitcase while walking horizontally. What is the work done by the force of gravity on the suitcase?,Maximum positive,Maximum negative,Zero,Infinite,C,The dot product is zero when vectors are perpendicular (cos 90 = 0). Option A is wrong because work is a scalar product.,Scalar Product,Medium,Physics,Vectors and Equilibrium
"When applying a force to a wrench, the resulting torque is a vector quantity. What is the orientation of this torque vector?",Perpendicular to the plane,Parallel to the displacement,Parallel to the force,At 45 degrees to the plane,A,The cross product results in a vector perpendicular to the plane of the operands. Option B is wrong as it's only for dot products.,Vector Product,Medium,Physics,Vectors and Equilibrium
A mechanic applies a 100 N force at an angle of 30 degrees to a wrench of length 20 cm. What is the torque?,20 Nm,10 Nm,17.3 Nm,5 Nm,B,"Torque is rF sin(theta); sin(30) is 0.5, so 0.2m * 100N * 0.5 = 10 Nm. Option C fails by using cosine.",Torque,Hard,Physics,Vectors and Equilibrium
A car moves along a straight highway at a constant velocity of 80 km/h. Which condition of equilibrium is strictly satisfied?,Sum of torques is zero,Velocity is increasing,Sum of forces is zero,Acceleration is non-zero,C,The first condition requires the vector sum of all external forces to be zero. Option A is only for rotational equilibrium.,First Condition of Equilibrium,Easy,Physics,Vectors and Equilibrium
A uniform beam is balanced on a pivot such that it does not rotate. Which condition is being satisfied in this scenario?,Second condition of equilibrium,First condition of equilibrium,Law of inertia,Newton's third law,A,The second condition ensures no net rotation by requiring the sum of torques to be zero. Option B describes translational equilibrium.,Second Condition of Equilibrium,Easy,Physics,Vectors and Equilibrium
A vector of magnitude 10 units makes an angle of 60 degrees with the positive x-axis. What is the horizontal component?,8.66 units,10 units,7.07 units,5 units,D,"The x-component is calculated as A cos(theta). For 10 units at 60 degrees, 10 * 0.5 = 5. Option A incorrectly uses sine.",Rectangular Components,Medium,Physics,Vectors and Equilibrium
"An air traffic controller tracks a plane at coordinates (3, 4, 5) relative to the tower. What vector describes this location?",Unit vector,Position vector,Displacement vector,Null vector,B,"Position vectors start from the origin (0,0,0) to the point (x,y,z). Option C represents a displacement vector between two points.",Position Vector,Medium,Physics,Vectors and Equilibrium
Two forces of 6 N and 8 N act on a single point. Which of the following could possibly be their resultant magnitude?,16 N,1 N,10 N,15 N,C,"The resultant range is |A-B| to |A+B|. Here, 8-6=2 and 8+6=14. Option B is wrong as it's below the minimum.",Resultant Magnitude,Hard,Physics,Vectors and Equilibrium
"In a physics lab, a student adds three displacement vectors graphically by joining them sequentially. Which rule are they applying?",Head-to-tail rule,Right-hand rule,Left-hand rule,Commutative rule,A,Head-to-tail rule adds vectors by joining the head of the first to the tail of the second. Option B describes subtraction.,Vector Addition,Easy,Physics,Vectors and Equilibrium
"While studying vector algebra, a student notices that the product of two vectors remains unchanged when their order is reversed. Which product is this?",Vector product,Cross product,Matrix product,Scalar product,D,The scalar product is commutative (A.B = B.A). Option A is wrong because cross products are anti-commutative.,Scalar Product,Easy,Physics,Vectors and Equilibrium
"When calculating the area of a parallelogram using vector products, how does reversing the order of vectors affect the result?",A x B = B x A,A x B = -(B x A),A x B = 0,A x B = 1,B,"A x B = -(B x A), meaning it is anti-commutative. Option A is wrong because the magnitudes are equal but directions opposite.",Vector Product,Medium,Physics,Vectors and Equilibrium
A rigid ladder rests against a smooth wall and a rough floor. What must be true for the ladder to remain stationary?,Only first condition,Only second condition,Both first and second conditions,Neither condition,C,Total equilibrium requires both zero net force and zero net torque. Option A only covers translational motion.,Equilibrium,Medium,Physics,Vectors and Equilibrium
"In a torque calculation, what is the term for the perpendicular distance from the axis of rotation to the force's line of action?",Moment arm,Position vector,Resultant vector,Unit vector,A,The moment arm is the perpendicular distance from the pivot to the line of action. Option B is just the displacement.,Torque,Hard,Physics,Vectors and Equilibrium
A student has the x and y components of a force vector. Which trigonometric function determines the angle with the x-axis?,Pythagorean theorem,Sine rule,Cosine rule,Tangent inverse ratio,D,The direction theta is found using tan inverse of (Ay/Ax). Option A is wrong because it calculates magnitude.,Direction of a Vector,Easy,Physics,Vectors and Equilibrium
"If a vector is divided by its own magnitude, what is the magnitude of the resulting vector?",0,1,Infinity,Variable,B,"By definition, a unit vector has a magnitude of exactly 1. Option A is the magnitude of a null vector.",Unit Vector,Medium,Physics,Vectors and Equilibrium
A picture frame is hung by two symmetric strings making an angle theta with the horizontal. What relates tension T to weight W?,2T sin(theta) = W,T = W,T cos(theta) = W,T = 2W,A,"In vertical equilibrium, the sum of vertical components of tension must equal the weight. Option B ignores the angle.",Resolution of Forces,Medium,Physics,Vectors and Equilibrium
A researcher uses two vectors representing the sides of a crystal face. What represents the area of this face?,Dot product,Scalar product,Magnitude of cross product,Half of cross product,C,The magnitude of the cross product |A x B| equals the area of the parallelogram. Option D refers to a triangle.,Vector Product,Medium,Physics,Vectors and Equilibrium
"During a vector subtraction exercise, a student subtracts a displacement vector from itself. What is the specific name of the result?",Zero,Unit vector,Original vector,Null vector,D,"Subtracting a vector from itself (A - A) results in a null vector. Option A is wrong because it's a vector, not a scalar.",Vector Subtraction,Hard,Physics,Vectors and Equilibrium
An engineer applies a force of 100 N to a structural beam at an angle of 60 degrees with the horizontal axis. What is the horizontal component?,86.6 N,50.0 N,100.0 N,25.0 N,B,"Fx equals F cos(theta), giving 100 cos(60) which is 50N. Option C fails because it uses the sine function incorrectly for horizontal components.",Rectangular Components,Easy,Physics,Vectors and Equilibrium
A particle moves in the xy-plane with a position vector r = 3i + 4j. Calculate the magnitude of its displacement from the origin.,7 units,1 unit,5 units,25 units,C,"The magnitude is the square root of (3 squared plus 4 squared), totaling 5. Option B is incorrect as it simply adds the scalar components.",Magnitude of a Vector,Easy,Physics,Vectors and Equilibrium
Two vectors are defined as A = 3i and B = 4j. What is the result of the scalar product A dot B for these vectors?,12,7,1,0,D,The scalar product of perpendicular unit vectors i and j is zero. Option A is tempting because it represents the product of their magnitudes.,Scalar Product,Easy,Physics,Vectors and Equilibrium
A mechanic uses a wrench of length 50 cm to loosen a bolt by applying a perpendicular force of 20 N. Calculate the torque produced.,10 Nm,20 Nm,5 Nm,40 Nm,A,"Torque is rF sin(90), so 0.5m times 20N equals 10 Nm. Option B fails because it ignores the 0.5m moment arm conversion.",Torque,Easy,Physics,Vectors and Equilibrium
Two forces of 3 N and 4 N act simultaneously on a point object at an angle of 90 degrees. What is the magnitude of the resultant?,7 N,5 N,1 N,12 N,B,The resultant of two perpendicular vectors is the square root of (3 squared plus 4 squared). Option A is a simple algebraic sum.,Vector Addition,Easy,Physics,Vectors and Equilibrium
A vector is represented as A = i + j. What is the angle that this vector makes with the positive x-axis?,0 degrees,90 degrees,45 degrees,60 degrees,C,"The angle is calculated as arctan(y/x), where arctan(1/1) equals 45 degrees. Option D is incorrect as it assumes a 90-degree orientation.",Direction of a Vector,Easy,Physics,Vectors and Equilibrium
"A force vector F has a magnitude of 10 N. If another vector -F is added to it, what is the magnitude of the resultant?",0,-10,20,100,A,Subtracting a vector from itself always results in a null vector with zero magnitude. Option B is wrong because magnitudes cannot be negative.,Null Vector,Easy,Physics,Vectors and Equilibrium
A 5 kg block is resting on a flat horizontal table in a state of static equilibrium. Which mathematical condition must be satisfied?,Sum of torques is zero,Sum of forces is maximum,Velocity is maximum,Sum of forces is zero,D,"For the first condition of equilibrium, the vector sum of all forces must be zero. Option A describes the second condition of equilibrium.",First Condition of Equilibrium,Easy,Physics,Vectors and Equilibrium
Consider two vectors A = i + j and B = i - j. Determine the angle between these two vectors using the scalar product formula.,0 degrees,90 degrees,180 degrees,45 degrees,B,"The dot product is (1)(1) + (1)(-1) = 0, indicating a 90-degree angle. Option A is incorrect because the vectors are not parallel.",Angle between Vectors,Medium,Physics,Vectors and Equilibrium
A physicist calculates the vector product of A = 2i and B = 3j. What is the magnitude of the resulting vector A x B?,0,1,6,5,C,"The magnitude of the cross product (2i x 3j) is 6k, which has a magnitude of 6. Option D fails by adding the magnitudes.",Vector Product,Medium,Physics,Vectors and Equilibrium
"A 100 N weight is hung from the middle of a light string, making an angle of 30 degrees with the horizontal. Calculate the tension.",100 N,50 N,200 N,86.6 N,A,"In vertical symmetry, 2T sin(theta) = W. Here T = 100 / (2 * sin 30) = 100 N. Option B ignores the vertical component factor.",Equilibrium,Medium,Physics,Vectors and Equilibrium
A vector A has a magnitude of 10 units and its x-component is 6 units. Calculate the magnitude of its y-component.,4 units,16 units,10 units,8 units,D,"Using the Pythagorean theorem, Ay = sqrt(10^2 - 6^2) = 8. Option B is incorrect as it is just the difference 10 - 6.",Rectangular Components,Medium,Physics,Vectors and Equilibrium
A 10 N force is applied at the end of a 2 m long lever arm at an angle of 30 degrees to the arm. Find the torque.,17.3 Nm,10.0 Nm,20.0 Nm,5.0 Nm,B,"Torque is rF sin(theta), so 2m * 10N * sin(30) = 10 Nm. Option A fails because it uses cosine instead of sine.",Torque,Medium,Physics,Vectors and Equilibrium
"A drone flies from point P(1, 2, 3) to point Q(4, 6, 3) in a Cartesian coordinate system. Calculate the magnitude of its displacement.",19 units,7 units,5 units,25 units,C,The displacement vector is (4-1)i + (6-2)j + (3-3)k = 3i + 4j. Magnitude is 5. Option A is the sum of coordinates.,Position Vector,Medium,Physics,Vectors and Equilibrium
Two forces of 10 N and 6 N act on a body. What are the maximum and minimum possible magnitudes of their resultant force?,10 N and 6 N,16 N and 0 N,14 N and 4 N,16 N and 4 N,D,Max resultant is 10+6=16N and min is 10-6=4N. Option B is wrong as it suggests the minimum can be zero.,Vector Addition,Medium,Physics,Vectors and Equilibrium
"Given a vector A = 3i - 4j, find the unit vector in the direction of A for normalized directional analysis.",0.6i - 0.8j,3i - 4j,0.6i + 0.8j,1i - 1j,A,The unit vector is A divided by its magnitude (5). This gives 0.6i - 0.8j. Option C is wrong because it uses the wrong signs.,Unit Vector,Medium,Physics,Vectors and Equilibrium
A 10m uniform plank weighing 100N rests on two end supports. A 200N man stands 2.5m from the left support. Find the left support reaction.,150 N,200 N,100 N,250 N,B,"Summing torques about one end: R(10) - 100(5) - 200(7.5) = 0, so R = 200N. Option C is wrong because it ignores the plank weight.",Equilibrium,Hard,Physics,Vectors and Equilibrium
Calculate the area of a parallelogram formed by two vectors A = 3i and B = 4j originating from the same point.,0,7,14,12,D,"Area equals magnitude of A x B. (3i x 4j) = 12k, magnitude 12. Option A is the result of a dot product.",Vector Product,Hard,Physics,Vectors and Equilibrium
"A force F = 2i + 3j acts on a body, moving it from (1, 1) to (4, 5). Calculate the work done by this force.",23 J,15 J,18 J,12 J,C,Displacement d is (4-1)i + (5-1)j = 3i + 4j. Work = F dot d = (2)(3) + (3)(4) = 18 J. Option D is incorrect.,Scalar Product,Hard,Physics,Vectors and Equilibrium
A 10 N picture frame is hung by two wires making an angle of 30 degrees with the vertical. Calculate the tension in each wire.,10.0 N,5.0 N,8.6 N,20.0 N,A,"Using 2T cos(theta) = W where theta is 60 degrees from vertical, T = 10 / (2 * 0.5) = 10 N. Option B is incorrect.",Equilibrium,Hard,Physics,Vectors and Equilibrium
A student pulls a block with a 6 N force eastward and an 8 N force northward. What is the magnitude of the resultant force?,14 N,10 N,2 N,12 N,B,The formula R = sqrt(A^2 + B^2) applies when vectors are at 90 degrees. Option A fails because it ignores the vector direction.,Vector Addition,Easy,Physics,Vectors and Equilibrium
"In a three-dimensional Cartesian coordinate system, what is the result of the scalar product between the unit vectors i and j?",1,k,0,-1,C,The dot product of perpendicular unit vectors is zero because cos(90) is zero. Option B is incorrect as it applies to parallel vectors.,Scalar Product,Easy,Physics,Vectors and Equilibrium
A mechanic uses a wrench to loosen a nut. Which formula correctly represents the magnitude of the torque applied at an angle θ?,τ = r F sinθ,τ = r F cosθ,τ = r F tanθ,τ = r / F,A,Torque is the product of force and the perpendicular distance (l = r sinθ). Option B fails because it uses the parallel component.,Torque,Easy,Physics,Vectors and Equilibrium
A force of 10 N acts at an angle of 30 degrees with the positive x-axis. What is the magnitude of its horizontal component?,10 sin(30) N,10 sin(60) N,10 tan(30) N,10 cos(30) N,D,The horizontal component is found using A cosθ. Option B is incorrect because it represents the vertical component in standard orientation.,Resolution of Vectors,Easy,Physics,Vectors and Equilibrium
"When calculating the vector product of two vectors A and B, what is the orientation of the resulting vector relative to A and B?",Parallel to both vectors,Perpendicular to the plane of A and B,At a 45 degree angle to vector A,In the same direction as vector B,B,The cross product of two vectors is always perpendicular to the plane containing them. Option A fails because it describes the dot product.,Vector Product,Easy,Physics,Vectors and Equilibrium
Two vectors are oriented in the same direction such that the angle between them is zero. What is the magnitude of their cross product?,AB,1,0,-AB,C,"The cross product magnitude is AB sinθ; since sin(0) is zero, the product is zero. Option A describes the dot product result.",Vector Product,Easy,Physics,Vectors and Equilibrium
"A particle is located at a point P with coordinates (3, 4) in the xy-plane. What is the correct expression for its position vector?",r = 3i + 4j,r = 4i + 3j,r = 7ij,r = 5(i + j),A,The position vector is defined as r = xi + yj. Option B is incorrect because it swaps the unit vectors for the coordinates.,Position Vector,Easy,Physics,Vectors and Equilibrium
A heavy crate rests motionless on a horizontal floor. Which mathematical condition must be satisfied for the translational equilibrium of the crate?,ΣF > 0,ΣF = 0,Στ ≠ 0,Fx = Fy,B,Static equilibrium requires the vector sum of all forces to be zero. Option D is incorrect because it only considers one dimension.,Equilibrium,Easy,Physics,Vectors and Equilibrium
"Given two vectors A = i + j and B = 3i + 4j, what is the approximate angle between them calculated using the dot product formula?",90 degrees,0 degrees,60 degrees,45 degrees,D,"Using cosθ = (A.B)/(|A||B|), (3+4+0)/(sqrt(26)*sqrt(2)) leads to 45 degrees. Option A is a common guess for perpendicular vectors.",Scalar Product,Medium,Physics,Vectors and Equilibrium
A 50 cm long rod is pivoted at one end. A force of 10 N is applied at the other end at 30 degrees. What is the torque?,0.5 Nm,5.0 Nm,2.5 Nm,4.3 Nm,C,Torque is r multiplied by the perpendicular component of F. Option D fails because it uses the wrong trigonometric function for the lever arm.,Torque,Medium,Physics,Vectors and Equilibrium
"If the magnitude of the resultant of two equal vectors is equal to the magnitude of either vector, what is the angle between them?",90 degrees,120 degrees,60 degrees,180 degrees,B,"If R=A=B, the law of cosines R^2 = A^2 + B^2 + 2AB cosθ requires cosθ = -1/2. Option A is for perpendicular vectors.",Vector Addition,Medium,Physics,Vectors and Equilibrium
At what specific angle between two non-zero vectors will the magnitude of their scalar product be equal to the magnitude of their vector product?,45 degrees,90 degrees,0 degrees,180 degrees,A,"AB cosθ = AB sinθ implies tanθ = 1, so θ = 45 degrees. Option B is where the cross product is maximum.",Scalar and Vector Products,Medium,Physics,Vectors and Equilibrium
Three vectors of equal magnitude A are joined head-to-tail to form an equilateral triangle. What is the magnitude of their resultant vector?,3A,A sqrt(3),0,A,C,"If vectors form a closed loop, the start and end points coincide, making the resultant zero. Option A assumes they add linearly.",Vector Addition,Medium,Physics,Vectors and Equilibrium
A force F = 3i + 4j Newtons displaces a body by d = 2i + 3j meters. What is the work done by the force?,12 J,7 J,24 J,18 J,D,Work is the dot product F.d = (3*2) + (4*3) = 18. Option B is incorrect because it adds components without multiplying.,Scalar Product,Medium,Physics,Vectors and Equilibrium
A uniform plank is balanced on a sharp pivot at its center. Which condition specifically ensures the plank does not rotate when weights are added?,ΣF = 0,Στ = 0,ΣFx = 0,Σp = 0,B,Second condition of equilibrium (Στ = 0) prevents rotation. Option A only ensures the object does not move linearly.,Equilibrium,Medium,Physics,Vectors and Equilibrium
What is the unit vector in the direction of the vector A = 3i + 4j?,(3i + 4j) / 5,(3i + 4j) / 7,(3i + 4j) / 25,(3i + 4j) / 1,A,A unit vector is the vector divided by its magnitude (sqrt(3^2 + 4^2) = 5). Option C incorrectly uses the square of the magnitude.,Unit Vector,Medium,Physics,Vectors and Equilibrium
Two vectors have magnitudes of 10 units and 5 units. What is the ratio of the maximum possible resultant to the minimum possible resultant?,1.5,2.0,3.0,5.0,C,Rmax = A+B and Rmin = A-B. (A+B)/(A-B) = 15/5 = 3. Option A ignores the subtraction in the denominator.,Vector Addition,Hard,Physics,Vectors and Equilibrium
Which mathematical vector operation correctly defines the torque vector τ in terms of position vector r and force vector F?,F x r,r x F,r . F,r + F,B,Torque is defined as r x F. F x r results in the opposite direction. Option C is a scalar and cannot represent torque.,Torque,Hard,Physics,Vectors and Equilibrium
A block of weight W is held in equilibrium on a frictionless incline of angle θ by a string. What is the tension?,W cosθ,W tanθ,W / sinθ,W sinθ,D,The component of weight acting down the plane is W sinθ. Option A is the normal force component.,Equilibrium,Hard,Physics,Vectors and Equilibrium
"If the magnitude of the sum of two vectors is equal to the magnitude of their difference, what is the angle between the vectors?",90 degrees,0 degrees,180 degrees,45 degrees,A,"If |A+B| = |A-B|, then the vectors must be perpendicular (90 degrees). Option B results in |A+B| being maximum.",Vector Addition,Hard,Physics,Vectors and Equilibrium
A student adds vector A to vector B and then repeats the process by adding vector B to vector A. What is observed?,The resultant magnitude increases,The resultant vector remains identical,The direction of the resultant reverses,The resultant becomes a null vector,B,"Vector addition is commutative, meaning the order does not change the result. Option A is tempting but refers to scalar addition properties.",Vector Addition,Easy,Physics,Vectors and Equilibrium
Two vectors of equal magnitude are oriented such that their scalar product equals the magnitude of their vector product. What is the angle?,0 degrees,90 degrees,45 degrees,180 degrees,C,"At 45 degrees, sine and cosine values are equal, making magnitudes of dot and cross products identical. Option B is for 90 degrees.",Vector Multiplication,Easy,Physics,Vectors and Equilibrium
A mechanic applies a force to a wrench to tighten a bolt. In what direction is the resulting torque vector oriented?,Perpendicular to the plane of r and F,Parallel to the applied force F,In the direction of the displacement r,Opposite to the direction of rotation,A,Torque direction is always perpendicular to the plane containing the force and position vectors. Option C fails because torque has a specific direction.,Torque,Medium,Physics,Vectors and Equilibrium
An object is acted upon by three concurrent forces. What geometric condition must these forces satisfy to keep the object in equilibrium?,They must all be parallel,They must have equal magnitudes,They must be mutually perpendicular,They must be representable by sides of a triangle,D,Three vectors can only result in a null vector if they can form a closed triangle. Option A fails because magnitudes must allow closure.,Equilibrium,Medium,Physics,Vectors and Equilibrium
"If the axis of rotation of a rigid body is shifted to a new parallel position, why does the torque change even if force stays constant?",The applied force increases,The moment arm of the force changes,The vector product becomes a scalar,The direction of the force reverses,B,Torque depends on the perpendicular distance from the axis; changing the axis changes the moment arm. Option D incorrectly suggests force changes.,Torque,Hard,Physics,Vectors and Equilibrium
"In a Cartesian coordinate system, what specific information does the position vector provide about a stationary particle?",The distance between two moving points,The direction of motion of a particle,The location of a point relative to the origin,The magnitude of a force in equilibrium,C,A position vector specifically locates a point relative to the origin of a coordinate system. Option A describes a general displacement.,Position Vector,Easy,Physics,Vectors and Equilibrium
"When calculating the work done by a constant force acting on a moving crate, what is the physical nature of the result?",The product is a scalar quantity,The product is a vector quantity,The magnitude is always zero,The result depends on the rotation sense,A,"The scalar product yields work, which is a scalar quantity despite being derived from vectors. Option B refers to the vector product.",Scalar Product,Medium,Physics,Vectors and Equilibrium
A sign is suspended by two non-parallel ropes in a state of total equilibrium. What must be true about the three forces involved?,The forces must be equal in magnitude,The sum of the forces must be non-zero,The forces must act in the same direction,The lines of action must be concurrent,D,"For equilibrium under non-parallel forces, their lines of action must meet at a single point. Option B describes only translational equilibrium.",Equilibrium,Hard,Physics,Vectors and Equilibrium
A physicist calculates the vector product of a force vector with itself. What is the mathematically certain result of this operation?,The square of the vector magnitude,A null vector,A unit vector in the same direction,A scalar value of unity,B,"The cross product involves the sine of the angle; for parallel vectors (0 degrees), sine is zero. Option A is for dot products.",Vector Multiplication,Easy,Physics,Vectors and Equilibrium
"If a displacement vector is subtracted from an identical displacement vector, what is the properties of the resulting vector?",Twice the magnitude of the original vector,The square of the original magnitude,A null vector with no specific direction,A vector pointing in the opposite direction,C,Vector subtraction is the addition of a negative vector; A - A equals zero. Option A is only for addition of identical vectors.,Vector Subtraction,Medium,Physics,Vectors and Equilibrium
A racing car is designed with a very low chassis. How does this design affect its stability in terms of equilibrium?,The center of gravity is at the lowest position,The center of gravity is at the highest position,The center of gravity remains at the same height,The center of gravity is outside the body,A,"Stability increases as the center of gravity is lowered, reducing the potential for a tipping torque. Option C is for neutral equilibrium.",Stability,Medium,Physics,Vectors and Equilibrium
An airplane is flying in a three-dimensional path. How many rectangular components are required to fully represent its velocity vector?,One component,Two components,Four components,Three components,D,"In 3D space, a vector is resolved into three mutually perpendicular components (x, y, z). Option B only applies to 2D planes.",Resolution of Vectors,Easy,Physics,Vectors and Equilibrium
A driver uses both hands to turn a steering wheel with equal and opposite forces. Describe the resulting equilibrium state.,The net force is non-zero,The net force is zero but torque is not,Both net force and torque are zero,The net torque is zero but force is not,B,"A couple consists of equal and opposite forces, so net force is zero while net torque is non-zero. Option A is incorrect.",Couple,Hard,Physics,Vectors and Equilibrium
What is the minimum number of coplanar vectors with unequal magnitudes required to produce a resultant of zero?,Two,One,Three,Four,C,Two unequal vectors can never cancel out; at least three are needed to form a closed triangle. Option B only works for equal vectors.,Vector Addition,Easy,Physics,Vectors and Equilibrium
"To find the projection of vector A along the direction of vector B, which mathematical operation is used?",The dot product divided by magnitude of B,The dot product divided by magnitude of A,The cross product divided by magnitude of B,The product of both vector magnitudes,A,"The projection is A cos(theta), which is found by dividing the dot product by the magnitude of B. Option C is for cross products.",Scalar Product,Medium,Physics,Vectors and Equilibrium
A person pushes directly against the hinges of a door. Why does the door fail to rotate despite the applied force?,The torque is at its maximum value,The torque is zero,The torque is equal to the force,The torque direction is reversed,B,"If the line of action passes through the pivot, the moment arm is zero, resulting in zero torque. Option A is for maximum torque.",Torque,Easy,Physics,Vectors and Equilibrium
"In the vector product calculation, what happens to the resulting vector if the order of multiplication is reversed?",The magnitude of the product changes,The product remains exactly the same,The product becomes a scalar quantity,The direction of the product is reversed,D,The cross product is anti-commutative; reversing the order reverses the direction of the resulting vector. Option B is for scalar products.,Vector Multiplication,Medium,Physics,Vectors and Equilibrium
A paratrooper is falling through the air at a constant terminal velocity. What can be concluded about the forces acting on them?,The velocity must be increasing,The net force must be non-zero,The net force acting on it is zero,The object must be at absolute rest,C,"Dynamic equilibrium requires constant velocity, meaning both acceleration and the net force must be zero. Option A allows for acceleration.",Equilibrium,Hard,Physics,Vectors and Equilibrium
What is the defining characteristic of a unit vector in a three-dimensional coordinate system?,It has a magnitude of exactly one,It has a magnitude of exactly zero,It has the same units as the original vector,It has no direction in space,A,A unit vector has a magnitude of exactly one and is used to specify direction. Option D describes a null vector.,Unit Vector,Easy,Physics,Vectors and Equilibrium
How is dynamic equilibrium distinguished from static equilibrium for a rigid body moving in a straight line?,Static equilibrium involves constant acceleration,Dynamic equilibrium involves constant velocity,Static equilibrium involves non-zero net force,Dynamic equilibrium involves changing direction,B,"Static equilibrium occurs at rest, while dynamic equilibrium occurs at constant velocity. Option D is incorrect as both require zero net force.",Equilibrium,Medium,Physics,Vectors and Equilibrium
A student performs vector addition and subtraction using the same two vectors. What is the fundamental difference in the algebraic properties of these operations?,Addition is non-commutative while subtraction is commutative.,Addition is commutative while subtraction is non-commutative.,Both operations are commutative in all coordinate systems.,Subtraction results in a scalar while addition results in a vector.,B,"Vector addition is commutative, meaning order doesn't matter, while subtraction is non-commutative because reversing order changes the direction of the result.",Addition and Subtraction of Vectors,Easy,Physics,Vectors and Equilibrium
"In a coordinate system, a unit vector and a null vector are used for different purposes. How do their magnitudes compare?",A unit vector has no direction while a null vector does.,A unit vector has zero magnitude while a null vector has one.,Both vectors have a magnitude of one but different directions.,A unit vector has a magnitude of one while a null vector has zero.,D,"A unit vector has a magnitude of exactly one, whereas a null vector is defined by having a magnitude of zero.",Unit Vector and Null Vector,Easy,Physics,Vectors and Equilibrium
A force vector is rotated from the first quadrant to the third quadrant. How do the signs of its rectangular components change?,Both components are negative in the third quadrant.,Only the x-component is negative in the third quadrant.,Only the y-component is negative in the third quadrant.,Both components remain positive in the third quadrant.,A,"In the third quadrant, both x and y components are negative, whereas in the first quadrant, both components are positive.",Rectangular Components,Medium,Physics,Vectors and Equilibrium
"An engineer calculates power using force and velocity, and torque using force and a position vector. What is the difference in their mathematical nature?",Power is a vector while torque is a scalar.,Both power and torque are scalar quantities.,Power is a scalar while torque is a vector.,Both power and torque are vector quantities.,C,"Power is a scalar quantity derived from a dot product, while torque is a vector quantity derived from a cross product.",Scalar and Vector Products,Medium,Physics,Vectors and Equilibrium
"When calculating the cross product of two vectors, a student reverses the order of multiplication. How does the new resultant vector compare to the original?",The direction remains the same due to commutativity.,"The direction is reversed, becoming anti-parallel to the original.",The magnitude changes while the direction remains constant.,The resulting vector becomes perpendicular to the original result.,B,"Reversing the order of a cross product results in an anti-parallel vector, whereas reversing a dot product does not change the result.",Cross Product,Hard,Physics,Vectors and Equilibrium
A mechanic uses a long wrench to loosen a bolt. How is the 'moment arm' differentiated from the 'length' of the wrench handle?,The moment arm is always equal to the lever length.,The moment arm is the parallel distance to the force.,The moment arm is the square of the handle length.,The moment arm is the perpendicular distance to the line of action.,D,"The moment arm is the perpendicular distance from the axis to the line of action, not just the physical length.",Torque,Easy,Physics,Vectors and Equilibrium
"A book rests on a table, while a paraglider descends at a constant velocity. How are these two states of equilibrium distinguished?",Static involves zero velocity while dynamic involves constant velocity.,Static involves constant acceleration while dynamic involves zero acceleration.,Static involves net force while dynamic involves net torque.,Static involves rest while dynamic involves changing velocity.,A,"Static equilibrium involves an object at rest, while dynamic equilibrium involves an object moving with constant velocity; both have zero acceleration.",Equilibrium,Medium,Physics,Vectors and Equilibrium
A ladder leans against a wall in a state of complete equilibrium. How does the first condition of equilibrium differ from the second?,The first condition balances torques while the second balances forces.,Both conditions must balance forces only.,The first condition balances forces while the second balances torques.,The first condition requires motion while the second requires rest.,C,"The first condition ensures no linear acceleration, while the second condition ensures no angular acceleration by balancing torques.",Conditions of Equilibrium,Medium,Physics,Vectors and Equilibrium
Two equal and opposite forces act along different lines on a rigid body. How does this 'couple' contrast with a single force?,A couple produces translation while a single force does not.,A couple produces pure rotation without any translation.,A single force cannot produce torque while a couple can.,A couple has a net force while a single force does not.,B,"A couple produces pure rotation because the net force is zero, whereas a single force produces both translation and rotation.",Torque and Couple,Hard,Physics,Vectors and Equilibrium
An object moves from coordinate A to coordinate B. How is its position vector at B distinguished from its displacement vector?,Position vector starts from origin; displacement starts from initial point.,Position vector is a scalar; displacement is a vector.,Displacement vector always starts from the origin.,Position vector depends on path; displacement depends on origin.,A,"A position vector starts from the origin to a point, while a displacement vector starts from one point to another.",Position Vector,Easy,Physics,Vectors and Equilibrium
A sphere is placed on a flat floor and a cube is placed on its base. How do their equilibrium states differ when tilted?,"In stable it falls, while in neutral it rises.","In both cases, the center of gravity must fall.","In stable it stays constant, while in neutral it rises.","In stable it rises, while in neutral it stays constant.",D,"In stable equilibrium, the center of gravity rises when tilted, whereas in neutral equilibrium, its height remains constant.",States of Equilibrium,Hard,Physics,Vectors and Equilibrium
Two vectors are first placed parallel and then perpendicular to each other. How does their scalar product change between these two orientations?,Perpendicular vectors have a maximum dot product of one.,Perpendicular vectors have zero dot product; parallel have maximum.,Parallel vectors have zero dot product; perpendicular have maximum.,Both cases result in a zero dot product.,B,"The dot product of perpendicular vectors is zero, while for parallel vectors, it is the product of their magnitudes.",Scalar Product,Easy,Physics,Vectors and Equilibrium
Two vectors A and B represent the sides of a triangle and a parallelogram. How do their calculated areas differ?,The triangle area is twice the parallelogram area.,Both areas are equal to the magnitude of the cross product.,The triangle area is half the parallelogram area.,The parallelogram area is half the triangle area.,C,"The area of a triangle is half the magnitude of the cross product, while the parallelogram area is the full magnitude.",Vector Product,Medium,Physics,Vectors and Equilibrium
A vector makes an angle theta. How does the formula for its x-component change if theta is measured from the y-axis instead of the x-axis?,X-component is A cos(theta) for x-axis and A sin(theta) for y-axis.,X-component is always A cos(theta) regardless of the reference axis.,Y-component is A cos(theta) when measured from the x-axis.,Both components use tangent when measured from the y-axis.,A,"The angle with the x-axis uses cosine, while the angle with the y-axis uses sine for the x-component magnitude.",Rectangular Components,Medium,Physics,Vectors and Equilibrium
A set of forces acts on a point. How is the 'resultant' force differentiated from the 'equilibrant' force for this system?,The resultant and equilibrant are identical in direction.,The equilibrant is equal and opposite to the resultant.,The resultant is always smaller than the equilibrant.,The equilibrant is the vector sum of all forces.,B,"The resultant is the sum of forces, while the equilibrant is equal in magnitude but opposite in direction to the resultant.",Addition of Vectors,Easy,Physics,Vectors and Equilibrium
A student calculates torque for a single force and for a couple. What is a key difference regarding the choice of origin?,Torque of a couple depends on the origin location.,Torque on a particle is always zero at the origin.,Torque of a couple is independent of the origin's position.,Both torques are independent of the choice of origin.,C,"Torque on a particle depends on the choice of origin, whereas the torque of a couple is independent of the origin.",Torque,Hard,Physics,Vectors and Equilibrium
An object satisfies the conditions for equilibrium. How is translational equilibrium distinguished from rotational equilibrium?,Translational relates to net force; rotational relates to net torque.,Translational relates to torque; rotational relates to force.,Translational requires rest; rotational allows constant acceleration.,Both require the object to be at the origin.,A,"Translational equilibrium requires the sum of forces to be zero, while rotational equilibrium requires the sum of torques to be zero.",Equilibrium,Easy,Physics,Vectors and Equilibrium
A vector is extended from a 2D plane into 3D space. How does the calculation of its magnitude change?,3D magnitude is the sum of the three components directly.,2D magnitude uses sine while 3D magnitude uses cosine.,There is no mathematical difference in the magnitude formula.,3D magnitude includes the square of the z-component.,D,"In 2D, magnitude is the square root of two components, whereas in 3D, it is the square root of the sum of three squared components.",Rectangular Components,Medium,Physics,Vectors and Equilibrium
"Using the standard unit vectors i, j, and k, how does the product i x j compare to the product j x i?",Both products result in the unit vector k.,"The first is k, while the second is -k.","The first is -k, while the second is k.",Both products result in a null vector.,B,"Cross product of i and j is k, while j cross i is -k due to the right-hand rule and anti-commutativity.",Cross Product,Easy,Physics,Vectors and Equilibrium
A rigid body is placed in a gravitational field. How is the 'center of gravity' differentiated from the 'center of mass'?,They never coincide regardless of the gravitational field.,Center of gravity depends on mass; center of mass depends on weight.,They coincide in a uniform field but differ in non-uniform fields.,Center of mass is always higher than the center of gravity.,C,"In a uniform field, the center of gravity and center of mass coincide, but they differ in non-uniform gravitational fields.",Center of Gravity,Hard,Physics,Vectors and Equilibrium
A delivery drone flies 5 km North and then 5 km South back to its launchpad. What vector describes its total displacement?,A null vector,A unit vector,A position vector,A resultant vector of 10 km,A,"Displacement returns to origin, forming a null vector with zero magnitude. 10km is the distance, which ignores the vector's directional requirement.",Null Vector,Easy,Physics,Vectors and Equilibrium
A laborer pulls a cart with a force of 100 N at 60 degrees to the horizontal. How much work is done over 10 m?,500 J,866 J,1000 J,0 J,A,Work is the dot product Fd cos(theta); cos(60) is 0.5. Using sin(60) incorrectly calculates work using the vertical component.,Scalar Product,Medium,Physics,Vectors and Equilibrium
A mechanic applies force to a wrench in the xy-plane. In which direction does the torque vector point if the rotation is counter-clockwise?,Positive z-axis,Negative z-axis,Positive x-axis,Negative y-axis,A,"By the right-hand rule, counter-clockwise rotation in the xy-plane produces torque along the positive z-axis. Negative z-axis indicates clockwise rotation.",Vector Product,Hard,Physics,Vectors and Equilibrium
"A bird flies from the origin (0,0,0) to the coordinates (3,4,12) meters. What is the magnitude of the bird's displacement?",13 m,19 m,7 m,25 m,A,"Magnitude in 3D is the square root of the sum of squared components. 19m is the scalar sum, which ignores vector direction.",Unit Vectors,Easy,Physics,Vectors and Equilibrium
A heavy shop sign hangs motionless from two symmetric cables. What must be true regarding the forces acting on the sign?,The vector sum of all forces is zero,Only horizontal forces are balanced,Torque is non-zero,Tension in one cable equals the total weight,A,Static equilibrium requires the vector sum of all forces to be zero. Tension equals weight fails because weight is shared between cables.,First Condition of Equilibrium,Medium,Physics,Vectors and Equilibrium
"To loosen a rusted bolt, a technician wants to maximize torque. At what angle should the force be applied relative to the wrench?",90 degrees,0 degrees,45 degrees,180 degrees,A,"Torque magnitude depends on sin(theta), which is maximum at 90 degrees. 0 degrees results in zero torque as the force is radial.",Torque,Medium,Physics,Vectors and Equilibrium
A soccer ball is kicked at 20 m/s at an angle of 30 degrees to the ground. What is the initial vertical component?,10 m/s,17.32 m/s,20 m/s,5 m/s,A,"Vertical velocity is V sin(theta); sin(30) is 0.5. 17.32 m/s is the horizontal component, which uses the cosine function instead.",Resolution of Vectors,Easy,Physics,Vectors and Equilibrium
Two vectors A and B have a dot product equal to half the product of their magnitudes. What is the angle between them?,60 degrees,30 degrees,45 degrees,90 degrees,A,"The dot product formula uses cosine; cos(60) equals 0.5. 30 degrees is incorrect as sin(30) is 0.5, which applies to cross products.",Scalar Product,Medium,Physics,Vectors and Equilibrium
Three forces act on a particle such that they can be represented by the sides of a triangle taken in order. What is the resultant?,Zero,Sum of three magnitudes,Double the largest force,Product of the forces,A,Forces forming a closed triangle have a zero resultant per the head-to-tail rule. Summing magnitudes incorrectly treats vectors as scalar distances.,Vector Addition,Hard,Physics,Vectors and Equilibrium
"A surveyor marks a point P at ( -3, 4 ) on a map. In which quadrant of the Cartesian coordinate system does this point lie?",Second,First,Third,Fourth,A,A negative x and positive y coordinate place the point in the second quadrant. The third quadrant requires both coordinates to be negative.,Position Vector,Easy,Physics,Vectors and Equilibrium
A child sits on a seesaw and it remains horizontal without rotating. Which condition of equilibrium is specifically satisfied regarding its rotation?,Second condition of equilibrium,First condition of equilibrium,Third condition of equilibrium,Law of inertia,A,The second condition of equilibrium states the net torque must be zero for rotational stability. The first condition only concerns linear motion.,Second Condition of Equilibrium,Medium,Physics,Vectors and Equilibrium
"A uniform meter rod is balanced at 50 cm. If a 10 N weight is hung at 20 cm, where should a 20 N weight be hung?",65 cm,30 cm,80 cm,70 cm,A,Clockwise torque (20N * x) must equal anti-clockwise torque (10N * 30cm). 80cm is wrong because the distance must be from the pivot.,Equilibrium,Medium,Physics,Vectors and Equilibrium
"Two vectors A and B represent adjacent sides of a playground. If the magnitude |A x B| is calculated, what property is found?",Area,Perimeter,Volume,Diagonal length,A,The magnitude of the cross product of two vectors equals the area of the parallelogram they form. Perimeter is a scalar sum.,Vector Product,Easy,Physics,Vectors and Equilibrium
A force vector has a positive x-component and a negative y-component. What is the orientation angle theta from the positive x-axis?,270 to 360 degrees,0 to 90 degrees,90 to 180 degrees,180 to 270 degrees,A,A positive x and negative y component define a vector in the fourth quadrant. 180 to 270 degrees describes the third quadrant.,Resolution of Vectors,Medium,Physics,Vectors and Equilibrium
"If the scalar product of two non-zero vectors representing velocity and force is zero, what is the immediate physical implication?",No work is being done,Maximum power is generated,Acceleration is constant,The vectors are parallel,A,"A zero dot product implies vectors are perpendicular, meaning no work is done. Parallel vectors would result in a maximum dot product.",Scalar Product,Hard,Physics,Vectors and Equilibrium
Why is the engine of a high-performance sports car placed as low as possible within the chassis frame?,To lower the center of gravity,To increase the total mass,To reduce air resistance,To increase the moment arm,A,Lowering the center of gravity increases stability by requiring a larger tilt before toppling. Increasing mass actually decreases the car's acceleration.,Center of Gravity,Easy,Physics,Vectors and Equilibrium
A compass needle experiences two equal and opposite magnetic forces that are not along the same line. What is this system?,A couple,Equilibrium,A null vector,A resultant force,A,"A couple consists of two equal, opposite, non-collinear forces causing rotation. Equilibrium is incorrect as there is a net non-zero torque.",Couple,Easy,Physics,Vectors and Equilibrium
"What is the minimum number of non-coplanar vectors, not necessarily equal in magnitude, required to produce a resultant of zero?",Four,Two,Three,Six,A,Four non-coplanar vectors are needed to cancel components in three dimensions. Three vectors can only result in zero if they are coplanar.,Vector Addition,Hard,Physics,Vectors and Equilibrium
"An electric motor exerts a force F and moves at velocity V. If the angle between F and V is 90 degrees, what is the power output?",Zero,Maximum,F times V,Half of FV,A,Power is the dot product of force and velocity; cos(90) is zero. Maximum power occurs when force and velocity are perfectly parallel.,Scalar Product,Easy,Physics,Vectors and Equilibrium
A car of weight W is parked on a hill inclined at angle theta. What is the component of weight acting perpendicular to the road?,W cos(theta),W sin(theta),W tan(theta),W,A,"The weight component perpendicular to the surface is W cos(theta). W sin(theta) is the component acting parallel, pulling the car downhill.",Resolution of Vectors,Medium,Physics,Vectors and Equilibrium
A particle moves from point A to B and then returns exactly to point A. Which vector represents the net displacement of this particle?,Unit vector,Position vector,Null vector,Resultant vector,C,A null vector has zero magnitude and arbitrary direction. Zero vector is tempting but null vector is the specific PTB terminology.,Null Vector,Easy,Physics,Vectors and Equilibrium
"A position vector is defined by the coordinates (2, -3, 4) in a three-dimensional Cartesian system. What is the magnitude of this vector?",5.38 units,3.00 units,9.00 units,7.21 units,A,The magnitude is calculated using the Pythagorean theorem for three dimensions. Option B incorrectly ignores the negative sign during squaring.,Magnitude of Vector,Medium,Physics,Vectors and Equilibrium
"A force is applied strictly along the x-axis, while the object moves strictly along the z-axis. What is the scalar product of these vectors?",One,Zero,Negative one,Infinity,B,The scalar product of two perpendicular unit vectors is zero. Option A is tempting because it is the value for parallel unit vectors.,Scalar Product,Easy,Physics,Vectors and Equilibrium
Two vectors A and B lie entirely within the xy-plane. In which direction will the resultant vector of the cross product A x B point?,Parallel to vector A,Parallel to vector B,Along the x-axis only,Perpendicular to the plane of A and B,D,"The vector product is perpendicular to the plane containing both vectors. Option C is wrong because it only names one axis, not the plane.",Vector Product,Hard,Physics,Vectors and Equilibrium
"When calculating the work done by a force, the result of F.d is equal to d.F. Which mathematical property does this represent?",Commutative property,Distributive property,Associative property,Inverse property,A,"The scalar product is commutative, meaning the order of multiplication does not change the result. Option B is the non-commutative cross product.",Commutative Property,Easy,Physics,Vectors and Equilibrium
Two non-zero vectors are directed along the same line in the same direction. What is the result of their vector product calculation?,Maximum value,Unit magnitude,Null vector,Negative vector,C,The cross product of parallel vectors is zero because sin(0) is zero. Option A is tempting as it applies to the dot product.,Vector Product,Medium,Physics,Vectors and Equilibrium
A mechanic applies a force at an angle theta to a wrench of length r. What expression represents the moment arm of this force?,r cos theta,r sin theta,r tan theta,r cot theta,B,Torque is the product of force and the perpendicular distance (l = r sin theta). Option A fails because it uses cosine.,Moment Arm,Hard,Physics,Vectors and Equilibrium
A heavy chandelier hangs motionless from the ceiling of a large hall. Which condition of equilibrium is strictly satisfied by the zero net force?,Net torque is zero,Velocity is increasing,Sum of horizontal forces is zero,Vector sum of all forces is zero,D,The first condition of equilibrium requires the vector sum of all external forces to be zero. Option C incorrectly suggests only horizontal forces.,First Condition of Equilibrium,Easy,Physics,Vectors and Equilibrium
A paratrooper descends through the air at a constant terminal velocity. In what specific state of equilibrium is the paratrooper currently existing?,Dynamic equilibrium,Static equilibrium,Unstable equilibrium,Rotational equilibrium,A,Dynamic equilibrium occurs when an object moves with uniform velocity (zero acceleration). Option B is wrong because acceleration must be zero.,Dynamic Equilibrium,Medium,Physics,Vectors and Equilibrium
Two vectors represent the adjacent sides of a geometric shape. What does the magnitude of their cross product physically represent in geometry?,Volume of a cube,Perimeter of a square,Area of a parallelogram,Area of a triangle,C,The magnitude of the cross product (AB sin theta) represents the area of a parallelogram. Option D refers to a triangle's area.,Area of Parallelogram,Hard,Physics,Vectors and Equilibrium
"In physics problems involving three dimensions, what is the primary purpose of using the vectors i, j, and k?",Magnitude is zero,Specify a direction,Calculate the area,Represent a scalar,B,A unit vector is used to specify a direction in space and has a magnitude of one. Option A describes a null vector.,Unit Vector,Easy,Physics,Vectors and Equilibrium
A child pulls a toy cart with a force of 10 N at an angle of 60 degrees to the horizontal. What is the horizontal component?,8.66 N,10.0 N,7.07 N,5.00 N,D,"The x-component is F cos(theta). Here, 10 * cos(60) = 10 * 0.5 = 5N. Option A incorrectly uses the sine function.",Rectangular Components,Medium,Physics,Vectors and Equilibrium
A driver applies equal and opposite forces to the opposite sides of a steering wheel. What is the term for this pair of forces?,Two equal and opposite forces,Two equal and concurrent forces,A single force at the pivot,Three forces in a triangle,A,A couple consists of two equal and opposite forces whose lines of action do not coincide. Option B describes forces that cancel out.,Couple,Hard,Physics,Vectors and Equilibrium
"When calculating the torque produced by a force acting on a door, which rule is used to determine the vector direction?",Left hand rule,Head to tail rule,Right hand rule,Parallelogram rule,C,The direction of torque is found by curling fingers from r to F; the thumb points to the direction. Option A is for scalars.,Right Hand Rule,Easy,Physics,Vectors and Equilibrium
An object is neither translating nor rotating. What must be true about the conditions of equilibrium for this rigid body?,First condition only,Both first and second conditions,Second condition only,Neither condition is required,B,A body is in complete equilibrium only if both net force and net torque are zero. Option A is only half the requirement.,Conditions of Equilibrium,Medium,Physics,Vectors and Equilibrium
At what angle between two non-zero vectors will the magnitude of their vector product be equal to the product of their magnitudes?,0 degrees,45 degrees,180 degrees,90 degrees,D,"When theta is 90 degrees, sin(90) = 1, making the cross product magnitude maximum. Option C is where the dot product is maximum.",Vector Product,Hard,Physics,Vectors and Equilibrium
"Which mathematical expression correctly represents the position vector of a point P (x, y, z) relative to the origin?",r = xi + yj + zk,r = x + y + z,r = x^2 + y^2 + z^2,r = i + j + k,A,The position vector r = xi + yj + zk. Option B is missing the unit vectors which define it as a vector.,Position Vector,Easy,Physics,Vectors and Equilibrium
"A meter rod is balanced at its center of gravity. If a weight is added to one side, what must be true for equilibrium?",F1 = F2,Work done is zero,Sum of torques is zero,Momentum is conserved,C,"If a body is in equilibrium, the sum of clockwise torques must equal the sum of anticlockwise torques. Option A is for forces.",Second Condition of Equilibrium,Medium,Physics,Vectors and Equilibrium
What is the result when a vector A is multiplied by itself using the scalar product operation?,Zero,Square of its magnitude,Its magnitude,A unit vector,B,The dot product of a vector with itself is the square of its magnitude (A.A = AA cos 0). Option A is for cross product.,Scalar Product,Easy,Physics,Vectors and Equilibrium
A vector A makes an angle theta with the x-axis. What are the magnitudes of its rectangular components along the x and y axes?,A and A,A sin theta and A sin theta,A sin theta and A cos theta,A cos theta and A sin theta,D,The x and y components are A cos theta and A sin theta. Option C is incorrect because it swaps the trigonometric functions.,Rectangular Components,Medium,Physics,Vectors and Equilibrium
A force vector of 20 N makes an angle of 60 degrees with the positive x-axis. What is the magnitude of its x-component?,17.3 units,10.0 units,5.0 units,20.0 units,B,The horizontal component is calculated using A cos(theta). Multiplying by sin(60) would incorrectly give the vertical component of 17.3 units.,Rectangular Components,Easy,Physics,Vectors and Equilibrium
"A constant force of 10 N acts on a body, displacing it 5 m at an angle of 60 degrees. Calculate the work done.",50.0 J,43.3 J,25.0 J,10.0 J,C,Work is the dot product Fd cos(theta). Using sin(60) is a common error that leads to the cross-product magnitude instead.,Scalar Product,Easy,Physics,Vectors and Equilibrium
"Two vectors A and B have magnitudes 3 and 4 respectively. If the angle between them is 30 degrees, find the magnitude of A x B.",6 units,10.4 units,12 units,0 units,A,Magnitude of cross product is AB sin(theta). Using the cosine function would incorrectly provide the value for the scalar product.,Vector Product,Medium,Physics,Vectors and Equilibrium
A particle is acted upon by two mutually perpendicular forces of 3 N and 4 N. What is the magnitude of the resultant force?,1 N,7 N,12 N,5 N,D,"For perpendicular vectors, the resultant is found using the Pythagorean theorem. Simply adding 3 and 4 is wrong as they are vectors.",Vector Addition,Easy,Physics,Vectors and Equilibrium
A mechanic applies a force of 50 N at an angle of 30 degrees to a wrench of length 2 m. Calculate the torque produced.,100 N m,86.6 N m,50 N m,25 N m,C,Torque is rF sin(theta). Using the full 2m length without the sine component fails to account for the non-perpendicular force application.,Torque,Medium,Physics,Vectors and Equilibrium
A position vector is defined as r = 2i + 2j + k. What is the magnitude of this position vector?,5 units,3 units,9 units,sqrt(5) units,B,Magnitude is the square root of the sum of squares of components. Adding 2+2+1 directly ignores the three-dimensional geometry of the vector.,Unit Vectors,Medium,Physics,Vectors and Equilibrium
"If the magnitude of the dot product of two vectors is equal to the magnitude of their cross product, what is the angle?",45 degrees,0 degrees,90 degrees,180 degrees,A,"The magnitude of dot and cross products are equal when sin(theta) equals cos(theta), which occurs uniquely at 45 degrees.",Vector Product,Hard,Physics,Vectors and Equilibrium
A vector is represented by A = 3i + 4j. Determine the angle that this vector makes with the positive y-axis.,53 degrees,45 degrees,37 degrees,90 degrees,C,The angle with the y-axis is found using tan(theta) = Ax/Ay. Using Ay/Ax would incorrectly give the angle relative to the x-axis.,Rectangular Components,Medium,Physics,Vectors and Equilibrium
A drone moves 5 units due North and then 5 units due East. What is the magnitude of its net displacement?,10 units,0 units,5 units,7.07 units,D,"Since the forces are at 90 degrees, the resultant is 5 * sqrt(2). Using 10 units assumes they are acting in the same direction.",Vector Addition,Easy,Physics,Vectors and Equilibrium
Find the projection of vector A = i on vector B = i + j. What is the numerical value of this projection?,1.00,0.707,1.414,2.00,B,Projection of A on B is (A dot B) / |B|. Dividing by the magnitude of A is the common mistake for this calculation.,Scalar Product,Hard,Physics,Vectors and Equilibrium
A force F = 2i + 3j acts at a point r = 4i. Calculate the torque vector produced by this force about the origin.,12 k,-12 k,8 k,0,A,Torque is r x F. Calculating F x r will result in the correct magnitude but the wrong direction (negative k).,Torque,Hard,Physics,Vectors and Equilibrium
"A vector originates at the origin and ends at point (3, 4, 12). What is the magnitude of this position vector?",19 units,17 units,13 units,15 units,C,The magnitude is sqrt(3^2 + 4^2 + 12^2) = 13. Calculating 3+4+12 is a linear addition that ignores vector orthogonality.,Unit Vectors,Easy,Physics,Vectors and Equilibrium
Two equal and opposite forces of 10 N act on a steering wheel at a distance of 0.5 m apart. Calculate the torque.,10 N m,5 N m,0 N m,2.5 N m,B,A couple's torque is one force multiplied by the perpendicular distance. Doubling this value (10 Nm) incorrectly counts both forces twice.,Torque,Hard,Physics,Vectors and Equilibrium
"If vector A = 2i + mj and vector B = 4i - 2j are perpendicular to each other, find the value of m.",0,2,-4,4,D,"For the dot product to be zero, 2(4) + m(-2) = 0, so 8 = 2m. 0 is wrong as it doesn't satisfy the perpendicularity condition.",Scalar Product,Medium,Physics,Vectors and Equilibrium
A force of 10 N is applied perpendicularly to a lever at a distance of 20 cm from the pivot. Find the torque.,20 N m,0.02 N m,2 N m,50 N m,C,"Torque is the product of force and moment arm (10 * 0.2). Using 2.0 Nm is correct, while 50 is the inverse ratio.",Torque,Easy,Physics,Vectors and Equilibrium
Which of the following cannot be the magnitude of the resultant of two forces having magnitudes 5 N and 12 N?,6 N,8 N,12 N,15 N,A,"Maximum resultant is sum (17) and minimum is difference (7). Any value outside this range, like 6N, is physically impossible.",Vector Addition,Medium,Physics,Vectors and Equilibrium
A student adds a vector A to its negative vector -A. What is the magnitude of the resulting vector?,Unit vector,Null vector,Position vector,Free vector,B,A null vector has zero magnitude and arbitrary direction. A unit vector is wrong because its magnitude must be exactly one.,Vector Addition,Easy,Physics,Vectors and Equilibrium
A uniform plank of 100 N is supported at its two ends. What is the upward reaction force at each support?,100 N,200 N,0 N,50 N,D,"By symmetry, each support carries half the weight in a uniform beam. 100N is wrong as it would imply only one support exists.",Equilibrium,Hard,Physics,Vectors and Equilibrium
The rectangular components of a force are Fx = 3 N and Fy = 3 N. What is the angle of the force?,0 degrees,90 degrees,45 degrees,60 degrees,C,"Angle is tan inverse of (Fy/Fx). Since both are 3, the angle is tan inverse of 1, which is 45 degrees.",Rectangular Components,Medium,Physics,Vectors and Equilibrium
A book rests on a table such that the sum of all vertical forces is zero. This satisfies which equilibrium condition?,Second condition,First condition,Third condition,Dynamic equilibrium,B,"The first condition requires the sum of all external forces to be zero. The second condition refers to torques, not forces.",Equilibrium,Easy,Physics,Vectors and Equilibrium
A worker pulls a heavy crate across a floor with a force F at an angle theta. Which formula calculates the work done?,W = Fd cos(theta),W = Fd sin(theta),W = F / d,W = F + d,A,Work is the dot product of force and displacement. The cross product (Option B) is wrong because work is a scalar quantity.,Work as Scalar Product,Easy,Physics,Vectors and Equilibrium
"A drone flies from the origin to a point in space with coordinates (Ax, Ay, Az). Which formula represents its distance from the origin?",A = Ax + Ay + Az,A = sqrt(Ax^2 + Ay^2 + Az^2),A = (Ax + Ay + Az)^2,A = Ax^2 + Ay^2 + Az^2,B,Magnitude in 3D is sqrt(x^2 + y^2 + z^2). Simply summing components (Option A) is wrong because it ignores the vector's spatial geometry.,Vector Magnitude,Easy,Physics,Vectors and Equilibrium
A student needs to specify the direction of a vector A in space. Which mathematical expression represents a vector with magnitude one in that direction?,u = A / |A|,u = A * |A|,u = 0,u = |A| / A,A,A unit vector represents direction with a magnitude of one. A null vector (Option C) is wrong because it has no specific direction.,Unit Vectors,Easy,Physics,Vectors and Equilibrium
A book rests on a table in a state of rest. Which condition must be satisfied to ensure it has no translational acceleration?,sum Torque = 0,sum Fx = sum Fy,sum F = 0,sum F = ma,C,The first condition sum F = 0 ensures no linear acceleration. The second condition (Option B) is wrong because it governs rotational equilibrium.,First Condition of Equilibrium,Easy,Physics,Vectors and Equilibrium
A force of 10N acts at an angle of 30 degrees to the x-axis. Which formula correctly identifies the vertical component of this force?,Fy = F cos(theta),Fy = F tan(theta),Fy = F / sin(theta),Fy = F sin(theta),D,Vertical component is F sin(theta). Using F cos(theta) (Option A) is wrong because it calculates the horizontal component instead of the vertical.,Rectangular Components,Easy,Physics,Vectors and Equilibrium
Two equal and opposite forces act on the same point of an object. What is the name of the resulting vector sum?,Null vector,Unit vector,Position vector,Resultant vector,A,"A null vector has zero magnitude and arbitrary direction. A unit vector (Option B) fails because its magnitude is exactly one, not zero.",Null Vector,Easy,Physics,Vectors and Equilibrium
Two vectors A and B have magnitudes 3 and 4 respectively. Which formula is used to find the angle between them using their dot product?,theta = sin^-1(A.B / AB),theta = tan^-1(A.B / AB),theta = cos^-1(A.B / AB),theta = cos^-1(AB / A.B),C,"The angle is cos^-1 of the dot product divided by magnitudes. The sin^-1 (Option B) is used for cross products, not scalar products.",Angle between Vectors,Easy,Physics,Vectors and Equilibrium
"A wrench is used to tighten a bolt. According to the right-hand rule, what is the direction of the torque vector produced?",Parallel to F,Parallel to r,Opposite to F,Perpendicular to the plane of r and F,D,Torque direction is perpendicular to the plane of r and F. Parallel direction (Option B) is wrong because torque is a cross product.,Torque Direction,Easy,Physics,Vectors and Equilibrium
A boat travels 3km North and then 4km East. Which formula calculates the magnitude of the total displacement from the starting point?,R = A + B,R = sqrt(A^2 + B^2),R = A - B,R = sqrt(A^2 - B^2),B,"For perpendicular vectors, the Pythagorean theorem R = sqrt(A^2 + B^2) applies. Simple addition (Option A) fails because vectors have specific directions.",Resultant of Perpendicular Vectors,Medium,Physics,Vectors and Equilibrium
A mechanic applies a 50N force at an angle of 60 degrees to a 0.2m long wrench. Which formula gives the torque magnitude?,tau = rF sin(theta),tau = rF cos(theta),tau = rF tan(theta),tau = r / F,A,Torque magnitude is rF sin(theta). Using cos(theta) (Option B) is incorrect because it calculates the component of force parallel to the arm.,Torque Magnitude,Medium,Physics,Vectors and Equilibrium
"In a right-handed Cartesian coordinate system, what is the result of the vector product of the unit vectors i and j?",0,-k,k,1,C,The cross product of i and j is k following the right-hand rule. -k (Option B) is wrong as it reverses the cyclic order.,Vector Product of Unit Vectors,Medium,Physics,Vectors and Equilibrium
"A uniform beam is supported at its center. To prevent the beam from rotating when weights are added, which condition must be met?",sum F = 0,sum Torque = 0,sum Fx = 0,sum r = 0,B,"The second condition requires the sum of torques to be zero. The first condition (Option A) only ensures translational equilibrium, not rotational.",Second Condition of Equilibrium,Medium,Physics,Vectors and Equilibrium
Two forces are applied to a body such that they are perpendicular to each other. What is the value of their scalar product?,A.B = AB,A.B = 1,A.B = -1,A.B = 0,D,The scalar product is zero for perpendicular vectors where cos(90) is zero. Parallel vectors (Option A) fail because their cos(0) is one.,Orthogonal Vectors,Medium,Physics,Vectors and Equilibrium
"To find the unit vector of A = 2i + j - 2k, which specific calculation must be performed by the student?",(2i + j - 2k) / 3,3(2i + j - 2k),(2i + j - 2k) / 9,(2i + j - 2k) / sqrt(3),A,A unit vector is the vector divided by its magnitude. Multiplying by magnitude (Option B) is wrong as it changes the vector's scale.,Unit Vector Calculation,Medium,Physics,Vectors and Equilibrium
Two adjacent sides of a parallelogram-shaped garden are represented by vectors A and B. Which formula calculates the area of this garden?,Area = |A.B|,Area = |A x B|,Area = 0.5 |A x B|,Area = |A| + |B|,B,The magnitude of the cross product gives the area of a parallelogram. The dot product (Option A) fails because it produces a scalar.,Area of Parallelogram,Medium,Physics,Vectors and Equilibrium
A particle moves from an initial position r1 to a final position r2. Which formula correctly defines the displacement vector d?,d = r1 - r2,d = r1 + r2,d = r2 - r1,d = sqrt(r1^2 + r2^2),C,Displacement is the difference between final and initial position vectors. Adding them (Option B) is wrong because it doesn't represent the change.,Displacement Vector,Medium,Physics,Vectors and Equilibrium
"A door handle is 0.5m from the hinge. If a force is applied at an angle theta, what is the formula for the moment arm?",l = r,l = r cos(theta),l = r tan(theta),l = r sin(theta),D,Moment arm is the perpendicular distance r sin(theta). Using r cos(theta) (Option B) is wrong as it represents the parallel component.,Moment Arm,Hard,Physics,Vectors and Equilibrium
Two forces of magnitudes A and B act on a body. What is the formula for the ratio of the maximum possible resultant to the minimum?,(A+B) / (A-B),(A-B) / (A+B),(A+B) / 2,sqrt(A^2 + B^2) / (A+B),A,The maximum resultant is A+B and minimum is A-B. The average (Option C) is wrong because resultants depend on the specific angular orientation.,Max and Min Resultant,Hard,Physics,Vectors and Equilibrium
A see-saw is balanced by two children of weights F1 and F2 at distances r1 and r2. Which formula represents the rotational equilibrium?,F1 = F2,F1 r1 = F2 r2,F1 / r1 = F2 / r2,F1 + r1 = F2 + r2,B,Equilibrium is achieved when clockwise torques equal counter-clockwise torques. Equal forces (Option A) fail if the distances from the pivot are different.,Rotational Equilibrium,Hard,Physics,Vectors and Equilibrium
"A hiker travels several displacements. After finding the sum of x and y components, which formula gives the direction of the resultant displacement?",theta = tan^-1(sum Fy / sum Fx),theta = tan^-1(sum Fx / sum Fy),theta = sin^-1(sum Fy / sum Fx),theta = cos^-1(sum Fy / sum Fx),A,The angle theta is tan^-1(Ry/Rx). Using tan^-1(Rx/Ry) (Option B) is wrong because it calculates the angle with the y-axis instead.,Resultant Angle,Hard,Physics,Vectors and Equilibrium
A student adds two vectors of equal magnitude 'A'. At what angle must they be oriented for the resultant to also have magnitude 'A'?,0 degrees,60 degrees,120 degrees,180 degrees,C,"At 120 degrees, the resultant of two equal vectors equals their magnitude; 60 degrees would result in a magnitude of square-root three.",Vector Addition,Easy,Physics,Vectors and Equilibrium
"If the work done by a constant force on a moving object is zero, what is the geometric relationship between the force and displacement?",They are parallel,They are perpendicular,They are anti-parallel,They are at 45 degrees,B,Work is zero when force and displacement are perpendicular; parallel vectors would produce maximum work because the cosine of zero is one.,Dot Product,Easy,Physics,Vectors and Equilibrium
"A rigid body is free to rotate about an axis. If a force is applied such that it is parallel to the position vector, what happens?",No torque is produced,Maximum torque is produced,Angular momentum increases,The body moves linearly,A,Torque is zero when force is parallel to the moment arm; perpendicular force would maximize torque because the sine of ninety is one.,Torque,Medium,Physics,Vectors and Equilibrium
A spaceship in deep space moves with a constant velocity in a straight line. What can be concluded about the net force acting on it?,A constant force exists,Force is increasing,Force is decreasing,Net force is zero,D,"Constant velocity implies zero acceleration, meaning the net force is zero; a constant force would cause acceleration and change the velocity.",First Condition of Equilibrium,Medium,Physics,Vectors and Equilibrium
A door handle is purposefully placed at the maximum distance from the hinges. Which physical principle explains why this design minimizes the required opening force?,It decreases the torque,It changes the direction,It increases the moment arm,It reduces the friction,C,Increasing the moment arm reduces the force needed for the same torque; increasing the angle toward ninety degrees also helps but distance is primary.,Moment Arm,Hard,Physics,Vectors and Equilibrium
"In a standard three-dimensional Cartesian coordinate system, what is the result of the dot product between the unit vector 'i' and unit vector 'k'?",Zero,One,Negative one,A third unit vector,A,Orthogonal unit vectors have a dot product of zero; a dot product of one only occurs when a unit vector is multiplied by itself.,Unit Vectors,Easy,Physics,Vectors and Equilibrium
A uniform plank is balanced on a pivot. Adding a weight to one end causes rotation. Which condition of equilibrium is specifically violated here?,First condition of equilibrium,Second condition of equilibrium,Law of inertia,Conservation of mass,B,The second condition requires net torque to be zero; the first condition only ensures the beam doesn't move up or down linearly.,Second Condition of Equilibrium,Medium,Physics,Vectors and Equilibrium
"When comparing the vector (A - B) with the vector (B - A), how do their directions relate to each other?",Identical in direction,Perpendicular to each other,Opposite in direction,Zero in magnitude,C,"Vector subtraction is anti-commutative, meaning reversing the order results in the same magnitude but opposite direction; they are never equal in direction.",Vector Subtraction,Easy,Physics,Vectors and Equilibrium
"Two vectors lie in the xy-plane. If the cross product is calculated for a clockwise rotation from the first vector to the second, where does it point?",Positive x-axis,Positive y-axis,Positive z-axis,Negative z-axis,D,"According to the right-hand rule, a clockwise rotation from x to y points into the page; counter-clockwise would point toward the positive z-axis.",Cross Product Direction,Hard,Physics,Vectors and Equilibrium
"If the scalar product of two non-zero vectors is zero, what must be true about the orientation of these two vectors?",They are parallel,They are perpendicular,They are anti-parallel,One must be a null vector,B,A zero scalar product for non-zero vectors confirms they are at 90 degrees; parallel vectors would yield the maximum possible scalar product.,Scalar Product,Medium,Physics,Vectors and Equilibrium
"A position vector 'r' is drawn for a point P(x, y, z). What are the specific start and end points of this vector?",Origin to the point,Point to the x-axis,Point to the y-axis,Origin to the z-axis,A,The position vector starts at the origin and ends at the point; a unit vector only shows direction and has a magnitude of one.,Position Vector,Easy,Physics,Vectors and Equilibrium
A mechanic chooses a long-handled wrench instead of a short one to loosen a rusted bolt. What physical quantity is specifically increased?,The applied force,The friction of the bolt,The moment arm,The mass of the wrench,C,"A longer wrench increases the moment arm, providing more torque for the same force; it does not change the force of the bolt itself.",Torque,Medium,Physics,Vectors and Equilibrium
"Three coplanar forces of different magnitudes act on a single particle, maintaining its equilibrium. What do these vectors form when placed head-to-tail?",A straight line,A closed triangle,An open curve,A square,B,"For three vectors to sum to zero, they must form a closed triangle; a straight line would imply they are all parallel or anti-parallel.",Equilibrium of a Particle,Hard,Physics,Vectors and Equilibrium
"If a vector is oriented perfectly along the positive y-axis, what is the value of its rectangular component along the x-axis?",Zero,Its full magnitude,Half its magnitude,Infinite,A,Vectors on the y-axis have no projection on the x-axis because they are perpendicular; the projection is calculated using the cosine of ninety.,Components of a Vector,Easy,Physics,Vectors and Equilibrium
A velocity vector is multiplied by a scalar factor of -2. How does the resulting vector compare to the original velocity vector?,Only magnitude changes,Only direction changes,Magnitude becomes zero,Both magnitude and direction change,D,A negative scalar reverses the vector's direction while scaling its magnitude; a positive scalar would only change magnitude without flipping the direction.,Multiplication by Scalar,Medium,Physics,Vectors and Equilibrium
Two equal and opposite forces act on a steering wheel at opposite ends. What is the net effect on the system's equilibrium?,Net force is non-zero,Net torque is non-zero,Net torque is zero,Body is in total equilibrium,B,A couple consists of equal and opposite forces that cancel linearly but produce a net torque; it cannot cause translational motion.,Couple,Hard,Physics,Vectors and Equilibrium
"In vector algebra, what is the result when a vector 'A' is added to its negative vector '-A'?",A unit vector,A scalar zero,A null vector,The original vector,C,"Adding a vector to its negative results in a null vector, which has zero magnitude and arbitrary direction; zero is a scalar, not a vector.",Null Vector,Easy,Physics,Vectors and Equilibrium
A vector in three-dimensional space makes an angle of 45 degrees with all three coordinate axes. What can be said about its components?,All components are equal,x-component is zero,z-component is doubled,Components are all zero,A,Equal angles imply equal components because the direction cosines are identical; different components would result in different angles with the axes.,Rectangular Components,Medium,Physics,Vectors and Equilibrium
"Which of the following vector operations does not obey the commutative law, meaning the order of operands changes the result?",Vector addition,Vector product,Scalar product,Scalar multiplication,B,Vector product is anti-commutative (A x B = -B x A); scalar product and vector addition both follow the commutative law.,Vector Operations,Easy,Physics,Vectors and Equilibrium
A ladder rests against a smooth (frictionless) wall. Why is friction at the ground necessary for the ladder to remain in static equilibrium?,To provide vertical support,To increase the weight,To counter the wall's normal force,To reduce the torque,C,"Without ground friction, there is no horizontal force to counter the wall's normal force, violating the first condition of equilibrium.",Static Equilibrium,Medium,Physics,Vectors and Equilibrium
A student compares the mathematical properties of dot and cross products. Which property correctly distinguishes the scalar product from the vector product?,The vector product is commutative while the scalar product is not.,The scalar product is commutative while the vector product is anti-commutative.,Both scalar and vector products are commutative in nature.,Both scalar and vector products are anti-commutative in nature.,B,"The scalar product is commutative, meaning A.B equals B.A, while the vector product is anti-commutative where A x B equals -(B x A).",Scalar vs Vector Products,Easy,Physics,Vectors and Equilibrium
A rigid body is in a state of complete equilibrium. How do the first and second conditions of equilibrium differ in their physical impact?,The first condition ensures zero linear acceleration while the second ensures zero angular acceleration.,The first condition ensures zero angular acceleration while the second ensures zero linear acceleration.,Both conditions are required solely to prevent any linear motion of the body.,The first condition involves torques while the second condition involves forces.,A,"The first condition ensures translational equilibrium (no acceleration), while the second condition ensures rotational equilibrium (no angular acceleration).",Conditions of Equilibrium,Easy,Physics,Vectors and Equilibrium
"In a physics lab, a student is asked to differentiate between a unit vector and a null vector. What is the primary difference?",A unit vector has zero magnitude while a null vector has a magnitude of one.,A unit vector has a specific direction while a null vector has no direction.,A unit vector has a magnitude of one while a null vector has zero magnitude.,A unit vector is used for addition while a null vector is used for multiplication.,C,"A unit vector has a magnitude of one and specifies direction, whereas a null vector has zero magnitude and arbitrary direction.",Types of Vectors,Easy,Physics,Vectors and Equilibrium
"When mapping the path of a projectile, a researcher uses position vectors and displacement vectors. How do these two vector types contrast?",Position vectors represent change in motion while displacement vectors represent fixed locations.,Position vectors are always horizontal while displacement vectors are always vertical.,Displacement vectors must start at the origin while position vectors can start anywhere.,Position vectors are relative to the origin while displacement vectors are the difference between two positions.,D,"Position vectors always start from the origin (0,0), whereas displacement vectors represent the change between any two points in space.",Position vs Displacement,Easy,Physics,Vectors and Equilibrium
A block is acted upon by multiple forces. What is the relationship between the resultant force and the equilibrant force in this scenario?,The resultant and equilibrant are identical in both magnitude and direction.,The equilibrant has the same magnitude as the resultant but acts in the opposite direction.,The resultant is always larger in magnitude than the equilibrant force.,The equilibrant is the sum of vectors while the resultant brings the system to rest.,B,"The resultant is the single vector sum, while the equilibrant is equal in magnitude but opposite in direction to the resultant.",Resultant vs Equilibrant,Easy,Physics,Vectors and Equilibrium
An engineer resolves a force into its components. How do rectangular components differ from general components of a vector?,Rectangular components are mutually perpendicular while general components can be at any angle.,Rectangular components are always equal in magnitude unlike general components.,General components must be perpendicular while rectangular components are parallel.,Rectangular components only exist in 3D space while general components are 2D.,A,"Rectangular components are specifically perpendicular (90 degrees) to each other, whereas general components can be at any angle.",Components of Vectors,Easy,Physics,Vectors and Equilibrium
A student adds two physical quantities. Why is the process of adding 5 kg to 5 kg different from adding 5 N to 5 N?,Scalar addition requires the head-to-tail rule while vector addition uses basic algebra.,Vector addition ignores direction while scalar addition depends on it.,Vector addition depends on both magnitude and direction while scalar addition only involves magnitudes.,Both addition types are identical if the vectors are parallel to the x-axis.,C,"Vector addition follows the head-to-tail rule and accounts for direction, whereas scalar addition is simple algebraic summation of magnitudes.",Vector Addition,Easy,Physics,Vectors and Equilibrium
A force F acts at an angle theta with the horizontal. How are its rectangular components Fx and Fy mathematically distinguished?,The vertical component uses cosine while the horizontal component uses sine.,The vertical component is always larger than the horizontal component.,Both components use the tangent function to determine their magnitudes.,The horizontal component involves the cosine of the angle while the vertical involves sine.,D,"The horizontal component (Fx) uses the cosine function, while the vertical component (Fy) uses the sine function relative to the x-axis.",Rectangular Components,Easy,Physics,Vectors and Equilibrium
"While studying mechanics, a student notices that both torque and work have the same dimensions. What is the fundamental physical difference?",Torque is a scalar quantity while work is a vector quantity.,Torque is a vector quantity while work is a scalar quantity.,Both are vectors but torque uses Joules while work uses Newton-meters.,Torque depends on displacement while work depends on the moment arm.,B,"Torque is a vector product (r x F) measured in Nm, whereas work is a scalar product (F.d) measured in Joules.",Torque vs Work,Medium,Physics,Vectors and Equilibrium
A cone is placed on its base (stable) and then on its side (neutral). How does the behavior of its center of gravity differ?,The center of gravity rises in stable equilibrium but remains at the same height in neutral equilibrium.,The center of gravity falls in stable equilibrium but rises in neutral equilibrium.,Stable equilibrium requires a narrow base while neutral equilibrium requires a wide base.,A body in stable equilibrium never returns to its original position after a tilt.,A,"In stable equilibrium, the center of gravity rises when tilted, but in neutral equilibrium, its height remains constant.",States of Equilibrium,Medium,Physics,Vectors and Equilibrium
"A book lies on a table, and a paratrooper falls at terminal velocity. How do their states of equilibrium compare?",Static equilibrium involves acceleration while dynamic equilibrium involves rest.,Static equilibrium occurs only in space while dynamic equilibrium occurs on Earth.,"In static equilibrium the net force is zero, but in dynamic equilibrium it is non-zero.",Static equilibrium involves a body at rest while dynamic equilibrium involves constant velocity.,D,"Static equilibrium occurs when the body is at rest, while dynamic equilibrium occurs when the body moves with constant velocity.",Static vs Dynamic Equilibrium,Medium,Physics,Vectors and Equilibrium
"A student calculates scalar products using unit vectors i, j, and k. What is the difference between the results of i.i and i.j?",The dot product i.i is 0 while the dot product i.j is 1.,Both dot products i.i and i.j result in a value of zero.,The dot product i.i is equal to 1 while i.j is equal to 0.,The dot product i.i is a vector while i.j is a scalar.,C,"The dot product of like unit vectors (i.i) is 1, while the dot product of unlike perpendicular unit vectors (i.j) is 0.",Unit Vector Products,Medium,Physics,Vectors and Equilibrium
"In vector algebra, how does the cross product of two identical unit vectors compare to the cross product of two different unit vectors?",The cross product i x i equals 1 while i x j equals zero.,The cross product i x i is a null vector while i x j is the unit vector k.,Both cross products i x i and i x j result in the unit vector k.,The cross product i x i is commutative while i x j is not.,B,"The cross product of like unit vectors (i x i) is zero, whereas unlike unit vectors (i x j) result in the third unit vector (k).",Cross Product Properties,Medium,Physics,Vectors and Equilibrium
Two forces of 3 N and 4 N act on a point. What is the difference between their maximum and minimum possible resultant magnitudes?,The maximum resultant is 7 N at 0 degrees and the minimum is 1 N at 180 degrees.,The maximum resultant is 5 N at 90 degrees and the minimum is 0 N.,The maximum resultant is 12 N and the minimum is 7 N.,The maximum resultant occurs at 180 degrees while the minimum occurs at 0 degrees.,A,"The maximum resultant is the sum (3+4=7) when parallel (0°), and the minimum is the difference (4-3=1) when anti-parallel (180°).",Resultant Magnitudes,Medium,Physics,Vectors and Equilibrium
A person tries to open a door by pushing at different angles. How does the torque at 0 degrees compare to the torque at 90 degrees?,Torque is maximum at 0 degrees and minimum at 90 degrees.,Torque remains constant regardless of the angle of the applied force.,Torque is zero when the force is parallel and maximum when perpendicular to the moment arm.,Torque depends only on the force magnitude and not the angle of application.,C,Torque is zero when the force is parallel to the moment arm (0°) and maximum when the force is perpendicular (90°).,Torque Application,Medium,Physics,Vectors and Equilibrium
A student performs A + B and A - B using the same two vectors. Which law distinguishes the addition from the subtraction?,Both vector addition and subtraction are commutative operations.,Vector subtraction is commutative while vector addition is not.,Neither vector addition nor vector subtraction follows the commutative law.,Vector addition is commutative but vector subtraction is non-commutative.,D,"Vector addition is commutative (A+B = B+A), but vector subtraction is not commutative (A-B != B-A).",Vector Subtraction,Medium,Physics,Vectors and Equilibrium
"When applying the second condition of equilibrium to a see-saw, how are clockwise and anti-clockwise torques traditionally distinguished?",Clockwise torques are positive and anti-clockwise torques are negative.,Anti-clockwise torques are positive and clockwise torques are negative.,Both clockwise and anti-clockwise torques are always considered positive.,The sign depends on whether the force is applied at the left or right end.,B,"By convention, anti-clockwise torques are considered positive, while clockwise torques are considered negative in equilibrium calculations.",Torque Sign Convention,Hard,Physics,Vectors and Equilibrium
"In a very tall building, the gravitational field strength varies slightly from bottom to top. How do the center of gravity and center of mass compare?",Center of mass depends on matter distribution while center of gravity depends on the gravitational field.,Center of mass changes with altitude while center of gravity remains constant.,Center of gravity is always located at the geometric center while center of mass is not.,There is no physical or mathematical difference between the two points in any field.,A,"Center of mass is the average position of matter, while center of gravity is where the net gravitational force acts, differing in non-uniform fields.",Center of Gravity vs Mass,Hard,Physics,Vectors and Equilibrium
Vector A has a magnitude of 10 and Vector B has a magnitude of 5. How does the projection of A onto B compare to the projection of B onto A?,Both projections are always equal regardless of the magnitudes of A and B.,The projection of A on B involves sine while B on A involves cosine.,"The projection of A on B is A cos theta, which differs from B cos theta if magnitudes are different.",Projections are vectors while the original quantities are scalars.,C,"The projection of A on B is A cos theta, whereas the projection of B on A is B cos theta; they differ if magnitudes A and B are unequal.",Vector Projections,Hard,Physics,Vectors and Equilibrium
A force is applied to a wrench at an angle of 30 degrees. How does the moment arm (l) compare to the distance from the pivot (r)?,The moment arm is always equal to the total length of the lever used.,The moment arm is the distance along the line of action of the force.,The moment arm is a vector quantity while the distance r is a scalar.,The moment arm is the perpendicular distance while r is the distance from the pivot to the point of application.,D,"The moment arm is the perpendicular distance from the pivot to the line of action, whereas the distance 'r' is the actual displacement vector.",Moment Arm Concept,Hard,Physics,Vectors and Equilibrium
A rescue team travels 3 km North and then 4 km East to reach a stranded hiker. What is the magnitude of their displacement?,7 km,5 km,1 km,12 km,B,Resultant displacement uses the Pythagorean theorem for perpendicular paths; 7km is the scalar sum which ignores the vector nature of displacement.,Vector Addition,Easy,Physics,Vectors and Equilibrium
A traveler pulls a suitcase at a constant speed across a flat airport floor. Which component of the pulling force performs work?,Horizontal component (F cosθ),Vertical component (F sinθ),Normal force component,Gravitational component,A,Work is the dot product of force and displacement; the vertical component is tempting but it is perpendicular to the horizontal motion.,Resolution of Vectors,Easy,Physics,Vectors and Equilibrium
A mechanic uses a long-handled wrench to loosen a rusted bolt on a car engine. Why does the longer handle make it easier?,Decreasing the moment arm,Applying force parallel to the wrench,Increasing the moment arm,Reducing the applied force,C,Torque is the product of force and moment arm; increasing the force is tempting but a longer handle increases leverage more efficiently.,Torque,Easy,Physics,Vectors and Equilibrium
A solar panel is tilted to capture maximum energy from sunlight. The mathematical operation used to find the energy flux through the panel is:,Vector product,Unit vector summation,Vector subtraction,Scalar product,D,The dot product of light intensity and area vector determines flux; the cross product is tempting but relates to the area's physical vector direction.,Scalar Product,Easy,Physics,Vectors and Equilibrium
"In a balanced tug-of-war, two teams pull with equal force in opposite directions. What is the resultant force vector called?",Unit vector,Null vector,Position vector,Negative vector,B,The resultant of two equal and opposite vectors is a null vector; a unit vector is tempting but it has a magnitude of one.,Null Vector,Easy,Physics,Vectors and Equilibrium
A logistics company uses a coordinate system to track a delivery truck relative to the warehouse. Which vector represents the truck's specific location?,Position vector,Displacement vector,Unit vector,Null vector,A,A position vector describes location relative to a fixed origin; a displacement vector is tempting but represents the change between two points.,Position Vector,Easy,Physics,Vectors and Equilibrium
An engineer defines the direction of a laser beam using a unit vector. What is the magnitude of this unit vector?,Zero,Infinity,Unity,Negative one,C,Unit vectors have a magnitude of exactly one; the null vector is tempting but it represents zero magnitude and no specific direction.,Unit Vector,Easy,Physics,Vectors and Equilibrium
A heavy chandelier is suspended from a ceiling by a single cable and remains perfectly still. Which condition of equilibrium is primarily satisfied?,First condition of equilibrium,Second condition of equilibrium,Third law of motion,Law of conservation of energy,A,The first condition of equilibrium states the sum of forces must be zero; the second condition is tempting but applies to rotational balance.,First Condition of Equilibrium,Easy,Physics,Vectors and Equilibrium
A straight wire in a DC motor carries current parallel to the direction of the magnetic field. What is the magnitude of the magnetic force?,Maximum force,Infinite force,Half of the maximum force,Zero force,D,"Magnetic force involves a cross product (F=ILxB), which is zero when vectors are parallel; maximum force is tempting but occurs at 90 degrees.",Vector Product,Medium,Physics,Vectors and Equilibrium
A physiotherapist measures the torque generated by a patient's bicep while holding a weight. How is this torque mathematically determined?,Force multiplied by muscle length,Force multiplied by perpendicular distance,Force divided by distance,Force multiplied by sine of 180 degrees,B,Torque is calculated using the perpendicular distance from the pivot; the muscle's total length is tempting but does not define the moment arm.,Torque,Medium,Physics,Vectors and Equilibrium
A nurse pushes a wheelchair up a hospital ramp inclined at an angle θ. Which component of the wheelchair's weight acts down the ramp?,W cosθ,W sinθ,W tanθ,W secθ,B,The component parallel to the incline is mg sinθ; mg cosθ is tempting but it represents the normal force component perpendicular to the ramp.,Resolution of Vectors,Medium,Physics,Vectors and Equilibrium
"A small plane flies North at 200 km/h, but encounters a headwind blowing South at 50 km/h. What is the plane's resultant ground speed?",250 km/h North,250 km/h South,150 km/h North,150 km/h South,C,Opposite vectors are subtracted to find the resultant; adding them is tempting but only applies if they share the same direction.,Vector Addition,Medium,Physics,Vectors and Equilibrium
A satellite orbits the Earth in a perfect circle. Why is the work done by the Earth's gravitational force on the satellite zero?,Zero,Maximum,Negative,Variable,A,Work is zero because the centripetal force is perpendicular to displacement; maximum work is tempting but requires the force to be parallel.,Scalar Product,Medium,Physics,Vectors and Equilibrium
A laboratory technician uses a beam balance to measure mass. What condition must be met for the beam to stay horizontal?,Sum of all forces must be positive,Sum of all forces must be zero,Net torque must be maximum,Net torque must be zero,D,Rotational equilibrium requires the sum of clockwise and anticlockwise torques to be zero; increasing weight is tempting but must be on the specific side.,Second Condition of Equilibrium,Medium,Physics,Vectors and Equilibrium
"A carpenter turns a screwdriver clockwise to tighten a screw. According to the right-hand rule, what is the direction of the torque vector?","Upward, away from the wood","Downward, into the wood",Tangent to the screw head,Parallel to the handle,B,The right-hand rule dictates that clockwise rotation results in a torque vector pointing into the surface; 'Upward' is tempting but describes counter-clockwise rotation.,Torque Direction,Medium,Physics,Vectors and Equilibrium
Two structural cables exert forces of equal magnitude 'F'. At what angle must they act so their resultant force is also 'F'?,0 degrees,60 degrees,120 degrees,180 degrees,C,"Using the law of cosines, an angle of 120 degrees results in a resultant equal to the original vectors; 60 degrees is tempting but gives sqrt(3)A.",Vector Addition,Medium,Physics,Vectors and Equilibrium
A passenger bus is loaded with heavy luggage on its roof rack. Why does this increase the risk of the bus tipping over on sharp turns?,Lowers the center of gravity,Shifts the center of gravity to the front,Shifts the center of gravity to the rear,Raises the center of gravity,D,A higher center of gravity makes the vehicle unstable during turns; lowering the center is tempting but roof loading does the opposite.,Center of Gravity,Hard,Physics,Vectors and Equilibrium
"A painter stands on a ladder leaning against a smooth, frictionless wall. What force prevents the base of the ladder from sliding outward?",Normal force from the wall,Static friction at the ground,Weight of the ladder,Air resistance,B,Friction provides the necessary torque and force to prevent the ladder from sliding; the wall's normal force is tempting but acts perpendicular to the wall.,Equilibrium,Hard,Physics,Vectors and Equilibrium
A car traveling North at 20 m/s turns a corner and travels East at 20 m/s. What is the direction of the change in velocity vector?,South-East,North-East,South-West,North-West,A,"Change in velocity is final (East) minus initial (North), which equals East plus South; North-East is tempting but ignores the subtraction.",Vector Subtraction,Hard,Physics,Vectors and Equilibrium
"In a physics simulation, the magnitude of the scalar product of two vectors equals the magnitude of their vector product. What is the angle between them?",0 degrees,90 degrees,45 degrees,180 degrees,C,"When the angle is 45 degrees, sinθ equals cosθ, making the magnitudes equal; 90 degrees is tempting but makes the dot product zero.",Scalar and Vector Products,Hard,Physics,Vectors and Equilibrium
A physics student needs to specify the direction of a force vector in a three-dimensional Cartesian coordinate system. Which specific vector type is used?,Unit vector,Null vector,Position vector,Resultant vector,A,A unit vector specifies direction with a magnitude of one. Position vectors are tempting but they indicate location from the origin instead.,Unit Vectors,Easy,Physics,Vectors and Equilibrium
"During a laboratory experiment, two equal and opposite forces act on a stationary block, resulting in a net force of zero. Name this resultant.",Negative vector,Null vector,Unit vector,Position vector,B,"A null vector has zero magnitude and arbitrary direction. Negative vectors are tempting but they refer to individual vectors, not the zero resultant.",Null Vector,Easy,Physics,Vectors and Equilibrium
A block is moved horizontally while a vertical force is applied. At what angle between force and displacement is the scalar product zero?,0 degrees,45 degrees,90 degrees,180 degrees,C,"The scalar product is zero when vectors are at 90 degrees. 180 degrees is tempting but it yields a maximum negative value, not zero.",Scalar Product,Easy,Physics,Vectors and Equilibrium
A mechanic applies a force to a wrench to loosen a bolt. Which SI unit is used to express the rotational effect produced?,Joule,Watt,Newton per metre,Newton-metre,D,"The SI unit for torque is Newton-metre (Nm). Joule is tempting because it is dimensionally equivalent, but it is reserved for scalar energy.",Torque,Easy,Physics,Vectors and Equilibrium
"A picture frame hangs motionless on a wall, meaning the vector sum of all external forces is zero. Which condition is satisfied?",Second condition of equilibrium,First condition of equilibrium,Law of inertia,Third law of motion,B,The first condition ensures translational equilibrium. Second condition is tempting but it specifically governs rotational equilibrium through the balance of all torques.,Equilibrium,Easy,Physics,Vectors and Equilibrium
"A drone is located at coordinates (x, y, z) relative to its controller. Which expression correctly defines its position vector in space?",r = xi + yj + zk,r = xi + yj,r = x + y + z,r = (x^2 + y^2 + z^2),A,The position vector r in 3D is xi + yj + zk. Option B is tempting but it represents only a 2D plane projection.,Position Vector,Easy,Physics,Vectors and Equilibrium
A student rotates a screw by applying a torque. Which rule is used to determine the direction of the resultant torque vector?,Left-hand rule,Head-to-tail rule,Right-hand rule,Commutative rule,C,The right-hand rule determines the direction of the vector product. The left-hand rule is tempting but is typically used for magnetic force directions.,Vector Product,Easy,Physics,Vectors and Equilibrium
"When calculating the work done by a force, the order of the vectors in the product does not change the result. Name this property.",Vector product,Scalar product,Cross product,Division of vectors,B,"Scalar product is commutative (A.B = B.A). Vector product is tempting but it is anti-commutative, meaning the direction reverses when the order changes.",Scalar Product,Easy,Physics,Vectors and Equilibrium
A force vector A makes an angle theta with vector B. What is the magnitude of the projection of A onto the direction of B?,A cos theta,A sin theta,B cos theta,A tan theta,A,The component of A in the direction of B is A cos theta. A sin theta is tempting but represents the perpendicular component.,Rectangular Components,Medium,Physics,Vectors and Equilibrium
"To open a heavy vault door with minimum effort, a guard applies force perpendicularly. At what angle is the magnitude of torque maximized?",0 degrees,45 degrees,180 degrees,90 degrees,D,Torque is maximum at 90 degrees because sin(90) equals one. 0 degrees is tempting but it results in zero torque as the force is parallel.,Torque,Medium,Physics,Vectors and Equilibrium
"In a physics demonstration, a student uses a lever to lift a weight. What term describes the distance 'l' in the formula Torque = Fl?",Total length of the lever,Perpendicular distance from pivot,Parallel distance from pivot,Line of action of force,B,The moment arm is the perpendicular distance from the pivot. The total length is tempting but only the perpendicular component contributes to the torque.,Torque,Medium,Physics,Vectors and Equilibrium
A heavy chandelier is suspended by three non-parallel chains and remains perfectly still. Which statement must be true regarding the forces involved?,Tension equals weight,Torque is maximized,Vector sum of forces is zero,Velocity is constant,C,"For a body at rest, the sum of all forces must be zero. Tension being equal to weight is tempting but only true for vertical strings.",Equilibrium,Medium,Physics,Vectors and Equilibrium
A satellite moves in a perfectly circular orbit around Earth. How much work is done by the gravitational force during one complete revolution?,0 Joules,Maximum positive,Maximum negative,Undefined,A,Work is zero because centripetal force is always perpendicular to displacement. 180 degrees is tempting but that would imply work is negative.,Scalar Product,Medium,Physics,Vectors and Equilibrium
Two forces of equal magnitude 'A' act on a particle at an angle of 120 degrees. What is the magnitude of their resultant?,2A,A,Zero,A multiplied by sqrt(3),B,"Using the law of cosines, the resultant of two equal vectors at 120 degrees equals the magnitude of one vector. 2A is tempting.",Vector Addition,Medium,Physics,Vectors and Equilibrium
What is the minimum number of unequal coplanar vectors whose vector sum can possibly be equal to a null vector?,Two,Four,Three,Five,C,Three unequal coplanar vectors can form a closed triangle to give a zero resultant. Two is tempting but only works if they are equal.,Vector Addition,Medium,Physics,Vectors and Equilibrium
A force is applied to a position vector in the xy-plane. In which direction will the resulting torque vector always point?,Parallel to the plane,At 45 degrees to the plane,Within the plane,Perpendicular to the plane,D,The cross product result is always perpendicular to the plane containing the original vectors. Parallel is tempting but physically impossible for a cross product.,Vector Product,Medium,Physics,Vectors and Equilibrium
"In a right-handed coordinate system, a student calculates the vector product of the unit vector i and the unit vector j. What is the result?",Unit vector k,Negative unit vector k,Zero,One,A,"Following the cyclic order (i, j, k), the cross product of i and j is k. Negative k is tempting but occurs if the order is reversed.",Vector Product,Hard,Physics,Vectors and Equilibrium
"A uniform plank is balanced on a pivot. To maintain horizontal balance, the sum of all torques must be zero. Which condition is this?",First condition of equilibrium,Second condition of equilibrium,Third condition of equilibrium,Stable equilibrium,B,Second condition requires the sum of clockwise torques to equal counter-clockwise torques. First condition is tempting but only covers linear forces.,Equilibrium,Hard,Physics,Vectors and Equilibrium
"If the magnitude of the dot product of two vectors equals the magnitude of their cross product, what is the angle between them?",0 degrees,90 degrees,45 degrees,60 degrees,C,"At 45 degrees, both sin and cos are 0.707, making the magnitudes equal. 90 degrees is tempting but cos(90) is zero.",Scalar/Vector Product,Hard,Physics,Vectors and Equilibrium
An object is placed in a region where the gravitational field decreases with height. Which point represents the balance of gravitational weights?,Center of gravity,Center of mass,Geometric center,Axis of rotation,A,Center of gravity is the point where weight acts; it changes if the field is non-uniform. Center of mass is tempting but remains constant.,Equilibrium,Hard,Physics,Vectors and Equilibrium
A position vector is defined by its rectangular components as 3 units along the x-axis and 4 units along the y-axis. What is the magnitude of this vector?,7 units,5 units,1 unit,25 units,B,"The magnitude is calculated using the Pythagorean theorem sqrt(3^2 + 4^2), whereas 7 is the incorrect arithmetic sum.",Rectangular Components,Easy,Physics,Vectors and Equilibrium
"A constant force F = (5i + 2j) N acts on a body, causing a displacement d = (2i + 3j) m. Calculate the total work done on the body.",10 Joules,6 Joules,16 Joules,30 Joules,C,"Work is the scalar product (5x2 + 2x3), while 10 Joules only accounts for the x-component product.",Scalar Product,Easy,Physics,Vectors and Equilibrium
"Two vectors A and B, both having a magnitude of 10 units, are oriented parallel to each other. What is the magnitude of their vector product?",0,50,1,100,A,"The magnitude of the cross product is |A||B|sin(theta); for parallel vectors, sin(0) is zero, unlike the dot product which is maximum.",Vector Product,Easy,Physics,Vectors and Equilibrium
A vector is represented as A = 3i + 4j. Which of the following represents the unit vector in the direction of vector A?,3i + 4j,0.8i + 0.6j,i + j,0.6i + 0.8j,D,The unit vector is the vector divided by its magnitude (5); option A is incorrect as it lacks the division by magnitude.,Unit Vector,Easy,Physics,Vectors and Equilibrium
Two forces of 20 N and 15 N act on a single point in opposite directions along the same line. What is the magnitude of their resultant?,35 N,5 N,300 N,25 N,B,The resultant is the difference (20 - 15) because they are anti-parallel; 35N is the sum for parallel forces.,Vector Addition,Easy,Physics,Vectors and Equilibrium
A technician applies a perpendicular force of 20 N at the edge of a door that is 0.5 m wide. Calculate the torque produced about the hinges.,40 Nm,20.5 Nm,10 Nm,0 Nm,C,Torque is force times perpendicular distance (20 x 0.5); 40 Nm results from dividing by distance instead of multiplying.,Torque,Easy,Physics,Vectors and Equilibrium
"In a Cartesian coordinate system, what is the value of the scalar product between the unit vectors i and j?",0,1,-1,2,A,The dot product is zero because the vectors are perpendicular (i.j = 0); 1 is the magnitude of individual unit vectors.,Scalar Product,Easy,Physics,Vectors and Equilibrium
A block is pulled by two perpendicular forces of 6 N and 8 N simultaneously. What is the magnitude of the net force acting on the block?,14 N,2 N,48 N,10 N,D,"For two vectors at 90 degrees, the magnitude is sqrt(6^2 + 8^2), whereas 14 is the simple algebraic sum.",Vector Addition,Easy,Physics,Vectors and Equilibrium
Two vectors are given as A = i + j and B = i - j. What is the angle between these two vectors?,0 degrees,90 degrees,180 degrees,45 degrees,B,The dot product (1-1=0) indicates the vectors are perpendicular; 0 degrees would require a maximum dot product.,Angle between Vectors,Medium,Physics,Vectors and Equilibrium
A vector has a magnitude of 10 units and its x-component is 6 units. Determine the magnitude of its y-component.,4 units,16 units,8 units,64 units,C,"The y-component is sqrt(10^2 - 6^2) = 8; 4 units is the difference between components, which is irrelevant.",Rectangular Components,Medium,Physics,Vectors and Equilibrium
A child pulls a toy crate with a force of 100 N at an angle of 60 degrees with the horizontal floor. What is the horizontal component of this force?,50 N,86.6 N,100 N,0 N,A,The x-component is F*cos(60) = 100*0.5 = 50N; 86.6N is the y-component using sin(60).,Rectangular Components,Medium,Physics,Vectors and Equilibrium
A mechanic uses a wrench of length 20 cm and applies a force of 50 N at an angle of 30 degrees to the wrench handle. Calculate the torque.,10 Nm,8.66 Nm,2.5 Nm,5 Nm,D,Torque = r*F*sin(theta) = 0.2*50*sin(30) = 10*0.5 = 5Nm; 10Nm fails by ignoring the angle's sine.,Torque,Medium,Physics,Vectors and Equilibrium
"If a vector A is given by 3i + 4j, what is the value of the scalar product of A with itself?",5,25,7,49,B,The dot product of a vector with itself is the square of its magnitude (3^2+4^2=25); 5 is just the magnitude.,Scalar Product,Medium,Physics,Vectors and Equilibrium
A force of 10 N acts at an angle of 30 degrees with the vertical y-axis. What is the magnitude of its x-component?,8.66 N,10 N,5 N,15 N,C,"Since theta is with the y-axis, the x-component uses sin(30), so 10*0.5=5N; using cos(30) gives the y-component.",Rectangular Components,Medium,Physics,Vectors and Equilibrium
"A uniform see-saw is balanced at its center. If a 10 N weight is placed 2 m from the pivot, what force must be applied 4 m from the pivot on the opposite side?",5 N,20 N,10 N,40 N,A,"For equilibrium, sum of torques is zero: 10N*2m = F*4m, so F=5N; 20N incorrectly assumes equal distances.",Equilibrium,Medium,Physics,Vectors and Equilibrium
"Given a vector A = 2i + j, calculate the magnitude of the projection of vector A onto the x-axis unit vector i.",1,2,0,sqrt(5),B,The projection is (A.B)/|B| = (2*1 + 1*0)/1 = 2; 1 is the magnitude of the unit vector i.,Scalar Product,Medium,Physics,Vectors and Equilibrium
At what angle between two non-zero vectors A and B will the magnitude of their scalar product be equal to the magnitude of their vector product?,0 degrees,90 degrees,180 degrees,45 degrees,D,"A.B = ABcos(theta) and |AxB| = ABsin(theta); they are equal when tan(theta)=1, which is 45 degrees, not 90.",Scalar and Vector Products,Hard,Physics,Vectors and Equilibrium
A uniform rod of length 2.0 m and weight 100 N is supported at one end. Calculate the torque produced by its weight about that supported end.,100 Nm,200 Nm,0 Nm,50 Nm,A,Torque about one end is Weight * (L/2) = 100 * 1 = 100 Nm; 200 Nm fails by using the full length.,Torque,Hard,Physics,Vectors and Equilibrium
"If vector A = i and vector B = j, what is the ratio of the magnitude of vector A to the magnitude of the resultant vector (A + B)?",1.000,1.414,0.707,0.500,C,"The magnitude of A+B is sqrt(1^2 + 1^2) = sqrt(2); the ratio 1/sqrt(2) is approx 0.707, not 1.0.",Vector Addition,Hard,Physics,Vectors and Equilibrium
"Two equal forces, each of magnitude F, act at a point such that the angle between them is 120 degrees. What is the magnitude of their resultant force?",2F,F,0,1.73F,B,The resultant is sqrt(F^2 + F^2 + 2FFcos(120)) = F; 2F would be the resultant if the angle were 0 degrees.,Vector Addition,Hard,Physics,Vectors and Equilibrium
The maximum value of the cross product of two vectors occurs when they are,parallel,perpendicular,antiparallel,at 45 degrees,B,"Cross product is maximum when vectors are perpendicular because sin(90°) = 1, antiparallel gives zero cross product.",Vector Operations,Easy,Physics,Vectors and Equilibrium
"If the dot product of two vectors is zero, what can be inferred about their orientation?",They are parallel,They are perpendicular,They are antiparallel,They are at 45 degrees,B,"Dot product is zero when vectors are perpendicular because cos(90°) = 0, making the product zero.",Vector Operations,Easy,Physics,Vectors and Equilibrium
A body is in equilibrium under the action of three coplanar forces. What is the necessary condition for the forces?,They must be equal in magnitude,They must be concurrent,They must be parallel,One must be double the others,B,"For a body to be in equilibrium under three coplanar forces, they must be concurrent, satisfying Lami's theorem.",Equilibrium of Forces,Medium,Physics,Vectors and Equilibrium
The resultant of two vectors of equal magnitude is zero. What is the angle between them?,0°,90°,180°,45°,C,"When two vectors of equal magnitude are opposite, their resultant is zero, indicating they are antiparallel (180°).",Vector Addition,Easy,Physics,Vectors and Equilibrium
The magnitude of the vector product of two vectors is equal to the area of the parallelogram formed by,the vectors themselves,the vectors as adjacent sides,the vectors as diagonals,the vectors as opposite sides,B,The magnitude of the cross product of two vectors equals the area of the parallelogram with the vectors as adjacent sides.,Vector Operations,Medium,Physics,Vectors and Equilibrium
"In a rectangular coordinate system, a vector has components (3, 4). What is its magnitude?",5,7,12,25,A,"The magnitude of a vector with components (x, y) is √(x² + y²) = √(3² + 4²) = √(9 + 16) = √25 = 5.",Vector Components,Easy,Physics,Vectors and Equilibrium
"For a body to be in equilibrium, the vector sum of all forces acting on it must be",positive,negative,zero,maximum,C,"For a body to be in equilibrium, the net force acting on it must be zero, as per Newton's First Law of Motion.",Equilibrium of Forces,Easy,Physics,Vectors and Equilibrium
"Two forces, 3 N and 4 N, act on a body. The maximum possible resultant force is",1 N,5 N,7 N,12 N,C,"The maximum resultant occurs when the forces are parallel and in the same direction, so 3 N + 4 N = 7 N.",Vector Addition,Medium,Physics,Vectors and Equilibrium
The minimum number of unequal vectors required to produce a zero resultant is,2,3,4,5,B,"Three vectors can be arranged in a triangle (vector triangle law), giving a zero resultant if they are unequal.",Vector Addition,Hard,Physics,Vectors and Equilibrium
The angle between two vectors A and B is θ. The vector product A × B is,equal to A.B,perpendicular to both A and B,parallel to both A and B,equal to A + B,B,The cross product A × B results in a vector that is perpendicular to the plane containing vectors A and B.,Vector Operations,Medium,Physics,Vectors and Equilibrium
A force of 10 N acts at an angle of 60° with the x-axis. The x-component of this force is,5 N,8.66 N,10 N,17.32 N,A,The x-component is given by Fcos(θ) = 10cos(60°) = 10 * 0.5 = 5 N.,Vector Components,Easy,Physics,Vectors and Equilibrium
A particle is in equilibrium under the action of three forces. Two of the forces are equal in magnitude and opposite in direction. The third force must be,equal to the sum of the other two,equal in magnitude to the other two and in the same direction,zero,perpendicular to the other two,C,"If two forces are equal and opposite, they cancel each other. For equilibrium, the third force must be zero.",Equilibrium of Forces,Medium,Physics,Vectors and Equilibrium
The maximum magnitude of the resultant of two vectors occurs when the angle between them is,0°,90°,180°,360°,A,"The maximum resultant occurs when vectors are parallel (0°), as their magnitudes add up directly.",Vector Addition,Easy,Physics,Vectors and Equilibrium
The vector product is not commutative. This means,A × B = B × A,A × B = -B × A,A × B = 0,A × B = A + B,B,"The cross product is anticommutative, meaning A × B = -B × A, showing that the order of vectors matters.",Vector Operations,Medium,Physics,Vectors and Equilibrium
A body is in equilibrium. This implies that the,net force acting on it is zero,net torque acting on it is not zero,body is at rest,body is moving with constant acceleration,A,"For a body to be in equilibrium, the net force acting on it must be zero, satisfying the first condition of equilibrium.",Equilibrium of Forces,Easy,Physics,Vectors and Equilibrium
A vector's magnitude is a measure of its,direction,length,orientation in space,sense of rotation,B,"The magnitude of a vector represents its length or size, not its direction or orientation.",Vector Basics,Easy,Physics,Vectors and Equilibrium
The dot product of two vectors is a measure of,their difference,their sum,the angle between them,the projection of one onto the other,D,"The dot product A · B = |A||B|cos(θ) represents the projection of one vector onto another, scaled by their magnitudes.",Vector Operations,Medium,Physics,Vectors and Equilibrium
Two vectors A and B have equal magnitudes. Their sum is zero. The angle between them is,0°,90°,180°,270°,C,"For two vectors of equal magnitude to sum to zero, they must be antiparallel, hence the angle between them is 180°.",Vector Addition,Medium,Physics,Vectors and Equilibrium
The unit vector in the direction of vector A is given by,A / |A|,A × |A|,A · |A|,A + |A|,A,"A unit vector in the direction of A is obtained by dividing A by its magnitude |A|, thus normalizing it.",Vector Operations,Easy,Physics,Vectors and Equilibrium
The torque is a result of,dot product of force and distance,cross product of force and distance,sum of force and distance,difference of force and distance,B,"Torque is defined as the cross product of the radius vector and the force applied, τ = r × F.",Torque and Rotational Motion,Medium,Physics,Vectors and Equilibrium
