Question,Option_a,Option_b,Option_c,Option_d,Correct_answer,Explanation,Subtopic,Difficulty,Subject,Topic
"During intense exercise, muscle cells produce lactic acid due to anaerobic breakdown of which molecule?",Glucose,Pyruvate,Glycogen,Fructose,A,"Glucose is broken down anaerobically to pyruvate, then to lactic acid; glycogen is a stored form, not directly broken down.",Anaerobic Respiration,Medium,Biology,Respiration
What is the byproduct of anaerobic respiration in yeast?,Lactic acid,Ethanol,Pyruvate,Acetyl CoA,B,Yeast produces ethanol and CO2 through anaerobic respiration; lactic acid is produced in muscle cells.,Anaerobic Respiration,Easy,Biology,Respiration
Which stage of cellular respiration produces the most ATP molecules?,Glycolysis,Krebs cycle,Oxidative phosphorylation,Pyruvate oxidation,C,Oxidative phosphorylation produces the majority of ATP during cellular respiration through the electron transport chain.,Aerobic Respiration,Easy,Biology,Respiration
The electron transport chain is located in which part of the cell?,Mitochondrial matrix,Mitochondrial inner membrane,Cytoplasm,Mitochondrial outer membrane,B,"The electron transport chain is embedded in the mitochondrial inner membrane, where it pumps protons across the membrane.",Aerobic Respiration,Easy,Biology,Respiration
What is the primary function of the Krebs cycle?,To produce ATP directly,To generate NADH and FADH2,To synthesize glucose,To break down fatty acids,B,"The Krebs cycle produces NADH and FADH2 as byproducts, which are used in the electron transport chain to generate ATP.",Aerobic Respiration,Medium,Biology,Respiration
Which molecule is the final electron acceptor in the electron transport chain?,NAD+,FAD,Oxygen,Cytochrome c,C,"Oxygen is the final electron acceptor, forming water; NAD+ and FAD are electron carriers, not acceptors.",Aerobic Respiration,Easy,Biology,Respiration
What is the net ATP yield from the complete breakdown of one glucose molecule during aerobic respiration?,2 ATP,4 ATP,36-38 ATP,12 ATP,C,"Aerobic respiration yields 36-38 ATP per glucose molecule, considering both substrate-level and oxidative phosphorylation.",Aerobic Respiration,Medium,Biology,Respiration
Glycolysis occurs in which part of the cell?,Mitochondria,Cytoplasm,Nucleus,Endoplasmic reticulum,B,"Glycolysis is the first step in cellular respiration and occurs in the cytoplasm, not in mitochondria.",Glycolysis,Easy,Biology,Respiration
What is the purpose of the pentose phosphate pathway?,To generate ATP,To produce NADPH and pentoses,To synthesize amino acids,To break down glycogen,B,"The pentose phosphate pathway generates NADPH and pentoses, important for biosynthesis and antioxidant defenses.",Pentose Phosphate Pathway,Medium,Biology,Respiration
What is the result of the decarboxylation of pyruvate?,Acetyl CoA,Citrate,Oxaloacetate,Alpha-ketoglutarate,A,"Pyruvate is decarboxylated to form Acetyl CoA, a crucial step linking glycolysis to the Krebs cycle.",Pyruvate Oxidation,Easy,Biology,Respiration
The Krebs cycle is also known as the citric acid cycle because it starts with which compound?,Citrate,Isocitrate,Alpha-ketoglutarate,Succinate,A,"The cycle begins with citrate, hence the name citric acid cycle; citrate is formed from Acetyl CoA and oxaloacetate.",Krebs Cycle,Easy,Biology,Respiration
"In the electron transport chain, protons are pumped from the mitochondrial matrix to which compartment?",Intermembrane space,Mitochondrial matrix,Cytoplasm,Mitochondrial outer membrane,A,"Protons are pumped into the intermembrane space, creating a proton gradient used for ATP synthesis.",Electron Transport Chain,Medium,Biology,Respiration
Anaerobic respiration in muscle cells results in the production of which compound?,Ethanol,Lactic acid,Pyruvate,Acetyl CoA,B,Muscle cells produce lactic acid under anaerobic conditions; ethanol is produced by yeast.,Anaerobic Respiration,Easy,Biology,Respiration
The enzyme responsible for the phosphorylation of ADP to ATP in the electron transport chain is called?,ATP synthase,ATPase,NADH dehydrogenase,Cytochrome c oxidase,A,ATP synthase uses the proton gradient to phosphorylate ADP to ATP; ATPase is involved in ATP hydrolysis.,Oxidative Phosphorylation,Medium,Biology,Respiration
Glycolysis is the metabolic pathway that converts glucose into which molecule?,Pyruvate,Lactate,Acetyl CoA,Citrate,A,Glycolysis converts glucose into pyruvate; lactate is formed under anaerobic conditions in muscle.,Glycolysis,Easy,Biology,Respiration
The process of generating energy from the transfer of electrons is known as?,Substrate-level phosphorylation,Oxidative phosphorylation,Photophosphorylation,Glycolysis,B,Oxidative phosphorylation generates ATP through the electron transport chain; substrate-level phosphorylation is a different mechanism.,Oxidative Phosphorylation,Medium,Biology,Respiration
Which complex in the electron transport chain is responsible for transferring electrons directly to oxygen?,Complex I,Complex II,Complex III,Complex IV,D,"Complex IV (cytochrome c oxidase) transfers electrons to oxygen, the final electron acceptor.",Electron Transport Chain,Hard,Biology,Respiration
What is the role of coenzyme Q in the electron transport chain?,To transfer electrons from Complex I to Complex III,To pump protons across the membrane,To synthesize ATP,To reduce NAD+,A,"Coenzyme Q transfers electrons from Complex I and Complex II to Complex III, facilitating the electron transport chain.",Electron Transport Chain,Hard,Biology,Respiration
The complete breakdown of glucose to carbon dioxide and water yields how many ATP molecules per glucose molecule?,2,4,36-38,12-14,C,"Aerobic respiration of one glucose molecule yields 36-38 ATP, combining glycolysis, Krebs cycle, and oxidative phosphorylation.",Aerobic Respiration,Hard,Biology,Respiration
A patient with pneumonia has difficulty breathing due to reduced gas exchange. Which part of the respiratory system is primarily affected?,Trachea,Bronchioles,Alveoli,Diaphragm,C,"Alveoli are the primary site of gas exchange; trachea and bronchioles are airways, diaphragm is a muscle.",Anatomy of Respiratory System,Easy,Biology,Respiration
"During intense exercise, a 20-year-old's body relies on anaerobic respiration. What is the primary product of anaerobic glycolysis in muscle cells?",Pyruvate,Lactate,Acetyl-CoA,Citrate,B,Lactate is produced from pyruvate in anaerobic conditions; pyruvate is the end product of glycolysis.,Anaerobic Respiration,Medium,Biology,Respiration
A person with chronic obstructive pulmonary disease (COPD) has reduced lung capacity. What is the primary effect on their blood CO2 levels?,Decreased CO2,Increased CO2,No change in CO2,Fluctuating CO2,B,"COPD impairs gas exchange, leading to CO2 retention; decreased CO2 would occur with hyperventilation.",Pathophysiology of Respiratory Diseases,Medium,Biology,Respiration
What is the primary mechanism by which oxygen is transported in the blood?,Dissolved in plasma,Bound to hemoglobin,As bicarbonate ions,As carbon dioxide,B,"Hemoglobin binds O2, facilitating its transport; most O2 is bound, not dissolved in plasma.",Oxygen Transport,Easy,Biology,Respiration
A patient is diagnosed with carbon monoxide poisoning. How does CO affect oxygen transport?,Increases oxygen binding to hemoglobin,Decreases oxygen binding to hemoglobin,Replaces hemoglobin with methemoglobin,Inhibits cytochrome c oxidase,B,"CO competes with O2 for hemoglobin binding sites, reducing O2 delivery; CO has higher affinity for hemoglobin.",Toxicology of Respiration,Hard,Biology,Respiration
What is the primary function of the respiratory quotient (RQ)?,Measures oxygen consumption,Indicates type of substrate being metabolized,Calculates energy expenditure,Assesses lung function,B,"RQ is the ratio of CO2 produced to O2 consumed, indicating the type of metabolic substrate.",Respiratory Quotient,Medium,Biology,Respiration
A person's RQ is 0.8. What does this indicate about their metabolic substrate?,Primarily carbohydrates,Primarily fats,Primarily proteins,Mixed substrates,D,"RQ of 0.8 indicates mixed substrate metabolism; 1.0 is carbohydrates, 0.7 is fats.",Respiratory Quotient,Medium,Biology,Respiration
"During fasting, the body's energy source shifts. What is the primary energy source after 24 hours of fasting?",Glucose,Fatty acids,Amino acids,Glycogen,B,"After 24 hours, fatty acids become the primary energy source as glycogen stores deplete.",Metabolic Adaptation,Medium,Biology,Respiration
A patient with diabetic ketoacidosis has an increased respiratory rate. What is the primary stimulus for this increase?,Low oxygen levels,High CO2 levels,Acidosis,High blood pressure,C,"Acidosis stimulates respiratory centers to increase rate, attempting to compensate for metabolic acidosis.",Regulation of Respiration,Hard,Biology,Respiration
What is the effect of high altitude on the body's oxygen levels?,Increased oxygen availability,Decreased oxygen availability,No change in oxygen availability,Increased CO2 levels,B,"High altitude has lower atmospheric pressure, reducing oxygen availability.",Environmental Effects on Respiration,Easy,Biology,Respiration
A person acclimatizes to high altitude. What is the primary adaptation in their body?,Increased red blood cell count,Decreased red blood cell count,Increased lung capacity,Decreased respiratory rate,A,"Acclimatization involves increased erythropoiesis, raising red blood cell count to compensate for lower O2.",Adaptation to High Altitude,Medium,Biology,Respiration
What is the primary role of surfactant in the lungs?,Traps dust particles,Reduces surface tension,Increases surface tension,Facilitates gas exchange,B,"Surfactant reduces alveolar surface tension, preventing collapse; increases lung compliance.",Surfactant and Lung Mechanics,Easy,Biology,Respiration
A premature infant has respiratory distress syndrome. What is the primary cause?,Insufficient surfactant production,Excessive surfactant production,Airway obstruction,Infection,A,"Premature infants often lack sufficient surfactant, leading to increased surface tension and alveolar collapse.",Neonatal Respiratory Distress,Medium,Biology,Respiration
What is the effect of emphysema on lung function?,Increased lung elasticity,Decreased lung elasticity,Increased gas exchange,Decreased residual volume,B,"Emphysema destroys alveolar walls, reducing lung elasticity and impairing gas exchange.",Pathophysiology of COPD,Medium,Biology,Respiration
A person with asthma experiences bronchoconstriction. What is the primary effect on their breathing?,Increased airflow,Decreased airflow,Increased lung volume,Decreased respiratory rate,B,"Bronchoconstriction narrows airways, reducing airflow; asthma symptoms include wheezing and dyspnea.",Pathophysiology of Asthma,Easy,Biology,Respiration
"During exercise, what is the primary mechanism increasing ventilation?",Increased CO2 levels,Decreased O2 levels,Increased neural drive,Decreased pH,C,"Exercise increases neural drive to respiratory centers, increasing ventilation; CO2 and pH also play roles.",Regulation of Respiration During Exercise,Hard,Biology,Respiration
A person hyperventilates. What is the immediate effect on their blood CO2 levels?,Increased CO2,Decreased CO2,No change in CO2,Increased O2,B,"Hyperventilation increases CO2 exhalation, reducing blood CO2 levels; can lead to respiratory alkalosis.",Effects of Hyperventilation,Medium,Biology,Respiration
What is the primary function of the pneumotaxic center?,Regulates depth of breathing,Regulates rate of breathing,Stimulates inspiratory effort,Inhibits expiratory effort,A,Pneumotaxic center helps regulate the depth of breathing by limiting inspiration.,Control of Respiration,Easy,Biology,Respiration
A patient has a condition that impairs the function of the diaphragm. What is the primary effect on their breathing?,Increased tidal volume,Decreased tidal volume,Increased respiratory rate,Decreased respiratory rate,B,"Diaphragm impairment reduces effective tidal volume, as diaphragm is primary muscle for inspiration.",Muscles of Respiration,Medium,Biology,Respiration
What is the effect of increased dead space on alveolar ventilation?,Increased alveolar ventilation,Decreased alveolar ventilation,No change in alveolar ventilation,Increased minute ventilation,B,"Increased dead space means more ventilation is wasted, reducing effective alveolar ventilation.",Dead Space and Alveolar Ventilation,Hard,Biology,Respiration
Insects have a unique respiratory system. What is the primary mechanism of gas exchange in insects?,Diffusion through the skin,Tracheal system with spiracles,Branchial respiration,Book lungs,B,Insects use tracheal system for gas exchange. Spiracles are openings that allow air to enter the tracheae.,Insect Respiration,Easy,Biology,Respiration
A person is diagnosed with a condition where their diaphragm is paralyzed. How will this affect their breathing?,Increased lung capacity,Decreased lung capacity,No effect on breathing,Reversal of breathing rhythm,B,Diaphragm paralysis reduces lung capacity as diaphragm is major muscle for inspiration. Other muscles can't compensate fully.,Human Respiratory System,Medium,Biology,Respiration
"Under anaerobic conditions, what is the end product of glycolysis in human muscle cells?",Pyruvate,Lactate,Acetyl-CoA,Ethanol,B,"In human muscle cells, anaerobic glycolysis produces lactate. Pyruvate is converted to lactate to regenerate NAD+.",Anaerobic Respiration,Easy,Biology,Respiration
What is the byproduct of anaerobic respiration in yeast that is used in baking?,Lactate,Ethanol,Pyruvate,CO2,B,Yeast produces ethanol and CO2 during anaerobic respiration. Ethanol fermentation is used in baking.,Anaerobic Respiration,Easy,Biology,Respiration
The pentose phosphate pathway is an alternative to glycolysis. What is its primary function?,ATP production,NADPH production,Pyruvate production,Lactate production,B,Pentose phosphate pathway generates NADPH for biosynthetic reactions. It's not primarily for ATP production.,Pentose Phosphate Pathway,Medium,Biology,Respiration
Cyanide is a potent toxin that inhibits the electron transport chain. Which complex is affected?,Complex I,Complex II,Complex III,Complex IV,D,"Cyanide binds to cytochrome c oxidase (Complex IV), halting electron transport and ATP synthesis.",Electron Transport Chain,Medium,Biology,Respiration
Some aquatic animals can survive in low-oxygen environments. What is the adaptation that allows this?,Increased glycolysis,Enhanced electron transport chain,High myoglobin levels,Anaerobic respiration,D,Some aquatic animals use anaerobic respiration to survive in low-O2 environments. This produces less ATP but allows survival.,Adaptations to Low Oxygen,Hard,Biology,Respiration
What is the term for the process by which certain organisms produce ATP in the absence of oxygen?,Aerobic respiration,Anaerobic respiration,Fermentation,Photosynthesis,B,Anaerobic respiration generates ATP without oxygen. Fermentation is a type of anaerobic respiration.,Anaerobic Respiration,Easy,Biology,Respiration
The respiratory quotient (RQ) is the ratio of CO2 produced to O2 consumed. What is the RQ for carbohydrate metabolism?,0.7,0.8,1.0,1.2,C,Carbohydrate metabolism has an RQ of 1.0 because glucose oxidation produces equal moles of CO2 and O2.,Respiratory Quotient,Medium,Biology,Respiration
"In the lungs, CO2 is transported from the blood to the alveoli. What is the primary mechanism?",Diffusion,Active transport,Facilitated diffusion,Osmosis,A,CO2 diffuses from blood to alveoli down its concentration gradient. No energy is required.,Gas Exchange,Easy,Biology,Respiration
"During intense exercise, the demand for ATP increases. How do muscle cells meet this demand?",Increased aerobic respiration,Increased anaerobic respiration,Decreased ATP consumption,Increased ATP storage,B,"Muscle cells initially meet high ATP demand through anaerobic respiration, producing lactate.",Muscle Physiology,Medium,Biology,Respiration
What is the name of the process by which the lungs expand and contract?,Respiratory cycle,Breathing mechanism,Pulmonary ventilation,Thoracic oscillation,C,"Pulmonary ventilation refers to the movement of air in and out of the lungs, driven by thoracic cavity changes.",Pulmonary Ventilation,Easy,Biology,Respiration
The Bohr effect describes how CO2 and pH affect hemoglobin's oxygen-binding affinity. What happens when CO2 increases?,Increased O2 affinity,Decreased O2 affinity,No effect on O2 affinity,Reversal of O2 binding,B,"Increased CO2 decreases hemoglobin's O2 affinity, promoting O2 release to tissues. This is the Bohr effect.",Bohr Effect,Medium,Biology,Respiration
Some bacteria can survive without oxygen. What is the term for their metabolic process?,Aerobic respiration,Anaerobic respiration,Fermentation,Photosynthesis,B,Anaerobic respiration occurs without oxygen. Some bacteria use alternative electron acceptors.,Anaerobic Respiration,Easy,Biology,Respiration
How does high altitude affect the body's ability to transport oxygen?,Increased oxygen delivery,Decreased oxygen delivery,No effect on oxygen delivery,Reversal of oxygen delivery,B,"At high altitudes, lower atmospheric pressure reduces oxygen availability, decreasing oxygen delivery.",High Altitude Physiology,Medium,Biology,Respiration
What is the primary function of myoglobin in muscle cells?,O2 storage,O2 transport,CO2 removal,ATP production,A,"Myoglobin stores O2 in muscle cells, releasing it during intense activity when O2 demand is high.",Myoglobin Function,Easy,Biology,Respiration
"In the electron transport chain, what is the role of coenzyme Q?",Electron carrier,Proton pump,ATP synthase,NADH dehydrogenase,A,Coenzyme Q carries electrons between Complex I/II and Complex III in the electron transport chain.,Electron Transport Chain,Medium,Biology,Respiration
"During strenuous exercise, muscle cells rely on anaerobic glycolysis. What is the limiting factor?",Glucose availability,NAD+ regeneration,ATP demand,Lactate clearance,B,NAD+ regeneration is crucial for anaerobic glycolysis to continue. Lactate production regenerates NAD+.,Anaerobic Glycolysis,Hard,Biology,Respiration
"What is the effect of 2,3-Bisphosphoglycerate (2,3-BPG) on hemoglobin?",Increased O2 affinity,Decreased O2 affinity,No effect on O2 affinity,Reversal of O2 binding,B,"2,3-BPG binds to hemoglobin, decreasing its O2 affinity and facilitating O2 release to tissues.","2,3-Bisphosphoglycerate",Hard,Biology,Respiration
"In the citric acid cycle, what is the fate of the carbon atoms from acetyl-CoA?",Released as CO2,Stored in citrate,Used to synthesize ATP,Converted to NADH,A,Carbon atoms from acetyl-CoA are released as CO2 during the citric acid cycle.,Citric Acid Cycle,Medium,Biology,Respiration
"In human cells, what is the primary difference between aerobic and anaerobic respiration in terms of ATP yield?","Aerobic respiration produces 2 ATP, anaerobic produces 36-38 ATP","Aerobic respiration produces 36-38 ATP, anaerobic produces 2 ATP","Aerobic respiration produces ATP in cytoplasm, anaerobic in mitochondria","Aerobic respiration produces ATP in mitochondria, anaerobic in cytoplasm",B,"Aerobic respiration yields 36-38 ATP, while anaerobic yields 2 ATP; the most tempting wrong option fails because it reverses this fact.",ATP Yield,Easy,Biology,Respiration
"Comparing glycolysis in aerobic and anaerobic conditions, what remains the same?",ATP yield per glucose molecule,The end product of glycolysis,The location where glycolysis occurs,The enzymes involved in glycolysis,D,The enzymes involved in glycolysis remain the same; the most tempting wrong option fails because ATP yield differs between aerobic and anaerobic conditions.,Glycolysis,Medium,Biology,Respiration
What is the key difference between the electron transport chain in mitochondria and chloroplasts?,"Mitochondria produce ATP, chloroplasts produce NADPH","Mitochondria produce NADPH, chloroplasts produce ATP",The direction of proton pumping,The presence of ATP synthase,C,The direction of proton pumping differs; the most tempting wrong option fails because both mitochondria and chloroplasts produce ATP.,Electron Transport Chain,Hard,Biology,Respiration
"During strenuous exercise, muscle cells switch to anaerobic respiration. What is the primary reason for this switch?",Increased oxygen demand,Insufficient oxygen supply,Increased ATP demand,Decreased glucose availability,B,"Insufficient oxygen supply triggers anaerobic respiration; the most tempting wrong option fails because increased ATP demand is a result, not the primary reason.",Anaerobic Respiration,Medium,Biology,Respiration
How does the citric acid cycle (Krebs cycle) contribute to ATP production?,Directly producing ATP through substrate-level phosphorylation,Producing NADH and FADH2 for the electron transport chain,Generating ATP through oxidative phosphorylation,Reducing NAD+ to NADH,B,"The citric acid cycle produces NADH and FADH2, which contribute to ATP production in the electron transport chain; the most tempting wrong option fails because it describes a different process.",Citric Acid Cycle,Medium,Biology,Respiration
"Comparing the respiratory quotient (RQ) of carbohydrates, fats, and proteins, which has the highest RQ value?",Carbohydrates,Fats,Proteins,All have the same RQ,A,"Carbohydrates have an RQ of 1, which is the highest; the most tempting wrong option fails because fats have an RQ of approximately 0.7.",Respiratory Quotient,Medium,Biology,Respiration
"In the context of respiration, what is the main difference between substrate-level phosphorylation and oxidative phosphorylation?",Location within the cell,The amount of ATP produced,The mechanism of ATP production,The energy source used,C,"The mechanism differs; substrate-level phosphorylation involves direct transfer, while oxidative phosphorylation uses the electron transport chain; the most tempting wrong option fails because both produce ATP, but through different means.",ATP Production Mechanisms,Medium,Biology,Respiration
How does the efficiency of aerobic respiration compare to anaerobic respiration in terms of ATP yield per glucose molecule?,Aerobic respiration is less efficient,Anaerobic respiration is more efficient,Aerobic respiration is more efficient,Both are equally efficient,C,Aerobic respiration yields more ATP (36-38) compared to anaerobic respiration (2); the most tempting wrong option fails because it reverses this fact.,ATP Yield Comparison,Easy,Biology,Respiration
What is the primary function of the mitochondrial inner membrane in respiration?,To increase the surface area for glycolysis,To house the electron transport chain,To synthesize ATP directly,To store mitochondrial DNA,B,The inner membrane houses the electron transport chain; the most tempting wrong option fails because glycolysis occurs in the cytoplasm.,Mitochondrial Structure,Easy,Biology,Respiration
"Comparing glycolysis and the citric acid cycle, which statement is true about their locations within the cell?",Both occur in the mitochondria,Both occur in the cytoplasm,"Glycolysis occurs in the cytoplasm, citric acid cycle in mitochondria","Glycolysis occurs in mitochondria, citric acid cycle in cytoplasm",C,"Glycolysis occurs in the cytoplasm, while the citric acid cycle occurs in the mitochondria; the most tempting wrong option fails because it reverses these locations.",Cellular Locations of Respiration Processes,Easy,Biology,Respiration
What is the significance of the proton gradient across the mitochondrial inner membrane?,It drives the synthesis of ATP,It drives the transport of glucose into the mitochondria,It is necessary for the citric acid cycle,It is a byproduct of glycolysis,A,The proton gradient drives ATP synthesis through ATP synthase; the most tempting wrong option fails because glucose transport into mitochondria is not directly driven by the proton gradient.,Proton Gradient,Medium,Biology,Respiration
"In anaerobic respiration, what is the fate of pyruvate in human muscle cells?",It is converted to ethanol and CO2,It is converted to lactic acid,It enters the citric acid cycle,It is used to synthesize glucose,B,"Pyruvate is converted to lactic acid in human muscle cells; the most tempting wrong option fails because ethanol and CO2 production occurs in yeast, not human muscle cells.",Anaerobic Respiration,Easy,Biology,Respiration
"Comparing the processes of cellular respiration and photosynthesis, which statement is true regarding their energy conversion?",Both convert light energy into chemical energy,Both convert chemical energy into ATP,"Cellular respiration releases energy, photosynthesis stores energy","Cellular respiration stores energy, photosynthesis releases energy",C,"Cellular respiration releases energy from glucose, while photosynthesis stores energy in glucose; the most tempting wrong option fails because it reverses this fact.",Energy Conversion,Medium,Biology,Respiration
What is the role of cytochrome c in the electron transport chain?,To transfer electrons from complex III to complex IV,To pump protons across the mitochondrial membrane,To generate ATP directly,To reduce NAD+ to NADH,A,Cytochrome c transfers electrons from complex III to complex IV; the most tempting wrong option fails because proton pumping is done by other complexes.,Electron Transport Chain,Hard,Biology,Respiration
"In the context of respiratory substrates, which has the highest energy yield per gram?",Carbohydrates,Fats,Proteins,Nucleic acids,B,Fats yield more energy per gram than carbohydrates or proteins; the most tempting wrong option fails because it underestimates the energy yield of fats.,Energy Yield of Respiratory Substrates,Medium,Biology,Respiration
What is the effect of cyanide on cellular respiration?,It inhibits glycolysis,It inhibits the citric acid cycle,It inhibits the electron transport chain,It enhances ATP production,C,Cyanide inhibits the electron transport chain by binding to cytochrome c oxidase; the most tempting wrong option fails because it describes a different process or effect.,Inhibitors of Respiration,Medium,Biology,Respiration
"Comparing the ATP yield from the complete oxidation of one glucose molecule to that from one fatty acid molecule, which yields more ATP?",Glucose,Fatty acid,Both yield the same amount of ATP,It depends on the type of fatty acid,B,Fatty acids yield more ATP upon complete oxidation compared to glucose; the most tempting wrong option fails because it underestimates the ATP yield from fatty acids.,ATP Yield Comparison,Hard,Biology,Respiration
What is the main reason for the difference in ATP yield between aerobic and anaerobic respiration?,The presence or absence of oxygen,The type of glucose molecule used,The location of respiration within the cell,The enzymes involved in glycolysis,A,"The presence or absence of oxygen determines whether aerobic or anaerobic respiration occurs, affecting ATP yield; the most tempting wrong option fails because it describes a different factor.",ATP Yield Difference,Easy,Biology,Respiration
"During intense exercise, muscle cells produce lactate. Which process is responsible for this lactate production?",Aerobic respiration,Anaerobic glycolysis,Fermentation in mitochondria,Krebs cycle,B,"Anaerobic glycolysis produces lactate; aerobic respiration doesn't produce lactate, it produces CO2 and H2O.",Anaerobic Respiration,Easy,Biology,Respiration
What is the byproduct of glycolysis that is used in the mitochondria for further energy production?,Pyruvate,Lactate,Acetyl CoA,Glucose-6-phosphate,A,Pyruvate is the end product of glycolysis; lactate is produced from pyruvate under anaerobic conditions.,Glycolysis,Medium,Biology,Respiration
The electron transport chain is located in which part of the mitochondria?,Outer mitochondrial membrane,Inner mitochondrial membrane,Mitochondrial matrix,Intermembrane space,B,Electron transport chain is embedded in the inner mitochondrial membrane; outer membrane is permeable to certain substances.,Electron Transport Chain,Easy,Biology,Respiration
"During anaerobic respiration in yeast, what is the end product?",Lactate,Ethanol and CO2,Pyruvate,Acetyl CoA,B,Yeast produces ethanol and CO2 through fermentation; lactate is produced in muscle cells.,Anaerobic Respiration,Easy,Biology,Respiration
How many ATP molecules are directly produced during glycolysis?,2,4,6,8,B,"Glycolysis produces 4 ATP but consumes 2, resulting in a net gain of 2 ATP.",Glycolysis,Easy,Biology,Respiration
The process of generating ATP from the energy released during the electron transport chain is known as?,Substrate-level phosphorylation,Oxidative phosphorylation,Photophosphorylation,Glycolytic phosphorylation,B,Oxidative phosphorylation occurs in mitochondria; substrate-level phosphorylation occurs in glycolysis and Krebs cycle.,Electron Transport Chain,Medium,Biology,Respiration
Which complex in the electron transport chain is not involved in pumping protons across the membrane?,Complex I,Complex II,Complex III,Complex IV,B,Complex II (succinate dehydrogenase) doesn't pump protons; it's part of both Krebs cycle and electron transport chain.,Electron Transport Chain,Hard,Biology,Respiration
The conversion of pyruvate to acetyl CoA is catalyzed by?,Pyruvate kinase,Pyruvate dehydrogenase,Lactate dehydrogenase,Pyruvate carboxylase,B,Pyruvate dehydrogenase catalyzes the conversion; pyruvate kinase is involved in glycolysis.,Link Reaction,Medium,Biology,Respiration
What is the net ATP yield from the complete oxidation of one glucose molecule?,30-32 ATP,36-38 ATP,2 ATP,4 ATP,B,Complete oxidation yields 36-38 ATP; variations depend on shuttle mechanisms.,Cellular Respiration,Easy,Biology,Respiration
"In the absence of oxygen, muscle cells regenerate NAD+ through?",The electron transport chain,The Krebs cycle,Lactate fermentation,Glycolysis,C,Lactate fermentation regenerates NAD+; electron transport chain requires oxygen.,Anaerobic Respiration,Medium,Biology,Respiration
The energy yield from the complete oxidation of one NADH is?,1 ATP,2 ATP,2.5 ATP,3 ATP,C,NADH yields approximately 2.5 ATP; variations depend on the shuttle mechanisms used.,Electron Transport Chain,Medium,Biology,Respiration
What is the primary role of ATP synthase in mitochondria?,To pump protons across the membrane,To synthesize ATP from ADP and Pi,To shuttle electrons between complexes,To reduce NAD+ to NADH,B,ATP synthase uses the proton gradient to synthesize ATP; it doesn't pump protons or shuttle electrons.,Electron Transport Chain,Easy,Biology,Respiration
Rotenone inhibits which complex of the electron transport chain?,Complex I,Complex II,Complex III,Complex IV,A,Rotenone inhibits complex I; it's a specific inhibitor used in research.,Electron Transport Chain,Hard,Biology,Respiration
The pentose phosphate pathway is an alternative to which metabolic pathway?,Glycolysis,Krebs cycle,Electron transport chain,Gluconeogenesis,A,Pentose phosphate pathway is an alternative to glycolysis; it generates NADPH and pentoses.,Glycolysis,Medium,Biology,Respiration
The process by which energy is generated in the mitochondria without the use of oxygen is called?,Oxidative phosphorylation,Substrate-level phosphorylation,Anaerobic respiration,Fermentation,B,Substrate-level phosphorylation occurs in mitochondria (Krebs cycle) and doesn't require oxygen directly.,Krebs Cycle,Hard,Biology,Respiration
What is the byproduct of fatty acid oxidation that enters the Krebs cycle?,Pyruvate,Acetyl CoA,NADH,FADH2,B,Fatty acid oxidation produces acetyl CoA; it enters the Krebs cycle.,Link Reaction,Medium,Biology,Respiration
Which of the following is a characteristic of substrate-level phosphorylation?,It occurs in the electron transport chain,It directly generates ATP from ADP and Pi,It requires oxygen,It involves the transfer of electrons,B,Substrate-level phosphorylation directly generates ATP; it occurs in glycolysis and Krebs cycle.,Glycolysis,Easy,Biology,Respiration
"In the electron transport chain, what is the role of cytochrome c?",Proton pumping across the membrane,Electron transfer between complexes,ATP synthesis directly,NADH dehydrogenation,B,Cytochrome c transfers electrons between Complex III and Complex IV; not directly involved in proton pumping or ATP synthesis.,Electron Transport Chain,Medium,Biology,Respiration
Which stage of cellular respiration produces the most ATP molecules per glucose molecule?,Glycolysis,Krebs cycle,Oxidative phosphorylation,Fermentation,C,"Oxidative phosphorylation produces the most ATP; glycolysis and Krebs cycle produce much less, fermentation produces none net.",ATP Yield,Easy,Biology,Respiration
A person is doing intense exercise. Which type of respiration is occurring in their muscles?,Aerobic respiration,Anaerobic respiration,Fermentation,Both B and C,D,"During intense exercise, muscles undergo anaerobic respiration and fermentation to produce energy rapidly.",Anaerobic Respiration,Medium,Biology,Respiration
What is the byproduct of anaerobic glycolysis in human muscles?,Lactic acid,Ethanol,Pyruvate,Acetyl CoA,A,"Anaerobic glycolysis in muscles results in lactic acid production; ethanol is produced in yeast, not humans.",Anaerobic Glycolysis,Easy,Biology,Respiration
The Krebs cycle takes place in which part of the cell?,Cytoplasm,Mitochondrial matrix,Mitochondrial outer membrane,Endoplasmic reticulum,B,Krebs cycle occurs in the mitochondrial matrix; glycolysis occurs in cytoplasm.,Krebs Cycle Location,Easy,Biology,Respiration
Which complex in the electron transport chain is not involved in proton pumping?,Complex I,Complex II,Complex III,Complex IV,B,Complex II (Succinate dehydrogenase) does not pump protons; it passes electrons directly to the transport chain.,Electron Transport Chain,Hard,Biology,Respiration
"During oxidative phosphorylation, what is the immediate source of energy for ATP synthase?",NADH,FADH2,Proton gradient,Glucose,C,The proton gradient across the mitochondrial membrane drives ATP synthase to produce ATP.,Oxidative Phosphorylation,Medium,Biology,Respiration
"In glycolysis, which enzyme is responsible for the conversion of fructose-6-phosphate to fructose-1,6-bisphosphate?",Hexokinase,Phosphofructokinase-1,Aldolase,Pyruvate kinase,B,Phosphofructokinase-1 catalyzes this step; hexokinase phosphorylates hexoses to form hexose phosphate.,Glycolysis,Easy,Biology,Respiration
What is the net ATP yield from glycolysis?,2 ATP,4 ATP,6 ATP,8 ATP,A,"Glycolysis produces 4 ATP but consumes 2 ATP, resulting in a net gain of 2 ATP.",Glycolysis ATP Yield,Easy,Biology,Respiration
The poison cyanide inhibits cellular respiration by binding to which complex?,Complex I,Complex II,Complex III,Complex IV,D,"Cyanide binds to Complex IV (Cytochrome c oxidase), halting electron transport and thus aerobic respiration.",Electron Transport Chain Inhibitors,Medium,Biology,Respiration
Which process directly generates the most protons for the proton gradient?,Glycolysis,Krebs cycle,Electron transport chain,Fermentation,C,"The electron transport chain pumps protons across the membrane, creating the proton gradient; Krebs cycle produces NADH/FADH2 that contribute to this.",Proton Gradient,Medium,Biology,Respiration
"In anaerobic conditions, what is the fate of pyruvate in muscle cells?",Converted to Acetyl CoA,Reduced to lactate,Oxidized to CO2,Converted to alanine,B,"In anaerobic conditions, pyruvate is reduced to lactate in muscle cells; Acetyl CoA is formed under aerobic conditions.",Anaerobic Respiration,Easy,Biology,Respiration
The enzyme responsible for the phosphorylation of ADP to ATP during oxidative phosphorylation is,ATP synthase,Hexokinase,Phosphofructokinase,Pyruvate kinase,A,ATP synthase uses the proton gradient to drive ATP synthesis; other enzymes are involved in different steps of glycolysis or other pathways.,Oxidative Phosphorylation,Easy,Biology,Respiration
"During strenuous exercise, muscle cells rely heavily on anaerobic glycolysis. What is the primary reason for this?",Oxygen is not available,Glucose is abundant,ATP is needed quickly,Mitochondria are dysfunctional,C,"Anaerobic glycolysis provides rapid ATP production; during strenuous exercise, muscles need energy quickly.",Anaerobic Glycolysis,Medium,Biology,Respiration
The process of generating ATP from the energy released during the transfer of electrons is called,Substrate-level phosphorylation,Oxidative phosphorylation,Photophosphorylation,Glycolysis,B,Oxidative phosphorylation generates ATP using the energy from electron transport; substrate-level phosphorylation occurs in glycolysis and Krebs cycle.,Oxidative Phosphorylation,Easy,Biology,Respiration
"In the mitochondria, where does the electron transport chain take place?",Outer mitochondrial membrane,Inner mitochondrial membrane,Mitochondrial matrix,Intermembrane space,B,The electron transport chain is embedded in the inner mitochondrial membrane; it utilizes the membrane's structure to pump protons.,Electron Transport Chain Location,Easy,Biology,Respiration
What is the effect of an uncoupler on oxidative phosphorylation?,Increases ATP production,Decreases ATP production,Increases oxygen consumption,Both B and C,D,"Uncouplers dissipate the proton gradient, decreasing ATP production but increasing oxygen consumption as the electron transport chain tries to maintain the gradient.",Oxidative Phosphorylation,Hard,Biology,Respiration
"When oxygen is scarce, muscle cells produce lactic acid through anaerobic glycolysis. Which process is responsible for this?",Aerobic respiration,Anaerobic respiration,Fermentation,Krebs cycle,B,"Anaerobic respiration occurs without oxygen; fermentation is the process, but 'anaerobic respiration' is the broader correct term here.",Anaerobic Respiration,Easy,Biology,Respiration
A person hyperventilates before holding their breath. Which gas is being excessively expelled?,Oxygen,Nitrogen,Carbon dioxide,Helium,C,Hyperventilation increases CO2 expulsion; this delays the buildup of CO2 that triggers the breathing reflex.,Regulation of Respiration,Medium,Biology,Respiration
What is the byproduct of glycolysis that is used in the mitochondria for the Krebs cycle?,Pyruvate,Lactate,Acetyl-CoA,Glucose-6-phosphate,A,"Pyruvate is the end product of glycolysis; it's converted to Acetyl-CoA for the Krebs cycle, but pyruvate is the direct product.",Glycolysis,Easy,Biology,Respiration
The majority of ATP during aerobic respiration is produced in which stage?,Glycolysis,Krebs cycle,Oxidative phosphorylation,Pyruvate oxidation,C,Oxidative phosphorylation produces the most ATP; it's the process in the electron transport chain that generates ATP.,Oxidative Phosphorylation,Easy,Biology,Respiration
"During intense exercise, skeletal muscles switch to anaerobic respiration. What is the final electron acceptor in this process?",Oxygen,Pyruvate,NAD+,FAD,B,"In anaerobic respiration, pyruvate acts as the final electron acceptor, being reduced to lactate.",Anaerobic Respiration,Medium,Biology,Respiration
Which enzyme is responsible for the phosphorylation of ADP to ATP during oxidative phosphorylation?,ATP synthase,Pyruvate kinase,Hexokinase,Phosphofructokinase,A,ATP synthase is the enzyme that uses the proton gradient to drive ATP synthesis from ADP and Pi.,Oxidative Phosphorylation,Easy,Biology,Respiration
The process of glycolysis occurs in which part of the cell?,Mitochondria,Cytosol,Nucleus,Endoplasmic reticulum,B,"Glycolysis takes place in the cytosol, where the necessary enzymes are located.",Glycolysis,Easy,Biology,Respiration
What is the net ATP yield from the complete aerobic respiration of one glucose molecule?,2 ATP,4 ATP,32-34 ATP,36-38 ATP,D,"The complete aerobic respiration of one glucose molecule yields 36-38 ATP, considering the transport of NADH into mitochondria.",Aerobic Respiration,Medium,Biology,Respiration
"In the absence of oxygen, yeast cells produce ethanol through fermentation. What is the primary purpose of this process?",To generate ATP,To produce NAD+,To synthesize proteins,To store energy,B,"Fermentation regenerates NAD+ by reducing acetaldehyde to ethanol, allowing glycolysis to continue.",Fermentation,Medium,Biology,Respiration
The Krebs cycle is also known as the citric acid cycle or tricarboxylic acid cycle. Which molecule is the first compound formed in this cycle?,Citrate,Isocitrate,Alpha-ketoglutarate,Malate,A,"Citrate is formed by the condensation of Acetyl-CoA and oxaloacetate, marking the start of the Krebs cycle.",Krebs Cycle,Easy,Biology,Respiration
"During strenuous exercise, the oxygen debt is repaid during which phase?",Rest,Exercise,Recovery,Relaxation,C,"The oxygen debt, accumulated during intense exercise, is repaid during the recovery phase when oxygen consumption remains elevated.",Oxygen Debt,Medium,Biology,Respiration
The Haldane effect describes the ability of hemoglobin to release more CO2 when?,Oxygen levels are high,Oxygen levels are low,pH is low,pH is high,A,"The Haldane effect states that oxygenated hemoglobin releases more CO2; when hemoglobin binds O2, it releases CO2.",Gas Transport,Hard,Biology,Respiration
Which of the following is a characteristic of the electron transport chain?,It generates ATP directly,It is located in the mitochondrial matrix,It pumps protons across the inner mitochondrial membrane,It is insensitive to oxygen levels,C,"The electron transport chain pumps protons across the inner mitochondrial membrane, creating a proton gradient.",Electron Transport Chain,Medium,Biology,Respiration
The Bohr effect describes the decrease in oxygen binding affinity of hemoglobin in response to which condition?,Increased CO2,Decreased CO2,Increased pH,Decreased temperature,A,"The Bohr effect states that increased CO2 (and the resulting decrease in pH) reduces hemoglobin's affinity for oxygen, facilitating oxygen release.",Gas Transport,Medium,Biology,Respiration
A patient with chronic bronchitis has difficulty expelling CO2. Which enzyme is primarily responsible for CO2 transport in the blood?,Carbonic anhydrase,Lactate dehydrogenase,Pyruvate kinase,Phosphofructokinase,A,"Carbonic anhydrase catalyzes CO2 + H2O -> HCO3- + H+, facilitating CO2 transport. Lactate dehydrogenase is unrelated to CO2 transport.",CO2 Transport,Easy,Biology,Respiration
"During intense exercise, a person's respiratory quotient (RQ) is 0.9. What is the primary energy source being metabolized?",Fats,Proteins,Carbohydrates,Ketone bodies,C,"RQ of 0.9 indicates carbohydrate metabolism. Fats have an RQ of 0.7, proteins around 0.8, and ketone bodies vary.",Respiratory Quotient,Medium,Biology,Respiration
A 55-year-old smoker has a reduced oxygen-carrying capacity of the blood. Which condition is most likely?,Carbon monoxide poisoning,Anemia,Polycythemia,Emphysema,A,"Carbon monoxide binds hemoglobin, reducing oxygen-carrying capacity. Anemia also reduces oxygen-carrying capacity but isn't directly related to smoking.",Oxygen Transport,Medium,Biology,Respiration
"In anaerobic glycolysis, what is the net ATP yield per glucose molecule?",2 ATP,4 ATP,6 ATP,8 ATP,A,"Anaerobic glycolysis yields 2 ATP net per glucose. 4 ATP are produced, but 2 are consumed.",Anaerobic Respiration,Easy,Biology,Respiration
A patient's arterial blood gas (ABG) shows pH 7.2 and PCO2 60 mmHg. What is the primary cause of acidosis?,Respiratory acidosis,Metabolic acidosis,Respiratory alkalosis,Metabolic alkalosis,A,Elevated PCO2 indicates respiratory acidosis. Metabolic acidosis would involve low HCO3- levels.,Acid-Base Balance,Medium,Biology,Respiration
Which complex in the electron transport chain is inhibited by cyanide?,Complex I,Complex II,Complex III,Complex IV,D,Cyanide inhibits Complex IV (cytochrome c oxidase). Complex I is inhibited by rotenone.,Electron Transport Chain,Easy,Biology,Respiration
A diabetic patient develops ketoacidosis. What is the primary source of ketone bodies?,Glucose,Fatty acids,Amino acids,Glycogen,B,Fatty acids are converted to ketone bodies in the liver. Glucose is not directly converted to ketone bodies.,Ketone Body Formation,Medium,Biology,Respiration
"In the lungs, oxygen diffuses from alveoli into blood due to which factor?",Partial pressure gradient,Concentration gradient,Surface area,Thickness of respiratory membrane,A,Oxygen diffuses due to partial pressure gradient between alveoli and blood. Concentration gradient is related but not the direct cause.,Gas Exchange,Easy,Biology,Respiration
A person's hemoglobin has a high affinity for oxygen. Which condition is likely?,High altitude,Low pH,High CO2,"Low 2,3-BPG",D,"Low 2,3-BPG increases hemoglobin's oxygen affinity. High altitude, low pH, and high CO2 decrease oxygen affinity.",Oxygen-Hemoglobin Dissociation Curve,Medium,Biology,Respiration
"During strenuous exercise, muscle cells produce lactate. What is the primary fate of lactate?",Excreted in urine,Converted to glucose in liver,Used by brain for energy,Stored in muscles,B,Lactate is converted to glucose via gluconeogenesis in the liver (Cori cycle). Some is used by heart and other tissues.,Lactate Metabolism,Medium,Biology,Respiration
A patient has a defect in the enzyme succinate dehydrogenase. Which process is directly affected?,Glycolysis,Citric acid cycle,Electron transport chain,Gluconeogenesis,B,Succinate dehydrogenase is part of the citric acid cycle and electron transport chain (Complex II). It's directly related to the citric acid cycle.,Citric Acid Cycle,Hard,Biology,Respiration
"In emphysema, which aspect of gas exchange is primarily affected?",Diffusion capacity,Ventilation rate,Perfusion rate,Oxygen-carrying capacity,A,"Emphysema damages alveolar walls, reducing diffusion capacity. Ventilation and perfusion rates may also be affected indirectly.",Gas Exchange,Medium,Biology,Respiration
"A 25-year-old woman has a resting metabolic rate (RMR) of 1,500 kcal/day. Which factor can increase her RMR?",Fasting,Exercise,Sleep,Hypothyroidism,B,"Exercise increases RMR. Fasting and hypothyroidism typically decrease RMR, while sleep has a minimal effect.",Metabolic Rate,Easy,Biology,Respiration
A patient's ABG shows low pH and low HCO3-. What is the primary acid-base disorder?,Metabolic acidosis,Respiratory acidosis,Metabolic alkalosis,Respiratory alkalosis,A,Low pH and low HCO3- indicate metabolic acidosis. Respiratory acidosis would involve high PCO2.,Acid-Base Balance,Medium,Biology,Respiration
"During aerobic respiration, what is the total ATP yield per glucose molecule?",2 ATP,4 ATP,36-38 ATP,40 ATP,C,Aerobic respiration yields 36-38 ATP per glucose due to efficient energy production in the electron transport chain.,Aerobic Respiration,Easy,Biology,Respiration
A person with anemia has a low oxygen-carrying capacity. What is a compensatory mechanism?,Increased heart rate,Decreased ventilation,"Increased 2,3-BPG",Both A and C,D,"Increased heart rate and 2,3-BPG help compensate for low oxygen-carrying capacity. 2,3-BPG decreases hemoglobin's oxygen affinity.",Compensatory Mechanisms,Hard,Biology,Respiration
"In the citric acid cycle, which step produces GTP?",Isocitrate to alpha-ketoglutarate,Alpha-ketoglutarate to succinyl-CoA,Succinyl-CoA to succinate,Succinate to fumarate,C,"Succinyl-CoA synthetase catalyzes the conversion of succinyl-CoA to succinate, producing GTP (or ATP in some contexts).",Citric Acid Cycle,Medium,Biology,Respiration
A patient with diabetic ketoacidosis has Kussmaul breathing. What is the primary cause of this breathing pattern?,Respiratory compensation for metabolic acidosis,Respiratory alkalosis,Central nervous system depression,Cardiac failure,A,"Kussmaul breathing is a compensatory response to metabolic acidosis, attempting to blow off CO2 and correct pH.",Acid-Base Balance,Medium,Biology,Respiration
Insects have a tracheal system for gas exchange. What is the primary advantage of this system?,Efficient gas exchange in water,Direct delivery of oxygen to cells,Increased surface area for gas exchange,Enhanced oxygen-carrying capacity,B,"Tracheal system delivers oxygen directly to cells, bypassing circulatory system. Option A is incorrect as tracheal system is for air, not water.",Insect Respiration,Medium,Biology,Respiration
Some organisms can survive without oxygen. What is the term for such organisms?,Aerobes,Anaerobes,Facultative anaerobes,Microaerophiles,B,Anaerobes survive without oxygen. Option C is incorrect as facultative anaerobes can live with or without oxygen.,Types of Respiration,Easy,Biology,Respiration
Cyanide is a potent toxin that inhibits cellular respiration. Which process does it specifically target?,Glycolysis,Krebs cycle,Electron transport chain,Fermentation,C,Cyanide inhibits electron transport chain by binding to cytochrome c oxidase. Option B is incorrect as Krebs cycle is not directly affected.,Toxicity and Respiration,Medium,Biology,Respiration
"During strenuous exercise, the energy demand increases. Which energy source is utilized first?",Fatty acids,Glucose,Creatine phosphate,Lactate,C,Creatine phosphate is rapidly utilized for ATP production during initial stages of exercise. Option B is incorrect as glucose is used later.,Energy Sources,Medium,Biology,Respiration
Some bacteria can perform anaerobic respiration using alternative electron acceptors. Which of the following is an example?,Nitrate,Oxygen,Sulfate,Both A and C,D,Nitrate and sulfate can act as alternative electron acceptors in anaerobic respiration. Option B is incorrect as oxygen is used in aerobic respiration.,Anaerobic Respiration,Hard,Biology,Respiration
The Krebs cycle produces FADH2 and NADH as byproducts. What is the primary role of these molecules?,To synthesize ATP directly,To donate electrons to the electron transport chain,To reduce oxygen to water,To produce lactate,B,FADH2 and NADH donate electrons to the electron transport chain. Option A is incorrect as they do not directly synthesize ATP.,Krebs Cycle,Easy,Biology,Respiration
A person is exposed to high altitude. How do the lungs initially compensate for the lower oxygen levels?,By increasing breathing rate,By decreasing breathing rate,By increasing red blood cell count,By decreasing red blood cell count,A,Increased breathing rate is an initial compensation for lower oxygen levels. Option C is incorrect as it is a longer-term adaptation.,Adaptation to High Altitude,Medium,Biology,Respiration
"In the electron transport chain, protons are pumped across the mitochondrial inner membrane. What is the resulting gradient called?",Proton gradient,Electrochemical gradient,Concentration gradient,Both A and B,D,Proton pumping creates both a proton and electrochemical gradient. Option C is incorrect as it is not specific to charged particles.,Electron Transport Chain,Hard,Biology,Respiration
Glycolysis occurs in the cytoplasm of cells. What is the net ATP yield from glycolysis?,2 ATP,4 ATP,2 ATP and 2 NADH,4 ATP and 2 NADH,C,"Glycolysis produces 4 ATP but consumes 2 ATP, resulting in a net gain of 2 ATP and 2 NADH. Option A is incorrect as it doesn't account for NADH.",Glycolysis,Medium,Biology,Respiration
Mitochondrial DNA encodes some genes for the electron transport chain. What is the significance of this?,It allows for rapid adaptation to changing energy demands,It enables the mitochondria to synthesize all necessary proteins,It is a remnant of mitochondrial evolution,It is necessary for glycolysis,C,Mitochondrial DNA is a remnant of mitochondrial evolution from endosymbiotic bacteria. Option B is incorrect as most mitochondrial proteins are encoded by nuclear DNA.,Mitochondrial DNA,Hard,Biology,Respiration
Some bacteria can survive in environments with very low oxygen levels. What is the term for such bacteria?,Aerobes,Anaerobes,Facultative anaerobes,Microaerophiles,D,Microaerophiles require low oxygen levels to survive. Option B is incorrect as anaerobes do not require oxygen at all.,Types of Respiration,Medium,Biology,Respiration
The energy yield from aerobic respiration is much higher than anaerobic respiration. Why is this the case?,Because aerobic respiration uses more glucose,Because the electron transport chain produces most of the ATP,Because anaerobic respiration produces lactate,Because aerobic respiration occurs in the mitochondria,B,Electron transport chain produces most of the ATP in aerobic respiration. Option A is incorrect as glucose usage is the same.,Energy Yield,Easy,Biology,Respiration
Yeast fermentation produces ethanol and carbon dioxide. What is the purpose of ethanol production?,To generate ATP,To produce NADH,To regenerate NAD+,To synthesize glucose,C,Ethanol production regenerates NAD+ to maintain glycolysis. Option A is incorrect as ATP is generated in glycolysis.,Fermentation,Easy,Biology,Respiration
The citric acid cycle (Krebs cycle) takes place in the mitochondrial matrix. What is the primary function of this cycle?,To synthesize ATP directly,To produce NADH and FADH2,To reduce oxygen to water,To produce lactate,B,Krebs cycle produces NADH and FADH2 for the electron transport chain. Option A is incorrect as it doesn't directly synthesize ATP.,Krebs Cycle,Easy,Biology,Respiration
"In the absence of oxygen, muscle cells produce lactate. What is the fate of lactate after exercise?",It is excreted in urine,It is converted back to glucose in the liver,It is used as energy source by other tissues,It is stored in muscles,B,Lactate is converted back to glucose in the liver through gluconeogenesis. Option C is incorrect as it's not directly used as energy source.,Lactate Metabolism,Medium,Biology,Respiration
"During intense exercise, a person's muscle cells produce lactate. Which process is responsible for this lactate production?",Aerobic respiration,Anaerobic respiration,Fermentation in yeast,Krebs cycle,B,"Anaerobic respiration occurs in muscle cells during intense exercise, producing lactate; aerobic respiration produces water, not lactate.",Anaerobic Respiration,Easy,Biology,Respiration
What is the primary difference between the electron transport chain in mitochondria and chloroplasts?,Direction of proton pumping,Presence of ATP synthase,Type of electron carriers,Location of the process,A,"Mitochondrial ETC pumps protons from matrix to intermembrane space, while chloroplast ETC pumps from stroma to thylakoid lumen.",Electron Transport Chain,Medium,Biology,Respiration
A person is breathing rapidly after exercise. Which mechanism is primarily responsible for the increased ventilation rate?,Increased CO2 levels stimulating the respiratory center,Decreased O2 levels stimulating the carotid bodies,Increased lactic acid levels stimulating the brain,Increased body temperature affecting the hypothalamus,A,"CO2 levels increase during exercise, stimulating the respiratory center to increase ventilation rate; O2 levels also play a role but are not primary.",Regulation of Breathing,Medium,Biology,Respiration
"In the lungs, oxygen diffuses from alveoli into the blood. What drives this diffusion?",Partial pressure gradient of O2,Concentration gradient of hemoglobin,Surface tension of alveolar fluid,Pressure exerted by the diaphragm,A,O2 diffuses down its partial pressure gradient from alveoli (high PO2) to blood (lower PO2); hemoglobin binds O2.,Gas Exchange,Easy,Biology,Respiration
What is the byproduct of glycolysis that is converted into Acetyl-CoA for the Krebs cycle?,Pyruvate,Lactate,Citrate,Glyceraldehyde-3-phosphate,A,"Pyruvate is converted to Acetyl-CoA; lactate is a product of anaerobic glycolysis, not directly related to Krebs cycle.",Glycolysis and Krebs Cycle,Easy,Biology,Respiration
A patient has a condition that impairs the function of the diaphragm. Which process will be most affected?,Inhalation,Exhalation,Gas exchange in alveoli,O2 transport by hemoglobin,A,The diaphragm is the primary muscle for inhalation; impaired diaphragm function affects inhalation more than exhalation.,Mechanics of Breathing,Medium,Biology,Respiration
"During strenuous exercise, which metabolic pathway generates the most ATP per glucose molecule?",Anaerobic glycolysis,Aerobic respiration,Fermentation,Pentose phosphate pathway,B,Aerobic respiration produces 36-38 ATP per glucose; anaerobic glycolysis produces only 2 ATP per glucose.,Energy Yield from Respiration,Medium,Biology,Respiration
What is the role of surfactant in the lungs?,To facilitate gas exchange,To reduce surface tension in alveoli,To produce mucus for trapping pathogens,To regulate airway diameter,B,"Surfactant reduces alveolar surface tension, preventing collapse; gas exchange is facilitated by thin alveolar walls.",Mechanics of Breathing,Easy,Biology,Respiration
"In the context of cellular respiration, what is the significance of the Krebs cycle?",It produces the majority of ATP during glucose breakdown,It generates NADH and FADH2 for the electron transport chain,It is the primary site of glucose breakdown,It directly consumes O2,B,"The Krebs cycle produces NADH and FADH2, which are crucial for the electron transport chain; it does not directly produce much ATP.",Krebs Cycle,Medium,Biology,Respiration
"At high altitudes, a person may experience hypoxia. What is the primary cause of this condition?",Lower atmospheric pressure reducing PO2,Increased CO2 levels in the blood,Decreased hemoglobin levels,Impaired gas exchange in the lungs,A,"At high altitudes, lower atmospheric pressure results in lower PO2, causing hypoxia; CO2 levels are not directly related.",Adaptation to High Altitude,Medium,Biology,Respiration
How does the binding of O2 to hemoglobin affect its affinity for CO?,Increases affinity for CO,Decreases affinity for CO,No effect on CO binding,Reverses CO binding,B,O2 binding to hemoglobin decreases its affinity for CO; CO binds more strongly when O2 is not bound.,Hemoglobin and Gas Transport,Hard,Biology,Respiration
A person's respiratory rate increases during exercise. What is the primary stimulus for this increase?,Increased CO2 levels,Decreased O2 levels,Increased lactic acid,Increased body temperature,A,"CO2 levels increase during exercise, stimulating the respiratory center; O2 levels also play a role but are not primary.",Regulation of Breathing,Easy,Biology,Respiration
What is the main difference between the respiratory quotient (RQ) of carbohydrates and fats?,Carbohydrates have a higher RQ than fats,Fats have a higher RQ than carbohydrates,Carbohydrates and fats have the same RQ,RQ is not related to the type of substrate,A,"Carbohydrates have an RQ of 1, while fats have an RQ of approximately 0.7; RQ indicates the type of substrate being metabolized.",Respiratory Quotient,Medium,Biology,Respiration
"During intense exercise, muscle cells switch to anaerobic respiration. Why?","O2 supply is limited, and ATP demand is high","O2 supply is abundant, but ATP demand is low",Muscle cells lack mitochondria,Muscle cells prefer lactate production,A,"During intense exercise, O2 supply to muscle cells is limited, and ATP demand is high, necessitating anaerobic respiration.",Anaerobic Respiration,Easy,Biology,Respiration
"What is the effect of increased 2,3-Bisphosphoglycerate (2,3-BPG) on hemoglobin?",Increases O2 affinity,Decreases O2 affinity,No effect on O2 binding,Reverses CO binding,B,"2,3-BPG binds to hemoglobin, decreasing its O2 affinity, facilitating O2 release to tissues.",Hemoglobin and Gas Transport,Medium,Biology,Respiration
"In emphysema, the lungs lose elasticity. What is the primary effect on breathing?",Difficult inhalation,Difficult exhalation,Increased gas exchange efficiency,No effect on breathing mechanics,B,"Emphysema damages alveolar walls, making exhalation difficult due to loss of elastic recoil.",Diseases Affecting Respiration,Medium,Biology,Respiration
What is the primary function of the countercurrent exchange system in fish gills?,To maximize O2 uptake from water,To minimize water loss,To regulate ion balance,To facilitate CO2 removal,A,The countercurrent exchange system in fish gills maximizes O2 uptake by maintaining a gradient along the gill filaments.,Comparative Respiration,Hard,Biology,Respiration
"In the mitochondria, what is the purpose of the cristae?",To increase the surface area for the electron transport chain,To store mitochondrial DNA,To synthesize ATP directly,To regulate mitochondrial division,A,"Cristae increase the surface area of the mitochondrial inner membrane, enhancing the capacity for the electron transport chain.",Mitochondrial Structure,Easy,Biology,Respiration
A patient has carbon monoxide poisoning. What is the primary effect of CO on hemoglobin?,Increases O2 affinity,Decreases O2 affinity,"Forms a stable complex, reducing O2 transport",No effect on O2 binding,C,"CO binds to hemoglobin, forming carboxyhemoglobin, which reduces the capacity for O2 transport; CO has high affinity for hemoglobin.",Hemoglobin and Gas Transport,Medium,Biology,Respiration
What is the byproduct of anaerobic glycolysis that is converted back to pyruvate in the liver?,Lactic acid,Acetic acid,Citric acid,Malic acid,A,Lactic acid is converted back to pyruvate; other options are not directly related to anaerobic glycolysis byproducts.,Anaerobic Respiration,Easy,Biology,Respiration
How many ATP molecules are produced per glucose molecule during anaerobic glycolysis?,2,4,6,8,A,2 ATP are produced; 4 ATP are produced in total but 2 are used up during the process.,Anaerobic Respiration,Easy,Biology,Respiration
Which complex in the electron transport chain is not a proton pump?,Complex I,Complex II,Complex III,Complex IV,B,Complex II is not a proton pump; it passes electrons directly to coenzyme Q.,Electron Transport Chain,Hard,Biology,Respiration
What is the terminal electron acceptor in the electron transport chain during aerobic respiration?,Oxygen,Water,NAD+,FAD,A,Oxygen is the final electron acceptor; water is the product formed.,Electron Transport Chain,Easy,Biology,Respiration
During which stage of cellular respiration is CO2 released?,Glycolysis,Pyruvate oxidation,Krebs cycle,Both B and C,D,CO2 is released during pyruvate oxidation and Krebs cycle.,Aerobic Respiration,Medium,Biology,Respiration
How many NADH molecules are produced per glucose molecule during glycolysis?,2,4,6,8,A,2 NADH are produced; glycolysis occurs twice per glucose.,Glycolysis,Easy,Biology,Respiration
What is the purpose of the Krebs cycle in cellular respiration?,ATP production,NADH and FADH2 production,Pyruvate oxidation,Glucose breakdown,B,Krebs cycle produces NADH and FADH2; ATP is produced indirectly.,Krebs Cycle,Medium,Biology,Respiration
Which molecule is the end product of glycolysis?,Pyruvate,Lactate,Acetyl-CoA,Citrate,A,Pyruvate is the end product; lactate is formed anaerobically.,Glycolysis,Easy,Biology,Respiration
What is the effect of increased ATP on the rate of glycolysis?,Increased rate,Decreased rate,No effect,Reversal of glycolysis,B,High ATP inhibits glycolysis; energy is not needed.,Glycolysis Regulation,Medium,Biology,Respiration
"During strenuous exercise, muscle cells rely on which process for rapid ATP production?",Aerobic respiration,Anaerobic glycolysis,Fermentation,Pentose phosphate pathway,B,Anaerobic glycolysis produces ATP rapidly; oxygen is limited.,Anaerobic Respiration,Medium,Biology,Respiration
What is the byproduct of pyruvate oxidation that enters the Krebs cycle?,Acetyl-CoA,Citrate,Succinate,Malate,A,Acetyl-CoA enters the Krebs cycle; pyruvate is converted to Acetyl-CoA.,Pyruvate Oxidation,Easy,Biology,Respiration
Which enzyme catalyzes the conversion of pyruvate to Acetyl-CoA?,Pyruvate kinase,Pyruvate dehydrogenase,Citrate synthase,Isocitrate dehydrogenase,B,Pyruvate dehydrogenase catalyzes the conversion; pyruvate kinase is involved in glycolysis.,Pyruvate Oxidation,Medium,Biology,Respiration
Inhibiting which complex would completely halt the electron transport chain?,Complex I,Complex II,Complex III,Complex IV,D,Complex IV is the final complex; inhibiting it halts the entire chain.,Electron Transport Chain,Hard,Biology,Respiration
What is the net ATP yield per glucose molecule during aerobic respiration?,2,4,32-34,36-38,D,"36-38 ATP are produced; this includes glycolysis, Krebs cycle, and oxidative phosphorylation.",Aerobic Respiration,Medium,Biology,Respiration
Which process generates the most NADH and FADH2 molecules per glucose molecule?,Glycolysis,Pyruvate oxidation,Krebs cycle,Fatty acid oxidation,C,Krebs cycle produces the most NADH and FADH2 per glucose.,Krebs Cycle,Hard,Biology,Respiration
What is the primary function of the pentose phosphate pathway in relation to cellular respiration?,ATP production,NADPH production,NADH production,FADH2 production,B,Pentose phosphate pathway produces NADPH; not directly related to ATP production.,Pentose Phosphate Pathway,Easy,Biology,Respiration
The conversion of pyruvate to acetyl-CoA is catalyzed by which enzyme?,Pyruvate kinase,Pyruvate dehydrogenase,Lactate dehydrogenase,Pyruvate carboxylase,B,"Pyruvate dehydrogenase catalyzes the conversion, while pyruvate kinase is involved in glycolysis, not this step.",Link Reaction,Easy,Biology,Respiration
"In the mitochondria, where does the citric acid cycle take place?",Outer mitochondrial membrane,Inner mitochondrial membrane,Mitochondrial matrix,Intermembrane space,C,"The citric acid cycle occurs in the mitochondrial matrix, not on the inner mitochondrial membrane where the ETC resides.",Citric Acid Cycle,Easy,Biology,Respiration
"During strenuous exercise, muscle cells produce ATP primarily through which pathway?",Aerobic respiration,Anaerobic glycolysis,Pentose phosphate pathway,Fatty acid oxidation,B,"Anaerobic glycolysis is the primary ATP-producing pathway during high-intensity, short-duration activities.",Anaerobic Respiration,Medium,Biology,Respiration
The proton gradient across the inner mitochondrial membrane is utilized for?,ATP synthesis,Protein import,Calcium storage,Heat production,A,"The proton gradient drives ATP synthesis through ATP synthase, a crucial process in oxidative phosphorylation.",Oxidative Phosphorylation,Easy,Biology,Respiration
Which of the following is a product of the citric acid cycle?,NADH,FAD,ATP,Coenzyme Q,A,"NADH is a product of the citric acid cycle, generated during the reduction of NAD+.",Citric Acid Cycle,Easy,Biology,Respiration
"Inhibitors of the electron transport chain, such as rotenone, primarily affect which complex?",Complex I,Complex II,Complex III,Complex IV,A,"Rotenone inhibits Complex I (NADH dehydrogenase), preventing the transfer of electrons from NADH.",Electron Transport Chain,Medium,Biology,Respiration
The enzyme responsible for generating ATP during oxidative phosphorylation is?,ATP synthase,ATPase,Cytochrome c oxidase,NADH dehydrogenase,A,"ATP synthase utilizes the proton gradient to synthesize ATP, while ATPase is involved in ATP hydrolysis.",Oxidative Phosphorylation,Easy,Biology,Respiration
What is the primary function of the Krebs cycle (citric acid cycle)?,To generate ATP directly,To produce NADH and FADH2,To synthesize glucose,To break down fatty acids,B,"The citric acid cycle primarily generates NADH and FADH2, which are used in the electron transport chain.",Citric Acid Cycle,Medium,Biology,Respiration
The process of generating ATP from ADP and Pi using the energy from a proton gradient is known as?,Substrate-level phosphorylation,Oxidative phosphorylation,Photophosphorylation,Glycolytic phosphorylation,B,Oxidative phosphorylation generates ATP using the energy from the proton gradient across the inner mitochondrial membrane.,Oxidative Phosphorylation,Easy,Biology,Respiration
"During intense exercise, the primary reason for muscle fatigue is?",Depletion of ATP stores,Accumulation of lactic acid,Dehydration,Electrolyte imbalance,B,Accumulation of lactic acid due to anaerobic glycolysis contributes to muscle fatigue during intense exercise.,Anaerobic Respiration,Medium,Biology,Respiration
The conversion of succinyl-CoA to succinate in the citric acid cycle produces?,NADH,FADH2,GTP,ATP,C,"The conversion generates GTP, which is equivalent to ATP in energy transfer, through substrate-level phosphorylation.",Citric Acid Cycle,Medium,Biology,Respiration
Cyanide is a potent toxin that inhibits which complex in the electron transport chain?,Complex I,Complex II,Complex III,Complex IV,D,"Cyanide inhibits Complex IV (cytochrome c oxidase) by binding to the iron in the heme group, halting electron transport.",Electron Transport Chain,Hard,Biology,Respiration
"The pentose phosphate pathway is an alternative to glycolysis, primarily generating?",ATP,NADH,NADPH,FADH2,C,"The pentose phosphate pathway generates NADPH, crucial for biosynthetic reactions and maintaining the glutathione pool.",Pentose Phosphate Pathway,Medium,Biology,Respiration
Which step in cellular respiration produces the most ATP molecules?,Glycolysis,Citric acid cycle,Oxidative phosphorylation,Fermentation,C,"Oxidative phosphorylation produces the majority of ATP during cellular respiration, utilizing the electron transport chain.",Oxidative Phosphorylation,Easy,Biology,Respiration
"Uncouplers of oxidative phosphorylation, such as 2,4-dinitrophenol, increase the permeability of which mitochondrial membrane?",Outer mitochondrial membrane,Inner mitochondrial membrane,Both membranes,Neither membrane,B,"Uncouplers increase the permeability of the inner mitochondrial membrane, dissipating the proton gradient and reducing ATP synthesis.",Oxidative Phosphorylation,Hard,Biology,Respiration
What is the term for the process of generating ATP from the transfer of electrons during cellular respiration?,Substrate-level phosphorylation,Oxidative phosphorylation,Photophosphorylation,Chemiosmosis,B,Oxidative phosphorylation generates ATP from electron transfer; substrate-level phosphorylation occurs in glycolysis and Krebs cycle.,Cellular Respiration,Medium,Biology,Respiration
A patient has a mitochondrial disorder affecting the electron transport chain. Which process will be most affected?,Glycolysis,Krebs cycle,Oxidative phosphorylation,Pyruvate oxidation,C,Oxidative phosphorylation relies on the electron transport chain; glycolysis and Krebs cycle can still occur without it.,Cellular Respiration,Medium,Biology,Respiration
Which molecule is the final electron acceptor in the electron transport chain during aerobic respiration?,O2,NAD+,FAD,Cytochrome c,A,"O2 is the final electron acceptor in aerobic respiration; NAD+ and FAD are electron carriers, not acceptors.",Electron Transport Chain,Easy,Biology,Respiration
"During strenuous exercise, a person's muscles switch to anaerobic respiration. What is the primary reason for this switch?",Oxygen is not available,Glucose is depleted,ATP is depleted,NAD+ is depleted,A,"Oxygen is not readily available to muscle cells during intense exercise, leading to anaerobic respiration; NAD+ regeneration is a secondary effect.",Anaerobic Respiration,Medium,Biology,Respiration
A 25-year-old athlete is sprinting. Which energy source is used primarily for rapid ATP production?,Aerobic respiration,Anaerobic respiration,Fatty acid oxidation,Protein catabolism,B,Anaerobic respiration provides rapid ATP during sprinting; aerobic respiration is slower and used for endurance.,Anaerobic Respiration,Medium,Biology,Respiration
What is the net ATP yield from the complete oxidation of one glucose molecule during aerobic respiration?,2 ATP,4 ATP,32-34 ATP,36-38 ATP,D,"Complete oxidation of glucose yields 36-38 ATP; this includes glycolysis, Krebs cycle, and oxidative phosphorylation.",Cellular Respiration,Easy,Biology,Respiration
Which complex in the electron transport chain is responsible for pumping the most protons across the mitochondrial membrane?,Complex I,Complex II,Complex III,Complex I and Complex III,D,Complex I and Complex III pump protons across the mitochondrial membrane; Complex II does not pump protons directly.,Electron Transport Chain,Hard,Biology,Respiration
What is the primary function of the Krebs cycle in cellular respiration?,Generate ATP directly,Produce NADH and FADH2,Oxidize glucose to pyruvate,Reduce oxygen to water,B,"Krebs cycle produces NADH and FADH2, which are used in the electron transport chain; it generates some ATP indirectly.",Krebs Cycle,Easy,Biology,Respiration
"In anaerobic conditions, pyruvate is converted to lactic acid in muscle cells. What is the purpose of this conversion?",Generate ATP,Regenerate NAD+,Produce ethanol,Reduce pyruvate,B,"Conversion of pyruvate to lactic acid regenerates NAD+, allowing glycolysis to continue; it does not generate ATP directly.",Anaerobic Respiration,Medium,Biology,Respiration
What is the term for the process by which ATP is generated using the energy from a proton gradient across a membrane?,Substrate-level phosphorylation,Oxidative phosphorylation,Chemiosmosis,Photophosphorylation,C,Chemiosmosis is the process of generating ATP using the proton gradient; oxidative phosphorylation is the broader process.,Chemiosmosis,Hard,Biology,Respiration
"During aerobic respiration, which molecule is the first to be reduced in the electron transport chain?",NAD+,FAD,Coenzyme Q,Cytochrome c,C,"Coenzyme Q is the first molecule to be reduced in the electron transport chain, accepting electrons from NADH and FADH2.",Electron Transport Chain,Hard,Biology,Respiration
A person is suffering from a condition that inhibits the function of cytochrome c oxidase. Which process will be most affected?,Glycolysis,Krebs cycle,Electron transport chain,Pyruvate oxidation,C,Cytochrome c oxidase is a crucial component of the electron transport chain; inhibiting it will halt oxidative phosphorylation.,Electron Transport Chain,Medium,Biology,Respiration
What is the byproduct of the reaction catalyzed by pyruvate dehydrogenase?,Acetyl CoA,Lactic acid,Pyruvate,Citrate,A,Pyruvate dehydrogenase converts pyruvate to Acetyl CoA; this is a crucial step linking glycolysis to the Krebs cycle.,Pyruvate Oxidation,Easy,Biology,Respiration
"In the context of cellular respiration, what is the purpose of the proton gradient across the inner mitochondrial membrane?",To drive the synthesis of ATP,To reduce NAD+ to NADH,To pump electrons across the membrane,To facilitate the transport of pyruvate,A,The proton gradient drives ATP synthesis through chemiosmosis; it is not directly related to NAD+ reduction or pyruvate transport.,Chemiosmosis,Hard,Biology,Respiration
What is the result of the reaction between succinate and FAD in the Krebs cycle?,FADH2 is produced,NADH is produced,ATP is generated,Succinate is reduced,A,"The reaction between succinate and FAD produces FADH2; this is a key step in the Krebs cycle, generating an electron carrier.",Krebs Cycle,Medium,Biology,Respiration
A patient with chronic bronchitis experiences difficulty breathing due to obstructed airflow. Which part of the respiratory system is most affected?,Trachea,Bronchioles,Alveoli,Pleura,B,"Bronchioles are most affected in chronic bronchitis due to inflammation and obstruction, 'B' is correct; trachea is less affected.",Respiratory System Anatomy,Medium,Biology,Respiration
"During strenuous exercise, a person's breathing rate increases. Which nervous system component primarily controls this response?",Sympathetic nervous system,Parasympathetic nervous system,Somatic nervous system,Enteric nervous system,A,"Sympathetic nervous system controls increased breathing rate during exercise, 'A' is correct; parasympathetic promotes restful state.",Regulation of Breathing,Easy,Biology,Respiration
A person suffering from emphysema has damaged alveoli. What is the primary effect on gas exchange?,Increased oxygen diffusion,Decreased carbon dioxide removal,Reduced surface area for gas exchange,Enhanced ventilation,C,"Damaged alveoli reduce surface area for gas exchange, 'C' is correct; emphysema doesn't enhance ventilation or increase oxygen diffusion.",Gas Exchange,Medium,Biology,Respiration
Which enzyme is crucial for the conversion of carbon dioxide and water into bicarbonate in red blood cells?,Carbonic anhydrase,Lactate dehydrogenase,Pyruvate kinase,Phosphofructokinase,A,"Carbonic anhydrase catalyzes CO2 and H2O conversion to bicarbonate, 'A' is correct; other enzymes are involved in glycolysis.",Transport of CO2,Easy,Biology,Respiration
A high-altitude climber experiences hypoxia. What is the primary physiological response to this condition?,"Increased production of 2,3-Bisphosphoglycerate",Decreased production of erythropoietin,Reduced ventilation rate,Increased oxygen-hemoglobin affinity,A,"2,3-Bisphosphoglycerate increases, reducing hemoglobin's oxygen affinity, 'A' is correct; erythropoietin production actually increases.",Adaptation to High Altitude,Medium,Biology,Respiration
"In anaerobic respiration, what is the final electron acceptor?",Oxygen,Pyruvate,NADH,FADH2,B,"Pyruvate is the final electron acceptor in anaerobic respiration, 'B' is correct; oxygen is the acceptor in aerobic respiration.",Anaerobic Respiration,Easy,Biology,Respiration
A patient is diagnosed with a condition that results in a shift of the oxygen-hemoglobin dissociation curve to the right. What is the primary effect?,Increased oxygen delivery to tissues,Decreased oxygen delivery to tissues,Increased oxygen affinity for hemoglobin,Decreased Bohr effect,A,"Right shift decreases hemoglobin's oxygen affinity, increasing oxygen delivery, 'A' is correct; left shift increases affinity.",Oxygen-Hemoglobin Dissociation Curve,Medium,Biology,Respiration
"During intense exercise, muscle cells rely heavily on anaerobic respiration. What is the primary product of this process in human muscles?",Lactate,Ethanol,Acetyl-CoA,Pyruvate,A,"Lactate is the primary product of anaerobic respiration in human muscles, 'A' is correct; ethanol is produced in yeast.",Anaerobic Respiration in Muscles,Easy,Biology,Respiration
What is the primary function of the diaphragm during inspiration?,To increase thoracic pressure,To decrease thoracic volume,To flatten and increase thoracic volume,To relax and decrease lung volume,C,"Diaphragm flattens, increasing thoracic volume during inspiration, 'C' is correct; it doesn't increase thoracic pressure.",Mechanics of Breathing,Easy,Biology,Respiration
"In a patient with pneumonia, inflammation of the alveoli can lead to reduced gas exchange. What is the primary reason for this reduction?",Increased thickness of the respiratory membrane,Decreased surface area of the respiratory membrane,Both A and B are correct,Neither A nor B is correct,C,"Inflammation increases membrane thickness and reduces surface area, 'C' is correct; both factors impair gas exchange.",Gas Exchange,Hard,Biology,Respiration
A person's respiratory rate is controlled by the level of carbon dioxide in the blood. Which center is primarily responsible for this regulation?,Dramatic center,Pneumotaxic center,Apneustic center,Medullary respiratory center,D,"Medullary respiratory center primarily regulates breathing based on CO2 levels, 'D' is correct; pneumotaxic center fine-tunes rate.",Regulation of Breathing,Medium,Biology,Respiration
"What is the effect of increased 2,3-Bisphosphoglycerate on hemoglobin?",Increased oxygen affinity,Decreased oxygen affinity,No effect on oxygen affinity,Increased hemoglobin degradation,B,"2,3-Bisphosphoglycerate decreases hemoglobin's oxygen affinity, 'B' is correct; it facilitates oxygen release to tissues.",Oxygen Transport,Medium,Biology,Respiration
"In COPD, which part of the respiratory system is most affected?",Trachea,Bronchi and bronchioles,Alveoli,Pleura,B,"Bronchi and bronchioles are most affected in COPD, 'B' is correct; they become obstructed and inflamed.",Respiratory Diseases,Easy,Biology,Respiration
"During aerobic respiration, what is the terminal electron acceptor in the electron transport chain?",NAD+,FAD,Oxygen,Cytochrome c,C,"Oxygen is the terminal electron acceptor in aerobic respiration, 'C' is correct; it receives electrons from the transport chain.",Aerobic Respiration,Easy,Biology,Respiration
A person with anemia has reduced hemoglobin levels. What is the primary effect on oxygen transport?,Increased oxygen delivery to tissues,Decreased oxygen delivery to tissues,No change in oxygen delivery,Increased oxygen-hemoglobin affinity,B,"Reduced hemoglobin decreases oxygen delivery to tissues, 'B' is correct; anemia impairs oxygen transport capacity.",Oxygen Transport,Medium,Biology,Respiration
What is the primary cause of respiratory acidosis?,Hypoventilation,Hyperventilation,Increased bicarbonate levels,Decreased CO2 production,A,"Hypoventilation leads to CO2 retention, causing respiratory acidosis, 'A' is correct; hyperventilation causes alkalosis.",Acid-Base Balance,Medium,Biology,Respiration
"In the lungs, what is the primary mechanism for the removal of carbon dioxide?",Diffusion into alveoli,Active transport into alveoli,Conversion to bicarbonate in red blood cells,Binding to hemoglobin,A,"CO2 diffuses into alveoli for removal, 'A' is correct; it's facilitated by concentration gradient, not active transport.",Gas Exchange,Easy,Biology,Respiration
A patient has a condition that results in a decreased pH in the blood. How does this affect the oxygen-hemoglobin dissociation curve?,Shifts to the left,Shifts to the right,No effect,Becomes linear,B,"Decreased pH (acidosis) shifts the curve to the right, 'B' is correct; it decreases hemoglobin's oxygen affinity.",Oxygen-Hemoglobin Dissociation Curve,Medium,Biology,Respiration
"In a case of carbon monoxide poisoning, what is the primary effect on oxygen transport?",Increased oxygen delivery to tissues,Decreased oxygen delivery to tissues,No change in oxygen delivery,Increased oxygen-hemoglobin affinity,B,"CO binds to hemoglobin, reducing its oxygen-carrying capacity, 'B' is correct; it impairs oxygen delivery to tissues.",Oxygen Transport,Hard,Biology,Respiration
"During intense exercise, muscle cells produce lactate. What is the primary reason for this?",Insufficient oxygen for aerobic respiration,Increased ATP production through glycolysis,Enhanced fatty acid oxidation,Reduced pyruvate dehydrogenase activity,A,Lactate production occurs due to anaerobic conditions. Option C is incorrect as fatty acid oxidation is not directly related.,Anaerobic Respiration,Easy,Biology,Respiration
Cyanide poisoning inhibits Complex IV of the electron transport chain. What is the immediate effect?,Increased ATP production,Enhanced proton pumping,Blocked electron transport,Increased NADH production,C,"Cyanide binds to Complex IV, halting electron transport. Option A is incorrect as ATP production decreases.",Electron Transport Chain,Medium,Biology,Respiration
Some aquatic organisms use countercurrent exchange for gas exchange. What is its significance?,Maximizes oxygen diffusion into blood,Minimizes oxygen loss to water,Enhances carbon dioxide removal,Regulates blood pH,A,Countercurrent exchange maximizes oxygen diffusion gradient. Option D is incorrect as it's not directly related.,Gas Exchange in Aquatic Organisms,Hard,Biology,Respiration
"In the lungs, oxygen diffuses into the blood. What is the primary driving force?",Partial pressure gradient,Concentration gradient,Surface area,Thickness of respiratory membrane,A,Partial pressure gradient drives oxygen diffusion. Option B is incorrect as it's not the primary driving force.,Gas Exchange in Lungs,Easy,Biology,Respiration
"During anaerobic respiration, yeast produces ethanol. What is the primary purpose?",Regenerate NAD+,Produce additional ATP,Reduce oxidative stress,Maintain redox balance,A,"Ethanol production regenerates NAD+, allowing glycolysis to continue. Option B is incorrect as it's not the primary purpose.",Anaerobic Respiration in Yeast,Medium,Biology,Respiration
The H+ gradient across the inner mitochondrial membrane drives ATP synthesis. What is this process called?,Chemiosmosis,Oxidative phosphorylation,Substrate-level phosphorylation,Glycolysis,A,Chemiosmosis is the process by which H+ gradient drives ATP synthesis. Option C is incorrect as it's a different mechanism.,Chemiosmosis,Easy,Biology,Respiration
"In the citric acid cycle, succinate is converted to fumarate. What is the byproduct?",NADH,FADH2,ATP,CO2,B,Succinate dehydrogenase produces FADH2. Option A is incorrect as it's produced in a different step.,Citric Acid Cycle,Medium,Biology,Respiration
Some bacteria can perform anaerobic respiration using nitrate as the final electron acceptor. What is the advantage?,Increased ATP yield,Enhanced oxygen tolerance,Ability to survive in low-oxygen environments,Increased NADH production,C,Anaerobic respiration allows survival in low-oxygen environments. Option B is incorrect as it's not directly related.,Anaerobic Respiration in Bacteria,Hard,Biology,Respiration
The pentose phosphate pathway generates NADPH. What is its primary role in cellular respiration?,ATP production,Biosynthetic reactions,Antioxidant defenses,Fatty acid oxidation,C,NADPH is used in antioxidant defenses and biosynthetic reactions. Option A is incorrect as it's not directly related to ATP production.,Pentose Phosphate Pathway,Medium,Biology,Respiration
Insects can fly using energy from ATP. What is the primary source of this ATP during sustained flight?,Glycolysis,Fatty acid oxidation,Protein catabolism,Citric acid cycle,B,Fatty acid oxidation is the primary source of ATP during sustained flight. Option A is incorrect as it's not the primary source.,Insect Flight,Hard,Biology,Respiration
Cyanobacteria produce oxygen as a byproduct of photosynthesis. What is the primary effect on their respiration?,Increased oxygen consumption,Enhanced ATP production,Inhibition of respiration,Oxygen toxicity,A,Oxygen produced during photosynthesis can be used in respiration. Option C is incorrect as respiration is not inhibited.,Cyanobacteria Respiration,Medium,Biology,Respiration
The electron transport chain produces a proton gradient. What is the primary function of this gradient?,ATP synthesis,NADH regeneration,FADH2 production,Proton pumping,A,Proton gradient drives ATP synthesis through chemiosmosis. Option D is incorrect as it's the process that creates the gradient.,Electron Transport Chain,Easy,Biology,Respiration
"In anaerobic conditions, muscle cells produce lactate. What happens to this lactate during recovery?",Excreted in urine,Converted to glucose in liver,Oxidized in muscle cells,Stored in muscle cells,B,Lactate is converted to glucose in the liver through gluconeogenesis. Option A is incorrect as it's not the primary fate.,Lactate Metabolism,Medium,Biology,Respiration
Some organisms can survive in environments with low oxygen levels. What is the primary adaptation?,Increased myoglobin,Enhanced glycolysis,Increased mitochondrial density,Anaerobic respiration,D,Anaerobic respiration allows survival in low-oxygen environments. Option C is incorrect as it's not the primary adaptation.,Adaptations to Low Oxygen,Hard,Biology,Respiration
The citric acid cycle produces NADH and FADH2. What is the primary role of these molecules?,ATP production,Electron transport chain,Glycolysis regulation,Fatty acid synthesis,B,NADH and FADH2 donate electrons to the electron transport chain. Option A is incorrect as it's the result of the electron transport chain.,Citric Acid Cycle,Easy,Biology,Respiration
"Uncouplers like 2,4-dinitrophenol disrupt oxidative phosphorylation. What is the primary effect?",Increased ATP production,Decreased oxygen consumption,Increased heat production,Enhanced proton pumping,C,"Uncouplers dissipate the proton gradient, increasing heat production. Option A is incorrect as ATP production decreases.",Uncouplers,Medium,Biology,Respiration
"During exercise, the diaphragm and intercostal muscles contract. What is the primary effect on breathing?",Increased tidal volume,Decreased respiratory rate,Increased dead space,Decreased lung compliance,A,Contraction of diaphragm and intercostal muscles increases tidal volume. Option B is incorrect as respiratory rate often increases during exercise.,Mechanics of Breathing,Easy,Biology,Respiration
"In the lungs, carbon dioxide diffuses out of the blood. What is the primary driving force?",Partial pressure gradient,Concentration gradient,Surface area,Thickness of respiratory membrane,A,Partial pressure gradient drives CO2 diffusion. Option B is incorrect as it's not the primary driving force.,Gas Exchange in Lungs,Easy,Biology,Respiration
The Bohr effect describes the decrease in hemoglobin's oxygen affinity at low pH. What is the primary advantage?,Increased oxygen delivery to tissues,Enhanced oxygen binding in lungs,Increased buffering capacity,Reduced oxygen consumption,A,Bohr effect facilitates oxygen release to metabolically active tissues. Option B is incorrect as it's the opposite effect.,Bohr Effect,Medium,Biology,Respiration
A biologist compares the ATP yield of aerobic respiration to anaerobic respiration. How many ATP molecules are produced per glucose molecule in aerobic respiration?,2,36-38,4,12,B,Aerobic respiration produces 36-38 ATP per glucose molecule. Anaerobic respiration produces only 2 ATP.,Aerobic vs Anaerobic Respiration,Medium,Biology,Respiration
The electron transport chain is a crucial process in cellular respiration. Where does it take place?,Mitochondrial matrix,Mitochondrial inner membrane,Cytoplasm,Endoplasmic reticulum,B,The electron transport chain occurs in the mitochondrial inner membrane. The mitochondrial matrix is the site of Krebs cycle.,Electron Transport Chain,Easy,Biology,Respiration
"During strenuous exercise, muscle cells rely on anaerobic respiration. What is the primary advantage of this process?",High ATP yield,Rapid ATP production,Production of water,Production of NADH,B,Anaerobic respiration allows for rapid ATP production in muscle cells during intense exercise. Aerobic respiration has a higher ATP yield.,Anaerobic Respiration,Medium,Biology,Respiration
The Krebs cycle is a key process in cellular respiration. Which molecule is NOT a product of the Krebs cycle?,NADH,FADH2,ATP,Glucose,D,"Glucose is the starting material for glycolysis, not a product of the Krebs cycle. NADH, FADH2, and ATP are all products.",Krebs Cycle,Easy,Biology,Respiration
A researcher compares the respiratory quotient (RQ) of different substrates. What is the RQ for carbohydrates?,0.7,0.9,1.0,1.2,C,"The RQ for carbohydrates is 1.0, as they are fully oxidized to CO2 and H2O. Fats have an RQ of 0.7.",Respiratory Quotient,Medium,Biology,Respiration
The process of glycolysis is essential for cellular respiration. Where does glycolysis take place in a cell?,Mitochondria,Cytoplasm,Endoplasmic reticulum,Nucleus,B,Glycolysis occurs in the cytoplasm. Mitochondria are the site of the Krebs cycle and electron transport chain.,Glycolysis,Easy,Biology,Respiration
A person's diet consists mainly of fats. How will this affect their respiratory quotient (RQ)?,Increased RQ,Decreased RQ,No change in RQ,Variable RQ,B,"A diet high in fats will decrease the RQ, as fats have an RQ of 0.7, lower than carbohydrates or proteins.",Respiratory Quotient,Medium,Biology,Respiration
The electron transport chain generates a proton gradient across the mitochondrial inner membrane. What is the primary purpose of this gradient?,To produce NADH,To produce FADH2,To drive ATP synthesis,To pump protons into the mitochondrial matrix,C,The proton gradient drives ATP synthesis through the process of chemiosmosis. NADH and FADH2 are electron carriers.,Electron Transport Chain,Medium,Biology,Respiration
A 25-year-old athlete is training for a marathon. Which type of respiration is primarily used during long-distance running?,Anaerobic respiration,Aerobic respiration,Fermentation,Photosynthesis,B,Aerobic respiration is the primary source of energy during long-distance running. Anaerobic respiration is used for short bursts.,Aerobic vs Anaerobic Respiration,Easy,Biology,Respiration
Rotenone is a pesticide that inhibits the electron transport chain. Which complex is affected by rotenone?,Complex I,Complex II,Complex III,Complex IV,A,Rotenone inhibits Complex I (NADH dehydrogenase) of the electron transport chain. Cyanide inhibits Complex IV.,Electron Transport Chain Inhibitors,Hard,Biology,Respiration
The Krebs cycle produces NADH and FADH2 as byproducts. What is the primary role of these molecules?,To produce ATP directly,To donate electrons to the electron transport chain,To synthesize glucose,To store energy as fat,B,"NADH and FADH2 donate electrons to the electron transport chain, generating a proton gradient. They do not produce ATP directly.",Krebs Cycle,Medium,Biology,Respiration
A person's muscle cells are experiencing fatigue during intense exercise. Which process is responsible for the rapid regeneration of NAD+?,Aerobic respiration,Anaerobic respiration,Fermentation in yeast,Krebs cycle,B,Anaerobic respiration regenerates NAD+ by reducing pyruvate to lactate. Aerobic respiration produces NADH.,Anaerobic Respiration,Medium,Biology,Respiration
The mitochondrial inner membrane is impermeable to most molecules. What is the primary benefit of this impermeability?,To allow free diffusion of protons,To maintain the proton gradient,To increase the surface area,To facilitate the transport of glucose,B,"The impermeability of the mitochondrial inner membrane maintains the proton gradient, essential for ATP synthesis. Protons are pumped across this membrane.",Mitochondrial Structure,Hard,Biology,Respiration
Glycolysis produces a small amount of ATP. How many ATP molecules are produced per glucose molecule during glycolysis?,2,4,6,8,B,"Glycolysis produces 4 ATP molecules per glucose molecule, but 2 are used up, resulting in a net gain of 2 ATP.",Glycolysis,Easy,Biology,Respiration
The respiratory quotient (RQ) is a measure of the ratio of CO2 produced to O2 consumed. What is the RQ for proteins?,0.7,0.8,0.9,1.0,B,"The RQ for proteins is approximately 0.8, between that of fats (0.7) and carbohydrates (1.0).",Respiratory Quotient,Medium,Biology,Respiration
A biologist is studying the effect of different substrates on the rate of respiration. Which substrate will produce the highest rate of respiration?,Glucose,Fructose,Fatty acids,Amino acids,A,Glucose is the primary substrate for glycolysis and is readily available for respiration. Other substrates require additional processing.,Respiratory Substrates,Hard,Biology,Respiration
"During intense exercise, a person's muscle cells produce lactate. What is the fate of this lactate?",Excreted in urine,Converted to glucose in the liver,Stored in muscle cells,Used as energy source by brain cells,B,Lactate is converted to glucose in the liver through gluconeogenesis. It is not excreted or stored.,Lactate Metabolism,Medium,Biology,Respiration
The electron transport chain is a series of protein complexes located in the mitochondrial inner membrane. How many protons are pumped across the membrane per NADH molecule?,2,4,6,10,D,"Approximately 10 protons are pumped across the membrane per NADH molecule, generating a proton gradient.",Electron Transport Chain,Hard,Biology,Respiration
"During strenuous exercise, a sprinter's muscles produce lactate. Which process is responsible for this lactate production?",Aerobic respiration,Anaerobic glycolysis,Fermentation in mitochondria,Krebs cycle,B,"Anaerobic glycolysis produces lactate; aerobic respiration and Krebs cycle require oxygen, fermentation occurs in cytoplasm.",Anaerobic Respiration,Easy,Biology,Respiration
A patient is diagnosed with a mitochondrial disorder affecting the electron transport chain. Which stage of respiration is directly impacted?,Glycolysis,Pyruvate oxidation,Krebs cycle,Oxidative phosphorylation,D,Oxidative phosphorylation occurs in electron transport chain; glycolysis and Krebs cycle are preceding steps.,Electron Transport Chain,Medium,Biology,Respiration
What is the byproduct of pyruvate oxidation before entering the Krebs cycle?,Acetyl-CoA,Lactate,Citrate,NADH,A,"Pyruvate is converted to Acetyl-CoA; lactate is a product of anaerobic glycolysis, citrate is the first Krebs cycle product.",Pyruvate Oxidation,Easy,Biology,Respiration
The Krebs cycle produces FADH2 by reducing FAD. Where does this reduction occur?,Succinate dehydrogenase complex,NADH dehydrogenase complex,Cytochrome c oxidase,ATP synthase,A,"Succinate dehydrogenase reduces FAD to FADH2; NADH dehydrogenase involves NAD+, cytochrome c oxidase is part of electron transport chain.",Krebs Cycle,Medium,Biology,Respiration
What is the primary function of the phosphagen kinase reaction in muscle cells?,To generate ATP from ADP and Pi,To regenerate ATP from creatine phosphate,To produce lactate during anaerobic glycolysis,To activate glycolytic enzymes,B,"Creatine phosphate regenerates ATP rapidly; glycolysis generates ATP from glucose, lactate is a byproduct.",Phosphagen Kinase Reaction,Easy,Biology,Respiration
A person hyperventilates before holding their breath. What is the primary effect on blood CO2 levels?,Increased CO2,Decreased CO2,No change in CO2,Increased O2,B,"Hyperventilation removes more CO2 from blood; CO2 levels decrease, O2 levels may increase but that's not the primary effect.",Regulation of Respiration,Medium,Biology,Respiration
"During intense exercise, muscle cells rely on anaerobic glycolysis. What is the primary reason for this shift?",Increased oxygen availability,Insufficient oxygen supply,Enhanced ATP production through Krebs cycle,Increased glucose uptake,B,Anaerobic glycolysis occurs due to insufficient oxygen; aerobic respiration is more efficient but limited by oxygen availability.,Anaerobic Respiration,Easy,Biology,Respiration
What is the purpose of the Haldane effect in the transport of CO2 in the blood?,To increase O2 binding to hemoglobin,To enhance CO2 transport by hemoglobin,To buffer pH changes in blood,To reduce CO2 levels in blood,B,Haldane effect enhances CO2 transport; it is related to hemoglobin's ability to bind CO2 when deoxygenated.,CO2 Transport,Hard,Biology,Respiration
"In the lungs, CO2 diffuses out of the blood into the alveoli. What drives this diffusion?",Partial pressure gradient of CO2,Partial pressure gradient of O2,Concentration gradient of bicarbonate,Active transport of CO2,A,CO2 diffuses down its partial pressure gradient; O2 diffusion is in the opposite direction.,Gas Exchange,Medium,Biology,Respiration
What is the main difference between the respiratory systems of insects and humans?,"Insects have lungs, humans have tracheae","Insects have a diaphragm, humans do not","Insects use tracheae for gas exchange, humans use lungs",Insects have a more complex respiratory system,C,Insects use tracheae for direct gas exchange; humans use lungs with alveoli for gas exchange.,Comparative Respiratory Systems,Easy,Biology,Respiration
The enzyme carbonic anhydrase is crucial for CO2 transport in the blood. What reaction does it catalyze?,CO2 + H2O -> H2CO3,CO2 + H2O -> HCO3- + H+,HCO3- + H+ -> CO2 + H2O,Both A and C,D,"Carbonic anhydrase catalyzes the reversible reaction between CO2 and H2O to form H2CO3, which then dissociates to HCO3- and H+.",CO2 Transport,Medium,Biology,Respiration
"What is the effect of 2,3-Bisphosphoglycerate (2,3-BPG) on hemoglobin's oxygen affinity?",Increases oxygen affinity,Decreases oxygen affinity,No effect on oxygen affinity,Enhances CO2 binding,B,"2,3-BPG decreases hemoglobin's oxygen affinity; it facilitates oxygen release to tissues.",Oxygen Delivery,Medium,Biology,Respiration
"In the context of cellular respiration, what is the term for the process of generating ATP using the energy from a proton gradient?",Substrate-level phosphorylation,Oxidative phosphorylation,Photophosphorylation,Glycolytic phosphorylation,B,Oxidative phosphorylation generates ATP using the proton gradient; substrate-level phosphorylation occurs in glycolysis and Krebs cycle.,ATP Synthesis,Easy,Biology,Respiration
"In mitochondria, the inner membrane is highly folded into cristae. What is the primary advantage of this structure?",Increased surface area for electron transport chain,Enhanced substrate transport into mitochondria,Improved mitochondrial division,Increased mitochondrial DNA storage,A,Cristae increase the surface area for electron transport chain complexes; this enhances ATP production capacity.,Mitochondrial Structure,Medium,Biology,Respiration
What is the primary function of the surfactant in the lungs?,To facilitate gas exchange across alveoli,To reduce surface tension in alveoli,To increase mucus production,To enhance ciliary movement,B,Surfactant reduces surface tension; this prevents alveolar collapse during exhalation.,Lung Mechanics,Easy,Biology,Respiration
