Question_Number,Question,Option_A,Option_B,Option_C,Option_D,Correct_Answer
1,What is the radius of a basketball with a volume of approximately 6400 cm³?,10.52 cm,11.52 cm,12.52 cm,None of these,B
2,"Two varieties of wheat - A and B costing Rs. 9 per kg and Rs. 15 per kg were mixed in the ratio 3 : 7. If 5 kg of the mixture is sold at 25% profit, find the profit made?",Rs. 13.50,Rs. 14.50,Rs. 15.50,Rs. 16.50,D
3,"8 men can dig a pit in 20 days. If a man works half as much again as a boy, then 4 men and 9 boys can dig a similar pit in:__________?",12 days,16 days,18 days,20 days,B
4,What sum of money put at C.I amounts in 2 years to Rs.8820 and in 3 years to Rs.9261?,Rs0.80 ,Rs0.84 ,Rs0.75 ,None of these,A
5,"Taimoor left for his school at 6 am by foot and walked at the rate of 2 kmph. After reaching his school he found it was closed and immediately turned back and started walking back to his home at 3 kmph. If he reached his home at 9 am, find the distance",2.5 km,7.2 km,7 km,3.6 km,D
6,"Complete the sequence: 6, 11, ____, 27.",16,17,18,19,C
7,There are four prime numbers written in ascending order of magnitude. The product of the first three is 7429 and of the last three is 12673. Find the fourth number?,17,29,23,31,B
8,"If the average marks of three batches of 55, 60 and 45 students respectively is 50, 55, 60, then the average marks of all the students is__________?",53.33,54.68,55,None of these,B
9,"If four coins are tossed, the probability of getting two heads and two tails is__________?",03-Aug,06-Nov,02-May,04-May,A
10,"Find the value of x in the series: x, 9, 25, 49, 81, 121, ... Number Series",1,3,5,7,A
11,The length and breadth of a rectangle are increased by 30% and 20% respectively from the side length of an original square. By what percent does the area of the new rectangle exceed the area of the square?,56%,46%,65%,26%,A
12,"A and B together can complete a work in 12 days,. A alone can complete it in 20 days. If B does the work only for half a day daily, then in how many days A and B together will complete the work?",10 days,11 days,15 days,20 days,C
13,"If X% of 25/2 is 150, what is the value of X?",1000,1200,1400,None of these,B
14,The ratio of the area of a square to that of the square drawn on its diagonal is?,2:05,3:04,3:05,1:02,D
15,"If, x - y = 6 and x + y = 16, then Linear Equations",x=5 and y = 3,x=8 and y= 5,x=10 and y= 3,x=11 and y= 5,D
16,A rectangular carpet has an area of 60 sq.m its diagonal and longer side together equal 5 times the shorter side. The length of the carpet is:_________?,5m,12m,13m,14.5m,B
17,"Two pipes A and B can separately fill a tank in 12 and 15 minutes respectively. A third pipe C can drain off 45 liters of water per minute. If all the pipes are opened, the tank can be filled in 15 minutes. What is the capacity of the tank?",480 liters,540 liters,600 liters,675 liters,B
18,A circular path of 13 m radius has marginal walk 2 m wide all round it. Find the cost of leveling the walk at 25p per m2?,Rs0.45 ,Rs0.78 ,Rs0.44 ,Rs0.40 ,C
19,"The cost of 16 packets of salt, each weighing 900 grams, is Rs. 28. What will be the cost of 27 packets if each packet weighs 1 kg?",Rs. 52.5,Rs. 56,Rs. 58.50,Rs. 64.75,A
20,"According to a timetable, a coach was due to leave a station at 22:55 and arrive at its destination at 06:05 the next day. How long was the journey?",6 hours 30 minutes,7 hours 10 minutes,6 hours 40 minutes,None of these,B
21,"An orange costs C cents. For D dollars, how many oranges can be bought?",100ACD,100D/AC,AD/100C,100D/C,D
22,"If 220% of a number X is 44, what is 44% of X?",8.8,44,8.6,None of these,A
23,"If 10 workers can make 10 tables in 10 days, then how many days would it take for 5 workers to make 5 tables?",1,5,10,25,C
24,The length of a hall is (4/3) times its breadth. If the area of the hall be 300 square meters the difference between the length and breadth is__________?,15m,4m,3m,None of these,D
25,A vessel of capacity 90 litres is fully filled with pure milk. Nine litres of milk is removed from the vessel and replaced with water. Nine litres of the solution thus formed is removed and replaced with water. Find the quantity of pure milk in the final milk,72 litres,72.9 litres,73.8 litres,74.7 litres,B
26,"Complete the series: 3, 5, 10, 12, 24, 26, ____.",52,30,28,48,A
27,A candidate got 35% of the votes polled and he lost to his rival by 2250 votes. How many votes were cast?,7500,5000,6000,3500,A
28,"If Jack needs 2.5 pints of cream to make a dessert, how many pints will he need to make 3 desserts?",7.5,3,4,5.5,A
29,"A school has a strength of 550 in the year 2017, an increase of 12% in 2018. What is the total strength of the school?",550,600,616,None of these,C
30,"An ornament seller marks the price of an article at Rs. 28,800. What is the selling price of the article if he gives a discount of 20%?",Rs. 25920,Rs. 23040,Rs. 20160,Rs. 17280,B
31,"If the sum of three consecutive odd natural numbers is 57, then the first number is:",17,18,27,19,A
32,"A school has four classes. They have 10, 20, 30 and 40 students respectively. Students' pass percentage is 20%, 30%, 60% and 100%. What is the pass percentage of the entire school?",46%,66%,86%,None of these,B
33,"There are 6 candidates, and a voter must vote for any two of them. In how many ways can the voter cast their vote?",5,10,15,20,C
34,The speed of a boat in upstream is 60 kmph and the speed of the boat downstream is 80 kmph. Find the speed of the boat in still water and the speed of the stream?,70 kmph and 10 kmph,35 kmph and 27 kmph,50 kmph and 60 kmph,45 kmph and 15 kmph,A
35,"If the angle of elevation of a tower from a distance of 100 meters from its foot is 60°, what is the height of the tower?",100√2 m,100√3 m,50√3 m,None of these,B
36,Find the one which does not belong to that group?,8,27,64,125,C
37,A boat running downstream covers 24 km's in 4 hours while for covering the same distance upstream it takes 6 hours whats the speed of the boat in still water?,3.5km/hr,5 km/hr,6 km/hr,None of these,B
38,"A train passes a station platform in 36 seconds and a man standing on the platform in 20 seconds. If the speed of the train is 54 km/hr, what is the length of the platform:",120,260,240,220,C
39,A construction project can be completed by 150 workers in 40 days. The project manager brings in 30 more workers after 16 days. In how many days will the remaining work be finished?,30 days,20 days,16 days,None of these,B
40,What is the value of (2²)³?,16,18,32,64,D
41,What is the decimal equivalent of 1/1000?,0.001,1.001,2.001,3.001,A
42,"Which number completes the series: 2, 5, 8, 11, 14, ____.",18,17,19,16,B
43,Rehman mixed 24 kg of butter at Rs. 150 per kg with 36 kg butter at the rate of Rs. 125 per kg. At what price per kg should he sell the mixture to make a profit of 40% in the transaction?,Rs. 135,Rs. 162,Rs. 189,Rs. 198,C
44,"In a 60-liter mixture, the ratio of milk and water is 2:1. How much water must be further added to make it 1:2?",60 liters,50 liters,40 liters,None of these,A
45,"What is the next term in the series 2, 4, 8, 16, ...?",64,32,42,81,B
46,"There are two sections A and B of a class, consisting of 36 and 44 students respectively. If the average weight of section A is 40kg and that of section B is 35kg, find the average weight of the whole class?",37 kg,37.25 kg,37.5 kg,None of these,B
47,"A is two years older than B, who is twice as old as C. If the sum of the ages of A, B, and C is 27, how old is B?",8 years,10 years,11 years,12 years,B
48,"What is the annual income derived from a Rs. 2400, 8% stock purchased at 96?",Rs0.10 ,Rs0.15 ,Rs0.20 ,Rs0.25 ,C
49,"A man sells two buffaloes for Rs.7,820 each. On one he gains 15% and on the other, he loses 15%. His total gain or loss in the transaction is:",2.5% gain,2.25% loss,2% loss,5% loss,B
50,"When 20% of itself is added to a number, it gives 102. Find the number. Percentage",85,90,75,185,A
51,How many pieces of 13.2 cm can be cut from a 330 cm long rod?,250,25,43.56,2.5,B
52,"If A : B : C = 2 : 3 : 4, what is the ratio A/B : B/C : C/A?",8:09:12,9:08:24,8:09:24,8:12:16,C
53,A rectangular field has dimensions 25m by 15m. Two mutually perpendicular passage of 2m width have been left in it's central part and grass has been grown in rest of the field. The area under the grass is____________?,295 m²,299 m²,300 m²,375 m²,B
54,A 25 cm wide path is to be made around a circular garden having a diameter of 4 meters. Approximate area of the path is square meters is__________?,3.34,2,4.5,5.5,A
55,"The ratio of the prices of three articles X, Y and Z is 8 : 5 : 3. If the prices of X, Y and Z are increased by 25%, 20% and 33 1/3% respectively, then what would be the ratio of the new prices of X, Y and Z?",5:03:02,10:06:05,10:07:04,5:04:03,A
56,2^5 means Number System,2 x 5,2 + 5,2 x 2 x 2 x 2 x 2,2 ÷ 5,C
57,"Two pipes can separately fill a tank in 20 and 30 hours respectively. Both the pipes are opened to fill the tank but when the tank is full, a leak develops in the tank through which one-third of water supplied by both the pipes goes out. What is the total time taken to fill",18 hrs,16 hrs,15 hrs,12 hrs,A
58,A right cylinder and a right circular cone have the same radius and the same volume. The ratio of the height of the cylinder to that of the cone is_________?,01-Mar,01-Feb,01-Apr,01-May,A
59,Ten people shake hands with each other exactly once. How many total handshakes occur?,55,45,35,None of above,B
60,"Hafeez invested Rs. 15000 @ 10% per annum for one year. If the interest is compounded half-yearly, then the amount received by Hafeez at the end of the year will be?","Rs. 16,500","Rs. 16,525.50","Rs. 16,537.50","Rs. 18,150",C
61,"The average salary per head of the entire staff of an office including the officers and clerks is Rs.90. The average salary of officers is Rs.600 and that of the clerks is Rs.84. If the number of officers is 2, find the number of clerks in the office?",1540,960,840,170,D
62,"The denominator of a fraction is 1 less than twice the numerator. If the numerator and denominator are both increased by 1, the fraction becomes 3/5. Find the fraction?",02-Mar,03-May,04-Jul,05-Sep,D
63,The edge of a cube is 2a cm. Find its surface area?,6a^2 cm²,8a^2 cm²,12a^2 cm²,24a^2 cm²,D
64,"If 144 / 0.144 = 14.4 / x, what is the value of x?",0.144,144,14.4,0.0144,D
65,A room is 4 meters 37 cm long and 3 meters 23cm broad. It is required to pave the floor with minimum square slabs. Find the number of slabs required for this purpose?,485,431,391,381,C
66,"If the average of 5, 6, 7, and X is 10, what is the value of 'X'?",12,22,32,42,B
67,What will be ratio of simple to compound interest on two same sums invested in SBP at rate of interest of 8% kept for 3 years?,1875/2029,1/2.5,1903/2156,20/88,A
68,"A can do a piece of work in 4 days and B can do it in 12 days. In how many days will they finish the work, both working together?",4 days,2 days,3 days,6 days,C
69,"Maqbool got a life insurance policy of Rs. 500,000. The rate of the annual premium is 4.5% of the total policy amount, and the policy fee is 0.25% of the policy amount. What is the total annual premium?","Rs. 23,750","Rs. 24,640","Rs. 25,530","Rs. 26,420",A
70,"An article is bought for Rs.600 and sold for Rs.500, find the loss percent?",17.33%,27%,16%,16.67%,D
71,"If the perimeter of a sector of a circle with a radius of 6.5 cm is 29 cm, what is its area?",52 cm²,25 cm²,56 cm²,58 cm²,A
72,"What will be the cost of building a fence around a square plot with area equal to 289 sq ft, if the price per foot of building the fence is Rs. 58?",Rs. 3944,Rs. 3828,Rs. 4176,None of these,A
73,If the length of a rectangle is increased by 20% and it's breadth is decreased by 20% then it area________?,Increased by 4%,Decreased by 4%,Decreased by 1%,Remains unchanged,B
74,"A cistern has two taps which fill it in 12 min. and 15 min.respectively There is one outlet pipe in the cistern. When all the taps & pipe are opened, the empty cistern is full in 20 min. How long will the waste pipe (outlet) take to empty the full cistern?",10 min,20 min,30 min,40 min,A
75,If the side of a square is increased by 25 % then how much percent does it's area get increased:,125%,156.25%,50%,56.25%,D
76,Two trains are moving in opposite directions 60 km/hr and 90 km/hr. Their lengths are 1.10 km and 0.9 km respectively. The time taken by the slower train to cross the faster train in seconds is_________?,36,45,48,49,C
77,Find the length of the wire required to go 15 times round a square field containing 69696 m². Geometric Measurement,15840 m,16840 m,15820 m,15640 m,A
78,"If a:b = 2:3 and b:c = 4:3, then find a:b:c. Ratio",8:12:09,2:03:08,2:03:09,2:03:12,A
79,How many subsets does an empty set have?,0,1,2,10,B
80,Certain quantity of food is sufficient for certain number of men for 13 days. After 1 day 2/5 of them desert how long will the food now last?,20 days,25 days,18 days,16 days,A
81,Raheem bought an old car for Rs. 42000. He spent Rs. 13000 on repairs and sold it for Rs. 64900. What is his profit percentage?,14%,16%,18%,22%,C
82,"In a Circle of Radius 5 cm if AB and AC are two equal chords of length 6cm each, then the length of chord BC is___________?",24/5 cm,12/5 cm,7/5 cm,None of these,D
83,What is the mean proportional of 4 and 16?,±8,±16,±9,None of these,A
84,"In Faisalabad, ratio of bicycles and motorcycles in 2 : 3. If bicycles increase by 15% and motorcycles increase by 20%, what is overall percent increase in both cycles and motorcycles?",9%,12%,18%,15%,C
85,"If Amir is to the North of Bilal, and Saad is to the West of Bilal, in which direction is Amir with respect to Saad?",West South,West-North,North-East,North,C
86,The difference between the circumference and the radius of a circle is 37 cm. What is the area of the circle?,111 cm²,184 cm²,154 cm²,259 cm²,C
87,1.272747.... is a/an Number System,Rational Number,Irrational Number,Integer,Whole Number,B
88,A person buys an article at Rs.500. At what price should he sell the article so as to make,profit of 20%? Profit-Loss Rs.600,Rs0.50 ,Rs0.25 ,Rs0.70 ,A
89,"60% of a number is added to 120, the result is the same number. Find the number?",300,200,400,500,A
90,"The area of a rectangle is 297 sq cm. If its length is increased by 3 cm and its width is decreased by 1 cm, its area is increased by 3 sq cm. Find the original length and width of the rectangle. Geometric Measurement",10 cm and 35 cm,11 cm and 27 cm,13 cm and 28 cm,None of these,B
91,The compound interest earned by Sunil on a certain amount at the end of two years at the rate of 8% p.a. was Rs.2828.80. Find the total amount that Sunil got back at the end of two years in the form of principal plus interest earned.,"Rs.18,828.80","Rs.19,828.80","Rs.18,028.80","Rs.17,828.80",B
92,A man can row 12 km downstream in 3 hours and the same distance upstream in 4 hours. What is the speed of the current?,1 km/h,0.5 km/h,2 km/h,2.5 km/h,B
93,A mixed doubles tennis game is to be played two teams(each consists of one male and one female) There are four married couples. No team is to consist a husband and his wife. What is the maximum number of games that can be played?,12,48,36,42,C
94,"What is the failure rate if a student scores 80% in English and 85% in Math, if the passing mark for both subjects is 75%?",0%,10%,15%,20%,A
95,(6 - 2 * 3 + 6) / (2 + 6 * 3 - 4) = _____________?,09-Aug,03-Oct,03-May,03-Aug,D
96,"By selling an umbrella for Rs. 300, a shop keeper gains 20%. During a clearance sale, the shopkeeper allows a discount of 10% on the marked price. His gain percent during the sale is:________?",7%,7.50%,8%,9,C
97,"The cost of Type 1 rice is Rs. 15 per kg and Type 2 rice is Rs. 20 per kg. If both Type 1 and Type 2 are mixed in the ratio of 2 : 3, then the price per kg of the mixed variety of rice is:_______?",Rs. 18,Rs. 18.50,Rs. 19,Rs. 19.50,A
98,The area of a circle is 275 cm². What is the circumference of the circle?,55.45 cm,58.79 cm,60.09 cm,77.33 cm,B
99,"40% of Raees's marks is equal to 20% of Rahim's marks, and this is also equal to 30% of Rehman's marks. If Rehman's marks are 80, find the average marks of Raees and Rahim. Percentage",60,70,80,90,D
100,"The G.C.D of 1.08, 0.36 and 0.9 is________?",0.03,0.9,0.18,0.108,C
101,At any army camp the provisions were stored for 40 days but ten days after the no. of soldiers become double. Now the food lasts for x days. What is x?,30,40,50,15,D
102,"If a fraction is multiplied by itself and the product is divided by its reciprocal, the result is 18 26/27. What is the original fraction?",1 1/2,2 2/3,08-May,None of these,B
103,"Approximately how many miles are equal to 1,280 kilometers?",1000 miles,800 miles,940 miles,None of these,B
104,The average runs scored by a batsman in 20 matches is 40. In the next 10 matches the batsman scored an average of 13 runs. Find his average in all the 30 matches?,31,29,28,30,A
105,Find the one which does not belong to that group?,3,4,5,9,B
106,"If 3^(5n−9) = 3^(n+1), what is the value of n?",5,6,4,None of these,B
107,In what proportion must water be added to spirit to gain 20% by selling it at the cost price?,1:04,1:05,1:06,2:05,B
108,A and B start a business jointly. A invests Rs.16000 for 8 months and B remains in the business for 4 months. Out of the total profit B claims 2/7th share. How much money is contributed by B?,Rs0.10 ,Rs0.13 ,Rs0.60 ,Rs0.80 ,B
109,"Amir saves 32% of his monthly salary. If he spends Rs. 27200, then find his savings?",15400,14300,13200,12800,D
110,"The average age of 5 members of a family is 24 years. If the age of the youngest member is 12 years, what is the average age of the other 4 members?",27 years,30 years,24 years,25 years,A
111,In 50 gm alloy of gold and silver the gold is 80 % by weight. How much gold should be mixed with this alloy so that the weight of gold would become 95 %?,200 gm,150 gm,50 gm,10 gm,B
112,"A is the father of B, but B is not A's son. What is the relationship of B to A?",Son,Daughter,Cousin,Sister,B
113,Find the one which does not belong to that group?,Walk,Talk,Drink,Plank,D
114,"A, B and C enter into partnership. A invests some money at the beginning, B invests double the amount after 6 months, and C invests thrice the amount after 8 months. If the annual gain is Rs.18000. Then, A's share is?",Rs0.75 ,Rs0.72 ,Rs0.60 ,Rs0.58 ,C
115,{20 - [7 - (3 -2)] + 1/3 (4.2)} / 1.4 = ________?,11,12,14,19,A
116,"The average weight of 8 persons is increased by 2.5 kg when one of them, who weighs 56 kg, is replaced by a new person. What is the weight of the new person?",76 kg,72 kg,78 kg,None of these,A
117,"All the water in container A which was filled to its brim was poured into two containers B and C. The quantity of water in container B was 62.5% less than the capacity of container A. If 148 liters was now transferred from C to B, then both the containers would",648,888,928,1184,D
118,"A starts business with a capital of Rs.1200. B and C join with some investments after 3 and 6 months respectively. If the end of a year, the profit is divided in the ratio 2:3:5 respectively. What is B's investment in the business?",Rs0.24 ,Rs0.18 ,Rs0.36 ,Rs0.60 ,A
119,The number of new words that can be formed by rearranging the letters of the word 'ALIVE' is__________?,24,23,119,120,C
120,"If a shopkeeper earns 30% profit on a thing; if its price rises 25%, how much profit will he take:",25.50%,37.50%,47%,62.50%,D
121,Round off the following digit: 38.23,38,39,37,40,A
122,What is the value of 5 + 6 × 3 - 2 + 2?,20,23,28,None of these,B
123,Find the one which does not belong to that group?,35,48,75,84,A
124,"The sum of cubes of two numbers is 280. If the numbers are in the ratio 2:3, find the smallest number. Ratio",4,6,3,2,A
125,In how many different ways can the letters of the word 'MATHEMATICS' be arranged so that the vowels always come together?,10080,4989600,120960,None of these,C
126,"If 39 men complete a task in 29 days, how long will it take 29 men to do the same task?",29 days,39 days,49 days,59 days,B
127,"An officer was appointed on maximum daily wages on contract money of Rs. 4956. But on being absent for some days, he was paid only Rs. 3894. For how many days was he absent?",3,4,5,6,A
128,"Two trains travelling in the same direction at 40 and 22 km/hr completely pass each other in 1 minute. If the length of the first train is 125 meters, what is the length of second train?",125,120,175,185,C
129,It takes one person 20 hours to clean a garden. How long will it take if 5 people work together at the same rate?,3 hours,6 hours,5 hours,4 hours,C
130,"If 0.009/x = 0.01, what is the value of x?",0.09,0.9,0.009,None of these,B
131,"The monthly incomes of A and B are in the ratio 5 : 2. B's monthly income is 12% more than C's monthly income. If C's monthly income is Rs. 15000, then find the annual income of A?",Rs. 420000,Rs. 180000,Rs. 201600,Rs. 504000,D
132,How many times in a day are the hands of a clock in a straight line but opposite in direction?,22,24,48,None of these,A
133,A hockey team won 6 games and lost 8. What is the ratio of wins to the number of games played?,6:08,8:06,3:07,8:14,C
134,The sector of a circle has radius of 21 cm and central angle 135o. Find its perimeter?,91.5 cm,93.5 cm,94.5 cm,92.5 cm,A
135,What is 45% of 225?,71,77,81,None of these,D
136,"The population of a certain village is 62,500. What will its population be after 3 years if it increases geometrically at a rate of 4% annually?",70304,70300,70402,70433,A
137,A doll is sold for Rs. 220. What was the cost of the doll if the rate of profit was 10% of the cost?,Rs. 198,Rs. 200,Rs. 210,Rs. 240,B
138,24 - [2.4 - {0.24 * 2 - (0.024 - ?)}] = 22.0584 Basic Arithmetic,0.0024,0.024,0.24,0.00024,A
139,The present worth of Rs. 1404 due in two equal half-yearly installments at 8% per annum simple interest is:,Rs. 1325,Rs. 1300,Rs. 1350,Rs. 1500,A
140,Express 0.286 as a percentage. Percentage,28.60%,2.80%,0.28%,None of these,A
141,The average weight of 16 boys in a class is 50.25 kg and that of the remaining 8 boys is 45.15 kg. Find the average weights of all the boys in the class. Average,47.55 kg,48 kg,48.55 kg,49.25 kg,C
142,The perimeter of a semi circle is 144 cm then the radius is_________?,25 cm,28 cm,30 cm,35 cm,B
143,"A can do a piece of work in 4 hours; B and C together can do it in 3 hours, while A and C together can do it in 2 hours. How long would it take B alone to do the work?",8 hours,10 hours,12 hours,None of these,C
144,The radius of a wheel is 22.4 cm. What is the distance covered by the wheel in making 500 resolutions. Geometric Measurement,252 m,704 m,352 m,808 m,B
145,The perimeter of a circle and a square field are equal. What is the diameter of the circle field if the area of the square field is 484 sq.m?,14m,21m,28m,None of these,C
146,Three-fourths of a number is 60 more than one-third of the same number. What is the number?,60,144,120,None of these,B
147,"At a ship, food was initially sufficient for 50 men for 20 days. After 10 days, half of the men died due to a disease. How many more days will the remaining food last?",20 days,60 days,70 days,50 days,A
148,The sum of 5 successive odd numbers is 1075. What is the largest of these numbers?,215,223,219,217,C
149,"How many tiles, each with an area of 10 square inches, are required to cover a floor with dimensions of 5 feet by 4 feet?",28,280,2880,288,D
150,Find the maximum number of students among whom 1001 pens and 910 pencils can be distributed in such a way that each student gets the same number of pens and the same number of pencils.,71,81,91,101,C
151,Sehar gave Shazia Rs.1250 on compound interest for 2 years at 4% per annum. How much loss would Sehar has suffered had she given it to Shazia for 2 years at 4% per annum simple interest?,Rs0.10 ,Rs0.20 ,Rs0.50 ,Rs0.30 ,B
152,A walks around a circular field at the rate of one round per hour while B runs around it at the rate of six rounds per hour. They start in the same direction from the same point at 7.30 AM. They shall first cross each other at:___________?,7.42 AM,7.48 AM,8.10 AM,8.30 AM,A
153,What is the present worth of Rs. 132 due in 2 years at 5% simple interest per annum?,Rs. 112,Rs. 118.80,Rs. 120,Rs. 122,C
154,Mahad marks an article 15% above the cost price of Rs. 540. What must be his discount percentage if he sells it at Rs. 496.80?,18%,21%,20%,19%,C
155,A hall 20 m long and 15 m broad is surrounded by a verandah of uniform width of 2.5 m. The cast of flooring the verandah at the rate of Rs 3.50 per sq. Meter is__________?,Rs0.50 ,Rs. 600,Rs. 700,Rs. 800,C
156,"The population of a state annually increases at the rate of 15% . If its present population is 79350, what was its population two years ago?",50000,55000,58000,60000,D
157,Rs. 9800 are invested partly in 9% stock at 75 and 10% stock at 80 to have equal amount of incomes. The investment in 9% stock is___________?,Rs. 4800,Rs. 5400,Rs. 5000,Rs. 5600,C
158,what ratio should a variety of rice costing Rs. 6 per kg be mixed with another variety of rice costing Rs. 8.75 per kg to obtain a mixture costing Rs. 7.50 per kg?,5:06,6:05,1:02,3:02,A
159,30% of 100 is equal to 3% of:,3000,2000,1000,750,C
160,A mixture of 70 litres of milk and water contains 10% water. How many litres of water should be added to the mixture so that the mixture contains 12 1/2% water?,12 liters,10 liters,4 liters,2 liters,D
161,Solve: 1/10 × 3/5 × 6/5. Basic Arithmetic,9/225,9/125,2/125,7/125,B
162,What is the area of a triangle having a base of 19m and a height of 7m?,45 m²,55 m²,66.5 m²,133 m²,C
163,"After spending 40 % in machinery, 25 % in the building, 15 % in raw material and 5 % on furniture, Haris had a balance of Rs. 1305. The money with him was:________?",Rs. 6500,Rs. 7225,Rs. 8700,Rs. 1390,C
164,Find the one which does not belong to that group?,16,28,36,64,B
165,The number of boys in a class is three times the number of girls. Which one of the following numbers cannot represent the total number of children in the class?,48,44,42,40,C
166,The ratio of numbers is 3:4 and their H.C.F is 4. Their L.C.M is__________?,12,16,24,48,D
167,The length of the rectangular field is double its width. Inside the field there is square shaped pond 8m long. If the area of the pond is 1/8 of the area of the field. What is the length of the field?,31 m,32 m,16 m,20 m,B
168,"What is the 10% Ushr on a value of Rs. 391,680?",Rs. 23498,Rs. 39168,Rs. 8576,Rs. 8643,B
169,"In a class, 19% students are absent on a day. If the number of students present on the day are 162, then the students absent on that day are:",187,190,200,38,D
170,The lengths of the diagonals of a rhombus are 24 cm and 18 cm. What is the length of each side of the rhombus?,15 cm,13 cm,16 cm,17 cm,A
171,Find the one which does not belong to that group?,4422,2442,4242,2244,C
172,The ratio of the length of a rod to its shadow is 1:√3. What is the angle of elevation of the sun?,30°,45°,90°,None of these,A
173,"30 men can do a certain work in 15 days. They started working on the project but 5 of them leave after every five days. In how many days, will the work be completed now?",20 days,22 days,25 days,18 days,A
174,"If three lawns are mowed in two hours, how many lawns will be mowed in ten hours at the same rate?",10 lawns,12 lawns,15 lawns,None of these,C
175,A car traveling with 5/7 of its actual speed covers 42 km in 1 hr 40 min 48 sec. What is the actual speed of the car?,30 km/hr,35 km/hr,25 km/hr,40 km/hr,B
176,A shopkeeper purchased 70 kg of potatoes for Rs. 420 and sold the whole lot at the rate of Rs. 6.50 per kg. What will be his gain percent?,4.17%,6.17%,8.33%,20%,C
177,"What is the price of a 12x6 carpet if an 8x3 carpet costs Rs. 6,288, assuming price is proportional to area? proportion",Rs. 16654,Rs. 18864,Rs. 21345,Rs. 12768,B
178,Find the cost of fencing around a circular field of diameter 28 m at the rate of Rs.1.50 a meter?,Rs0.15 ,Rs0.13 ,Rs0.10 ,Rs0.13 ,B
179,"Three pipes A, B and C can fill a tank in 6 hours. After working at it together for 2 hours. C is closed A and B can fill the remaining part in 7 hours. The number of hours taken by C alone to fill the tank is?",10,12,14,16,C
180,"A small shop contain 25 pairs of shoes. If 20% are joggers, how many are not joggers?",5,10,15,20,D
181,"Complete the series: 11, 15, 24, _____, 65, 101.",39,40,48,50,B
182,The difference between simple and compound interest on Rs. 1200 for one year at 10% per annum reckoned half-yearly is________?,Rs. 2.50,Rs. 3,Rs. 3.75,Rs. 4,B
183,"Ramees buys good worth Rs. 6650. He gets a rebate of 6% on it. After getting the rebate, he pays sales tax @ 10%. Find the amount he will have to pay for the goods. Percentage",Rs. 6876.10,Rs. 6999.20,Rs. 6654,Rs. 7000,A
184,A man invested Rs. 1552 in a stock at 97 to obtain an income of Rs. 128. The dividend from the stock is___________?,7.50%,8%,9.70%,None of these,B
185,"Two pipes P and Q can fill a cistern in 12 minutes and 16 minutes respectively. Simultaneously both the pipes are opened together, then after how much time Q should be closed so that the tank is full in 9 min?",2 min,3 min,4 min,5 min,C
186,6 of 5/8 / 5/8 - 1/8 = ______?,6.125,5.75,6.75,5.875,D
187,A basket has 5 apples and 4 oranges. Three fruits are picked at random. The probability that at least 2 apples are picked is__________?,25/42,Sep-20,Oct-23,41/42,A
188,"Using all the letters of the word ""NOKIA"", how many words can be formed, which begin with N and end with A?",3,6,24,120,B
189,Three friends divided some bullets equally after all of them shot 4 bullets the total number of bullets remaining is equal to the bullets each had after division. Find the original number divided?,18,20,54,8,A
191,"Find the greatest number of four digits which when divided by 10, 15, 21 and 28 leaves 4, 9, 15 and 22 as remainders respectively?",9654,9666,9664,9864,A
192,"Water tax is increased by 20% but its consumption is decreased by 20 %. Then, the increase or decrease in the expenditure of the money is:________?",No change,5 % decrease,4 % increase,4 % decrease,D
193,A sum of money at simple interest amounts to Rs. 815 in 3 years and to Rs. 854 in 4 years. What is the principal sum?,Rs. 650,Rs. 690,Rs. 698,Rs. 700,C
194,A bag contains five white and four red balls. Two balls are picked at random from the bag. What is the probability that they both are different color?,04-Sep,05-Sep,07-Sep,08-Sep,B
195,"The angles of a triangle are (x-35), (x-25), and (x/2-10). Find x. Geometric Measurement",80,90,100,None of these,C
196,Find the one which does not belong to that group?,KMNL,PRSQ,VWYZ,JLMK,C
197,A sum of money at simple interest amounts to Rs. 815 in 3 years and to Rs. 854 in 4 years. The sum is ________?,Rs. 700,Rs. 690,Rs. 650,Rs. 698,D
198,An engineering student has to secure 36% marks to pass. He gets 130 marks and fails by 14 marks. The maximum No. of marks obtained by him is_________?,300,400,350,500,B
199,"H.C.F of 4 * 27 * 3125, 8 * 9 * 25 * 7 and 16 * 81 * 5 * 11 * 49 is___________?",180,360,540,1260,A
200,"How many shares of market value Rs. 25 each can be purchased for Rs. 12750, brokerage being 2%?",450,500,550,600,B
201,"The average of 10 numbers is 23. If each number is increased by 4, what will the new average?",22,27,25,29,B
202,A shopkeeper buys an article for Rs. 240 and sells it for Rs. 300. What is his profit percentage?,20%,25%,30%,35%,B
203,Evaluate: 2 × 25 + 5 + 10 - 2.,63,53,58,43,A
204,"In a class, 3/4 of the students do not know either English or Hindi. But 1/6 of the students know English. How many students know both English and Hindi if students who know Hindi are 1/8 of the total students in the class?",Jan-24,100/24,10-Apr,¼,A
205,"If 9 men or 15 women an do a piece of work in 25 days, then 39 men and 10 women will complete the same work in?",4 days,6 days,5 days,7 days,C
206,"If Afnan drives at 4/5th of his usual speed to his office, he is 6 minutes late. What is his usual time to reach his office?",36 minutes,24 minutes,30 minutes,18 minutes,B
207,"If the average marks of three batches of 55, 60, and 45 students are 50, 55, and 60 respectively, what are the average marks of all the students combined?",53.33,54.68,55,None of these,B
208,"If 35% of a number is 12 less than 50% of that number, then the number is_________?",40,50,60,80,D
209,"Two taps can separately fill a cistern 10 minutes and 15 minutes respectively and when the waste pipe is open, they can together fill it in 18 minutes. The waste pipe can empty the full cistern in?",7 min,13 min,23 min,9 min,D
210,What is meant by a linear equation?,First degree,Second degree,Third degree,None of these,A
211,"When you divide 0.7 by 10, you will get:",7,0.07,70,0.007,B
212,The salary of Mr. X is 30% more than that of Mr. Y . Find what percent of Mr. Y's salary is less than Mr. X's?,30%,25.07%,23.07%,22.07%,C
213,"In the system of equations ax+2y=5 and 3x-6y=20, a is a constant. If the system has one solution, which of the following CANNOT be the value of a?",-1,1,2,-3,A
214,"In a committee consisting of 20 people, 10% are from Baluchistan 40% from Sindh. 20% are from KPK and the rest are from Punjab. How many are from Punjab?",10,6,14,12,B
215,"After decreasing by 24%, the price of an article costs Rs. 912. Find the actual cost of an article. Percentage",Rs. 1400,Rs. 1300,Rs. 1200,Rs. 1100,C
216,P and Q started business with Rs.15000 and Rs.10000 respectively. Find the share of P in an annual profit of Rs. 25000. Ratio (Partnership),Rs0.80 ,Rs0.60 ,Rs0.10 ,RS.15000,D
217,"Three taps A, B and C can fill a tank in 12, 15 and 20 hours respectively. If A is open all the time and B and C are open for one hour each alternately, the tank will be full in_________?",6 hours,6 2/3 hours,7 hours,7 1/2 hours,C
218,"Five years ago, the average age of A and B was 15 years. The average age of A, B, and C today is 20 years. How old will C be in 10 years?",10 years,20 years,30 years,40 years,C
219,"In a class of 33 students, the boys outnumber the girls by seven. How many girls are there'?",13,26,40,47,A
220,"The length of a rectangle is halved, while its breadth is tripled. What is the percentage change in area?",25% increase,50% increase,50% decrease,75% decrease,B
221,"The ratio of two numbers, a and b, is 3:5. If 2 is added to both numbers, the ratio becomes 2:3. What is the value of b?",8,10,15,5,B
222,Find the one which does not belong to that group?,343,121,1331,2197,B
223,What is sum 4% of 40% of 400 and 2% of 20% of 200?,0.8,6.4,7.2,20,C
224,"If P : Q = 8 : 15 and Q : R = 3 : 2, then find P : Q : R?",8:15:07,8:15:10,7:15:08,10:15:08,B
225,"If m:n = 3:2, what is the value of (4m + 5n):(4m - 5n)?",9:01,11:01,7:01,None of these,B
226,"If x = 3, then x³ = ?",6,9,27,81,C
227,The tax on a commodity is diminished by 20% and its consumption increased by 15%. The effect on revenue is_________?,It increases by 8%,It decreases by 8%,No change in revenue,It increases by 10%,B
228,A man buys 10 articles for Rs. 8 and Sells them at the rate of Rs. 1.25 per article. His gain is:________?,0.2,0.5,19 ½ %,56 ¼ %,D
229,Find the one which does not belong to that group?,Trapezium,Square,Triangle,Cube,D
230,A and B go cycling in the same direction with speeds of 6 km/hr and 12 km/hr. A car from behind passes them in 9 and 10 seconds respectively. What is the speed of the car?,22 km/hr,33 km/hr,66 km/hr,44 km/hr,C
231,A milkman adds 10 litres of water to 10 litres of milk. His son takes 15 litres of the mixture and adds 5 litres of water to it. Find out the amount of water in litres in this milk.,11,11.5,12,12.5,D
232,"If x = 0.5 and y = 0.2, what is the value of √(0.6 × (3y)^x)?",1,0.6,0.5,None of these,B
233,"If the simple interest on a sum of money for 2 years at 5% per annum is Rs. 50, what is the compound interest on the same sum at the rate and for the same time?",Rs. 51.25,Rs. 52,Rs. 54.25,Rs. 60,A
234,"If 40% of M equals 20% of A, what percent of A is M?",12%,2%,33%,50%,D
235,"If A got 80 marks and B got 60 marks, then what percent of A's mark is B's mark?",60%,80%,65%,75%,D
236,"Eight years ago, Zahid's age was 4/3 times that of Shahid. Eight years hence, Zahid's age will be 6/5 times that of Shahid. What is the present age of Zahid?",30 years,40 years,32 years,48 years,B
237,"A group consists of 4 men, 6 women and 5 children. In how many ways can 3 men, 2 women and 3 children selected from the given group?",300,450,600,750,C
238,Difference between the compound interest and simple interest accrued in 2 years at 6% per annum is Rs. 144. What is the principal amount?,Rs. 4000,Rs. 20000,Rs. 40000,Rs. 13000,C
239,"A man purchases 8 pens for Rs.9 and sells 9 pens for Rs.8, how much profit or loss does he make?",20.98% profit,20.98% loss,20.89% profit,20.89% loss,B
240,"Free notebooks were distributed equally among children of a class. The number of notebooks each child got was one-eighth of the number of children. Had the number of children been half, each child would have got 16 notebooks. Total how many notebooks",256,432,512,640,C
241,Anum can complete an assignment in 5 days and Ali can complete the same assignment in 20 days. The time by both Anum and Ali to complete the assignment working together is:,3 days,5 days,4 days,2 days,C
242,"The true discount on Rs. 1,760 due after a certain time at 12% per annum is Rs. 160. What is the time after which it is due?",5 months,10 months,15 months,20 months,B
243,Find the one which does not belong to that group?,30,27,36,45,A
244,"If a man washes 8 cars in 18 minutes, how many cars can he wash in 3 hours at the same rate?",50,60,70,80,D
245,"If a class has 56 boys and the total class strength is 140, what is the percentage of boys?",30%,40%,20%,None of these,B
246,"If the interest on Rs 800 is more than the interest on Rs 400 by Rs 40 in 2 years, then the rate of interest per annum is:",5%,5.25%,6%,None of these,A
247,"A father is now three times as old as his son. Five years back, he was four times as old as his son. The age of the son (in years) is:",10,12,15,18,C
248,The C.I. on a certain sum for 2 years Rs.41 and the simple interest is Rs.40. What is the rate percent?,4%,5%,6%,8%,B
249,"In a factory, 24 workers working 7 hours a day can produce 4,000 units in 30 days. In how many days will 30 workers produce 3,500 units by working 8 hours a day?",30,24,20,16,C
250,12 men and 15 women can reap a field in 14 days. Find the number of days that 7 men and 5 women will take to reap it.,160/11,168/11,178/11,None of these,B
251,The length of a rectangular increased by 10% and its breadth is decreased by 10 %. Then the area of the new rectangle is ______?,Neither increased nor decreased,Increased by 1%,Decreased by 1%,Decreased by 10%,C
252,"A cistern is normally filled in 8 hours but takes two hours longer to fill because of a leak in its bottom. If the cistern is full, the leak will empty it in?",16 hrs,20 hrs,40 hrs,25 hrs,C
253,A batsman in his 17th innings makes a score of 85 and their by increasing his average by 3. What is his average after the 17th innings?,34,35,36,37,D
254,"There are two identical red, two identical black, and two identical white balls.In how many different ways can the balls be placed in the cells (Each cell to contain one ball) such that balls of the same colour do not occupy any two consecutive cells?",15,18,24,30,D
255,The average runs of a cricket player for 10 innings was 32. How many runs must he make in his next innings to increase his average by 4 runs?,72,76,80,None of these,B
256,"David obtained 76, 65, 82, 67, and 85 marks (out of 100) in English, Mathematics, Physics, Chemistry, and Biology. What are his average marks?",65,68,75,None of these,C
257,Find the area of circle whose radius is 7m?,124 sq m,154 sq m,145 sq m,167 sq m,B
258,"A, B, C and D enter into partnership. A subscribes 1/3 of the capital, B 1/4, C 1/5 and D the rest. How much share did A get in a profit of Rs.2460?",Rs0.48 ,Rs0.62 ,Rs0.82 ,Rs0.74 ,C
259,"A two-digit number is such that the product of the digits is 8. When 18 is added to the number, then the digits are reversed. The number is :_________?",18,24,42,81,B
260,The true discount on Rs. 2562 due 4 months hence is Rs. 122. The rate percent is:_________?,12%,13%,15%,14%,C
261,"If the highest four digit number is subtracted from the lowest five digit number, what will be the resultant figure'?","10,000","19,999","9,999",1,D
262,The sum of the digits of a two-digit number is 12. The difference of the digits is 6. Find the number?,93,39,75,Either (a) or (b),D
263,On decreasing the price of T.V. sets by 30 % its sale is increased by 20 %. What is the effect on the revenue received by the shopkeeper?,10 % increase,10 % decrease,16 % increase,16 % decrease,D
264,"A trader marks his articles 20% more than the cost price. If he allows 20% discount, then find his gain or loss percent?",No profit No loss,4% profit,2% loss,None of these,D
265,A group of people has provisions for 29 days for 24 men. If after 4 days 1/6 of them desert then food will last for?,25 days,28 days,30 days,32 days,C
266,The Compound interest on Rs 16000 for 9 months at 20% P.a compounded quarterly is:__________?,"Rs2,518 ","Rs2,520 ","Rs2,522 ","Rs2,524 ",C
267,"The numerator of a fraction is 5 less than the denominator. If 1 is added to both the numerator and the denominator, the fraction becomes 2/3. What is the original fraction?",07-Dec,Sep-14,14-Sep,Aug-13,B
268,"A fruit basket contains oranges, peaches, and strawberries in the ratio 2:3:4. If there are 8 oranges, how many total fruit items are in the basket?",16,32,36,48,C
269,"The average height of five pupils is 68 inches. If one pupil is 70 inches and three others are 76 inches each, then what is the height (in inches) of the fifth pupil?",36,38,40,42,A
270,"4 men and 2 woman can complete a work in 2 days. If 2 men alone take 5 days to complete the work, find the time taken by 2 women alone to complete the work. Time-Work",15 days,10 days,8 days,20 days,B
271,"Twelve water pumps can empty a water tank in 20 minutes. If 2 pumps are out of order, how long will the remaining pumps take to empty the tank?",20 minutes,24 minutes,28 minutes,None of these,B
272,"A sum of Rs.427 is to be divided among A,B, and C in such a way that 3 times A's share, 4 times B's share and 7 times C's share are all equal. The Share of C is:",Rs. 84,Rs. 76,Rs. 96,Rs. 34,A
273,A river 2m deep and 45 m wide is flowing at the rate of 3 kmph the amount of water that runs into the sea per minute is?,4500 m³,27000 m³,3000 m³,2700 m³,A
274,"If you pay $22.90 for a DVD that includes a 7% sales tax, what is the price of the DVD before the sales tax?",$23.00,$21.40,$25.00,$20.50,B
275,"The average age of a group of 5 students is 18 years. When a new student joins the group, the average age increases to 19 years. What is the age of the new student?",19 years,24 years,25 years,26 years,D
276,"The average of 20 numbers is zero. Of them, at the most, how many may be greater than zero?",0,1,10,19,D
277,How many minimum number of whole square slabs are required for paving the floor 12.96 meters long and 3.84 meters side?,216,192,108,256,A
278,"What is the least number which when divided by 8, 12, 18 and 24 leaves the remainders 4, 8, 14 and 20 respectively?",78,68,58,None,B
279,"A group of 10 representatives is to be selected out of 12 seniors and 10 juniors. In how many different ways can the group be selected, if it should have 5 seniors and 5 juniors?",¹² C ₅ * 10,¹² C ₇ * 10,¹² C ₇ * ¹⁰ C ₅,12 * ¹⁰ C ₅,C
280,Which of the following has the most number of divisors?,99,101,176,182,C
281,Solve: 5 ÷ 0.5 = ?,2.5,25,10,1,C
282,A person purchased a TV set for Rs. 16000 and a DVD player for Rs. 6250. He sold both the items together for Rs. 31150. What percentage of profit did he make?,30%,35%,40%,45%,C
283,"Find the value of a/b + b/a, if a and b are the roots of the quadratic equation x² + 8x + 4 = 0?",15,14,24,26,B
284,A table listed at Rs. 160 is marked 20% off. What is the sale price?,Rs. 125,Rs. 128,Rs. 120,Rs. 130,B
285,"A lends Rs. 1500 to B and a certain sum to C at the same time at 8% per annum simple interest. If after 4 years, A altogether receives Rs. 1400 as interest from B and C, then the sum lent to C is________?",Rs0.29 ,Rs0.19 ,Rs0.22 ,Rs0.26 ,A
286,A man buys Rs. 20 shares paying 9% dividend. The man wants to have an interest of 12% on his money. The market value of each share is:_________?,12,15,18,20,B
287,"A can complete a journey in 10 hours. He travels first half of the journey at the rate of 21 km / hr and second half at the rate of 24 km / hr. Find the total journey in km. Time, Speed, and Distance",220 km,224 km,230 km,234 km,B
288,What is the smallest positive integer that 294 must be multiplied by to produce a perfect square?,6,7,8,None of these,A
289,"The owner of a furniture shop charges his customer 24% more than the cost price. If a customer paid Rs. 8339 for a computer table, then what was the cost price of the computer table?",Rs. 5725,Rs. 5275,Rs. 6275,Rs. 6725,D
290,Abdul purchased 20 dozen toys at the rate of Rs. 375 per dozen. He sold each toy for Rs. 33. What was his percentage profit?,3.50%,4.50%,5.60%,6.50%,C
291,"A sells a bicycle to B at a profit of 20%. B sells it to C at a profit of 25%. If C pays Rs. 225 for it, the cost price of the bicycle for A is:________?",Rs. 110,Rs. 120,Rs. 125,Rs. 150,D
292,A sum of money amounts to Rs. 10648 in 3years and Rs. 9680 in 2 years. The rate of interest is_________?,5%,20%,15%,20%,B
293,A library has an average of 510 visitors on Sunday and 240 on other days. The average number of visitors per day in a month of 30 days beginning with a Sunday is___________?,250,276,280,285,D
294,If the radius of the sphere is doubled then it's volume increases by what factor?,1,2,7,8,C
295,"A car travels 50% faster than a bike. Both start at the same time from A to B. The car reaches 25 minutes earlier than the bike. If the distance from A to B is 100 km, find the speed of the bike. Time, Speed, and Distance",120 km,100 km,80 km,75 km,C
296,"A and B together take 6 days to complete a task. B and C together take 12 days to complete the same task. A and C together take 8 days to complete it. If A, B and C are working together, how long does it take for them to complete the task?",4(2/3) days,4 days,5(1/3) days,1(1/3) days,C
297,"Akram sold a plot for Rs. 60,000 and the cost of the plot is Rs. 57,000, then the profit he earns is what percentage?",3.23%,5.26%,10.32%,6.32%,B
298,(0.7)^4 x (0.49)^2 ÷ (0.343)^3 =?,0.7,1.428,0.343,1,B
299,The diagonals of a rhombus are 15 cm and 20 cm. Find its area?,120 sq cm,300 sq cm,150 sq cm,480 sq cm,C
300,"If the simple interest on a certain sum of money after 3 1⁄8 years is 1⁄4 of the principal, what is the rate of interest per annum?",6%,4%,8%,12%,C
301,"Two bikes start at the same time from two destinations 300 km apart and travel towards each other. If they cross each other at a distance of 130 km from one of the destinations, what is the ratio of their speeds?",13:17,17:13,15:22,17:30,A
302,"Find the number of ways of arranging the letters of the word ""MATERIAL"" such that all the vowels in the word are to come together?",720,1440,1860,2160,B
303,21 binders can bind 1400 books in 15 days. How many binders will be required to bind 800 books in 20 days'?,9,11,13,None of these,A
304,"What will be the compound interest on a sum of Rs. 1,875 after 2 years if the rate of interest for the first year is 4% and for the second year is 8%?",231,247,274,None of these,A
305,Which of the following sets of side lengths cannot form a right-angled triangle?,"3cm, 4cm, 5cm","9cm, 15cm, 12cm","2cm, 1cm, √5cm","9cm, 5cm, 7cm",D
306,"If six persons sit in a row, then the probability that three particular persons are always together is____________?",Jan-20,03-Oct,01-May,04-May,C
307,A money lender borrows money at 4% P.a and pays interest at the end of the year. He lends it at 6% P.a compound interest compounded half-yearly and receives the interest at the end of the year. Thus be gains Rs 104.50 a year. The amount of money he borrows,"Rs4,500 ","Rs5,000 ","Rs5,500 ","Rs6,000 ",B
308,"A sum of Rs.4800 is invested at a compound interest for three years, the rate of interest being 10% p.a., 20% p.a. and 25% p.a. for the 1st, 2nd and the 3rd years respectively. Find the interest received at the end of the three years.",Rs0.25 ,Rs0.31 ,Rs0.33 ,Rs0.28 ,B
309,"If the sum of two numbers is 55 and the H.C.F and L.C.M of these numbers are 5 and 120 respectively, then the sum of the reciprocal of the numbers is equal to___________?",55/601,601/55,11/120,120/11,C
310,"The perimeter of the circular field and the square field is equal. If the area of this square field is 12100m^2, the area of a circular field will be_________?",15500 Sq.m,15400 Sq.m,15200 Sq.m,15300 Sq.m,B
311,The income of A is 25% less than B. How much percent would B's income be more than that of A?,33%,30%,35%,48%,A
312,"If a person pays Zakat as Rs. 8,500, what is the total amount of their wealth?","Rs. 240,000","Rs. 340,000","Rs. 440,000","Rs. 540,000",B
313,"A, B and C are entered into a partnership. A invested Rs.6500 for 6 months, B invested Rs.8400 for 5 months and C invested Rs.10000 for 3 months. A is a working partner and gets 5% of the total profit for the same. Find the share of C in a total profit of Rs.7400.",Rs. 1750,Rs. 1900,Rs. 8600,Rs. 10300,B
314,x is 20% more than z and y is 80% more than z. Find x:y. Ratio,1:02,2:03,3:04,4:05,B
315,"Rs. 800 amounts to Rs. 920 in 3 years at simple interest. If the interest rate is increased by 3%, it would amount to how much?",Rs. 992,Rs. 1112,Rs. 1056,Rs. 1182,A
316,Two pipes can fill an empty tank in 10 and 15 hrs. respectively. If waste pipe C is opened both A and B together can fill the tank in 5 hours. The waste pipe can empty the full tank in:,30 hrs.,50hrs,60 hrs.,40 hrs.,A
317,Stations P and Q are situated 200km apart. Two trains start form stations P and Q simultaneously. The train starting from station P goes toward station Q at 100km per hour. The train starting from station Q goes towards station P at 150km per hour. At what,20km,40km,30km,80km,D
318,A motorcyclist travels at a speed of 200 km per hour. How many minutes would it take to travel 120 km?,72 minutes,50 minutes,36 minutes,24 minutes,C
319,"Find the sum of two consecutive even numbers, the difference of whose squares is 84?",42,44,46,None of these,A
320,A car travels a distance of 510 km in 6 hours. What is the average speed of the car?,80 km/h,85 km/h,90 km/h,95 km/h,B
321,"If an investment of Rs. 4 grows to Rs. 10 in 50 years at simple interest, what is the annual rate of interest?",2.50%,3%,5%,None of these,B
322,The difference between compound interest and simple interest on a sum for 2 years at 8% P.a is Rs 768. The sum is:_________?,"Rs100,000 ","Rs11,000 ","Rs120,000 ","Rs170,000 ",C
323,The number of rounds that a wheel of diameter 7/11 m will make in going 4 km is:_________?,1000,1500,1700,2000,D
324,"In a class, one-fourth of the students opted to learn German. Four-fifths of the remaining students decided to learn French, and the rest chose Japanese. If 12 people chose Japanese, how many students were in the class?",120,136,144,256,C
325,The water in a rectangular reservoir having a base 80m by 60m is 6.5m deep.In what time can the water be amplified by a pipe of which the cross section is a square of a side 20cm if the water runs through the pipe at the rate of 15km per hour?,26hours,42hours,52hours,65hours,C
326,"If x% of 60 = 48, then x = ?",40,60,70,80,D
327,"A box contains 3 blue marbles, 4 red, 6 green marbles and 2 yellow marbles. If four marbles are picked at random, what is the probability that none is blue?",17/91,33/91,51/91,65/91,B
328,A sum of money placed at compound interest doubles itself in 5 years in how many years it would to 8 times of itself at the same rate of interest?,7 years,10 years,15 years,20 years,C
329,The total distance from school to the house is 39 km. Abid covered a distance of 13 km. What percentage of the whole distance has he covered?,31%,29%,33.33%,None of these,C
330,The price of cooking oil has increased by 25 %. The percentage of reduction that a farming should effect in the use of cooking oil so as not to increase the expenditure on this account is________?,15%,20%,25%,30%,B
331,"In a regular week, there are 5 working days and for each day, the working hours are 8. A man gets Rs. 2.40 per hour for regular work and Rs. 3.20 per hours for overtime. If he earns Rs. 432 in 4 weeks, then how many hours does he work for______?",160,175,180,195,B
332,"P, Q and R have Rs.6000 among themselves. R has two-thirds of the total amount with P and Q. Find the amount with R?",Rs0.30 ,Rs0.36 ,Rs0.24 ,Rs0.40 ,C
333,"Which term of the arithmetic progression 2, 11, 20, 29, ... is 290?",33,34,35,36,A
334,LCM of 87 and 145 is_______?,1305,435,875,48,B
335,A began business with Rs.45000 and was joined afterwards by B with Rs.54000. When did B join if the profits at the end of the year were divided in the ratio of 2:1?,4 months,6 months,7 months,9 months,C
336,"6x6 inch tiles rate Rs 60, room area of 10x6 feet. The total cost of tile flooring is:",Rs0.14 ,Rs0.14 ,Rs0.15 ,Rs0.15 ,B
337,"A and B began business with Rs.3000 and Rs.4000 after 8 months, A withdraws Rs.1000 and B advances Rs.1000 more. At the end of the year, their profits amounted to Rs.630. Find the share of A. Ratio (Partnership)",Rs. 240,Rs. 350,Rs. 340,Rs. 390,A
338,"The ratio of two numbers is 5:9. If each number is decreased by 5, the ratio becomes 5:11. Find the numbers. Ratio","30, 19","21, 37","15, 34","15, 27",D
339,"If one angle of a parallelogram is 24° less than twice the smallest angle, what is the measure of the largest angle of the parallelogram?",68°,102°,112°,136°,C
340,"A journey of 750 km was covered partly by car (x km) and partly by train (y km). If the distance travelled by train was 150 km more than the distance travelled by car, find x:y. Ratio",1:02,2:03,3:04,4:05,B
341,Thirty men take 20 days to complete a job working 9 hours a day. How many hour a day should 40 men working for 20 days to complete the job?,8 hrs.,6 3/4 hrs.,3.7 hrs.,9hrs,B
342,"If the wheel is 14 cm in radius, then the number of revolutions to cover a distance of 1056 cm is?",15,10,14,12,D
343,"A tank is filled in 5 hours by three pipes A, B and C. The pipe C is twice as fast as B and B is twice as fast as A. How much time will pipe A alone take to fill the tank?",20 hrs,25 hrs,35 hrs,Cannot be determined,C
344,"Find the greatest number which will divide 25, 73 and 97 as so to leave the same remainder in each case?",12,18,24,32,C
345,"Zohaib and Ali depart from point X. Zohaib goes North and covers 3 km, then turns right and covers 4 km. Ali goes West and covers 5 km, then turns right and covers 3 km. How far is Zohaib from Ali?",8 km,7 km,6 km,9 km,D
346,Ahmad reads 24 pages of a book in 15 minutes. The rate of pages read per minute by him will be:,1.6,2,2.5,3,A
347,"The list price of an article is Rs. 65. A customer pays Rs. 56.16 for it. He was given two successive discounts, one of them being 10%. The other discount is________?",3%,4%,5%,6%,B
348,"Four people shared a taxi to the airport. The fare was $40 and they gave the driver a tip 30% of the fare. If they equally shared the cost of fare and tip, how much did each person pay?",$13,$12.5,$14,$14.5,A
349,"Which of the following numbers is divisible by 2, 3, and 5?",390,575,590,675,A
350,The simple interest accrued on an amount of Rs.49500 at he end of three years is Rs.17820. What would be the compound interest accured on the same amount at teh same rate in the same period? (Round off your answer to two decimal places),Rs.20043.94,Rs.18654.81,Rs.20264.46,Rs.19612.41,A
351,"A and B enter into partnership with capital as 7:9. At the end of 8 months, A withdraws. If they receive the profits in the ratio of 8:9 find how long B's capital was used?",6 months,8 months,10 months,7 months,D
352,"If two positive numbers are in the ratio 1/8 : 1/5, then by what percent is the second number more than the first?",40%,33.33%,60%,66.67%,C
353,"A Sum of money at simple interest doubles in 10 years. In how many years, will it amount to 4 times itself?",25 years,35 years,30 years,75 years,C
354,"According to a recipe, 400 grams of flour should be mixed with 500 grams of sugar to bake cookies. If I have only 300 grams of flour, how much sugar should I mix to maintain the same proportion?",360 grams,380 grams,375 grams,400 grams,C
355,"Pipes P and Q would fill a cistern 18 and 24 minutes respectively. Both pipes being opened, find when the first pipe must be turned off so that the cistern may be just filled in 12 minutes?",After 12 mins,After 9 mins,After 8 1/2 mins,After 10 mins,B
356,45% of 750 - 25% of 480 =__________?,216,217.5,236.5,245,B
357,"A and B can do a piece of work in 21 and 24 days respectively.They start the work together and after some days, A leaves and B completes the rest of the task in 9 days. After how many days did A leave?",5,6,7,8,C
358,"Find the annual income derived from Rs. 2500 face value, 8% stock at 106.",100,150,200,250,C
359,"The value of a machine depreciates at 20% per annum. If its present value is Rs. 1,50,000, at what price should it be sold after two years such that a profit of Rs. 24,000 is made?","Rs. 1,10,000","Rs. 1,20,000","Rs. 1,24,000","Rs. 1,21,000",B
360,"The milk and water in two vessels A and B are in the ratio 4:3 and 2:3 respectively. IN what ratio, the liquids be mixed in both the vessels so that the new liquid contains half milk and half water?",7:05,1:02,2:01,6:05,A
361,"If 3 is a solution to the equation 3x² + (k − 1)x + 9 = 0, what is the value of k?",-9,-11,-13,-16,B
362,An army camp of 200 men has enough provisions of food for 60 days. How long will the food last if the number of men in the camp is reduced to 160?,80 days,75 days,70 days,85 days,B
363,"P can lay railway track between two stations in 16 days. Q can do the same job in 12 days. With the help of R, they completes the job in 4 days. How much days does it take for R alone to complete the work?",9(3/5) days,9(1/5) days,9(2/5) days,10 days,A
364,The difference in selling prices of a heater at gains of 5% and 7.5% is rupees 1.25 then the price of heater is:,45,50,52.5,53.75,B
365,Sharjeel has a container which has a mixture of wine and water in it. Wine and water are in the ratio 4:1. Sharjeel spills some of the mixture by accident. He then replaces the spilled amount with water of same quantity. But now the wine to water ratio became 3:2.,03-May,01-Feb,01-Apr,02-Jul,C
366,72/5 of 110 / ? = 880 BODMAS,1.4,1.6,1.8,2,C
367,The angle of elevation of the sun when the length of the shadow of a tree is equal to the height of the tree is:,90°,45°,75°,None of these,B
368,What is the diameter of a wheel that makes 113 revolution to go 2km 26 decametre?,4 4/13 m,6 4/11m,12 4/11m,12 8/11m,B
369,"Look at this series: 58, 52, 46, 40, 34, ____. What number should come next?",26,28,30,32,B
370,"If Z^X = 32, where Z and X are integers and Z > 1, what is X²?",1,10,25,1024,C
371,Three 6 faced dice are thrown together. The probability that all the three show the same number on them is -. Probability,1/216,Jan-36,05-Sep,05-Dec,B
372,How many sides does a hexagon have?,5,6,7,8,B
373,A gardener increases the area of his rectangular garden by increasing its length by 40% and decreasing by 20%. The area of the new garden?,Has increase by 20%,Has increase by 12%,Has increase b 8%,Is exactly the same as the old area,B
374,How many liters of oil at Rs.40 per liter should be mixed with 240 liters of a second variety of oil at Rs.60 per liter so as to get a mixture whose cost is Rs.52 per liter?,120 liters,180 liters,110 liters,160 liters,D
375,"If the radius of a circle is 1 cm, what is the area of the circle in mm^2?",314 mm,314 cm²,314 mm²,None of these,C
376,"A man buys a watch for Rs. 1950 in cash and sells it for Rs. 2200 at a credit of 1 year. If the rate of interest is 10% per annum, the man:",Gains Rs. 55,Gains Rs. 50,Loses Rs. 30,Gains Rs. 30,B
377,"Think of a number, divide it by 4, and add 9 to it. If the result is 15, what is the number'?",20,24,26,28,B
378,"Complete the series: 2, 5, 10, 17, 26, ...?",37,55,78,None of these,A
379,A and B can together do a piece of work in 15 days. B alone can do it in 20 days. In how many days can A alone do it?,40 days,50 days,60 days,70 days,C
380,"Three men start together to travel the same way around a circular track of 11 kilometers in circumference. Their speeds are 4, 5 and 8 kilometers per hour respectively. When will they meet at a starting point?",11 hours,12 hours,220 hours,22 hours,A
381,"The plan for a rectangular area is drawn to a scale of 1:500. If the length and breadth in the plan is 30 cm and 20 cm, find the actual area. Geometric Measurement",1200 m²,1500 m²,12000 m²,15000 m²,D
382,B can work 3 times faster than A. They work together on a task and complete it in a day. How long does it take for B alone to complete the task?,3/2 days,4/3 days,3 days,4 days,B
383,9000 + 16 2/3 % of ? = 10500 Percentage,1500,1750,9000,7500,C
384,If the volume and surface area of a sphere is numerically the same then its radius is_________?,1 unit,2 units,3 units,4 units,C
385,If 25 men can eat 150 kg of wheat in 30 days then 45 men can eat 450 kg of wheat in how many days?,13 days,50 days,15 days,18 days,B
386,"Find the least number which when divided by 6, 7, 8, 9 and 10 leaves 1, 2, 3, 4 and 5 as remainders respectively, but when divided by 19 leaves no remainder?",5073,5016,5054,5035,D
387,"The average age of A, B, C, D, and E is 40 years. The average age of A and B is 35 years and the average of C and D is 42 years. What is the age of E?",48 years,46 years,42 years,45 years,B
388,A man waited for 1/3 of an hour and then got a ride for 1/2 of an hour. What fraction of the total time did he spend riding?,02-May,01-Feb,03-May,07-Oct,C
389,"A man can row 6 kmph in still water. When the river is running at 1.2 kmph, it takes him 1 hour to row to a place and back. What is the total distance traveled by the man?",6.24 km,6 km,5.76 km,5.66 km,C
390,In a fort there is sufficient food for 600 men for a month. If 400 more men arrive the fort then how long the food is sufficient for now?,20 days,18 days,28 days,36 days,B
391,"In a college election, a candidate secured 62 % of the votes and is elected by a majority of 144 votes. The total number of votes polled is:________?",600,800,925,1200,A
392,The annual income of A is 10% less than that of B whose income is 20% more than that of,Rs0.65 ,Rs0.79 ,"If the monthly income of C is Rs.200 what is the total annual income of A,B, and C? Percentage Rs.7000",None of these,B
393,"Find the cost of 96 shares of Rs. 10 each at (3/4) discount, brokerage being(1/4) per share.",Rs. 812,Rs. 912,Rs. 1012,Rs. 1112,B
394,"A man goes to his office from his house at a speed of 3 km/hr and returns at a speed of 2 km/hr. If he takes 5 hours in going and coming, what is the distance between his house and office?",3 km,4 km,5 km,6 km,D
395,√3584 * 52.034 = _______?,3180,3200,3120,3210,C
396,The cash difference between the selling prices of an article at a profit of 4% and 6% is Rs. 3. The ratio of the two selling prices is:__________?,51:52:00,52:53:00,51:53:00,52:55:00,B
397,A businessman allows a discount of 5% for cash payment. How much percent above the cost price should be marked to make a gain of 14%:,20%,15%,18%,25%,A
398,"A person can swim in still water at 4 km/h. If the speed of water 2 km/h, how many hours will the man take to swim back against the current for 6km?",3,4,4 (1/2),Insufficient data,A
399,"In a sports competition, 10 teams play league matches. If each team plays against every other team once only then how many matches are played?",80,45,66,100,B
400,12 3/4 * (1 2/17 / 8 1/6) / 5 4/3 = __________?,1,27/98,Jun-17,27/17,B
401,Profit after selling a commodity for Rs. 425 is same as loss after selling it for Rs.355. The cost of the commodity is:________?,Rs. 385,Rs. 390,Rs. 395,Rs. 400,B
402,A rectangular water tank is open at the top. Its capacity is 24Cu.m.It's length and breadth are 4m and 3m respectively. Ignoring the thickness of the material used for building the tank the total cost of painting the inner and outer surface of the tank at Rs.,Rs0.40 ,Rs0.50 ,Rs0.60 ,Rs0.80 ,D
403,Find the one which does not belong to that group?,Daughter-in-law,Mother,Sister,Daughter,A
404,What is (1/5)% of 6000?,120,12,1200,500,B
405,A man invested Rs. 1552 in a stock at 97 to obtain an income of Rs. 128. The dividend from the stock is__________?,7.50%,8%,9.70%,None of these,B
406,"If a 162 km long road can be constructed in 9 months, how many months are required to construct a 306 km long road?",15,17,19,None of these,B
407,"In a class of 140 students, 60% of them passed. By what percentage is the number of students who passed more than the number of failed students?",80%,20%,40%,50%,D
408,"What is the average of the numbers: 0, 0, 4, 10, 5, and 5?",2,4,6,None of these,B
409,A train running at a speed of 60 km/h crosses a pole in 9 seconds. What is the length of the train?,120 m,140 m,150 m,160 m,C
410,A man travels a distance of 2 km by walking at a speed of 6 km/hr. He returns back at a speed of 4 km/hr. What is his average speed?,4.5 kmph,4.8 kmph,5 kmph,5.1 kmph,B
411,The simple interest on Rs.12000 at a certain rate of interest in five years is Rs.7200. Find the compound interest on the same amount for five years at the same rate of interest. Interest,Rs.3502.80,Rs.3052.40,Rs. 9418.2,Rs. 9148.1,D
412,A man gets a simple interest of Rs.500 on a certain principal at the rate of 5% p.a in two years. Find the compound interest the man will get on twice the principal in two years at the same rate. Interest,Rs. 500,Rs. 250,Rs. 5012,Rs. 1025,D
413,Solve: √64 + 3. Basic Arithmetic,8,3,4,11,D
414,A metal sheet 27 cm long 8cm broad and 1 cm thick is melted into a cube. The difference between the surface areas of two solids is__________?,284 cm²,286 cm²,296 cm²,300 cm²,B
415,When the price of a toy was increased by 20 % of the number of toys sold was decreased by 15 %. What was the effect on the sales of the shop?,4 % increase,4 % decrease,2 % increase,2 % decrease,C
416,A mixture of 70 liters of wine and water contains 10% water. How much water must be added to make water 12 ½% of the total mixture?,12 liters,10 liters,4 liters,2 liters,D
417,The area of a 2x2 tile is 2x2 feet. Then how many tiles are required to fill a 17x12 floor?,47,51,59,63,C
418,The cost of 16 pens and 8 pencils is Rs.352 and the cost of 4 pens and 4 pencils is Rs.96. Find the cost of each pen?,Rs0.32 ,Rs0.28 ,Rs0.36 ,None of these,D
419,"Find the next number in the given series: -1, -5, 11, -19, -35, -65, -131, ___.",-67,-255,155,172,B
420,"A tank is filled in eight hours by three pipes A, B and C. Pipe A is twice as fast as pipe B, and B is twice as fast as C. How much time will pipe B alone take to fill the tank?",24 hours,28 hours,32 hours,36 hours,B
421,"In what ratio must a grocer mix two varieties of tea worth Rs. 60 a kg and Rs. 65 a kg so that by selling the mixture at Rs. 68.20 a kg, he may gain 10%?",3:02,3:04,3:05,4:05,A
422,A man sells two articles for Rs.3600 each and he gains 30% on the first and loses 30% on the next. Find his total gain or loss?,9% loss,91% loss,17% loss,45% loss,A
423,4.036 divided by 0.04 =,10.9,100.9,109,None of these,B
424,"A train traveling at 36km/h completely passes another train half its length in 12 seconds traveling in opposite direction at 54 km/h. If it also passes a platform in 1.5 min, what is the length of platform?",700 m,860 m,900 m,1000 m,A
425,A horse runs around a square ground twice and covers a distance of 8 km. One side of the square ground is:,8 km,4 km,2 km,1 km,D
426,"The average of the two-digit numbers, which remain the same when the digits interchange their positions, is__________?",33,44,55,66,C
427,"In a race, a car travelled at a speed of 150 kmph. If it had travelled at 180 kmph, it would have completed the race before 3 minutes. Find the length of the track. Time, Speed, and Distance",50 km,45 km,40 km,30 km,B
428,"Atif and Bilal, 110 km apart, start cycling towards each other. If Atif covers a distance of 6 km to Bilal's 5 km, how far will Atif have travelled when they meet?",66 km,55 km,50 km,60 km,D
429,"A man paid Rs. 8,500 as Zakat, which is 2.5% of his wealth. What was his total wealth?",Rs. 400000,Rs. 340000,Rs. 450000,None of these,B
430,Find the one which does not belong to that group?,Chameleon,Crocodile,Turtle,Allegator,A
431,"A tank is 25 m long, 12 m wide, and 6 m deep. What is the cost of plastering its interior walls and bottom at 75 paise per sq. m?",456,458,558,568,C
432,"The price of a VCR is marked at Rs. 12,000. If successive discounts of 15%, 10% and 5% be allowed, then at what price does a customer buy it?",Rs. 8400,Rs. 8721,Rs. 8856,None of these,B
433,"A water tank is two-fifth full. Pipe A can fill a tank in 10 minutes and pipe B can empty it in 6 minutes. If both the pipes are open, how long will it take to empty or fill the tank completely?",6 min. to empty,6 min. to full,9 min. to empty,9 min. to full,A
434,The average of first 10 natural numbers is____________?,5,5.5,6.5,6,B
435,"A train covers 32 kilometers in 14.5 minutes. If it continues to travel at the same rate, which of the following is closest to the distance it will travel in 2 hours?",54 kilometers,265 kilometers,364 kilometers,928 kilometers,B
436,The least number of five digits that have 144 their HCF is__________?,10085,10080,10075,10070,B
437,Find the one which does not belong to that group?,358,246,134,862,D
438,"Find the greatest number that exactly divides 35, 91 and 840?",5,6,7,8,C
439,How much is 80% of 40 is greater than 4/5 of 25?,4,6,9,12,D
440,Out of an earning of Rs. 720 Ram spends 65 %. How much does he save?,Rs. 350,Rs. 390,Rs. 252,Rs. 316,C
441,The sum and the product of the roots of the quadratic equation x^2 + 20x + 3 = 0 are?,"10, 3","-10, 3","-20, 3","-10, -3",C
442,Rs. 1200 is lent out at 5% per annum simple interest for 3 years. What is the total amount after 3 years?,Rs. 1290,Rs. 1380,Rs. 1470,None of these,B
443,"The height of a right triangle is 4 cm less than its base, and the hypotenuse measures 10 cm. Find the length of the two sides.","Base = 8.8 cm, Height = 4.8 cm","Base = 8.2 cm, Height = 4.2 cm","Base = 7.4 cm, Height = 3.4 cm","Base = 6 cm, Height = 2 cm",A
444,Saim can row 9 km/hr in still water. It takes him twice as long to row upstream as to row downstream. What is the rate of flow of the stream?,16 km/h,8 km/h,3 km/h,9 km/h,C
445,Find the one which does not belong to that group?,BDFL,PRUZ,JLOT,CHEM,D
446,The average of first 10 even numbers is___________?,18,22,9,11,D
447,A rectangle measuring 8cm on length and its diagonals measures 10cm what is the perimeter of the rectangle?,36cm,38cm,28cm,18cm,C
448,"A cuboidal, block of 6 cm X 9 cm X 12 cm is cut up into an exact number of equal cubes. The least possible number of cubes will be_________?",6,9,24,30,C
449,Compound interest earned on a sum for the second and the third years are Rs.1200 and Rs.1440 respectively. Find the rate of interest?,18% p.a.,22% p.a.,20% p.a.,24% p.a.,C
450,What is 280 - 120 - (-320) + 50?,480,680,530,378,C
451,"3x + 3 / (4x - 4) = 5/4, the value of x is:",3,4,5,6,D
452,"What amount does Kiran get if he invests Rs.8000 at 10% p.a. compound interest for two years, compounding done annually?",Rs0.96 ,Rs0.97 ,Rs0.96 ,None of these,B
453,"Given three quantities a, b, and c, if a:b = 1:2 and b:c = 2:3, what is a:b:c?",1:02:02,1:03:02,1:02:03,2:02:03,C
454,An amount doubles itself in 5 year with simple interest. What is the rate of interest?,20%,25%,33%,35%,A
455,"A, B and C rent a pasture for Rs.870. A put in 12 horses for 8 months, B 16 horses for 9 months and 18 horses for 6 months. How much should C pay?",Rs0.27 ,Rs0.19 ,Rs0.22 ,Rs0.38 ,A
456,What is the value of 9/11 + 5/7?,12-Jul,7/122,118/77,None of these,C
457,"The age of a father is twice that of the elder son. Ten years hence the age of the father will be three times of that of the younger son. If the difference of ages of the two sons is 15 years, the age of the father is:",50 years,55 years,60 years,70 years,A
458,"There is 60% increase in an amount in 6 years at S.I. What will be the C.I. of Rs. 12,000 after 3 years at the same rate?",Rs. 2160,Rs. 3120,Rs. 3972,Rs. 6240,C
459,"In a certain store, the profit is 320% of the cost. If the cost increases by 25% but the selling price remains constant, approximately what percentage of the selling price is the profit?",30%,70%,100%,250%,B
460,"A piece of cloth cost Rs.35. If the length of the piece would have been 4m longer and each meter cost Rs. 1 less, the cost would have remained unchanged. How long is the piece?",10,11,12,13,A
461,A train passes a telegraph post and a bridge 264 m long in 8 sec. and 20 sec. respectively . What is the speed of the train?,79.2km/h,79km/h,70km/h,69.5km/h,A
462,"During the motion of the hour and minute hand from 1:00 pm to 10:00 pm, how many times do they form a right angle?",9,10,18,20,C
463,"If a man's salary of Rs. 60,000 is increased by 1/5, what will be his new salary?",Rs. 70000,Rs. 72000,Rs. 75000,Rs. 80000,B
464,"In how many different ways can six players be arranged in a line such that two of them, Asim and Raheem are never together?",120,240,360,480,D
465,"Kriya deposits Rs. 65,800 to obtain simple interest at a rate of 14% per annum for 4 years. What total amount will Kriya have at the end of 4 years?","Rs. 102,648","Rs. 115,246","Rs. 125,578","Rs. 110,324",A
466,"A shopkeeper loses 15%, if an article is sold for Rs. 102. What should be the selling price of the article to gain 20%?",Rs. 150,Rs. 144,Rs. 138,Rs. 132,B
467,Solve: 2^5 x 2^3 =?,256,128,54,60,A
468,(0.456 * 0.456 - 0.228 * 0.228) / (0.456 + 0.228) = ________?,0.228,0.456,0.684,1,A
469,"The price of an article has been reduced by 25%. In order to restore the original price, the new price must be increased by: ________?",33.33%,11.11%,9.09%,66.67%,A
470,"If the volumes of two cubes are in the ratio 8: 1, the ratio of their edges is_________?",3:01,1:03,2:01,1:02,C
471,Solve: 6.334 × 10^3 Basic Arithmetic,0.0006334,0.06334,6334,63340,C
472,"If the price of gold increases by 50%, find by how much the quantity of ornaments must be reduced, so that the expenditure may remain the same as before?",27%,33.33%,30%,19%,B
473,Two numbers are respectively 20% and 50% more than a third number. The ratio of the two numbers is:,2:03,3:04,4:05,5:06,C
474,"The number obtained by interchanging the two digits of a two-digit number is less than the original number by 45. If the sum of the two digits of the number so obtained is 13, then what is the original number?",49,94,83,Either (a) or (b),B
475,If the sides of two cubes are in the ratio 3: 1 the ratio of their total surface area is?,1:09,2:01,9:01,1:02,C
476,"A sum of Rs. 12,500 amounts to Rs. 15,500 in 4 years at simple interest. What is the rate of interest?",3%,5%,6%,7%,C
477,A can do a piece of work in 6 days and B can do the same work in 12 days. How long will it take if A and B work together?,4,6,8,10,A
478,"In order to obtain an income of Rs. 650 from 10% stock at Rs. 96, one must make an investment of___________?",Rs. 3100,Rs. 6240,Rs. 6500,Rs. 9600,B
479,The decimal form of 5.3% is:,53,0.53,0.0053,0.053,D
480,"A man rows his boat 85 km downstream and 45 km upstream, taking 2 1/2 hours each time. Find the speed of the stream?",5 kmph,6 kmph,7 kmph,8 kmph,D
481,A man deposited Rs 6000 in a bank at 5% P.a simple interest another man deposits Rs 5000 at 8% P.a Compounded interest. After 2 years the difference of their interest will be_________?,Rs230 ,Rs232 ,Rs600 ,Rs832 ,B
482,What is the value of 0.5 × 0.06?,0.3,0.03,0.003,3,B
483,"The town C is there is between A and B. If Nasir travels from A to C with a speed of 4km/h and from C to B with 6km/hr, what is the average speed of Nasir from A to B?",4.8 km/h,4.6 km/h,5 km/h,5.2 km/h,A
484,"A hollow iron pipe is 21 cm long and its external diameter is 8 cm. If the thickness of the pipe is 1 cm and iron weighs 8 g/cm³, what is the weight of the pipe?",3.6 kg,3.696 kg,36 kg,None of these,B
485,An observer 1.6m tall is 20√3m away from a tower. The angle of elevation from his eye to the top of the tower is 30°. What is the height of the tower?,21.6 m,24.72 m,27.8 m,None of these,A
486,A is thrice as good as B in work. A is able to finish a job in 60 days less than B. They can finish the work in___________days if they work together.,18 days,22 ½ days,24 days,26 days,B
487,"If 2/3 of A = 75% of B = 0.6 of C, what is the ratio A:B:C?",9:08:10,8:09:10,10:08:09,9:10:08,A
488,"A man donated 5 % of his income to a charitable organization and deposited 20 % of the remainder in a bank. If he now has Rs. 1919 left, what is his income?",Rs. 2558. 60,Rs. 2525,Rs. 2500,Rs. 2300,B
489,"A rectangular lawn 80 meters by 60 meters has two roads, each 10 m wide, running through the middle of it, one parallel to the length and the other parallel to the breadth. Find the cost of gravelling the roads at Rs. 30 per square meter.",Rs. 3900,Rs. 39000,Rs. 30000,None of these,B
490,"Ali is twice as old as his youngest brother. If the difference between their ages is 15 years, how old is his youngest brother?",10 years,15 years,20 years,25 years,B
491,The cost price of an article which on being sold at a gain of 12 % yields Rs. 6 more than when it is sold at a loss of 12 % is:,Rs. 30,Rs. 25,Rs. 24,Rs. 20,B
492,Find the one which does not belong to that group?,Asteroid,Star,Planet,Rocket,D
493,"Rs. 20 is the true discount on Rs. 260 due after a certain time. What will be the true discount on the same sum due after half of the former time, the rate of interest being the same?",Rs. 10,Rs. 10.40,Rs. 15.20,Rs. 13,B
494,Shohaib invested Rs. 8000 in a scheme for 2 years at compound interest rate 5% p.a. How much amount will Shohaib get on maturity of the fixed deposit?,Rs. 8600,Rs. 8620,Rs. 8800,Rs. 8820,D
495,Solve: 2^1 × 2^2 × 2^5. (Note: the symbol ^ indicates power) Number System,64,250,256,None of these,C
496,"The average of ten positive numbers is x. If each number is increased by 10%, then x:",Remains unchanged,May decrease,May increase,Is increased by 10%,D
497,"When 30% of a number is subtracted from 91, the result is the number itself. What is the number?",60,70,80,None of these,B
498,2003 * 2004 - 2001 * 2002 = _________?,8000,8010,8020,8040,B
499,The ratio in which the price at Rs. 7.20 a kg be mixed with rice at Rs. 5.70 a kg to produce,mixture worth Rs. 6.30 a kg is _________? Mixtures 1:2,3:02,2:03,4:05,B
500,"In a three digit number, the hundred digit is 2 more than the tens digit and the units digit is 2 less than the tens digit. If the sum of the digits is 18, find the number?",975,753,642,None of these,D
501,"Find the greatest 4-digit number exactly divisible by 3, 4 and 5?",9985,9960,9957,9975,B
502,A photograph measuring 5 cm by 7 cm is enlarged in the ratio of 7:5. What is the new length and width of the picture?,7 cm by 5 cm,7.6 cm by 9.8 cm,7 cm by 9.8 cm,7 cm by 8.8 cm,A
503,"If 9 engines consume 24 metric tons of coal, when each is working 8 hours a day; how much coal will be required for 8 engines, each running 13 hours a day, it being given that 3 engines of the former type consume as much as 4 engines of latter type?",22 metric tones,27 metric tones,26 metric tones,25 metric tones,C
504,Which of the following fractions has the smallest value'?,01-Jul,01-Aug,02-Sep,05-Nov,B
505,"Complete the number series: 4, 9, 13, 22, 35, ____",57,63,70,75,A
506,"The diameter of a car's wheel is 48 cm. If the car travels at an average speed of 35 km/h, what is the approximate number of revolutions made by the wheel per minute?",930,190,297,387,D
507,"If 40% of a number is equal to two-thirds of another number, what is the ratio of the first number to the second number?",1:02,3:02,5:03,1:05,C
508,A man swims downstream 72 km and upstream 45 km taking 9 hours each time; what is the speed of the current?,3 kmph,1.5 kmph,13 kmph,6.5 kmph,B
509,A sum of money deposited at C.I. amounts to Rs.2420 in 2 years and to Rs.2662 in 3 years. Find the rate percent?,15%,10%,7.50%,8%,B
510,"If 15 toys cost Rs. 234, what is the cost of 35 toys?",Rs. 556,Rs. 546,Rs. 536,Rs. 526,B
511,"If 6 men can make 10 sofas in 2 days, then 8 men can make 8 sofas in__________?",1.8 days,1.5 days,1.2 days,1 day,C
512,A reduction of 20% in the price of rice enables a person to buy 3.5 kg more rice for Rs.385. The original price of rice per kg is?,Rs0.25 ,Rs.22.5,Rs.27.5,Rs0.20 ,C
513,79.98 / 12.51 * 2.49 = ______?,12,14,16,18,C
514,"If Ali's salary is 10% more than Sajjad's, by what percent is Sajjad's salary less than Ali's?",100/11 %,105/11 %,107/11 %,109/11 %,A
515,Two pipes can fill a tank in 20 and 24 minutes respectively and a waste pipe can empty 3 gallons per minute. All the three pipes working together can fill the tank in 15 minutes. The capacity of the tank is?,60 gallons,100 gallons,120 gallons,180 gallons,C
516,What is the value of x that satisfies the equation 7x + 1 = 4x - 8?,400,380,-3,340,C
517,"A merchant has three different types of milk: 435 liters, 493 liters and 551 liters. Find the least number of casks of equal size required to store all the milk without mixing. HCF",51,61,47,45,A
518,What fraction of a cake remains when 3/8 of the cake has been eaten?,03-Aug,01-Feb,05-Aug,03-Apr,C
519,"If the number obtained on interchanging the digits of a two-digit number is 18 more than the original number and the sum of the digits is 8, then what is the original number?",26,35,53,Cannot be determined,B
520,The measures of the angles of a triangle are in the ratio 5:4:3. What is the measure of the smallest angle?,45°,60°,75°,105°,A
521,"8 children and 12 men complete a certain piece of work in 9 days. If each child takes twice the time taken by a man to finish the work, in how many days will 12 men finish the same work?",6 days,8 days,10 days,12 days,D
522,"A man could buy a certain number of notebooks for Rs. 300. If each notebook cost Rs . 5 more, he could have bought 10 notebooks less for the same amount. Find the price of each notebook?",Rs. 10,Rs. 8,Rs. 15,Rs. 7.5,A
523,"A sum of money trebles itself in 15 years, 6 months. In how many years would it double itself?",6 years 3 months,7 years 9 months,8 years 3 months,9 years 6 months,B
524,(-3)³ = ?,-27',+27',+9',-9',A
525,"A can do a certain work-in the same time in which B and C together can do it. If A and B together could do it in 10 days and C alone in 50 days, then B alone could do it in_________?",15 days,20 days,25 days,30 days,C
526,"A man's annual production sells for Rs. 3,481,600. What is a 10% share of this amount?","Rs. 34,816","Rs. 348,160","Rs. 34,670",None of these,B
527,"If the side of a square is increased by 25%, then its area is increased by_________?",25%,40.50%,55%,56.25%,D
528,The area of a square field is 6050 Sq.m.The length of it diagonal is_________?,110m,112m,120m,135m,A
529,2 + [2 + {2 + (2 + (2 + 23)}] = _____?,17,33,65,129,B
530,A coin is tossed five times. What is the probability that there is at the least one tail?,31/32,Jan-16,01-Feb,Jan-32,A
531,If the area of circle is 616 sq cm then its circumference?,78 cm^2,88 cm^2,75 cm^2,70 cm^2,B
532,"A dishwasher cleans 1,350 dishes in 1 hour. How many dishes will it wash in 16 minutes?",300,360,340,400,B
533,A and B are two fixed points 5 cm apart and c is a point on AB such that AC = 3 cm. If the length of AC is increased by 6 % the length of CB is decreased by:_________?,6%,7%,8%,9%,D
534,"If 5 men take an hour to dig a ditch, how long should it take for 12 men to dig a ditch of the same type?",25 mins,30 mins,28 mins,20 mins,A
535,"A retailer buys a sewing machine at a discount of 15% and sells it for Rs. 1955. Thus, he makes a profit of 15%. The discount is:",Rs. 270,Rs. 290,Rs. 300,None of these,C
536,"For a qualification, 2/5 of the marks were given for coursework. The rest of the marks were given for a written paper, of which 3/8 were given for a mental test. Total marks were out of 120. How many marks were given for the mental test?",30,55,27,45,C
537,"If 3x - 8 = -23, what is the value of 6x - 7?",-30,-38,-37,-39,C
538,"If 3x + 16 = 40, what is the value of x?",5,6,7,8,D
539,If the height of a triangle is decreased by 40% and its base is increased by 40% what will be the effect on its area?,No change,8%decrease,16% Decrease,16%increases,C
540,A train 100 meters long completely passes a man walking in the same direction at 6km/h in 5 second and a car in the same direction in 6 seconds. The speed of car is:,18km/h,20km/h,24km/h,19km/h,A
541,In a 300 m race A beats B by 22.5 m or 6 seconds. B's time over the course is__________?,86 sec,80 sec,76 sec,None of these,B
542,"There are two circles of different radii. The area of a square is 196 sq.cm, whose side is half the radius of the larger circle. The radius of the smaller circle is three-seventh that of the larger circle. What is the circumference of the smaller circle?",12 π cm,16 π cm,24 π cm,32 π cm,C
543,"In a journey of 24 miles, two thirds of the distance was travelled with a speed of 40 mph and the remaining with 60 mph. How much time did the journey take?",14.4 minutes,20 minutes,28.8 minutes,32 minutes,D
544,"If the volume of a sphere and a cone are equal and they have the same radius (r), what is the height (h) of the cone in terms of r?",h=4r,h=2r,h=r,None of these,A
545,How many ways are there to select 3 men from a pool of 5 men and 2 women from a pool of 3 women?,100,60,30,20,C
546,Greatest Common Divisor of two numbers is 8 while their Least Common Multiple is 144. Find the other number if one number is 16. HCF,108,96,72,36,C
547,What will be 80 Percent of a number whose 200 percent is 90?,144,72,36,None of these,C
548,"A man walks 3 km East, then turns left and walks 3 km North, then turns left and walks 3 km West. In which direction is he from his starting point?",East,West,North,None of these,C
549,"If the price of an article went up by 20%, then by what per cent should it be brought down to bring it back to its original price?",16.67%,20%,25%,15.16%,A
550,"A man invested Rs. 14,400 in Rs 100 shares of a company at 20% premium. If the company declares 5% dividend at the end of the year, then how much does he get?",Rs. 500,Rs. 600,Rs. 650,Rs. 720,B
551,Find the one which does not belong to that group?,Pakistani,Japanian,American,Brazilian,B
552,Solve for x if (30x + 70) / x = 100. Linear Equations,2,4,1,3,C
553,"A, B and C invested Rs.6300, Rs.4200 and Rs.10500 respectively, in a partnership business. Find the share of A in a profit of Rs.12100 after a year?",Rs0.36 ,Rs0.28 ,Rs0.32 ,Rs0.56 ,A
554,What is the perimeter of a square field whose diagonal is 8√2?,64 m,32 m,30 m,16 m,B
555,"The wheels revolve round a common horizontal axis. They make 15, 20 and 48 revolutions in a minute respectively. Starting with a certain point on the circumference down wards. After what interval of time will they come together in the same position?",1 min,2 min,3 min,None,A
556,"If the sum of a number and its square is 182, what is the number?",15,26,28,13,D
557,"When 52416 is divided by 312, the quotient is 168. What will be the quotient when 52.416 is divided by 0.0168?",3.12,312,3120,None of these,C
558,Which of the following statements is wrong?,22/7 = 3.2,33/11 = 3,22/7 ≈ 3.14,22/11 = 2,A
559,A can give B 100 meters start and C 200 meters start in a kilometer race. How much start can B give C in a kilometer race?,111.12 m,888.88 m,777.52 m,756.34 m,A
560,One ship goes along the stream direction 28 km and in opposite direction 13 km in 5 hrs. for each direction. What is the velocity of stream?,1.5 kmph,2.5 kmph,1.8 kmph,2 kmph,A
561,Find the one which does not belong to that group?,Skin,Eye,Leg,Nose,C
562,"How many paying stones, each measuring 2 1/2 m * 2 m are required to pave a rectangular court yard 30 m long and 16 1/2 m board?",99,90,95,100,A
563,"A began a business with Rs. 85,000. He was joined afterwards by B with Rs. 42,500. For how much period does B join, if the profits at the end of the year are divided in the ratio of 3 : 1?",4 months,5 months,6 months,8 months,D
564,If an area enclosed by a circle or a square or an equal triangle is the same then the maximum perimeter is possessed by_________?,Circle,Square,Equilateral Triangle,Both Triangle and Square,C
565,8 litres are drawn from a cask full of wine and is then filled with water. This operation is performed three more times. The ratio of the quantity of wine now left in cask to that of water is 16 : 65. How much wine did the cask hold originally?,18 litres,24 litres,32 litres,42 litres,B
566,What is the value of 2/3 × 3/4 × 4/5?,01-May,02-May,03-May,04-May,B
567,31.2 * 14.5 * 9.6 = ________?,4334.04,4243.04,4343.04,4433.04,C
568,A 5 m long ladder is placed against a wall with its foot 2 m from the wall. How high up the wall does the ladder reach?,√16 m,√17 m,√19 m,√21 m,D
569,"If A = (√5 + 1)/(√5 - 1) and B = (√5 - 1)/(√5 + 1), what is the value of A + B?",3,2,1,4√5,A
570,How many zeros are in the number one trillion?,10,9,12,13,C
571,"The line y = -2x - 2 is perpendicular to line l. If these two lines have the same y-intercept, which of the following could be the equation of line l?",y = -2x - 2,y = 2x - 2,y = 1/2 x - 2,y = -1/2 x - 2,C
572,The difference between a single discount of 35% and two successive discounts of 20% on a certain bill was Rs. 22. What is the amount of the bill?,Rs. 200,Rs. 1100,Rs. 2200,None of these,C
573,"If 4 '= 8, 5 '= 15, 6 '= 24, then 7 '= ?",30,35,40,45,B
574,A square region has an area of 2304 m². Find its perimeter.,24 m,96 m,144 m,192 m,D
575,"A and B together can fill a ditch in 30 days while A alone can fill it in 50 days. If B does the work for only half a day daily, how long will it take to fill the ditch by A and B?",25 days,68/2 days,75/2 days,32days,C
576,"In a triangle ABC, if angle C = 90°, angle A = 30°, and the hypotenuse AB is 10 cm, what is the length of side BC?",5√3 cm,10√3 cm,5 cm,20 cm,C
577,"A sum of Rs. 12,500 amounts to Rs. 15,500 in 4 years at the rate of simple interest What is the rate of interest?",3%,4%,5%,6%,D
578,"The captain of a cricket team of 11 members is 26 years old and the wicket keeper is 3 years older. If the ages of these two are excluded, the average age of the remaining players is one year less than the average age of the whole team. What is the average of",23 years,24 years,25 years,None of these,A
579,"A and B together can complete a work in 12 days,. A alone can complete it in 20 days. If B does the work only for half a day daily, then in how many days A and B together will complete the work?",10 days,11 days,15 days,20 days,C
580,"If 3^(x^3) + 7 = 250, what is the value of x?",5,3.2,1.71,None of these,C
581,30.9 * 3000 - 10.1 * 1100 + 8298 - 4302 = _________?,80000,90000,105000,85000,D
582,55% of 820 is 89 less then 60% of what number?,920,820,850,900,D
583,A cylindrical tank with a diameter of 2.4 m and height of 6.4 m contains oil to the brim. How many complete cylindrical containers with a base radius of 8.2 cm and height of 28 cm can be filled by the oil?,4895,8316,4136,4761,A
584,"If in a game of 80, P can give 16 points to Q and R can give 20 points to P, then in a game of 150, how many points can R give to Q?",48,60,54,90,B
585,"If 4% of a number is 120, what is the number?",2000,3000,5000,4000,B
586,"If a/3 = b/2, what is the value of (2a + 3b) / (3a - 2b)?",12-May,05-Dec,1,5,A
587,Which number can replace both the question marks in the equation 2/? = ?/50?,5,10,25,100,B
588,The altitude of an equilateral triangle of side 2√3 cm is_________?,3/2 cm,1/2 cm,3/4 cm,3 cm,D
589,A father left a will of Rs.35 lakhs between his two daughters aged 8.5 and 16 such that they may get equal amounts when each of them reach the age of 21 years. The original amount of Rs.35 lakhs has been instructed to be invested at 10% p.a. simple interest. How,17.5 lakhs,21 lakhs,15 lakhs,20 lakhs,B
590,The area of a rhombus in 2016 Sq.cm and its side is 65cm. The length of its diagonals are________?,"125cm, 35cm","126cm,32cm","132cm,26cm","135cm,25cm",B
591,"A man has Rs. 10,000 to invest. He invests Rs. 4,000 at 5% and Rs. 3,500 at 4%. To have a total yearly income of Rs. 500, at what rate must he invest the remaining Rs. 2,500?",6%,6.20%,6.30%,6.40%,D
592,21 binders can bind 1400 books in 15 days. How many binders will be required to bind 800 books in 20 days?,7,9,12,14,B
593,Find the one which does not belong to that group?,Lungs,Eyes,Fingers,Ears,C
594,"A, B and C started a business with capitals of Rs. 8000, Rs. 10000 and Rs. 12000 respectively. At the end of the year, the profit share of B is Rs. 1500. The difference between the profit shares of A and C is?",Rs. 300,Rs. 400,Rs. 500,Rs. 600,D
595,An article costing Rs.84 was sold at a profit of 50%. The second purchaser sold it once again at a loss of 25%. At what price did he sell?,Rs0.95 ,Rs.94.50,Rs.81.60,None of these,B
596,"If the amount of a 15 percent sales tax paid on an article comes to Rs. 1500, what is the actual price of the article?",Rs. 1000,Rs. 1500,"Rs. 10,000","Rs. 15,500",C
597,"The difference between two numbers is 18. If 4 times the second number is 18 less than three times the first number, what is the sum of these two numbers?",324,54,90,36,C
598,(84 ÷ 14 ÷ 2 ÷ 9) * ? = 33^1/3 Basic Arithmetic,100,300,90000,10000,A
599,What is the value of (3.5 × 1.4) / 0.7?,7,0.7,0.07,None of these,A
600,"The average of 9 observations was 9, that of the 1st of 5 being 10 and that of the last 5 being 8. What was the 5th observation?",9,8,7,6,A
601,"X can do a job in 16 days, and Y can do the same job in 20 days. X Y and Z can do the job in 7.5 days. Alone Z can do the same job in:",100 days,120days,80 days,48 days,D
602,"A train 800 meters long is running at the speed of 78 km/h . If it crosses a tunnel in 1 minute, then the length of the tunnel (in meters) is:",77200 m,500 m,1300 m,13 m,B
603,"In one year, the population, of a village increased by 10% and in the next year, it decreased by 10%. If at the end of 2nd year, the population was 7920, what was it in the beginning?",8500,8000,8100,8400,B
604,"If the length, breadth and the height of a cuboid are in the ratio 6: 5: 4 and if the total surface area is 33300 cm², then length breadth and height in cms, are respectively?","90, 85, 60","85, 75, 60","90, 75, 70","90, 75,60",D
605,"There are 16 teams in a soccer tournament . If everyone plays against everyone exactly once, how many games are there going to be?",119,120,1278,135,B
606,The value of 1/3 of 24 is:,8,5,12,None of these,A
607,"A is twice as good a workman as B, and together they finish a piece of work in 18 days. In how many days will A finish the work alone?",27 days,26 days,25 days,24 days,A
608,What fraction is equivalent to six-tenths?,10-Jun,06-Oct,02-May,20-Sep,B
609,A circular wire of radius 42 cm is cut and bent in the form of a rectangle whose sides are in the ratio of 6:5 The smaller side of the rectangle is:_________?,30 cm,60 cm,72 cm,132 cm,B
610,A is twice as good a workman as B and takes 6 less days to complete a piece of work as,12 days,"does. To finish the work alone, B will take: Time-Work 10 days",13 days,16 days,A
611,Find the one which does not belong to that group?,8,27,64,125,C
612,"If a right circular cone-shaped building has a radius of 8m and a slant height of 17m, what is its volume?",256 πm³,320 πm³,384 πm³,350 πm³,B
613,"In a river, a man takes 3 hours in rowing 3 km upstream or 15 km downstream. What is the speed of the current?",2km/hr,4km/hr,6km/hr,9km/hr,A
614,The radius of a wire is decreased to one -third if volume remains the same length will increase:,1 Time,3 times,6 times,9 times,D
615,A reduction of 20 % in the price of rice enables a person to buy 3.5 kg more rice for Rs. 385. The original price of rice is:________?,Rs. 20 per kg,Rs. 22.50 per kg,Rs. 25 per kg,Rs. 27.50 per kg,D
616,What is the ratio of the circumference of a circle to its radius?,1,2π,π/2,√π,B
617,A boat is rowed downstream at 15.5km/hr and upstream at 8.5 km/hr. The speed of the stream is________?,3.5km/hr,5.75km/hr,6.5km/hr,7km/hr,A
618,"A building contractor employs 20 male, 15 female and 5 child workers. To a male worker he pays Rs.25 per day, to a female worker Rs.20 per day and a child worker Rs.8 per day. The average wage per day paid by the contractor is__________?",Rs0.20 ,Rs0.21 ,Rs0.22 ,Rs0.23 ,A
619,"Five bells first begin to toll together and then at intervals of 5, 10, 15, 20 and 25 seconds respectively. After what interval of time will they toll again together?",5 min,5.5 min,5.2 min,None,A
620,"If x : y = 3 : 4, what is the value of (7x + 3y) : (7x - 3y)?",11:03,6:03,7:03,1:03,A
621,What is the value of 0.005 × 0.2?,0.1,0.01,0.001,None of these,C
622,By selling 12 pencils for a rupee a man loses 20%. How many for a rupee should he sell in order to gain 20%?,8,9,12,16,A
623,If the numerator of a fraction is increased by 20% and its denominator is diminished by 25% value of the fraction is 2/15. Find the original fraction. Fractions,1/12.,1/8.,1/6.,1/4.,A
624,"A trader marked the price of the T.V. 30% above the cost price of the T.V. and gave the purchaser 10% discount on the marked price, thereby gaining Rs.340. Find the cost price of the T.V?",Rs0.23 ,Rs0.20 ,Rs0.22 ,Rs0.22 ,B
625,"A shopkeeper buys two articles for Rs.1000 each and then sells them, making 20% profit on the first article and 20% loss on second article. Find the net profit or loss percent?",Neither profit nor loss,1%,2%,3%,A
626,What are the chances that no two boys are sitting together for a photograph if there are 5 girls and 2 boys?,Jan-21,04-Jul,02-Jul,05-Jul,D
627,A cistern is normally filled in 8 hours but takes two hours longer to fill because of a leak in its bottom. If the cistern is full the leak will empty it in. Pipes and Cisterns,16 hrs,20 hrs,25 hrs,40 hrs,D
628,An umbrella marked at Rs. 80 is sold for Rs. 68. The rate of discount is:,15%,12%,17%,20%,A
629,Solve the equation: -8/20 + 9/2 - 1/2 = ?,20-Mar,21-Aug,18-May,23-Sep,C
630,A trader marks his goods at 50% above the cost price but allows a discount of 20% on the market price. The profit percent is:,20%,25%,15%,10%,A
631,0.232323... can also be written in the form,Dec-23,23/99,23/100,None of these,B
632,"The ratio of investments of two partners P and Q is 7:5 and the ratio of their profits is 7:10. If P invested the money for 5 months, find for how much time did Q invest the money?",7 months,10 months,9 months,11 months,B
633,What is probability of drawing two clubs from a well shuffled pack of 52 cards?,13/51,Jan-17,Jan-26,13/17,B
634,(4 x 3 + 5 x 6) / (18 x 2 - 22) = '?,12-Jul,07-Apr,3,Jul-60,C
635,"If Ali invests Rs. 4,000 and after seven months Salman invests Rs. 8,000 in the same business, and the total profit after one year is Rs. 2,200, what is Salman's share of the profit?",Rs. 1100,Rs. 1000,Rs. 800,None of these,B
636,"A and B's salaries together amount to Rs. 2,000. A spends 95% of his salary and B spends 85% of his. If now their savings are the same, what is A's salary?",Rs0.50 ,Rs0.75 ,Rs0.13 ,Rs0.15 ,D
637,A mixture of 150 liters of wine and water contains 20% water. How much more water should be added so that water becomes 25% of the new mixture?,7 liters,15 liters,10 liters,9 liters,C
638,"A train 100 meters long takes 6 seconds to cross a man walking at 5 km/h in a direction opposite to that of the train. Find the speed of the train. Time, Speed, and Distance",55 km/h,50 km/h,45 km/h,53 km/h,A
639,A large tanker can be filled by two pipes A and B in 60 minutes and 40 minutes respectively. How many minutes will it take to fill the tanker from empty state if B is used for half the time and A and B fill it together for the other half?,15 min,20 min,27.5 min,30 min,D
640,"A sum was put at simple interest at a certain rate for 3 years. Had it been put at 2% higher rate, it would have fetched Rs 360 more. Find the sum. Interest",Rs0.40 ,Rs0.90 ,Rs0.50 ,Rs0.60 ,D
641,"The mean of five numbers is 18. If one number is excluded, their mean becomes 16. What is the excluded number?",24,26,28,None of these,B
642,Find the one which does not belong to that group?,Deal,Seal,Zeal,Real,D
643,The C.P of 15 books is equal to the S.P of 18 books. Find his gain% or loss%?,16 2/3% loss,100/3% loss,50/3% profit,100/3% loss,A
644,How many square meters are in one square kilometer?,1000,10000,100000,1000000,D
645,"A drink vendor has 80 liters of Maaza, 144 liters of Pepsi and 368 liters of Sprite. He wants to pack them in cans, so that each can contains the same number of liters of a drink, and doesn't want to mix any two drinks in a can. What is the least number of cans",35,37,42,30,B
646,"If 25% of x is 15 less than 15% of 1500, then x is?",720,750,820,840,D
647,"Two pipes X and Y fill a tank in 15 hrs. and 20 hrs. respectively, while a third pipe 'Z' can empty the full tank in 25 hrs. All the three pipes are opened in the beginning. After 10 hrs. Z is closed. In how much time, will the tank be full?",12 hrs,14 hrs,16 hrs,18 hrs,A
648,The number of arrangements that can be made with the letters of the word MEADOWS so that the vowels occupy the even places?,720,144,120,36,B
649,183.21 + 2.9928 * 66.84 = _______?,383,372,380,374,A
650,"The marked price is 10% higher than the cost price. A discount of 10% is given on the marked price, in this kind of sale the seller:",Bears no loss no gain,Gains,Loses 1%,None of these,C
651,"In a drawer there are 4 white socks, 3 blue socks and 5 grey socks. Two socks are picked randomly. What is the possibility that both the socks are of same color?",04-Nov,1,Feb-33,19/66,D
652,"In an examination, 38% of students fail in English and 61% pass in Urdu and 23% fail in both. Find the actual failure percentage?",46%,61%,54%,70%,C
653,"A and B can do a piece of work in 12 days, B and C in 15 days, and C and A in 20 days. How many days would it take for A, B, and C to finish the work together?",10 days,12 days,14 days,None of these,A
654,"If 6n - 2 = 2n + 10, what is the value of n?",1,2,3,None of these,C
655,"Efficiency of Rashid and Danish are in the ratio 5:8. If Danish takes 51 days less than Rashid to complete the work, find the time taken by Rashid to complete the work. Time-Work",85 days,126 days,118 days,136 days,D
656,"If 3 men or 4 women can construct a wall in 43 days, then the number of days that 7 men and 5 women take to construct it is:",12 days,14 days,16 days,18 days,A
657,"A single discount equivalent to the discount series of 20%, 10% and 5% is_______?",25%,30%,31.60%,33.50%,C
658,At what approximate speed does the Earth spin at the equator?,10°/hr,12°/hr,15°/hr,None of these,C
659,"If (1/a) × (1/b) = 1, what is the value of b - ac, where c is an unknown constant?",0,1,-3,Cannot be determined,D
660,Solve: (√2 - 1/√2)². Number System,1,0.5,0.25,0.125,B
661,"If 6 men take 9 days to complete a work, how many men can complete the work in 3 days?",2 men,12 men,9 men,18 men,D
662,"The angle of elevation of the sun, when the length of the shadow of a tree is √3 times the height of the tree, is :________?",30°,45°,60°,90°,A
663,A dealer professing to sell at cost price uses a 900 gms weight for a kilogram. His gain percent is:________?,9%,19%,11%,11.11%,D
664,A man purchases an electric heater whose printed price is 160 if he received two successive discounts of 20% and 10% he paid:,Rs. 112,Rs. 129.60,Rs. 119.60,Rs. 115.20,D
665,A train travels 16 km in 20 minutes. What is the speed of the train in km/h?,48 km/h,50 km/h,52 km/h,54 km/h,A
666,If the radius of circle is increased by 20% its area is increased by:,44%,40%,20%,No change,A
667,A can do a piece of work in 10 days and B in 15 days. If they work for a day alternatively. A beginning the work will be completed in:,6 days,12 days,8 days,15 days,B
668,The angle of elevation of a ladder leaning against a wall is 60° and the foot of the ladder is 4.6 m away from the wall. The length of the ladder is:,8.2 m,9.2 m,10.2 m,None of these,B
669,"If two times A is equal to three times B and also equal to four times C, then A:B:C is:",2:03:04,4:03:06,3:04:06,6:04:03,D
670,1 kilometer is equal to how many centimeters?,100 cm,"10,000 cm","10,000 cm","100,000 cm",D
671,Subtracting 10% from X is the same as multiplying X by what number?,0.8,0.9,0.1,0.5,B
672,A 9% stock yields 8%. The market value of the stock is__________?,Rs. 72,Rs. 116.50,Rs. 90,Rs. 112.50,D
673,The sum of money at compound interest amounts to thrice itself in 3 years. In how many years will it be 9 times itself?,18,12,9,6,D
674,"Two pipes A and B can fill a tank in 14 and 21 hrs respectively. If both pipes are opened together, then after how many hours A should be closed so that tank is full in 7 hours?",28/5 hrs,6.5 hrs,5 hrs,4 hrs,A
675,15 men can build a 500m long wall in 30 days. In how many days can 30 men build a 1.2 km long wall?,48 days,24 days,40 days,36 days,D
676,Simplify: (√50 - √18) / √2. Number System,1,2,3,4,B
677,A car's wheel makes 1000 complete revolutions to cover a distance of 2 kilometers. What is the diameter of the wheel in centimeters?,63.66 cm,69.76 cm,80 cm,40m,A
678,"If the cost of tiles is Rs. 5 for 50 sq. m, what will be the cost for 400 sq. m?",Rs. 30,Rs. 40,Rs. 50,Rs. 80,B
679,1/10 =,0.01,0.1,1,10,B
680,"A seller loses 13% by selling a book at a certain price. Had he sold it for Rs.9.75 more, He would have gained 26% C.P to him was:",25,30,39,42,A
681,"Complete the series: 3, 4, 6, 9, 13, .... Number Series",16,17,18,None of these,C
682,Profit after selling a commodity for Rs. 524 is the same as loss after selling if for Rs. 452. The cost price of the commodity is:,Rs0.49 ,Rs0.49 ,Rs0.48 ,Rs0.50 ,A
683,"15 cattle can graze a field in 20 days, and 20 cattle can graze 3 such fields in how many days?",30 days,45 days,60 days,50 days,B
684,"Find the area of trapezium whose parallel sides are 20 cm and 18 cm long, and the distance between them is 15 cm. Geometric Measurement",225 cm2,275 cm2,285 cm2,315 cm2,C
685,"In a town 45% population read magazine A, 55% magazine B, 40% read Magazine C, 30% read magazines A and B, 15% read magazines B and C, 25% read magazines A and C and 10% read all the three magazines. What percentage do not read any magazine?",10%,15%,20%,25%,C
686,The average of 5 quantities is 6. The average of 3 of them is 4. What is the average of the remaining 2 numbers?,9,10,8,9.5,A
687,"A fort had provisions of food for 150 men for 45 days. After 10 days, 25 men left the fort. For how many days will the remaining food last?",29 1/5,37 1/4,42,None of these,C
688,If a man rows at the rate of 5 kmph in still water and his rate against the current is 3.5 kmph. then the man's rate along the current is__________?,4.25 kmph,6 kmph,6.5 kmph,8.5 kmph,C
689,"If 1 < x < 2, what is the value of √(x - 1)² + √(3 - x)²?",2,1,5,None of these,A
690,2/3 * 5 1/2 * 2 * 7 5/6 * 9/11 = ______________?,4.81,37,47,74,C
691,35 kg of spinach costs Rs. 28. How many kg of spinach can be bought for Rs. 16?,20,28,35,15,A
692,"Complete the series: 3, 4, 7, 8, 11, 12, ____.",7,10,14,15,D
693,The cost price of an article is 64% of the marked price. Calculate the gain percent after allowing a discount of 12%. Profit-Loss,37.50%,38.50%,42%,27.50%,A
694,3/7 of 4/9 of 2/5 of 7560 = (?)2 Basic Arithmetic,18,22,24,26,C
695,"Which one number will complete the series: 8, 13, 10, 15, 12, 17, 14, ____",19,22,16,20,A
696,"In an examination, 1100 boys and 900 girls appeared. 50% of the boys and 40% of the girls passed. What is the failure percentage for all students?",54.50%,45.50%,45%,60.50%,A
697,"If the price of petrol is increased by 20%, by what percentage should the consumption be decreased by the consumer if the expenditure on petrol remains unchanged?",16.67%,20%,25%,15.55%,A
698,Find the annual income derived by investing Rs. 6800 in 10% stock at 136. Stocks,Rs. 200,Rs. 300,Rs. 400,Rs. 500,D
699,"Complete the series: 2, 4, 3, 9, 4, 16, 5, 25, 6, ____.",30,33,36,40,C
700,3/20 is what percent of 12/25?,42.75%,31.25%,35.50%,40.50%,B
701,A man takes 6 hours and 15 minutes to walk a certain distance and ride back to the starting place. He could walk both ways in 7 hours and 45 minutes. How long would it take him to ride both ways?,4 hours,4 hours and 45 mins,4 hours and 30 mins,None of these,B
702,"The areas of two similar triangles are 12 cm^2 and 48SQ. cm. If the height of the smaller one is 2.1cm, then the corresponding height of the bigger one is _________? (Note: the symbol ^ indicates power)",0.525cm,4.2cm,0.8,0.6,B
703,The circumference of a circle whose diameter is 7 inches is approximately:,22 inches,28 inches,38 inches,154 inches,A
704,The H.C.F of two numbers is 8. Which of the following can never be their L.C.M?,24,48,56,60,D
705,"If an article is sold at 19% profit instead of 12% profit, then the profit would be Rs. 105 more. What is the cost price?",Rs. 1505,Rs. 1510,Rs. 1500,Rs. 1490,C
706,Solve for x. 2x:25 = 6:(x/3) Proportion,18,15,12,5,B
707,"Out of 10 persons working on a project, 4 are graduates. If 3 are selected, what is the probability that there is at least one graduate among them?",01-Jun,05-Aug,03-Aug,05-Jun,D
708,"The ratio of the ages of two students is 3:2. If one is 5 years older than the other, what is the age of the younger student?",5 years,15 years,10 years,None of these,C
709,"A man sells a horse for Rs.800 and loses something, if he had sold it for Rs.980, his gain would have been double the former loss. Find the cost price of the horse?",Rs0.90 ,Rs0.88 ,Rs0.85 ,Rs0.86 ,D
710,Find the one which does not belong to that group?,Regiment,Lieutenant,Colonel,Major,A
711,"If I purchased 11 books for Rs. 10 and sold all at the rate of 10 books for Rs. 11, the profit percent:",10%,11%,21%,10%,C
712,"The average weight of a group of persons increased from 48 kg to 51 kg, when two persons weighing 78 kg and 93 kg join the group. Find the initial number of members in the group?",21,22,23,24,C
713,"The edges of a cuboid are 4 cm, 5 cm and 6 cm. Find the volume of the cuboid?",120 cm³,120 cm²,148 cm²,15 cm³,A
714,Bilal's room has a floor of 8m by 4m. He decides to tile the floor with tiles of 25cm x 20 cm. How many tiles will he need?,320 tiles,640 tiles,160 tiles,6.4 tiles,B
715,"If 2x + 7 = 19, what is the value of x?",7,6,8,10,B
716,"Find the C.I. on a sum of Rs.1600 for 9 months at 20% per annum, interest being compounded quarterly?",Rs. 1768.4,Rs. 168.4,Rs. 252.2,Rs. 340.8,C
717,"Two trains are running in opposite directions at speeds of 62 km/h and 40 km/h respectively. If the length of one train is 260 m, and they cross each other in 18 seconds, what is the length of the other train?",240 meters,250 meters,260 meters,None of these,B
718,"The salaries of A, B and C are in the ratio 1:3:4. If the salaries are increased by 5%, 10% and 15% respectively, then the increased salaries will be in the ratio?",21:66:92,0.7878125,32:67:93,None of these,A
719,The average of non-zero number and its square is 5 times the number. The number is__________?,9,17,29,295,A
720,A train travelling at 36km/h took 10 seconds to pass a stationary man. What was the length of the train?,45m,80m,100m,110m,C
721,4 * 0.4 * 0.04 * 0.004 = _________?,0.0256,0.00256,0.000256,2.56E-05,C
722,Water flows a tank 200 x 150m through a rectangular pipe 1.5 x 1.25m at the rate at 20kmph. In what time will be water rises by 2 meters?,76 min,80 min,90 min,96 min,D
723,"Akram thought of a number, added 7, multiplied by 3, took away 5, and divided by 4 to get an answer of 7. What was the starting number?",2,3,4,5,C
724,"The probability of a lottery ticket being a prized ticket is 0.2. When 4 tickets are purchased, the probability of winning a prize on at least one ticket is__________?",0.4869,0.5904,0.6234,0.5834,B
725,A trader sells 85 meters of cloth for Rs. 8925 at the profit of Rs. 15 per metre of cloth. What is the cost price of one metre of cloth?,Rs. 80,Rs. 85,Rs. 90,Rs. 95,C
726,The average height of 35 boys in a class was calculated as 180cm. It has later found that the height of one of the boys in the class was wrongly written as 166 cm whereas his actual height was 106 cm. Find the actual average height of the boys in the class (Round,179.29 cm,178.29 cm,179.38 cm,178.39 cm,B
727,"A positive number, when decreased by 4, becomes 21 times its reciprocal. What is the number?",5,6,7,8,C
728,"If 125 men complete a task in 120 days, how many men are needed to complete the same task in 100 days, assuming they work at the same rate?",100,150,200,250,B
729,In what ratio must water be mixed with milk to gain 16 2/3 % by selling the mixture at cost price?,1:06,2:03,4:03,6:01,A
730,Of the 1000 inhabitants of a town 60 % are males of whom 20 % are literate. If of all the inhabitants 25 % are literate. Then what percent of the females of the town are literate?,22. 5 %,27.50%,32. 5 %,37.50%,C
731,What is the product of 0.003 and 0.02?,0.6,0.006,0.0006,6.00E-05,D
732,A dishonest dealer claims to sell his goods at the cost price but uses a false weight of 900 gm for 1 kg what is his gain percent?,13%,11.11%,11.25%,12.11%,B
733,"A group consists of 4 men, 6 women and 5 children. In how many ways can 2 men , 3 women and 1 child selected from the given group?",300,600,750,900,B
734,"A tank can be filled by a pipe in 20 min. and by another pipe in 60 min. Both the pipes are kept open for 10 min. and then the first pipe is shut off. After this, the tank will be completely filled in__________?",10 min,20 min,30 min,40 min,B
735,A and B entered into a partnership investing Rs.25000 and Rs.30000 respectively. After 4 months C also joined the business with an investment of Rs.35000. What is the share of,Rs0.18 ,Rs0.15 ,in an annual profit of Rs.47000? Ratio (Partnership),Rs0.14 ,D
736,"Seats for Mathematics, Physics and Biology in a school are in the ratio 5 : 7 : 8. There is a proposal to increase these seats by 40%, 50% and 75% respectively. What will be the ratio of increased seats?",4:03:02,2:03:04,3:04:02,None of these,B
737,"A student scored an average of 80 marks in 3 subjects: Physics, Chemistry and Mathematics. If the average marks in Physics and Mathematics is 90 and that in Physics and Chemistry is 70, what are the marks in Physics?",60,64,72,80,D
738,"Assume that 20 cows and 40 goats can be kept for 10 days for Rs.460. If the cost of keeping 5 goats is the same as the cost of keeping 1 cow, what will be the cost for keeping 50 cows and 30 goats for 12 days?",Rs0.11 ,Rs0.10 ,Rs0.93 ,Rs0.12 ,A
739,"A tradesman by means of his false balance, defrauds to the extent of 20% in buying goods as well as by selling the goods. What percent does he gain on his outlay?",20%,45%,44%,50%,C
740,The value of (2.75)3 - (2.00)3 - (0.75)3 is__________?,3 * 2.75 * 2.75 * 2.75,3 * 2.00 * 2.00 * 2.00,3 * 2.75 * 0.75 * 2.75,4.5 * 2.75,D
741,A batsman makes a score of 87 runs in the 17th inning and thus increases his average by 3. Find his average after the 17th inning.,33,35,37,39,D
742,"In a camp, sufficient food was provided to 500 men to last for 10 days. But after 5 days, 2000 more men joined. How long the food will last for after joining the 2000 new men?",3 days,8 days,5 days,1 day,D
743,Find the 37.5% of 976 =_______?,324,388,366,372,C
744,"The third proportional to 3.5, 5.6 is:___________?",8.96,8,4.5,6.2,A
745,"A man covered a certain distance at some speed. If he had moved 3 kmph faster, he would have taken 40 minutes less. If he had moved 2 kmph slower, he would have taken 40 minutes more. What is the the distance in km?",36,52,41,40,D
746,"A car travels 240 km in 6 hours. If the speed of the car remains constant, how far will it travel in 9 hours?",360 km,400 km,540 km,600 km,A
747,"A pump can fill a tank with water in 2 hours. Because of a leak, it took 2 1/3 hours to fill the tank. The leak can drain all the water of the tank in?",4 1/3 hrs,7 hrs,8 hrs,14 hrs,D
748,"A, B and C are partners in a business. Their capitals are respectively, Rs.5000, Rs.6000 and Rs.4000. A gets 30% of the total profit for managing the business. The remaining profit is divided among three in the ratio of their capitals. In the end of the year, the profit",Rs0.45 ,Rs0.52 ,Rs0.18 ,Rs0.30 ,D
749,"Out of 100 students, 50 failed in English and 30 in Mathematics. If 12 students fail in both English and Mathematics. Then the number of students who passed in both the subjects is__________?",26,28,30,32,D
750,A cylinder and a cone have a same height and same radius of the base. The ratio between the volumes of the cylinder and cone is__________?,5:01,3:01,2:01,1:05,B
751,"A boat goes 100 km downstream in 10 hours, and 75 Km upstream in 15 hours. The speed of the stream is________?",7 km/h,5 km/h,3 km/h,2 (1/2) km/h,D
752,Find out the average of A and B if the given value of 16A + 16B = 48.,1.5,2,5.3,7.4,A
753,"If x² - y² = 28 and x - y = 8, what is the average of x and y?",3.5,1.75,7,8,B
754,What is 56/100 in decimal form?,7.056,7.56,0.56,75.6,C
755,Find the one which does not belong to that group?,Part,Trap,Cart,Dart,B
756,"The difference between compound interest and simple interest on an amount of Rs. 15,000 for 2 years is Rs. 96. What is the rate of interest per annum?",8%,10%,12%,Cannot be determined,A
757,"What comes next in the series: 64, 48, 40, 36, 34, ____?",33,32,31,30,A
758,The average weight of 10 people increased by 1.5 kg when one person of 45 kg is replaced by a new man. Then the weight of the new man is:,50 kg,60 kg,70 kg,75 kg,B
759,"Two tailors X and Y are paid a total of Rs. 550 per week by their employer. If X is paid 120 percent of the sum paid to Y, how much is Y paid per week?",Rs. 200,Rs. 250,Rs. 300,None of these,B
760,The ratio of 3.5 kg to 280 gm is:,12:04,20:03,25:02:00,None of these,C
761,"What will be the least number which when doubled will be exactly divisible by 12, 18, 21 and 30?",196,630,1260,2520,B
762,"If 2:7::x:49, then what is the value of ""x""?",9,52,14,28,C
763,Find the one which does not belong to that group?,42624,37573,84284,93339,C
764,³√?/9261 = 11/21 Basic Arithmetic,121,1331,14641,2662,B
765,P can do a work in 24 days. Q can do the same work in 9 days and R can do the same in 12 days. Q and R start the work and leave after 3 days. P finishes the remaining work in_________days. Time-Work,10,9,11,12,A
766,What is the average of the first five multiples of 9?,20,27,28,None of these,B
767,The area of a parallelogram is 128sq m and its altitude is twice the corresponding base. Then the length of the base is_________?,8 m,10 m,6 m,12 m,A
768,"A, B and C invest Rs.2000, Rs.3000 and Rs.4000 in a business. After one year A removed his money; B and C continued the business for one more year. If the net profit after 2 years be Rs.3200, then A's share in the profit is?",Rs0.10 ,Rs0.60 ,Rs0.80 ,Rs0.40 ,D
769,The value of 25.25 - 23.23 + 24.24 is_________?,26,26.26,2.2,-22.22,B
770,A can do piece of work in 30 days while B can do it in 40 days. In how many days can A and B working together do it?,70 days,120/7 days,50 days,45 days,B
771,Find the one which does not belong to that group?,Baseball,Boxing,Chess,Wrestling,A
772,"Average weight of 30 students of a class is 40 kg. If the weight of a teacher be included, the average increases by 1 kg. What is the weight of the teacher?",71kg,81kg,61kg,51kg,A
773,"If 54 is subtracted from three times a certain number, the result is 36. What is the number?",20,25,30,None of these,C
774,"If a = (√5 - 1)/(√5 + 1) and b = (√5 + 1)/(√5 - 1), find a+b.",2,3,8,(Empty),B
775,"If 10 people can do a job in 20 days, how many days will it take 20 people with twice the efficiency to do the same job?",10 days,5 days,3 days,None of these,B
776,"The cross-section of a cannel is a trapezium in shape. If the cannel is 10 m wide at the top and 6 m wide at the bottom and the area of cross-section is 640 sq m, the depth of cannel is_________?",20 m,60 m,40 m,80 m,D
777,"A cricketer has a certain average for 10 innings. In the eleventh inning, he scored 108 runs, there by increasing his average by 6 runs. His new average is_____________?",48 runs,52 runs,55 runs,60 runs,A
778,"If the selling price of 50 articles is equal to the cost price of 40 articles, then the loss or gain percent is:",20% loss,20% gain,25% loss,25% gain,A
779,If a 12-member family spend Rs. 850 in 10 days. Then a family of 8 people will spend Rs. 340 in how many days. Time-Work,8 days,7 days,6 days,5 days,C
780,"A chemical solution contains 8% acid. If the amount of acid is 15 mL, what is the total volume of the solution?",180.5 mL,187.5 mL,179.5 mL,None of the above,B
781,Simplify the expression: (x²-4x+4) / (x-2) - (x²-6x+9) / (x-3). Algebra,2x+5/x-3,1,x-3,2x+5,B
782,"20 men can do a certain work in 60 days but after every five days, five additional men join them. In how many days will work be done now?",30.5 days,31 days,33.5 days,34.5 days,D
783,The average of first ten prime numbers which are odd is____________?,12.9,13.8,15.8,17,C
784,"Least perfect square number, exactly divisible by 21, 36 and 56 is_________?",3600,504,441,7056,D
785,"A started a business with an investment of Rs. 70000 and after 6 months B joined him investing Rs. 120000. If the profit at the end of a year is Rs. 52000, then the share of B is?",Rs. 28000,Rs. 24000,Rs. 30000,Rs. 26000,B
786,What is the square of 35?,175,1125,1225,1215,C
787,"At 3:00 AM, the temperature was 13°C below zero. By noon, it had risen to 32°C. What was the average hourly increase in temperature?",5°C,7.5°C,45°C,(19/6)°C,A
788,2222.2 + 222.22 + 22.222 = ________?,2466.462,2664.642,2464.462,2466.642,D
789,"A man buys Rs. 50 shares in a company which pays 10% dividend. If the man gets 12.5% on his investment, at what price did he buy the shares?",Rs. 37.50,Rs. 40,Rs. 48,Rs. 52,B
790,"What does the Roman numeral ""C"" stand for?",10,100,1000,10000,B
791,"If the volume of a cylinder is 360 cm³, what is the volume of a cone with the same height and base?",90 cm³,120 cm³,180 cm³,270 cm³,B
792,A number is as much greater than 36 as it is less than 86. Find the number. Number System,61,59,67,57,A
793,6 - [5/6 + {3 7/8 - 2 1/3 + 1 7/9}] = _____________?,3.692307692,1.818181818,2.152777778,None of these,D
794,"The average of the marks of 12 students in a class is 36. If the marks of each student are doubled, find the new average?",72,45,37,79,A
795,A room is 6 meters 24 centimeters in length and 4 meters 32 centimeters in width. Find the least number of square tiles of equal size required to cover the entire floor of the room?,110,124,96,117,D
796,Find the area of a parallelogram with base 24 cm and height 16 cm. Geometric Measurement,262 cm2,384 cm2,192 cm2,131 cm2,B
797,The largest perfect square between 4 and 50 is:,25,36,49,45,C
798,"I. x² + 5x + 6 = 0, II. y² + 9y +14 = 0 to solve both the equations to find the values of x and y?",If x < y,If x > y,If x ≤ y,If x = y or the relationship between x and y cannot be established.,D
799,"A garrison has sufficient food for 500 people to survive for 6 days. At the end of 2 days, 100 men desert. How long the provisions are sufficient for now?",5 days,6 days,4 days,10 days,A
800,"In 7 years, Asim will be twice as old as he was 8 years ago. How old is he now?",12 years,21 years,32 years,23 years,D
801,3648.24 + 364.824 / ? - 36.4824 = 3794.1696 Basic Arithmetic,2,3,4,5,A
802,The price of 357 mangoes is Rs. 1517.25. What will be the approximate price of 49 dozen such mangoes?,Rs. 2000,Rs. 2500,Rs. 4000,None of these,B
803,"Which term is wrong in this series: 140, 340, 540, 730, 940, 1140?",540,730,940,1140,B
804,If part of tank filled in one hour = 1/10 then time required to fill the tank is:,8,12,10,15,C
805,"The capacity of a cylindrical tank is 246.4 litres. If the height is 4 metres, what is the diameter of the base ?",1.4 m,2.8 m,14 m,None of these,D
806,A man invests some money partly in 9% stock at 96 and partly in 12% stock at 120. To obtain equal dividends from both he must invest the money in the ratio_________?,16:15,15:16,12:11,11:12,A
807,A man buys an article for Rs. 27.50 and sells it for Rs. 28.60. Find his gain percent:,1%,2%,3%,4%,D
808,Two numbers X and Y are respectively 20% and 28% less than a third number Z. By what percentage is the number Y less than that of the number X?,8%,9%,10%,11%,C
809,"Using all the letters of the word ""THURSDAY"", how many different words can be formed?",8,8!,7!,7,B
810,30% of a number is 8 more than 40% of 1000. Find number. Percentage,1360,1200,1100,1010,A
811,Two cylinders are of the same height. Their radii are in the ratio 1: 3. If the volume of the first cylinder is 40 cc. Find the volume of the second cylinder?,360 cc,60 cc,300 cc,36 cc,A
812,"Bilal spends 45% of his monthly income on household items, 25% of his monthly income on buying cloths, 7.5% of his monthly income on medicines and saves the remaining amount which is Rs. 9000. Find his monthly income.",Rs. 40000,Rs. 36000,Rs. 50000,Rs. 45000,A
813,"The average height of 50 pupils in a class is 150 cm. Five of them whose height is 146 cm, leave the class and five others whose average height is 156 cm, join. The new average height of the pupils of the class (in cm) is __________.",149,151,152,153,B
814,"Haider made a profit of 25% in the first year. The next year, he had a loss of 20% on the capital he had at the beginning of the second year. What was his overall profit or loss percentage over the two years?",4% loss,5% gain,5% loss,No profit & no loss,D
815,"At an inn, there are provisions sufficient for 20 days for 40 people. At the end of every 10 days, 5 people leave off. How many days the provision will be sufficient?",20 days,40 days,30 days,None of these,D
816,"The mean of 5 numbers is 34. Three of these numbers are 29, 26, and 35. If the remaining two numbers are in the ratio 1:3, what are the numbers?","10, 40","20, 60","35, 45",None of these,D
817,"If Haider got 30% marks and failed by 15 marks, and Habib got 40% and scored 35 more than the pass marks. What is the percentage necessary for passing?",43%,38%,33%,40%,C
818,"If 2 : 7 :: x : 49, then x is:",9,14,52,28,B
819,"A and B complete a job together in two hours. If A completes the job alone in 5 hours, how long will it take B to complete the job alone?",Two hours,10/3 hours (3 hours 20 minutes),Four hours,Seven hours,B
820,Kabir buys an article with 25% discount on its marked price. He makes a profit of 10 % by selling it at Rs. 660. The marked price is:,Rs. 600,Rs. 700,Rs. 800,Rs. 685,C
821,The number of seats available for Biology and Computer Science in a school is in the ratio 5:8. They are to be increased by 30% and 25% . Find the new ratio. Ratio,20:13,13:20,11:20,20:11,B
822,"A mason fixed black, square-shaped tiles around a square room. There are 21 tiles on each side of a room. How many tiles did he need altogether?",66,78,80,None of these,C
823,Find the one which does not belong to that group?,20,42,58,72,C
824,A fair price shopkeeper takes 10% profit on his goods. He lost 20% goods during theft. His loss percent is:________?,8%,10%,11%,12%,D
825,The average of first 10 odd numbers is________?,11,10,12,17,B
826,"In a group of 80 children and 10 youngsters, each child got sweets that are 15% of the total number of children and each youngster got sweets that are 25% of the total number of children. How many sweets were there?",1160 sweets,1100 sweets,1080 sweets,1210 sweets,A
827,"A, B and C start at the same time in the same direction to run around a circular stadium.","completes a round in 252 seconds, B in 308 seconds and C in 198 seconds, all starting at the same point. After what time will they meet again at the starting point? LCM 26 min 18 sec",42 min 36 sec,45 min,46 min 12 sec,D
828,One tap can fill a cistern in 2 hours and another can empty the cistern in 3 hours. How long will they take to fill the cistern if both the taps are opened?,5 Hours,6 Hours,7 Hours,8 Hours,B
829,A sum of money at simple interest amounts to Rs. 815 in 3 years and to Rs. 854 in 4 years. The sum is:,Rs. 690,Rs. 650,Rs. 698,Rs. 700,C
830,"Find the least number which when divided by 35 leaves remainder 25, when divided by 25 leaves remainder 15 and when divided by 15 leaves remainder 5?",420,515,435,518,B
831,"For the series, what is the next term? 36, 34, 30, 28, 24, ____",20,22,23,26,B
832,What percentage of 1.6 is 0.96?,6%,40%,60%,4%,C
833,Three 6 faced dice are thrown together. The probability that no two dice show the same number on them is__________?,07-Dec,05-Sep,Jan-36,05-Dec,B
834,"If 12 men can do a piece of work in 10 days, how many men would be required to do the same work in 8 days?",12,13,14,15,D
835,"If the mean of 7 terms is 40, what is the sum of those terms?",280,400,320,140,A
836,What fraction is equal to 3.275?,13/35,3 11/40,2 2/7,None of these,B
837,"I. x² + 3x - 18 = 0, II. y² + y - 30 = 0 to solve both the equations to find the values of x and y?",If x < y,If x > y,If x ≤ y,If x = y or the relationship between x and y cannot be established.,D
838,The average of 13 numbers is 60. Average of the first 7 of them is 57 and that of the last 7 is 61. Find the 7th number?,46,32,68,51,A
839,The effective annual rate of interest corresponding to a nominal rate of 6% per annum payable half yearly is: _______?,6.06%,6.07%,6.08%,6.09%,D
840,"Two numbers are 20% and 50% more than a third number, respectively. What percentage is the first number of the second?",80%,70%,65%,None of these,A
841,"The average of 5 numbers is 42. If a sixth number, 48, is included, what is the new average?",44,45,43,46,C
842,Which of the following is a rational number?,√3,π,√5,04-May,D
843,"Two taps X and Y can fill a tank in 10 hrs. and 15 hrs.respectively. If the both taps are opened together, the tank will be full in_________?",3 hrs.,"4 hrs,",5 hrs.,6 hrs.,D
844,The sum of four consecutive even numbers is 292. What would be the smallest number?,74,76,70,68,C
845,"Moons salary was first increased by 20% and then decreased by 20%. If his present salary is Rs. 7200, then what was his original salary?",Rs. 8000,Rs. 7500,Rs. 7400,Rs. 7200,B
846,The percentage profit earned by selling an article for Rs. 1920 is equal to the percentage loss incurred by selling the same article for Rs. 1280. At what price should the article be sold to make 25% profit?,Rs. 2000,Rs. 2200,Rs. 2400,None of these,A
847,"A can complete a piece of work in 16 days and B can complete it in 20 days. They start working together. Two days before the completion of the work, A leaves. Work is completed in:",8 days,10 days,6.4 days,11 days,B
848,"In a group of 15 people, 7 read French,8 read English while 3 of them read none of these two. How many of them read French and English both?",0,3,4,5,B
849,At what rate of interest will Rs. 20000 becomes Rs. 24200 after 2 years when interest is compounded annually?,5%,6%,10%,15%,C
850,"A and B start a business, with A investing the total capital of Rs . 50000, on the condition that B pays A interest @ 10% per annum on his half of the capital. A is a working partner and receives Rs . 1500 per month from the total profit, and any profit remaining is equally",Rs . 53000,Rs . 58000,Rs . 50000,Rs . 69000,D
851,A shopkeeper sells18 mangoes for the purchase price of 20 mangoes. The percent profit made by shopkeeper is:,10%,11.11%,9.09%,12%,B
852,6 men and 8 women can complete a work in 10 days. 26 men and 48 women can finish the same work in 2 days. 15 men and 20 women can do the same work in_______days. Time-Work,4 days,6 days,2 days,8 days,A
853,What is the difference between the C.I. on Rs. 5000 for 1 1/2 years at 4% per annum compounded yearly and half-yearly?,Rs. 2.04,Rs. 3.06,Rs. 4.80,Rs. 8.30,A
854,"One liter is equivalent to approximately 33.8 ounces. Mari has plastic cups that can each hold 12 ounces of liquid. At most, how many of these plastic cups could a two-liter bottle of soda fill?",5,6,7,8,B
855,109.13 * 34.14 - 108.12 * 33 = ________?,130.7,145.7,157.7,150.3,C
856,The ratio of the length to the breadth of a rectangle is 3:2. Its area is 2400 m². What is the length of the field?,20 m,40 m,60 m,70 m,C
857,"A man purchased a cow for Rs. 3000 and sold it the same day for Rs. 3600, allowing the buyer a credit of 2 years. If the rate of interest be 10% per annum, then the man has a gain of:",0%,5%,7.50%,10%,A
858,The average marks of a class of 30 students is 40 and that of another class of 50 students is 60. Find the average marks of all the students?,50,47.5,59,52.5,D
859,A typist uses a paper 30 cm by 15 cm. He leaves a margin of 2.5 cm at the top as well as at the bottom and 1.25 cm on either side. What percentage of paper area is approximately available for typing?,65%,70%,80%,60%,B
860,"A fort had provisions of food for 150 men for 45 days. After 10 days, 25 men left the fort. How many days will the remaining food last?",41 days,42 days,43 days,44 days,B
861,"The average monthly income of P and Q is Rs. 5,050. The average monthly income of Q and R is Rs. 6,250. The average monthly income of P and R is Rs. 5,200. What will P's monthly income be?",Rs. 3500,Rs. 4000,Rs. 4050,Rs. 5000,B
862,"Six points are marked on a straight line and five points are marked on another line which is parallel to the first line. How many straight lines, including the first two, can be formed with these points?",29,32,55,30,B
863,The price of a certain item is increased by 15 %. If a consumer wants to keep his expenditure on the item same as before how much percent must he reduce his consumption of that item?,10.80%,13.04%,16.67%,15%,B
864,The radius of a circle is increased by 1%. Find how much % does its area increases?,1.01%,5.01%,3.01%,2.01%,D
865,"In a class, 1/5 of the students learn Spanish, one-fourth learn Italian, and the remaining students learn French. What percentage of the class learns French?",10%,55%,20%,None of these,B
866,"The sum of the squares of three numbers is 138, while the sum of their products taken two at a time is 131. Their sum is :___________?",20,30,40,None of these,A
867,"The average of 50 numbers is 30. If two numbers, 35 and 40, are discarded, what is the average of the remaining numbers?",30,32,34,None of these,A
868,If x:y = 7:3 then the value of (xy + x^2) / (x^2 - y^2) = Ratio,7/3.,7/4.,7/5.,7/6.,B
869,"Kamal started a business investing Rs. 9000. After five months, Sameer joined with a capital of Rs. 8000. If at the end of the year, they earn a profit of Rs. 6970, then what will be the share of Sameer in the profit?",Rs. 1883.78,Rs. 2380,Rs. 3690,Rs. 3864,B
870,"A is two years older than B, and B is twice as old as C. If the sum of the ages of A, B, and",9 years,10 years,"is 27, how old is B? Ages 11 years",12 years,B
871,(98 / 7 / 2) / ? = 14 Basic Arithmetic,01-Feb,01-Mar,01-Apr,01-May,A
872,Find the roots of the quadratic equation: x² + 2x - 15 = 0?,"-5, 3","3, 5","-3, 5","-3, -5",A
873,Find the one which does not belong to that group?,42624,37573,84284,93339,C
874,The probability that a man will be alive for 25 years is 3/5 and the probability that his wife will be alive for 25 years is 2/3. Find the probability that only the man will be alive for 25 years. Probability,02-May,01-May,03-May,04-May,B
875,What is the total surface area of a right circular cone of height 14 cm and base radius 7 cm?,344.35 cm²,444.35 cm²,498.35 cm²,None of these,C
877,"The present age of a father is 3 times that of his son. Five years ago, the father's age was 4 times the age of his son. What is the present age of the son?",10 years,15 years,12 years,20 years,B
878,What is 30 + 39.98?,69.98,40.23,42.98,41.28,A
879,"The least number which when divided by 16, 18 and 21, leave the remainder 3, 5 and 8 respectively is___________?",982,893,1024,995,D
880,"A is twice as good a workman as B, and together they finish a piece of work in 18 days. In how many days will B alone finish the work?",27 days,54 days,56 days,68 days,B
881,How many kilometers will a cyclist cover from 11:10 am to 11:50 am while cycling at a speed of 15 kilometers per hour?,10,11,12,13,A
882,"If 80% of the applications to a program were rejected, what is the ratio of the number of applications accepted to the number rejected?",1:02,1:04,1:08,1:16,B
883,A selection is to be made for one post of principal and two posts of vice-principal amongst the six candidates called for the interview only two are eligible for the post of principal while they all are eligible for the post of vice-principal. The number of possible,4,12,18,None of these,D
884,"A, B, and C can complete a work in 20, 12, and 8 days respectively. In how many days can A and B together complete that work?",60/8 days (or 7.5 days),41/4 days,71/3 days,50/4 days,A
885,What is the value of log_5((125)(625)/25)? (Here _ shows subscript) Logarithms,725,64,5,None of these,C
886,"If the average (arithmetic mean) of 8, 12, 15, 21, x, and 11 is 17, then what is x?",3,15,17,35,D
887,"If a number is chosen at random from the set {1, 2, 3, …., 100}, then the probability that the chosen number is a perfect cube is___________?",Jan-25,01-Feb,Apr-13,01-Oct,A
888,A train moves past a telegraph post and a bridge 264 m long in 8 seconds and 20 seconds respectively. What is the speed of the train?,69.5 km/hr,70 km/hr,79 km/hr,79.2 km/hr,D
889,"Pipe A can fill a tank in 5 hours, pipe B in 10 hours and pipe C in 30 hours. If all the pipes are open, in how many hours will the tank be filled?",2,2.5,3,3.5,C
890,"The product of two numbers is 72. If one number is 9, what is the other number?",10,8,6,None of these,B
891,Which of the following pairs of numbers is co-prime?,"6, 9","7, 14","4, 110","9, 10",D
892,1/3 of 2/6 of 1/7 of 2/28 of 2140 = ________?,4.92,2.42,3.01,4.14,B
893,"Which term of the AP 2, 11, 20, 29, ... is 290?",33,34,32,35,A
894,A man can row upstream at 8 kmph and downstream at 13 kmph. The speed of the stream is?,2.5 kmph,4.2 kmph,5 kmph,10.5 kmph,A
895,The average age of three boys is 15 years and their ages are in proportion 3:5:7. What is the age in years of the youngest boy?,15,9,18,21,B
896,"By selling 150 mangoes, a fruit-seller gains the selling price of 30 mangoes. Find the gain percent?",20%,25%,18%,30%,B
897,The product of two numbers is 2025 and their HCF is 15 their LCM is____________?,2040,2010,135,150,C
898,10 men can complete a work in 7 days. But 10 women need 14 days to complete the same work. How many days will 5 men and 10 women need to complete the work?,7 days,5 days,6 days,4 days,A
899,LCM stands for what?,Least count multiple,Less common multiple,Least common multiple,None of these,C
900,45/100 * 125 + 22.22 = ________?,78,76,74,72,A
901,"Find the value of x when y = 5, if x varies directly as 4y-1 and x = 14 when y = 2. Proportion",38,35,10,28,A
902,Milk and water in two vessels A and B are in the ratio 4:3 and 2:3 respectively in what ratio the liquids in both the vessels should be mixed to obtain a new mixture in vessel C containing half milk and half water?,1:01,1:03,5:02,7:05,D
903,Kashif and Nadeem jointly started a business. Kashif invested three times as Nadeem did and invested his money for double time as compared to Nadeem. Nadeem earned Rs. 4000. If the gain is proportional to the money invested and the time for which the,Rs0.16 ,Rs0.20 ,Rs0.24 ,Rs0.28 ,D
904,"The area of the square formed on the diagonal of a rectangle as its side is 108 1/3 % more than the area of the rectangle. If the perimeter of the rectangle is 28 units, find the difference between the sides of the rectangle?",8,12,6,2,D
905,What is the height of a parallelogram with an area of 54 cm² and a base of 15 cm?,3.6 cm,4.6 cm,5.6 cm,6.6 cm,A
906,"If a - b = 3 and a² + b² = 29, what is the value of ab?",10,12,15,18,A
907,What will be the difference between simple and compound interest at 10% per annum on a sum of Rs. 1000 after 4 years?,Rs. 31,Rs. 32.10,Rs. 40.40,Rs. 64.10,D
908,Simplify the expression: 5 + 2 × 6 ÷ (3 × 2). BODMAS,9,13,7,5,C
909,Three numbers which are co-prime to each other are such that the product of the first two is 551 and that of the last two is 1073. The sum of the three numbers is________?,75,81,85,89,C
910,Find the value of X if 3889 + 12.952 - X = 3854.402.,44.95,47.55,50.95,None of these,B
911,"The greatest number of four digits which is divisible by 15, 25, 40 and 75 is_________?",9000,9400,9600,9800,C
912,"A car gets 15 miles per gallon of gasoline and can travel 250 miles on a full tank. If the same car's efficiency improved to 20 miles per gallon, how many miles could it travel on the same full tank?",300 miles,325.5 miles,250 miles,None of these,D
913,"A tap can fill a tank in 6 hours. After half the tank is filled, three more similar taps are opened. What is the total time taken to fill the tank completely?",3 hrs 15 min,3 hrs 45 min,4 hrs,4 hrs 15 min,B
914,"If y exceeds x by 20%, then x is less than y by_______?",20%,15%,16.67%,18.33%,C
915,In an election between two candidates 75 % of the voters cast their votes. Out of which 2 % of the voters were declared invalid. A candidate got 9261 votes which were 75 % of the total valid votes. The total number of voters enrolled in that election was:__________?,10000,16400,16800,18000,C
916,"In a bag, there are coins of 25 p, 10 p and 5 p in the ratio of 1 : 2 : 3. If there is Rs. 30 in all, how many 5 p coins are there?",50,100,150,200,C
917,"If the average marks of three batches of 55, 60 and 45 students respectively is 50, 55, 60, then the average marks of all the students is:",53.33,54.68,55,None of these,B
918,"The average monthly salary of 20 employees in an organisation is Rs. 1500. If the manager's salary is added, then the average salary increases by Rs. 100. What is the manager's monthly salary?",Rs. 2000,Rs. 2400,Rs. 3600,Rs. 4800,C
919,The true discount on a bill due 9 months hence at 16% per annum is Rs. 189. The amount of the bill is:,Rs. 1386,Rs. 1764,Rs. 1575,Rs. 2268,B
920,"In a mixture of milk and water, the proportion of milk by weight was 80%. If, in a 180-gram mixture, 36 grams of pure milk is added, what would be the percentage of milk in the mixture formed?",80.20%,100%,83.33%,None of these,C
921,"Three pipes A, B and C can fill a tank from empty to full in 30 minutes, 20 minutes and 10 minutes respectively. When the tank is empty, all the three pipes are opened. A, B and C discharge chemical solutions P, Q and R respectively. What is the proportion of solution R",05-Nov,06-Nov,07-Nov,08-Nov,B
922,"What is the next number in the series: 5, 13, 25, 41, 61, ____?",75,85,80,90,B
923,The radius of the base of cone is 3 cm and height is 4 cm. Find the volume of the cone?,12 π cm³,6 π cm³,8 π cm³,10 π cm³,A
924,"A car is purchased on hire-purchase. The cash price is $21 000, and the terms are a deposit of 10% of the price, then the balance to be paid off over 60 equal monthly instalments. Interest is charged at 12% p.a. What is the monthly instalment?",$503,$504,$505,$506,B
925,26.98% of 6002 + 45.01% of 4199 = ________?,2500,3500,3600,4500,B
926,"A train covers a distance of 10 km in 12 minutes. If its speed is decreased by 5 km /hr, the time taken by it to cover the same distance will be :__________?",10 min,11 min 20 sec,13 min,13 min 20 sec,D
927,A distance of A inches can be covered in B hours. How many feet can be covered in C hours?,AC/12B,12CA/B,12C/AB,None of these,A
928,"Nabeela took a loan of Rs. 1200 with simple interest for as many years as the rate of interest. If she paid Rs. 432 as interest at the end of the loan period, what was the rate of interest?",3.60%,6%,18%,Cannot be determined,B
929,"In a given academy, 720 of the 960 new students will study arithmetic during their first year. What percentage of the new students will study arithmetic during their first year?",25%,50%,75%,100%,C
930,The sum of five consecutive even numbers is 440. What is the sum of a different set of five consecutive integers whose second-smallest number is 121 less than double the smallest number of the first set?,240,248,228,None of these,A
931,Which of the following has most number of divisors?,99,101,176,182,C
932,"By converting 142.5% into decimal, the answer will be:",1.425,0.1425,142.5,14.25,A
933,"A box contains nine bulbs out of which 4 are defective. If four bulbs are chosen at random, find the probability that at least one bulb is good. Probability",Jun-63,Feb-63,125/126,1/126,C
934,The base of a right triangle is 8 and hypotenuse is 10. Its area is________?,12,80,59,24,D
935,"A cistern can be filled by a tap in 4 hours while it can be emptied by another tap in 9 hours. If both the taps are opened simultaneously, then after how much time will the cistern get filled?",4.5 hrs,5 hrs,6.5 hrs,7.2 hrs,D
936,Three-hundredths is the same as:,0.3,300,300,0.03,D
937,"If 7x - 1 = 4x + 8, what is the value of x?",3,4,1,None of these,A
938,The ratio of ducks and frogs is a pond is 37:39 respectively. The average number of ducks and frogs in the pond is 152. What is the number of frogs in the pond?,148,152,156,144,C
939,"A boat travels upstream from B to A and downstream from A to B in 3 hours. If the speed of the boat in still water is 9km/hr and the speed of the current is 3km/hr, the distance A and B is:_______?",4km,6 km,8 km,12 km,D
940,p is 50% more than q. Find the ratio of p to q. Ratio,3:02,2:03,1:03,1:04,A
941,"A clock is so placed that at 12 noon, its minute hand points toward North-East. In which direction does its hour hand point at 1:30 PM?",North,South,East,West,C
942,A man can row his boat with the stream at 6 km/h and against the stream in 4 km/h. The man's rate is________?,1 kmph,5 kmph,8 kmph,3 kmph,B
943,Nimra bought a laptop at a 20% discount on the original price and then sold it at a 40% profit on her purchase price. What was her total percentage profit on the original price?,15%,18%,12%,10%,C
944,5/8 * 2(2/5 - 5/4) / 11/4 = _________?,-0.018181818,04-May,06-May,-0.386363636,D
945,"There are 30 people in a group. If all shake hands with one another , how many handshakes are possible?",870,435,30!,29! + 1,B
946,"In what ratio should the profit be divided if M, N, and O invest capital in the ratio 2:3:5 and their timing of their investments is in the ratio 4:5:6. Ratio (Partnership)",8:12:25,6:10:15,8:15:30,4:09:12,C
947,A is the mother of B and C; D is the husband of C. What is the relation of A to D?,Sister,Aunt,Mother,Mother-in-law,D
948,"A man wants to sell his scooter. There are two offers, one at Rs. 12,000 cash and the other","credit of Rs. 12,880 to be paid after 8 months, money being at 18% per annum. Which is the better offer?","Rs. 12,880 at credit",Both are equally good,Rs. 18.33,A
949,A trader purchased two colour televisions for a total of Rs. 35000. He sold one colour television at 30% profit and the other 40% profit. Find the difference in the cost prices of the two televisions if he made an overall profit of 32%?,Rs. 21000,Rs. 17500,Rs. 19000,Rs. 24500,A
950,"Find the average of the series : 312, 162, 132, 142 and 122?",194,174,162,186,B
951,A tank which has a leak in the bottom is filled in 20 hours. Had there been no leak the tank would have been filled in 15 hours. The leak can empty the full tank in:,80hrs,5 hrs.,60 hrs.,2 hrs.,C
952,"A and B walk around a circular track. A and B walk at a speed of 2 rounds per hour and 3 rounds per hour respectively. If they start at 8 a.m. from the same point in opposite directions, how many times shall they cross each other before 9.30 a.m.?",5,6,7,8,C
953,"A camp has rations for 10 men for 21 days. If 3 men leave the camp, for how many days will the ration be sufficient for the remaining men?",20 days,30 days,45 days,None of these,B
954,"If x and y are directly proportional, and x = 8 when y = 2, what is the value of x when y = 10?",40,50,60,None of above,A
955,The simple interest on Rs.500 at 6% per annum from May 3rd to July 15th in the same year is_________?,Rs0.80 ,Rs0.60 ,Rs0.40 ,Rs0.90 ,B
956,The surface of a cube is 24sq cm. Find its volume?,8 cc,16 cc,32 cc,64 cc,A
957,Which one of the following is the positive square root of 2209?,37,43,53,47,D
958,"P is able to do a piece of work in 15 days and Q can do the same work in 20 days. If they can work together for 4 days, what is the fraction of work left?",Aug-15,Jul-15,Nov-15,02-Nov,A
959,"If the perimeter of a rectangular garden is 600 m, its length when its breadth is 100 m is________?",650 m,600 m,200 m,300 m,C
960,"Complete the series: 36, 34, 30, 28, 24, ____",20,22,23,26,B
961,A sum of money is borrowed and paid back in two annual installments of Rs. 882 each allowing 5% C.I. The sum borrowed was?,Rs. 1620,Rs. 1640,Rs. 1680,Rs. 1700,B
962,Find the one which does not belong to that group?,GFI,QOR,LKN,YXA,B
963,"A man swims downstream 30 km and upstream 18 km taking 3 hours each time, what is the speed of the man in still water?",2 kmph,8 kmph,16 kmph,4 kmph,B
964,"What is the product of -2, -3, and -10?",-50,-60,-70,-30,B
965,"If the average of 7 numbers is 40, what is the sum of the numbers?",400,70,700,280,D
966,"The smallest fraction, which each of 6/7, 5/14, 10/21 will divide exactly is_________?",30-Jul,30/98,60/147,50/294,A
967,A boatman goes 2 km against the current of the stream in 1 hour and goes 1 km along the current in 10 minutes. How long will it take to go 5 km in stationary water?,40 minutes,1 hour,1 hr 15 min,1 hr 30 min,C
968,"A rectangular field 30 m long and 20 m broad. How much deep it should be dug so that from the earth taken out, a platform can be formed which is 8 m long, 5.5 m broad and 1.5 m high. Geometric Measurement",12 cm,10 cm,11 cm,24 cm,C
969,The angle of depression of a point situated at a distance of 70 m from the base of a tower is 60°. The height of the tower is:,70√3 m,70 m,35√3 m,None of these,A
970,"If P*Q = P + Q + P/Q, then 8*2 is?",8,14,20,None of these,B
971,Find the relationship. Left : Right :: East : __?,South,North,West,Coast,C
972,The average of 13 results is 68. the average of first seven is 63 and that of the last seven is 70; the seventh result is:,73.5,94,47,69,C
973,"A man is 24 years older than his son. In two years, his age will be twice the age of his son. What is his son's present age?",20 years,22 years,24 years,26 years,B
974,"If Rs.7500 are borrowed at C.I at the rate of 4% per annum, then after 2 years the amount to be paid is_______?",Rs0.81 ,Rs0.78 ,Rs0.81 ,Rs0.81 ,D
975,The length and breadth of a square are increased by 40% and 30% respectively. The area of the resulting rectangle exceeds the area of the square by:________?,42%,62%,82%,None of these,C
976,"From a point P on a level ground, the angle of elevation of the top of a tower is 30°. If the tower is 100 m high, the distance of point P from the foot of the tower is :_________?",149 m,156 m,173 m,200 m,C
977,"A pipe can fill a cistern in 20 minutes whereas the cistern when fill can be emptied by a leak in 28 minutes. When both pipes are opened, find when the cistern will be full?",60 min,80 min,70 min,48 min,C
978,"If x = 2, what is x²?",2,4,6,8,B
979,"The average age of a group of 10 persons was decreased by 3 years when one person, whose age was 42 years, was replaced by a new person. Find the age of the new person?",22 years,24 years,12 years,8 years,C
980,"A sum of Rs. 427 is to be divided among A, B and C In such a way that 3 times A's share, 4 times B's share and 7 times C's share are all equal. The share of C is:",Rs0.84 ,Rs0.15 ,Rs0.20 ,Rs0.24 ,A
981,"The speed of a boat in still water is 5 km/hr, it can go 30km upstream and return downstream to the original point in 4 hours 30 min. The speed of the stream is_______?",6.45 km/hr,8.55 km/hr,10 km/hr,15 km/hr,A
982,"In a cricket match five batsmen A,B,C,D and E scored an average of 36 runs. D scored 5 more than E; E scored 8 fewer than A; B scored as many as D and E combined; and B and C scored 107 between them. How many runs did E score?",62,45,28,20,D
983,The sum of the two digit number is 14. The difference between the first digit and the second digit of the two digit number is 2. what is the product of the two digits of the two digit number?,56,48,45,65,B
984,"At the end of a conference, 10 people present all shake hands with each other once. How many handshakes will there be altogether?",20,35,45,55,C
985,The length of a rectangular plot is increased by 25%. To keep it's area uncharged the width of the plot should be___________?,Kept unchanged,Increased by 25%,Increased by 20%,Reduced by 20%,D
986,The average of five results is 46 and that of the first four is 45. The fifth result is__________?,1,10,12.5,50,D
987,The difference between simple and compound interests compounded annually on a certain sum of money for 2 years at 4% per annum is Re. 1. The sum (in Rs. ) is_________?,625,630,640,650,A
988,A sum of money amounts to Rs. 9800 after 5 years and Rs. 12005 after 8 years at the same rate of simple interest. The rate of interest per annum is:,5%,8%,12%,15%,C
989,"Four bells begin to toll together respectively at the intervals of 8, 10, 12 and 16 seconds. After how many seconds will they toll together again?",246 seconds,242 seconds,240 seconds,243 seconds,C
990,"Rs. 395 are divided among A, B and C ins such a manner that B gets 25 % more than A and 20 % more than C. The share of A is:",Rs. 198,Rs. 120,Rs. 180,Rs. 195,B
991,[10 + {4 * ({2/3 + 1/4} * √144/121 + 23) ÷ 12 + 5} - 3] = _______?,20,8,10,15,A
992,The price of an article is Rs. 945 with 5% GST included. What is the original price of the article?,Rs. 920,Rs. 915,Rs. 905,Rs. 900,D
993,What is the value of 40 × 5.9?,236,237,278,239,A
994,A pile of 108 identical books weighs 30 kg. How many books weigh 40 kg?,128,144,150,122,B
995,A person buys a shirt for Rs. 470 and sells it for Rs. 540. What is the approximate profit percentage?,11%,12%,13%,None of these (Actual profit is approx 14.89%),D
996,The difference between compound and simple interest on a certain sum of money for 3 years at 6 2/3% p.a is Rs.184. Find the sum?,Rs0.12 ,Rs0.14 ,Rs0.18 ,Rs0.14 ,D
997,A fruit vendor purchased 20 dozens of bananas at Rs. 15 per dozen. But one-fourth of the bananas were rotten and had to be thrown away. He sold two-third of the remaining bananas at Rs. 22.50 per dozen. At what price per dozen should he sell the remaining,Rs. 20,Rs. 15,Rs. 22.50,Rs. 7.50,B
998,"If 6 persons working 8 hours a day earn Rs. 8,400 per week, how much will 9 persons working 6 hours a day earn per week?",Rs. 9250,Rs. 9350,Rs. 9450,Rs. 9550,C
999,"The average age of 20 students is 12 years. If the teacher's age is included, the average increases by one year. What is the age of the teacher?",30 years,28 years,33 years,35 years,C
1000,The ratio of cost price and selling price is 4:5. The profit percent is:,10 percent,20 percent,25 percent,30 percent,C
1001,"The ratio of the number of boys and girls in a college is 7 : 8. If the percentage increase in the number of boys and girls be 20% and 10% respectively, what will be the new ratio?",10:21,22:21,21:22,Cannot be determined,C
1002,A tank that can be filled by an inlet pipe A in 12 hours is filled in 18 hours while outlet pipe,25 hrs.,is opened. The outlet pipe B can empty the full tank in: Pipes and Cisterns 36 hrs.,76 hrs.,50 hrs.,C
1003,What is the area of a square field whose diagonal of length 20 m?,300 sq m,250 sq m,200 sq m,400 sq m,C
1004,"A shopkeeper marks the price of a cycle 5 percent above the market price and then charges a 12 percent sales tax on the original market price. If a customer pays Rs. 4,680 for the cycle, what is the market price of the cycle?",Rs. 4000,Rs. 4200,Rs. 3950,Rs. 4500,A
1005,"Twelve children take sixteen days to complete a work which can be completed by 8 adults in 12 days. After working for 3 days, sixteen adults left, and six adults and four children joined them. How many days will they take to complete the remaining work?",3 days,6 days,8 days,9 days,C
1006,"If the area of a circle is 38.5 m², what is its circumference?",2.2 m,22 m,3.85 m,None of these,B
1007,5/8 % is equal to what?,0.5/8,1/160,1/200,1/800,B
1008,A train is 130 m long. It travels at a speed of 45 km/'hr. It crosses a bridge in 30 seconds. The length of the bridge is:,245 m,230 m,140 m,None of these,A
1009,The ratio between the length and breadth of a rectangular field is 5:4. If the breadth is 20 meters less than the length. The perimeter of the field is_________?,260m,280m,360m,None of these,C
1010,"Complete the series: 4, 9, 16, 25, ____.",32,42,55,36,D
1011,Find the one which does not belong to that group?,41,43,53,57,D
1012,"If log_10(2) = 0.3010, what is the value of log_2(10)? (Note: the symbol _ indicates subscript) Logarithms",1/0.3010,1000/301,0.301,None of these,A
1013,"Find the Compound Interest on Rs. 15,625 for 9 months at 16% per annum compounded quarterly?",Rs. 1851,Rs. 1941,Rs. 1951,Rs. 1961,C
1014,"A wholesale tea dealer 408 kilograms, 468 kilograms and 516 kilograms of three different qualities of tea. He wants it all to be packed into boxes of equal size without mixing. Find the capacity of the largest possible box?",50,36,24,12,D
1015,"A sum was put a simple interest at a certain rate for 2 years. Had it been put at 4% higher rate, it would have fetched Rs. 60 more. The sum is:",Rs0.75 ,Rs0.70 ,Rs0.94 ,Rs0.82 ,A
1016,The sum of three consecutive even natural numbers is 78. What is the largest of those numbers?,22,24,26,28,D
1017,"A perfect number is defined as a number the sum of whose divisors (excluding the number itself, but including 1) is equal to the number itself. 6 is the lowest perfect number . Find the second lowest number.",12,14,28,496,C
1018,"The length and breadth of a rectangular room are 18 ft and 13 ft respectively. The height of the room is 10 ft. If the cost of painting the four walls is Rs. 40 per square ft, what is the cost of painting the room?","Rs. 76,860","Rs. 68,160","Rs. 24,800","Rs. 7,686",C
1019,"A heap of stones can be made up into groups of 21. When made up into groups of 16, 20, 25 and 45 there are 3 stones left in each case. How many stones at least can there be in the heap?",7203,2403,3603,4803,A
1020,"Complete the number series: 3, 7, 6, 5, 9, 3, 12, 1, 15, ____.",21,-3,-1,13,C
1021,If the price of the eraser is reduced by 25% a person buy 2 more erasers for a rupee. How many erasers available for a rupee?,8,6,4,2,B
1022,"The average mark of the students of a class in a particular exam is 80. If 5 students whose average mark in that exam is 40 are excluded, the average mark of the remaining will be 90. Find the number of students who wrote the exam.",20,15,25,35,C
1023,A trader mixes 26 kg of rice at Rs. 20 per kg with 30 kg of rice of another variety at Rs. 36 per kg and sells the mixture at Rs. 30 per kg. His profit percent is?,5%,8%,10%,None of these,A
1024,"Mr. Tassawar Javed invested an amount of Rs. 13,900 divided in two different schemes A and B at the simple interest rate of 14% p.a. and 11% p.a. respectively. If the total amount of simple interest earned in 2 years be Rs. 3508, what was the amount invested in",Rs. 6400,Rs. 6500,Rs. 7200,Rs. 7500,A
1025,"A student has to opt for 2 subjects out of 5 subjects for a course. Namely commerce, economics, statistics, mathematics 1 and Mathematics 2, Mathematics 2 can be offered only if mathematics 1 has also opted. The number of different combinations of two",5,6,7,18,C
1026,"If 1/4 writing, 1/6 reading, and 1/8 designing are participated in different contests and 33 participants of mathematics, then the total number of participants are:",70,71,72,73,C
1027,Solve: √169 Number System,520,169,28561,13,D
1028,One fifth of the sum of two angles is 24 degrees and half of their difference is 14 degrees. Calculate the larger angle:,14°,28°,34°,74°,D
1029,Cost of 6 handkerchiefs is Rs.90.Find the cost of 2 dozen handkerchiefs. Proportion,Rs0.36 ,Rs0.33 ,Rs0.34 ,Rs0.35 ,A
1030,The edges of cuboid are 4 cm; 5 cm and 6 cm. Find its surface area?,120 cm²,148 cm²,74 cm²,15 cm²,B
1031,"If 4X + 13 = 7 - 2X, what is the value of X?",1,-1,3,-3,B
1032,"The equations of two perpendicular lines in the xy-plane are y = (a/b)x + c and y = (d/e)x + f, where a, b, c, d, e, and f are constants. If a/b > 1, which of the following must be true?",d/e < -1,#NAME?,0 < d/e < 1,d/e > 1,B
1033,80 is what percent of 64?,85%,120%,75%,125%,D
1034,A work can be finished in 16 days by twenty women. The same work can be finished in fifteen days by sixteen men. The ratio between the capacity of a man and a woman is_________?,3:04,4:03,2:01,1:02,B
1035,"A rectangular grass field is 75 m * 55 m, it has a path of 2.5 m wide all round it on the outside. Find the area of the path and the cost of constructing it at Rs.2 per sq m?","675 sq.m, Rs.1350","575 sq.m, Rs.1350","1350 sq.m, Rs.675",None,A
1036,"A man can do a piece of work in 5 days, but with the help of his son, he can do it in 3 days. In what time can the son do it alone?",7.5 days,6.5 days,5.5 days,4.5 days,A
1037,Find the one which does not belong to that group?,30,27,36,45,A
1038,If a man's 1 day work = 1/20 then time required to finish the job(in days):,20,10,25,30,A
1039,The sum of five numbers is 655. The average of the first two numbers is 85 and the third number is 125. Find the average of the two numbers?,180,170,190,175,A
1040,A rectangular tank measuring (5m x 4.5m x 2.1m) is dug in the center of the field measuring 13.5m x 2.5m. The earth dug out is spread evenly over the remaining portion of the field. By how much is the field's level raised?,4m,4.1m,4.2m,4.3m,C
1041,"A man sells two items for the same price of $100 each. On one item, he makes a profit of 20%, and on the other, he incurs a loss of 20%. What is his overall profit or loss percentage?","No profit, no loss",4% profit,4% loss,8% loss,C
1042,A hockey team won 6 games and lost 8. What is the ratio of wins to the total number of games played?,3:04,4:03,3:07,7:03,C
1043,"Find the H.C.F of 204, 1190 and 1445?",34,17,85,204,B
1044,"A starts a business with Rs. 4,000 and B joins him 4 months later with an investment of Rs. 5,000. After a year, they earn a profit of Rs. 22,000. Find the shares of A and B. Ratio (Partnership)","Rs. 10000, Rs. 12000","Rs. 12000, Rs. 10000","Rs. 24000, Rs. 20000","Rs. 20000, Rs. 10000",B
1045,"Two pipes A and B together can fill a cistern in 4 hours. Had they been opened separately, then B would have taken 6 hours more than A to fill cistern. How much time will be taken by A to fill the cistern separately?",1 hr,2 hrs,6 hrs,8 hrs,C
1046,A cube of side one meter length is cut into small cubes of side 10 cm each. How many such small cubes can be obtained?,10,100,1000,10000,C
1047,In how many ways can five boys and three girls sit in a row such that all boys sit together?,4800,5760,2880,15000,C
1048,Find the one which does not belong to that group?,CAT,DOG,TIGER,ELEPHANT,D
1049,33/4 of 4500 + ? = 118500 Basic Arithmetic,8.1375 * 104,2.4123 * 104,5.124 * 104,6.125 * 104,A
1050,"To travel 600 km, train A takes 8 hours more than train B. If, however, the speed of train A is doubled, it takes 2 hours less than B. What is the speed of train B?",30 km/h,40 km/h,50 km/h,60 km/h,C
1051,The length of a rectangle is increased by 10 % and breadth decreased by 10 % Then the area of a new rectangle is:,Neither increased nor decreased,Increased by 1 %,Decreased by 1 %,Decreased by 10 %,C
1052,"A can have a piece of work done in 8 days, B can work three time faster than A, C can work five times faster than A. How many days will they take to do the work together?",3 days,8/9 days,4 days,None of these,B
1053,Afnan wants to borrow Rs.6000 at rate of interest 6% p.a. at S.I and lend the same amount at C.I at same rate of interest for two years. What would be his income in the above transaction?,Rs.21.60,Rs.24.00,Rs.25.20,Rs.27.80,A
1054,The length and breadth of play ground are 36 m and 21 m respectively. Flag staffs are required to be fixed on all along the boundary at a distance of 3 m part. The number of flag staffs will be___________?,37,38,39,40,B
1055,"Excluding stoppages, the average speed of a bus is 54 kmph and including stoppages, it is 45 kmph. For how many minutes does the bus stop per hour?",9,10,12,20,B
1056,A and B can do a piece of work in 72 days; B and C can do it in 120 days; A and C can do it in 90 days. In what time can A alone do it?,80 days,100 days,120 days,150 days,C
1057,"The length of a rectangular floor is more than its breadth by 200%. If Rs. 324 is required to paint the floor at the rate of Rs. 3 per sq m, then what would be the length of the floor?",27 m,24 m,18 m,21 m,C
1058,The length of a rectangular room is 4 meters. If it can be partitioned into two equal square rooms. What is the length of each partition in meters:________?,1,2,4,Data Inadequate,B
1059,Given that 543 x 21 = 11403. Find the value of: 1140.3 ÷ 5.43 Basic Arithmetic,210,150,120,200,A
1060,The price of a share in the stock exchange dropped from Rs. 62.50 to Rs. 52.50 in a week. What was the percentage decrease in the price?,10%,12%,14%,16%,D
1061,The difference between the radi of the smaller circle and the bigger circle is 7cm and the difference between the area of two circles is 1078Sq.cm Radius of the smaller circle is_________?,17.5cm,21cm,28cm,None of these,D
1062,"If 15 cattle can graze a field in 20 days, how many days will it take for 20 cattle to graze 3 such fields?",40,45,50,None of these,B
1063,605 sweets were distributed equally among children in such a way that the number of sweets received by each child is 20 % of the total number of children. How many sweets did each child receive?,11,24,45,Cannot be determined,C
1064,"If X:Y = 2:3, Y:Z = 4:5. Find X:Y:Z. Ratio",15:12:08,8:12:15,2:03:04,18:09:04,B
1065,The average of 35 students in a class is 16 years. The average age of 21 students is 14. What is the average age of remaining 14 students?,15 years,17 years,18 years,19 years,D
1066,"A box contains 3 blue marbles, 4 red, 6 green marbles and 2 yellow marbles. If three marbles are picked at random, what is the probability that they are all blue?",1/455,2/455,Jan-91,4/455,A
1067,If the percentage of red pencils in a set of 48 dozen of pencils is 25 then the number of pencils of other colors is:,22 dozen and 8 pencils,23 dozen and 7 pencils,23 dozen and 9 pencils,36 dozen,D
1068,What is the value of 3 + 3 × 3 - 3 + 3?,18,12,8,6,B
1069,By selling 50 meters of cloth. I gain the selling price of 15 meters. Find the gain percent?,35%,30%,40%,42.80%,D
1070,Find the one which does not belong to that group?,16,28,36,64,B
1071,The average of 11 numbers is 10.9. If the average of first six is 10.5 and that of the last six is 11.4 the sixth number is_____________?,11,11.3,11.4,11.5,D
1072,"If a + b + c = 0, what is the value of ((a+b)/c + (b+c)/a + (c+a)/b) × (a/(b+c) + b/(c+a) + c/(a+b))?",8,-3,9,4,C
1073,"If A and B together can complete a job in 15 days and B alone can complete it in 20 days, in how many days can A alone complete the job?",60 days,45 days,40 days,30 days,A
1074,"An outlet empties 2/7 of a tank is 6 minutes . To empty the remaining content, it would further take:",42min,21 min,15 min,12 min,C
1075,"A large cube is formed from the material obtained by melting three smaller cubes of 3, 4 and 5 cm side. What is the ratio of the total surface areas of the smaller cubes and the large cube?",25:18:00,20:11,11:19,12:25,A
1076,"Rs.1200 divided among P, Q and R. P gets half of the total amount received by Q and R. Q gets one-third of the total amount received by P and R. Find the amount received by R?",Rs0.40 ,Rs0.50 ,Rs0.30 ,Rs0.60 ,B
1077,"Walking 6/7th of his usual speed, a man is 12 minutes too late. What is the usual time taken by him to cover that distance?",1 hr 42 min,1 hr,2 hr,1 hr 12 min,D
1078,"A school has four classes with 10, 20, 30, and 40 students respectively. The pass percentages of these classes are 20%, 30%, 60%, and 100% respectively. What is the pass percentage of the entire school?",76%,66%,56%,None of these,B
1079,"When 2 is added to half of one-third of one-fifth of a number, the result is one-fifteenth of the number. Find the number?",40,50,60,70,C
1080,"Five years ago, the average age of P and Q was 15 years. Now, the average age of P, Q, and R is 20 years. What will be the age of R in 10 years?",30 years,40 years,33 years,50 years,A
1081,A man buys an article for 10% less than its value and sells it for 10% more than its value. His gain or loss percent is:________?,"No profit, no loss",20% profit,Less than 20% profit,More than 20% profit,D
1082,"A house owner wants to get his house painted. He is told that this would require 25kg of paint .Allowing for 15% wastage and assuming that the paint is available in 2kg tins, the number of tins required for painting the house is:",15,12,10,20,A
1083,Find the sum of money when the difference between the compound and S.I. on a certain sum of money for 2 years at 10% per annum is Rs. 15?,Rs. 1500,Rs. 1800,Rs. 2100,Rs. 1950,A
1084,A sum of money amounts to Rs 9800 after 5 years and Rs. 12005 after 8 years at the same rate of simple interest. The rate of interest per annum is:,5%,8%,12%,15%,C
1085,A rectangle has 15 cm as its length and 150 cm2 as its area. Its area is increased to 1 1/3 times the original area by increasing only its length its new perimeter is:_________?,50 cm,60 cm,70 cm,80 cm,B
1086,A train 180 meters long is running at a speed of 54 km/h. How much time will it take to cross a platform 120 meters long?,10 seconds,12 seconds,15 seconds,20 seconds,D
1087,"If A and B together can complete a job in 15 days and B alone can complete it in 20 days, in how many days can A alone complete the job:",60,45,40,30,A
1088,"A salesman's terms were changed from a flat commission of 5% on all his sales to a fixed salary of Rs.1000 plus 2.5% commission on all sales exceeding Rs. 4,000. If his remuneration as per new scheme was Rs. 600 more than that by the previous schema,","Rs. 14,000","Rs. 12,000","Rs. 30,000","Rs. 40,000",B
1089,"Complete the series: 3, 4, 7, 8, 11, 12, ...?",15,18,20,21,A
1090,"A delegation of 5 members has to be formed from 3 ladies and 5 gentlemen. In how many ways the delegation can be formed, if 2 particular ladies are always included in the delegation?",20,54,42,60,A
1091,"If the radius of a circle is increased to 3 times, then how many times will it's circumference be increased?",2 times,3 times,1/3 times,9 times,B
1092,The perimeter of one square is 48 cm and that of another is 20 cm. Find the perimeter and the diagonal of a square which is equal in area to these two combined?,15√2 cm,13√2 cm,16√2 cm,17√2 cm,B
1093,"If the cost price of 50 articles is equal to the selling price of 40 articles, then the gain or loss percent is?",20% loss,20% profit,10% profit,None of these,D
1094,"Find the breadth of a rectangular field, given that its length is 18 meters and its area is 666 square meters. Geometric Measurement",12 m,24 m,37 m,44 m,C
1095,"If an initial population of 20 rats grew to 25 after the first year, which of the following exponential functions best models the population of rats (P) with respect to the number of years (t)?",P=20(1.25)^t,P=5t+20,P=20(1.125)^t,P=20(5)t,A
1096,"Find the income derived from 88 shares of Rs. 25 each at 5 premium, brokerage being (1/4) per share and the rate of dividend being 7(1/2) % per annum. Stocks",Rs. 150,Rs. 165,Rs. 180,Rs. 201,B
1097,The parameter of a square is double the perimeter of a rectangle. The area of the rectangle is 480 sq cm. Find the area of the square. Geometric Measurement,200 sq cm,72 sq cm,162 sq cm,Cannot be determined,D
1098,"A boat can move upstream at 25 kmph and downstream at 35 kmph, then the speed of the current is_________?",5 kmph,10 kmph,30 kmph,15 kmph,A
1099,"By selling 12 toffees for a rupee, a man loses 20%. How many for a rupee should be sell to get a gain of 20%?",5,8,10,15,B
1100,"There are three numbers. 5/7th of the first number is equal to 48% of the second number. The second number is 1/9th of the third number. If the third number is 1125, then find 25% of the first number?",168,84,42,21,D
1101,What is the average of the first 100 natural numbers?,51,100,50.5,101,C
1102,"In a partnership between A, B and C. A's capital is Rs.5000. If his share of a profit of Rs.800 is Rs.200 and C's share is Rs.130, what is B's capital?",Rs0.33 ,Rs0.63 ,Rs0.10 ,Rs0.12 ,D
1103,"In a 100m race, A covers the distance in 36 seconds and B in 45 seconds. By how many meters does A beat B?",20 m,24 m,28 m,30 m,A
1104,"If person A can complete a work in 12 days and person B can complete it in 6 days, how many days will it take for them to complete the work together?",3 days,4 days,5 days,None of these,B
1105,"To fill a cistern, pipes P, Q & R take 20, 15 & 12 minutes respectively. The time in minutes that the three pipes together will take to fill the cistern is:__________?",5 min,10 min,15 min,20 min,A
1106,"Ten years ago, the age of Aftab was one-third the age of Kashif at that time. The present age of Kashif is 12 years more than the present age of Aftab. Find the present age of Aftab?",14 years,16 years,18 years,20 years,B
1107,"Danish his car at a speed of 120 kmph for the first 2 hours and then at a speed of 100 kmph for the next half an hour. Find the distance covered by him during the entire journey. Time, Speed, and Distance",300 km,290 km,250 km,240 km,B
1108,The dimensions of a room are 25 feet * 15 feet * 12 feet. What is the cost of white washing the four walls of the room at Rs. 5 per square feet if there is one door of dimensions 6 feet * 3 feet and three windows of dimensions 4 feet * 3 feet each?,Rs. 4800,Rs. 3600,Rs. 3560,Rs. 4530,D
1109,A man travels from A to B at a speed of 30 kmph and returns with a speed of 60 kmph. What is the average speed of the man?,47.5 kmph,50 kmph,45 kmph,40 kmph,D
1110,"The radius of the circle is 10 cm and the length of one of its chords is 12 cm, then the distance of the chord from the center is:",6 cm,8 cm,10 cm,12 cm,B
1111,Shayan can do a job in 60 days. And both Shayan and Ahmed can do the same job in 20 days working together. Ahmed alone can do the same job in:,30 days,60 days,28 days,45 days,A
1112,What is the value of √3 / √12?,Natural number,Integer,Rational number,Irrational number,C
1113,A man rows to a place 48 km distant and back in 14 hours. He finds that he can row 4 km with the stream in the same time as 3 km against the stream. The rate of the stream is:,5 km/h,4 km/h,3 km/h,1 km/h,D
1114,"The cost of paint is Rs. 36.50 per kg. If one kg of paint covers 16 square feet, how much will it cost to paint the outside of a cube having each side of 8 feet?",Rs. 850,Rs. 860,Rs. 876,Rs. 886,C
1115,The area of the sector of a circle whose radius is 12 meters and whose angle at the centre is 42° is?,26.4 m²,39.6 m²,52.8 m²,79.2 m²,C
1116,"A man's basic pay for a 40 hour week is Rs. 20, overtime is paid for at 25 % above the basic rate, in a certain week he worked overtime and his total wage was Rs. 25. He therefore worked for a total of:________?",45 hours,47 hours,48 hours,50 hours,C
1117,3 men and 7 women can complete a work in 10 days . But 4 men and 6 women need 8 days to complete the same work . In how many days will 10 women complete the same work?,50,30,40,13,C
1118,"If 7/21 of a number is 6, what is 14/21 of that number?",12,14,8,11,A
1119,Find the breadth of a rectangular field whose length is 18 m and area is 216 m².,12 m,18 m,20 m,144 m,A
1120,A car travels first 160 km at 64 km/hr and the next 160 km at 80 km/hr. What is the average speed for the first 320 km of the tour?,70.24 km/hr,74. 24 km/hr,71.11 km/hr,72.21 km/hr,C
1121,"A person purchases 90 clocks and sells 40 clocks at a gain of 10% and 50 clocks at a gain of 20%. If he sold all of them at a uniform profit of 15%, then he would have got Rs. 40 less. The cost price of each clock is:_________?",Rs0.50 ,Rs0.60 ,Rs0.80 ,Rs0.90 ,C
1122,Find the one which does not belong to that group?,35,48,75,84,A
1123,A boat goes 6 km in an hour in still water. It takes thrice as much time in covering the same distance against the current. Speed of the current is_______?,2 km/hr,3km/hr,4km/hr,5 km/hr,C
1124,"Atif ordered 16 chapatis, 5 plates of rice, 7 plates of mixed vegetable and 6 ice-cream cups. The cost of each chapati is Rs.6, that of each plate of rice is Rs.45 and that of mixed vegetable is Rs.70. The amount that Atif paid the cashier was Rs.961. Find the cost",Rs0.25 ,Rs.22.50,Rs0.20 ,Rs.17.50,A
1125,"When a triangle has two congruent sides, it is called a/an ____ triangle. Geometric Measurement",Isosceles,Equilateral,Scalene,Isoscale,A
1126,"If Kayla left a 10.47 tip on a breakfast that cost 87.25, what percentage was the tip?",8.30%,12%,13%,14%,B
1127,"A invested some money in 10% stock at 96. If B wants to invest in an equality good 12% stock, he must purchase a stock worth of___________?",Rs0.50 ,Rs0.11 ,Rs.115.20,Rs.125.40,C
1128,"Three flags each of different colours are available for a military exercise, Using these flags different codes can be generated by waving I. Single flag of different colours II. Any two flags in a different sequence of colours. III. three flags in a different sequence of",6,9,15,18,C
1129,"A certain two-digit number is three times the sum of its digits. If 45 is added to the number, its digits are reversed. What is the number?",27,39,45,None of these,A
1130,"A ladder makes an angle of 60 degrees with the ground against a wall. If the foot of the ladder is 2m away from the wall, the length of the ladder is:",2m,4m,6m,None of these,B
1131,A owns a house worth Rs. 10000. He sells it to B at a profit of 10% based on the worth of the house. B sells the house back to A at a loss of 10% in this transaction A gets:,No profit No loss,Profit of Rs. 1000,Profit of Rs. 1100,Profit of Rs. 2000,C
1132,"The student population of a school was 6,000 in 1994. What was the population in 1970 if it doubled every 8 years?",750,850,950,1050,A
1133,"The value of an article is Rs. 12,000. Each year it depreciates by 5%. What will the value of the article be after 4 years?",Rs. 10870,Rs. 9774,Rs. 8990,Rs. 9765,B
1134,The average of runs of a cricket player of 10 innings was 32. How many runs must he make in his next innings so as to increase his average of runs by 4?,2,4,70,76,D
1135,"A is twice as good a workman as B. Together, they take 30 days to complete a job. In how many days can A complete the work alone?",60 days,30 days,20 days,45 days,D
1136,"A room is 15m long, 4m broad and 3m height. Find the cost of white washing its four walls at 50p per m²?",Rs0.60 ,Rs0.57 ,Rs0.55 ,Rs0.52 ,B
1137,"8 % of the voters in an election did not cast their votes in the election, there were only two candidates. The winner by obtaining 48 % of the total votes defeated his contestant by 1100 votes. The total number of voters in the election was_________?",21000,2200,23500,27500,D
1138,"Jameel gets on the elevator at the 11th floor of a building and rides up at the rate of 57 floors per minute. At the same time, Nasir gets on an elevator at the 51st floor of the same building and rides down at the rate of 63 floors per minute. If they continue",19,28,30,37,C
1139,"Twelve children take sixteen days to complete a work which can be completed by 8 adults in 12 days. After working for 3 days, sixteen adults left and six adults and four children joined them. How many days will they take to complete the remaining work?",3 days,4 days,6 days,8 days,C
1140,What is 9/11 - 5/7?,Apr-77,Jun-77,Aug-77,None of these,C
1141,"The length of rectangle is thrice its breadth and its perimeter is 96 m, find the area of the rectangle?",432 sq m,356 sq m,452 sq m,428 sq m,A
1142,In digging a pond 20 m * 10 m * 5 m the volumes of the soil extracted will be_________?,100 cu.m,1000 cu.m,10000 cu.m,2000 cu.m,B
1143,"What number comes next in the series: 5, 4, 9, 13, 22, 35, ____?",53,60,57,63,C
1144,One kilometer is equal to how many miles?,0.85,0.5,0.62,1.6,C
1145,"What is the next term in the series: 2, 3, 6, 18, 108, ...?",208,1944,2008,1054,B
1146,"If the sum of two numbers is 33 and their difference is 15, the smaller number is :__________?",9,12,15,18,A
1147,There were two candidates in an election. Winner candidate received 62% of votes and won the election by 288 votes. Find the number of votes casted to the winning candidate?,456,744,912,1200,B
1148,"If a flat costs Rs.4500 per sq. ft, and a commercial space costs Rs.9500 per sq. ft, then what is the ratio of their areas if the total cost of both are the same?",19-Sep,05-Mar,10-Mar,18-May,A
1149,"In a shop of shoes 10 pairs are of size 6 and 30 are of size 8. If all the shoes in the shop are size 6 and 8, what percent of the shoes in the shop are of size 6?",20%,25%,33%,66%,B
1150,"Two pipes A and B can fill a cistern in 20 and 30 minutes respectively, and a third pipe C can empty it in 40 minutes. How long will it take to fill the cistern if all the three are opened at the same time?",19 1/7 min,15 1/7 min,17 1/7 min,7 1/7 min,C
1151,"If (7^a) * (7^b) = (7^c) / (7^d), what is d in terms of a, b, and c? (Important Note: the symbol ^ indicates power) Number System",c/ab,c - a - b,a + b - c,c - ab,B
1152,A sum of money becomes 7⁄5 of itself in 4 years at a certain rate of simple interest. The rate per annum is:,9%,10%,11%,12%,B
1153,Which of the following fractions is the largest?,19/24,13/16,31/40,63/80,B
1154,A batsman in his 12th innings makes a score of 80 runs and thereby increases his average score by 3. What is his average after the 12th innings?,45,46,47,None of these,C
1155,"From a pack of cards two cards are drawn one after the other, with replacement. The probability that the first is a red card and the second is a king is_________?",Jan-26,Mar-52,15/26,Nov-26,A
1156,421 * 0.9 + 130 * 101 + 10000 = ___________?,33500,23500,22500,24500,B
1157,A train left a station at 8:35 a.m. and arrived at its destination at 3:12 p.m. How long did the journey take?,5 hours and 37 minutes,4 hours and 37 minutes,6 hours and 37 minutes,10 hours and 37 minutes,C
1158,"The value of a plant depreciates by 10 % annually. If the present value of the plant is Rs. 100000, then what will be its value after 2 years?",Rs. 8000,"Rs10,000 ",Rs. 18000,Rs. 81000,D
1159,Find the one which does not belong to that group?,B4,E25,D16,I91,D
1160,"The radius of the cylinder is half its height, and the area of the inner part is 616 sq. cms. Approximately how many litres of milk can it contain?",1.2 litres,1.56 litres,1.76 litres,2.16 litres,D
1161,"A toy is sold for Rs. 220. What was the cost, if the rate of profit was 10% of the cost?",Rs. 198,Rs. 200,Rs. 210,Rs. 240,B
1162,"Mahad sold an article for Rs. 18000. Had he offered a discount of 10% on the selling price, he would have earned a profit of 8%. What is the cost price of the article?",Rs. 15000,Rs. 16200,Rs. 14700,Rs. 15900,A
1163,"A man's annual production sells for Rs. 75,000. What is a 10% levy on this amount?","Rs. 6,500","Rs. 5,500","Rs. 4,500","Rs. 7,500",D
1164,"If x:y = 2:1, then (5x^2 - 13xy + 6y^2) is equal to?",256,85,Zero,55/4,C
1165,Two numbers are less than q third number by 30 % and 37 % respectively. How much percent is the second number less than the first?,10%,15%,20%,25%,A
1166,"To produce an annual income of Rs. 1200 from a 12% stock at 90, the amount of stock needed is:_________?",Rs. 10800,Rs. 10000,Rs. 14400,Rs. 16000,B
1167,"In the following alphabet series, one term is missing as shown by a question mark. Choose the missing term from the options: ABDG?",M,L,K,H,C
1168,"If 2m 60cm of cloth is required for one shirt, how much cloth is required for 7 shirts?",18m 20cm,15m 14cm,20m 20cm,None of these,A
1169,"The temperature at noon in Lahore, Pakistan, was 6 degrees on Monday, 4 degrees on Tuesday, 2 degrees below zero on Wednesday, 3 degrees below zero on Thursday, 0 degrees on Friday, 3 degrees on Saturday, and 6 degrees on Sunday. What was the",14 degrees,-2 degrees,2 degrees,7 degrees,C
1170,A person got Rs.48 more when he invested a certain sum at compound interest instead of simple interest for two years at 8% p.a. Find the sum?,Rs0.75 ,Rs0.70 ,Rs0.80 ,Rs0.65 ,A
1171,When the Price of fans was reduced by 20 %. The number of fans sold increased by 40 %. What was the effect on the sales of rupees?,12 % Increase,12 % decrease,30 % increase,40 % increase,A
1172,The difference between a number and its two-fifth is 510. What is 10% of that number?,12.75,85,204,None of these,B
1173,"The average age 9 members of a committee are the same as it was 2 years ago, because an old number has been replaced by a younger number. Find how much younger is the new member than the old number?",7 years,11 years,18 years,27 years,C
1174,"On Independence Day, bananas were distributed equally among the children in a school so that each child would get two bananas. On the particular day, 360 children were absent, and as a result, each child got two extra bananas. Find the actual number",600,620,500,720,D
1175,The area of a sector of a circle of radius 5 cm formed by an arc of length 3.5 cm is__________?,0.35 cm²,17.5 cm²,8.75 cm²,55 cm²,C
1176,"In an examination paper of five questions, 5% of the candidates answered all the questions and 5% none. Of the rest 25% answered only one question and 20% answered four. If 24.5% of the entire number answered only two questions and 200 answered only",400,800,1200,1600,B
1177,There are some rabbits and peacocks in a zoo. The total number of their heads is 60 and total number of their legs is 192. Find the number of total rabbits?,30,46,40,None of these,D
1178,If the interest is payable annually then the principal on which the compound interest for 3 years at 10% P.a is Rs. 331 is given by:__________?,Rs. 900,Rs. 1000,Rs. 1050,Rs. 1100,B
1179,"In a school of 850 boys, 44% of Muslims, 28% Hindus, 10% Sikhs and the remaining of other communities. How many belonged to the other communities?",173,163,153,143,C
1180,A period of 4 hrs 30 min is what percent of a day?,18.75%,20%,16.75%,19%,A
1181,"P and Q started a business with respective investments of Rs. 4 lakhs and Rs. 10 lakhs. As P runs the business, his salary is Rs. 5000 per month. If they earned a profit of Rs. 2 lakhs at the end of the year, then find the ratio of their earnings.",2:05,5:02,3:05,1:01,D
1182,Two pipes A and B can separately fill a cistern in 10 and 15 minutes respectively. A person opens both the pipes together when the cistern should have been was full he finds the waste pipe open. He then closes the waste pipe and in another 4 minutes the cistern,7 min,8 min,9 min,10 min,C
1183,Samar bought a shirt for Rs. 250 and sold it for Rs. 295. What was his profit percentage?,16%,18%,20%,14%,B
1184,A sum of money at simple interest amounts to Rs. 2800 in 2 years and Rs. 3250 in 5 years. Find the sum and the rate of interest. Interest,Rs.2500 and 6%,Rs.2000 and 5%,Rs.1000and 10%,Rs.3000 and 15%,A
1185,"A garrison has provisions for a certain number of men for 30 days. If 2/3 of the men do not attend the mess, for how many days will the food last for the remaining men?",50 days,65 days,90 days,None of these,C
1186,"If a line segment is divided in a ratio of 4:6, how many total parts is it divided into?",6,9,10,18,C
1187,"A bag contains equal number of Rs.5, Rs.2 and Re.1 coins. If the total amount in the bag is Rs.1152, find the number of coins of each kind?",432,288,144,72,C
1188,"A alone can finish a work in X days. B alone can finish the same work in X+5 days. Together, they take 6 days to complete the work. Find X Time-Work",12,8,10,9,C
1189,If the numerator of a fraction is increased by 140 % and the denominator is increased by 150 % the resultant fraction is 4/15 what is the original fraction?,03-May,May-16,02-Sep,None of these,D
1190,25 * 25 / 25 + 15 * 40 = ________?,125,525,25/64,625,D
1191,"On an order of 5 dozen boxes of a consumer product, a retailer receives an extra dozen free. This is equivalent to allowing him a discount of:________?",15%,16.16%,16.67%,20%,C
1192,"Given that x=10.48, y=10.70, and x² = z and y²=z, then the value of z is:",1.45,1.88,2.9,None of these,D
1193,A horse and a cow were sold for Rs. 12000 each. The horse was sold at a loss of 20 % and the cow at a gain of 20 %. The entire transaction resulted in___________?,No loss or gain,Loss of Rs. 1000,Gain of Rs. 1000,Gain of Rs. 2000,B
1194,The difference between the compound interest compounded annually and simple interest for 2 years at 20% per annum is Rs.144. Find the principal?,Rs0.30 ,Rs0.33 ,Rs0.36 ,Rs0.39 ,C
1195,Which of the following fractions is greater than 3/4 and less than 5/6?,04-May,19/24,03-Apr,Both A & B,D
1196,A candidate was selected for 6 jobs after giving 15 interviews. What is the ratio of the number of jobs for which the candidate was not selected to the total number of interviews?,2:05,3:05,4:09,None of these,B
1197,"If the principal is Rs. 100,000 and the rate of interest is 10% compounded half-yearly, what is the amount after one year?","Rs. 1,10,024","Rs. 1,10,250","Rs. 1,00,400","Rs. 1,10,850",B
1198,When a number is first increased by 10 % and then reduced by 10 % the number:__________?,Does not change,Decreased by 1 %,Increased by 1 %,None of these,B
1199,"A sum of Rs. 95,000 is to be divided among A, B, and C such that A:B is 2:3 and B:C is 2:3. What will be the share of A?",Rs. 35000,Rs. 20000,Rs. 15000,None of these,B
1200,"In how many ways can a President, Vice President, and a water boy be selected from a group of ten people?",1020,2010,240,720,D
1201,"Ramees professes to sell his goods at the cost price but he made use of 900 grms instead of a kg, what is the gain percent?",11%,11.22%,11.11%,10%,C
1202,"I. x² - x - 42 = 0, II. y² - 17y + 72 = 0 to solve both the equations to find the values of x and y?",If x < y,If x > y,If x ≤ y,If x ≥ y,A
1203,Find the average of all the numbers between 6 and 34 which are divisible by 5. Average,18,20,24,30,B
1204,Find the one which does not belong to that group?,343,121,1331,2197,B
1205,How much 60% of 50 is greater than 40% of 30?,18,13,15,20,A
1206,"A tank 3 m long, 2 m wide and 1.5 m deep is dug in a field 20 m long and 14 m wide. If the earth dug out is evenly spread out over the field, the level of the field will raise by nearly?",0.299 cm,0.29 cm,2.98 cm,4.15 cm,C
1207,"The average temperature for Monday, Tuesday, Wednesday and Thursday was 48 degrees and for Tuesday, Wednesday, Thursday and Friday was 46 degrees. If the temperature on Monday was 42 degrees. Find the temperature on Friday?",40 degrees,38 degrees,36 degrees,34 degrees,D
1208,"Ramees sold two bicycles, each for Rs.990. If he made 10% profit on the first and 10% loss on the second, what is the total cost of both bicycles?",Rs0.20 ,Rs0.20 ,Rs0.19 ,Rs0.18 ,A
1209,22004 - 29303 + 101299 - 59532 = _________?,44000,24899,34468,26888,C
1210,The difference between compound interest and simple interest at the same rate on Rs 5000 for 2 years is Rs 72. The rate of interest per annum is:___________?,6%,8%,10%,12%,D
1211,At the end of three years what will be the compound interest at the rate of 10% p.a. on an amount of Rs.20000?,Rs0.66 ,Rs0.65 ,Rs0.68 ,Rs0.64 ,A
1212,"In two successive years, 100 and 75 students of a school appeared at the final examination. Respectively, 75 % and 60 % of them passed. The average rate of pass is:_________?",68.57%,78%,80%,67.50%,A
1213,"If x = 3 + √8, what is the value of x² + 1/x²?",32,34,36,None of these,B
1214,"A boy goes to his school from his house at a speed of 3 km / hr and returns at a speed of 2 km / hr. If he takes 5 hours in going and coming, the distance between his house and school is :___________?",5 km,5.5 km,6 km,6.5 km,C
1215,What is the probability that a leap year has 53 Sundays and 52 Mondays?,0,01-Jul,02-Jul,05-Jul,B
1216,"LCM of 1/3, 5/6, 5/4, 10/7 is_________?",10-Jul,10,10-Nov,11-Oct,B
1217,(815 / ?) / 100 * 28 * 3 - (815 * 14 * 6)/100 = 1680 Basic Arithmetic,2000,3000,4000,None of these,D
1218,"The volumes of two cubes are in the ratio 27: 125, what shall be the ratio of their surface areas?",1:08,25:09:00,9:25,8:01,C
1219,"If a man walks at 6 kmph, he can reach his destination at 9:00 am. However, he walks a little slower and reaches only at 10:00 am. If the distance to his destination was 12 km, at what speed did he walk?",5 kmph,4 kmph,4.5 kmph,3 kmph,B
1220,"The difference between C.I. and S.I. on an amount of Rs. 15,000 for 2 years is Rs. 96. What is the rate of interest per annum?",8%,10%,12%,Cannot be determined,A
1221,A can finish a work in 7 days B in 14 days and C in 28 days. B and C start working and are forced to leave the work after 2 days. The number of days taken by A to finish the remaining work is:,8.5 days,10 days,5.5 days,15.5 days,C
1222,What is the area of square field whose side of length 15 m?,225 sq m,220 sq m,100 sq m,30 sq m,A
1223,What is the value of 1/log_3(60) + 1/log_4(60) + 1/log_5(60)? (Here _ shows subscript) Logarithms,0,1,5,None of these,B
1224,The area of a square is 4096 sq cm. Find the ratio of the breadth and the length of a rectangle whose length is twice the side of the square and the breadth is 24 cm less than the side of the square. Geometric Measurement,5:12,3:08,16:05,5:16,D
1225,The average of four consecutive odd numbers is 24. Find the largest number:,25,27,29,31,B
1226,Arshad's monthly expenditures are Rs. 7500. How much does he spend in 8 months?,Rs0.60 ,Rs0.70 ,Rs0.80 ,Rs0.90 ,A
1227,"A steamer goes downstream from one port to another in 4 hours, it covers the same distance upstream in 5 hours. If the speed of the stream is 2km/hr,the distance between the two parts is_______?",50km,60km,70km,80 km,D
1228,5 * 5 ÷ 5 + 5 ÷ 5 = __________?,3,2,4,6,D
1229,A ratio equivalent to 3:7 is:,3:09,6:10,9:21,18:49,C
1230,A car is running at a speed of 108 kmph. What distance will it cover in 15 seconds?,45 metres,55 metres,450 metres,Cannot be determined,C
1231,A farmer bought toffees at a rate of 6 for a rupee. How many for a rupee must he sell to gain a 20% profit?,3,5,4,6,D
1232,A sum amount to Rs.1344 in two years at simple interest. What will be the compound interest on the same sum at the same rate of interest for the same period?,Rs0.15 ,Rs0.14 ,Rs0.13 ,Data insufficient for the answer,D
1233,Find the mean proportion between 5 and 45.,9,15,25,50,B
1234,A batsman makes a score of 64 runs in the 16th innings and thus increased his average by 3. Find his average after the 16th inning?,17,29,18,19,D
1235,The average salary of all the workers in a workshop is Rs. 8000. The average salary of 7 technicians is Rs. 12000 and the average salary of the rest is Rs. 6000. The total number of workers in the workshop is___________?,20,21,22,23,A
1236,"Find the average of 8, 13, 25, 43, and 11. Average",20,32,27,19,A
1237,108 * 107 * 96 = ? (to the nearest hundred) Basic Arithmetic,1109300,1109400,1108400,1108300,B
1238,The radius of a cylinder is 2 r units and height is 3 r units. Find the curved surface?,18 πr² sq units,3 πr² sq units,12 πr² sq units,6 πr² sq units,C
1239,"In a row, a student is standing 13th from the right and 8th from the left. How many students are there in total?",19,18,22,20,D
1240,The population of a town increases at the rate of 15% per year. At present population is 4000. What will it be after 2 years?,5290,5200,5431,500,A
1241,"If a person earns 80,000 in a week and saves 20,000, then the amount they spend is 60,000, which is ____ of their total salary. Percentage",25%,50%,75%,95%,C
1242,Factorize completely: 12x²y + 12xy². Algebra,12xy(x+y),12xy(x²+y),12xy(x+y²),None of these,A
1243,What is the ratio between perimeters of two squares one having 3 times the diagonal then the other?,2:01,1:02,3:01,1:03,D
1244,"Three candidates contested an election and received 1136, 7636 and 11628 votes respectively. What percentage of the total votes did the winning candidate get?",57%,60%,65%,90%,A
1246,"How many four digit even numbers can be formed using the digits {2, 3, 5, 1, 7, 9}:",60,360,120,240,A
1247,The circumferences of two concentric circles are 176 m and 132 m respectively. What is the difference between their radii?,5 m,7 m,8 m,44 m,B
1248,"The sides of a cube are in the ratio 1:2, the ratio of their volume is__________?",1:02,1:03,1:08,1:09,C
1249,Jameel brought a scooter for a certain sum of money. He spent 10% of the cost on repairs and sold the scooter for a profit of Rs. 1100. How much did he spend on repairs if he made a profit of 20%?,Rs. 400,Rs. 440,Rs. 500,Rs. 550,C
1250,"Complete the series: 1, 1, 8, 4, 27, 9, ____",64,20,60,16,A
1251,"Out of 15 consecutive numbers, 2 are chosen at random. The probability that they are both odds or both primes is_________?",Oct-17,Oct-19,46/105,Cannot be determined,D
1252,(50 - ?/29)% of 4200 = 3*√196 Basic Arithmetic,1350,1450,1550,1421,D
1253,Find the average of all numbers between 6 and 34 which are divisible by 5:,15,20,25,30,B
1254,Which one of the following has a greater perimeter than the rest?,A square with an area of 36 sq.cm,An Equilateral Triangle with a side of 9 cm,A rectangle with 10 cm as length and 40 sq.cm as area,A circle with a radius of 4 cm,C
1255,"If the height of a pole is 2√3 metres and the length of its shadow is 2 metres, find the angle of elevation of the sun. Trigonometry",50°,60°,70°,80°,B
1256,"Complete the series: 1, 2, 5, 12, 27, 58, ...?",102,112,121,None of these,C
1257,"What will be the compound interest on a sum of Rs. 25,000 after 3 years at the rate of 12% p.a.?",Rs. 9000.30,Rs. 9720,Rs. 10123.20,Rs. 10483.20,C
1258,A plot of land in the form of a rectangle has dimensions 240m x 180m. A drain 10m wide is dug all around it on the outside and the earth dug out is evenly spread over the plot increasing its surface level by 25cm. The depth of the drain of:,1.227m,1.225m,1.233m,1.229m,A
1259,The sum of five consecutive even numbers of set x is 440. Find the sum of a different set of five consecutive integers whose second least number is 121 less than double the least number of set x?,248,240,228,236,B
1260,"The current of a stream runs at the rate of 4 kmph. A boat goes 6 km and back to the starting point in 2 hours, then find the speed of the boat in still water?",10 kmph,21 kmph,8 kmph,12 kmph,C
1261,Three partners agreed to divide their profit in the ratio of 2 : 4 : 7. What is the difference of the greatest and smallest share in the profit of Rs.26000?,Rs0.10 ,Rs0.12 ,Rs0.80 ,Rs0.13 ,A
1262,"Considering the pattern: 2² + 1 = 5, 3² + 1 = 10, 4² + 1 = 17, ..., what is the 8th line in the pattern?",7² + 1 = 50,9² + 1 = 82,8² + 1 = 65,10² + 1 = 101,B
1263,"If 15% of 30% of 50% of a number is 90, then what is the number?",4000,3050,4400,4500,A
1264,"Complete the series: 9, 25, 49, ____, 121. Number Series",100,81,91,94,B
1265,If the side of a square is increased by 25 %. Then its area is increased by:__________?,25%,55%,40.50%,56.25%,D
1266,15 men were hired to plough a piece of land in 10 days. How many more men will be required to do the same job in 3 days?,35,40,50,None of these,A
1267,What is the value of x in the equation 3x - 15 - 6 = 0?,6,7,8,9,B
1268,"In a sample of soil of 2000 gms, 1000 decigrams are of Sulphur. What is the percentage of Sulphur?",2%,50%,5%,3%,C
1269,"Aslam Khan starting from a fixed point goes 15 m towards North and then after turning to his right he goes 15 m. Then he goes 10m, 15m and 15 m after turning to his left each time. How far is he from his starting point?",5 m,10 m,20 m,15 m,B
1270,"A can do a piece of work in 4 hours; B and C together can do it in 3 hours, while A and C together can do it in 2 hours. How long will it take for B alone to do it?",8 hours,10 hours,12 hours,14 hours,C
1271,A trader mixes 26 kg of rice at Rs. 20 per kg with 30 kg of rice of other variety at Rs. 36 per kg and sells the mixed variety of rice at Rs. 30 per kg. What will be his profit percentage?,No profit / No loss,5%.,8%.,10%.,B
1272,Two pipes A and B can separately fill a cistern in 60 min and 75 min respectively. There is,"third pipe in the bottom of the cistern to empty it. If all the three pipes are simultaneously opened, then the cistern is full in 50 min. In how much time, the third pipe alone can empty the cistern? Pipes and Cisterns 90 min",100 min,110 min,120 min,B
1273,What percent of 120 are 90?,25%,50%,75%,33%,C
1274,The sum of the squares of two positive integers is 100 and the difference of their squares is 28. What is the sum of the numbers?,10,12,14,None of these,C
1275,"Two numbers are 60% and 20% more than a third number, respectively. What percentage is the second number of the first?",25%,50%,75%,None of these,C
1276,"One root of the quadratic equation x² - 12x + a = 0, is thrice the other. Find the value of a?",29,27,28,7,B
1277,In how many ways can a group of 5 men and 2 women be made out of a total of 7 men and 3 women?,63,90,126,45,A
1278,An emergency vehicle travels 10 miles at speed of 50 miles per hour. How fast must the vehicle travel on the return trip if the round-trip travel time is to be 20 minutes?,72 miles per hour,75 miles per hour,65 miles per hour,78 miles per hour,B
1279,"M:N = 3:4, N:O = 5:7 and O:P = 7:9. Then M:P =________?",1:03,7:09,5:12,None of these,C
1280,"x, 9, 25, 49, 81, 121. Find the value of x.",5,1,4,3,C
1281,The difference between three times a number and four more than two times the number can be represented by which algebraic expression?,x - 4,x - 5,x- 6,x - 7,A
1282,"A sum was put a simple interest at a certain rate for 2 years. Had it been put at 4% higher rate, it would have fetched Rs. 60 more. The sum is:________?",Rs0.75 ,Rs0.70 ,Rs0.82 ,Rs0.94 ,A
1283,The sum of two numbers is 25 and their difference is 13. Find their product :,104,114,315,325,B
1284,"A and B rent a pasture for 10 months. A put in 80 cows for 7 months. How many can B put in for the remaining 3 months, if he pays half as much again as A?",120,180,200,280,D
1285,"If the average of five numbers is 6.92, what is the sum of the numbers?",34,34.6,34.4,34.8,B
1286,"In an election between two candidates, the candidate who gets 30 % of the votes polled is defeated by 15000 votes. The number of votes polled by the winning candidate is:________?",11250,15000,26250,37500,C
1287,Find the quadratic equations whose roots are the reciprocals of the roots of 2x² + 5x + 3 = 0?,3x² + 5x - 2 = 0,3x² + 5x + 2 = 0,3x² - 5x + 2 = 0,3x² - 5x - 2 = 0,B
1288,"Four People shared a taxi to the airport. The fare was Rs. 40, and they gave the driver a tip of 30% of the fare. If they equally shared the cost of the fare and tip, how much would each person pay?",Rs. 13,Rs. 14,Rs. 15,Rs. 16,A
1289,How much time does a train 125 metres long running at 60 km/hr take to pass a pole?,6 seconds,2.08 seconds,7.5 seconds,8 seconds,C
1290,"If a person left a $10.47 tip on a breakfast that cost $87.25, what percentage was the tip?",10%,11%,12%,13%,C
1291,"Find the average of 8, 13, 25, 43, and 11.",20,32,27,19,A
1292,A car gives a mileage of 20 km per liter of petrol when driven at a constant speed of 50 kmph but the mileage decreases by 10% when driven at a speed of 70 kmph. How many km can the car travel with 12 liters of petrol if it travels a speed of 70 kmph?,216 km,240 km,228 km,200 km,A
1293,"A student obtains 75%, 80%, and 85% in three subjects. If the marks of a fourth subject are added, their average score cannot be less than 80%. What is the minimum percentage required in the fourth subject?",60%,70%,80%,None of these,A
1294,The number which exceeds 16% of it by 42 is________?,50,52,58,60,A
1295,"How many 4-letter words with or without meaning, can be formed out of the letters of the word, 'LOGARITHMS', if repetition of letters is not allowed?",40,400,5040,2520,C
1296,A letter lock consists of three rings each marked with six different letters. The number of distinct unsuccessful attempts to open the lock is at the most__________?,216,243,215,729,C
1297,"When 20% of a number is added to the number itself, the result is 102. Find the number. Algebra",85,90,75,185,A
1298,"35 workers are employed to complete a project in 16 days. Before the project starts, the manager is told it must be completed in 14 days. Assuming all workers work at the same rate, how many more workers must be employed?",3,4,5,9,C
1299,"Complete the series: 1, 1, 8, 4, 27, 9, Number Series",64,20,60,16,A
1300,Ali can type at a speed of 25 words per minute. How many words he can type in one hour?,1300,1200,1500,1475,C
1301,58978 / 363.94 * 11.02 = _______?,1580,1680,1780,1880,C
1302,P is six times as large as q. The percent that q is less than p is:________?,83.33%,16.67%,90%,60%,A
1303,The average run of a cricket player in 10 innings was 33. How many runs must he make in his next innings to increase his average by 3 runs?,66,68,76,None of these,A
1304,The length and breadth of a rectangular piece of land are in the ratio of 5:3. The owner spent Rs 3000 for surrounding it from all sides at Rs 7.50 per meter. The difference between its length and breadth is_________?,50m,100m,150m,200m,A
1305,"The average salary of workers in an industry is Rs. 200, the average salary of technicians is Rs. 400, and that of non-technicians is Rs. 125. What is the total number of workers?",250,275,550,Cannot be determined,D
1306,"Pipes A and B can fill a cistern in 8 and 24 minutes respectively. They are opened an alternate minutes. Find how many minutes, the cistern shall be full?",6 min,12 min,19 min,10 min,B
1307,The true discount on Rs. 1760 due after a certain time at 12% per annum is Rs. 160. The time after which it is due is:,6 months,8 months,9 months,10 months,D
1308,"Two pipes A and B can fill a tank in 15 min and 20 min respectively. Both the pipes are opened together but after 4 min, pipe A is turned off. What is the total time required to fill the tank?",10 min 20 sec,11 min 45 sec,12 min 30 sec,14 min 40 sec,D
1309,"Visitors to show were charged Rs.15 each on the first day. Rs.7.50 on the second day, Rs.2.50 on the third day and total attendance on the three days were in ratio 2:5:13 respectively. The average charge per person for the whole show is___________?",Rs0.30 ,Rs.4.50,Rs.5.00,Rs.7.50,C
1310,"The ages of A and B are in the ratio 6:5, and the sum of their ages is 44 years. What will be the age of B after 8 years?",20 years,25 years,28 years,None of these,C
1311,"A ladder 15m long just reaches the top of a vertical wall. If the ladder makes an angle of 60 degrees with the wall, then the length of the wall is:",15 √3 m,15 √2 m,15/2 m,15/√7 m,A
1312,"By converting 142.5% into a decimal, the answer will be:",1.425,0.1425,142.5,14.25,A
1313,"A cistern has a leak which would empty the cistern in 20 minutes. A tap is turned on which admits 4 liters a minute into the cistern, and it is emptied in 24 minutes. How many liters does the cistern hold?",480 liters,600 liters,720 liters,800 liters,A
1314,How many two-digit numbers are divisible by 9?,9,10,11,12,B
1315,The sum of the length breadth and depth of cuboid is 19cm and it's diagonal is 5√5 cm it's surface area is_________?,125 Sq.cm,236 Sq.cm,361 Sq.cm,None of these,B
1316,What is the ratio 0.35:0.65 in its simplest form?,13:05,7:13,13:07,17:03,B
1317,A man can row three-quarters of a kilometre against the stream in 11 1/4 minutes and down the stream in 7 1/2 minutes. The speed (in km/hr) of the man in still water is:_________?,2km/hr,3km/hr,4 km/hr,5 km/hr,D
1318,"By converting 75% into a fraction, the answer will be:",03-Apr,02-Mar,01-Mar,01-Apr,A
1319,"The average weight of a group of boys is 30 kg. After a boy of weight 35 kg joins the group, the average weight of the group goes up by 1 kg. Find the number of boys in the group originally?",4,5,6,7,A
1320,What is the difference between the compound interest on Rs.12000 at 20% p.a. for one year when compounded yearly and half yearly?,Rs0.14 ,Rs0.12 ,Rs0.13 ,Rs0.11 ,B
1321,A can do a piece of work in 16 days while B can do it in 12 days. With the help of C they can finish it in 6 days. In how many days can C alone do the work?,48 days,10 days,20 days,30 days,A
1323,"A,B,C, and D are four consecutive even number respectively and their average is 65. What is the product of A and D?",3968,4216,4092,4352,B
1324,"I. a² + 8a + 16 = 0, II. b² - 4b + 3 = 0 to solve both the equations to find the values of a and b?",If a < b,If a ≤ b,If the relationship between a and b cannot be established,If a > b,A
1325,"If a train travels 180 km at a speed of 60 km/h, how much less time will it take to complete the same journey at a speed of 90 km/h?",22 mins,24 mins,60 mins,30 mins,C
1326,A merchant sold his goods for Rs. 75 at a profit percent equal to C.P. The C.P was:________?,Rs. 40,Rs. 50,Rs. 60,Rs. 70,B
1327,15 weavers can weave some length of cloth in 1 hour and 24 minutes. How many more weavers are required to do the same job in 60 minutes?,6,25,20,30,A
1328,"If Mary traveled 116 miles on day 1, 130 miles on day 2, and 114 miles on day 3, how many miles per day did she average?",120,115,116,114,A
1329,Twenty women can do a work in sixteen days. Sixteen men can complete the same work in fifteen days. What is the ratio between the capacity of a man and a woman?,3:04,4:03,5:03,Data inadequate,B
1330,Evaluate: √6084,78,72,66,65,A
1331,Two concentric circles have radii of 10 cm and 6 cm. Find the length of the chord of the larger circle which touches the smaller circle. Geometric Measurement,8 cm,12 cm,16 cm,09 cm,C
1332,"A takes 6 days less than the time taken by B to finish a piece of work. If both A and B together can finish it in 4 days, what is the time taken by B to finish the work?",10 days,12 days,14 days,16 days,B
1333,"Pipe A can fill a tank in 6 hours. Due to a leak at the bottom, it takes 9 hours for the pipe",to fill the tank. In what time can the leak alone empty the full tank? Pipes and Cisterns 16 hours,15 hours,18 hours,17 hours,C
1334,"(i). a² + 11a + 30 = 0, (ii). b² + 6b + 5 = 0 to solve both the equations to find the values of a and b?",If a < b,If a ≤ b,If the relationship between a and b cannot be established,If a > b,B
1335,A train covers 45 ½ km distance in one hour. How much distance train will cover in 25 hours?,1437.5 km,1537.5 km,1637.5 km,1137.5 km,D
1336,"A tank can be filled by tap A in 16 hrs and by tap B in 20 hrs. Both the taps are kept opened for 8hrs and then A is closed. In how many more hours, will the tank be completely filled?",2hrs,12 hrs,10hrs,0.5hrs,A
1337,Asghar can do a job in 60 days. And both Asghar and Babar can do the same job in 20 days working together. Babar alone can do the same job in:,30 days,60 days,28 days,45 days,A
1338,"In how many ways can three consonants and two vowels be selected from the letters of the word ""TRIANGLE""?",25,13,40,30,D
1339,"A and B have the same amount of money. After A gives B $50, B has 5 times as much money as A has left. How much did A and B each have at first?",50,75,100,None of these,B
1340,The prime numbers between 64 and 81 are:,2,3,4,5,C
1341,"The sides of a triangle are in the ratio 1/2:1/3:1/4. If the perimeter is 52cm, then the length of the smallest side is________?",9cm,10cm,11cm,12cm,D
1342,"If P is 6 times as large as Q, by what percent is Q smaller than P?",84%,85.50%,83.33%,None of these,C
1343,What is the sum of the interior angles of a triangle?,360 degrees,240 degrees,180 degrees,145 degrees,C
1344,"P,Q and R together earn Rs.1620 in 9 days. P and R can earn Rs.600 in 5 days. Q and R in 7 days can earn Rs.910. How much amount does R can earn per day?",Rs0.40 ,Rs0.70 ,Rs0.90 ,Rs0.10 ,B
1345,"On selling 17 balls at Rs. 720, there is a loss equal to the cost price of 5 balls. The cost price of a ball is:________?",Rs. 45,Rs. 50,Rs. 55,Rs. 60,D
1346,The perimeter of a rectangle and a square is 160m each. The area of the rectangle is less than its square by 100 sq. m. The length of the rectangle is ________________?,30 m,40 m,50 m,60 m,C
1347,"A man covers a distance of 20 km in 3.5 hours partly by running and partly by walking. If he walks at 4 kmph and runs at 10 kmph, find the distance he covers by walking. Time, Speed, and Distance",10 km,8 km,12 km,9 km,A
1348,√4225 = ?,45,65,75,55,B
1349,Two numbers are respectively 20% and 50% more than a third number. The ratio of the two numbers is :__________?,5:04,3:04,4:05,4:03,C
1350,A sum of Rs. 2500 amounts to Rs. 3875 in 4 years at the rate of simple interest. What is the rate of interest?,12.25%,12%,6%,13.75%,D
1351,30% of 100 is equal to 3% of what number?,800,1000,700,None of these,B
1352,A boy has Rs. 2. He wins or loses Rs.1 at a time if he wins he gets Rs.1. and if he loses the game he loses Rs.1 He can loose only 5 times. He is out of the game if he earns Rs.5. find the number of ways in which this is possible?,14,23,16,12,A
1353,"An outlet pipe can empty 2/3 rd of a cistern in 12 minutes. In 8 minutes, what part of the cistern will be emptied?",04-Sep,02-Mar,04-Jul,01-Jun,A
1354,The length of the wire of 0.2mm radius that can be drawn after melting a solid copper sphere of diameter 18cm?,24.3 m,243 m,2430 m,24300 m,D
1355,"The area of a square field 3136 sq m, if the length of cost of drawing barbed wire 3 m around the field at the rate of Rs.1.50 per meter. Two gates of 1 m width each are to be left for entrance. What is the total cost?",Rs0.10 ,Rs0.11 ,Rs1.00 ,Rs0.11 ,C
1356,Three consecutive odd integers are in increasing order such that the sum of the last two integers is 13 more than the first integer. Find the three integers?,"9, 11, 13","11, 13, 15","13, 15, 17","7, 9, 11",D
1357,"A alone can finish a work in 10 days and B alone can do it in 15 days. If they work together and finish, then out of a total wages of Rs.75. A will get:___________?",35 Rs.,40 Rs.,45 Rs.,None of these,C
1358,"On a map, 1/2 inch is equal to 12 kilometers. The distance between two points is 5 2/3 inches. What is the actual distance in kilometers?",122 km,130 km,136 km,140 km,C
1359,"Two kinds of rice, 1st costs Rs.13 per kg and 2nd costs Rs.19 per kg are mixed together. Find the ratio in which the 2 types are mixed so that the mixture costs Rs.14.2 per kg?",1:04,4:01,1:05,5:01,B
1360,"A cistern has three pipes, A, B and C. The pipes A and B can fill it in 4 and 5 hours respectively and C can empty it in 2 hours. If the pipes are opened in order at 1, 2 and 3",M. When will the cistern be empty? Pipes and Cisterns 3 PM,4:00 PM,4 30 PM,5:00 PM,D
1361,What is the value of (-3)³?,-27,27,9,-9,A
1362,If (461 + 462 + 463 + 464) is divisible by ?,3,11,13,None of these,D
1363,"There are two sections, A and B, of a class, consisting of 36 and 44 students respectively. If the average weight of section A is 40 kg and that of section B is 35 kg, find the average weight of the whole class.",30 kg,35 kg,37.25 kg,42.50 kg,C
1364,A man spends one quarter of his income on food . One fifth of it on rent and remaining which is Rs.231 on other commodities. Find his total income?,Rs0.42 ,Rs0.40 ,Rs0.46 ,Rs0.41 ,A
1365,Solve for x in the equation: (x + 3) / (x + 4) = 5 / 4. Linear Equations,-9,-85,9,8,D
1366,"The price of a pen is Rs. 75. After a 20% discount, what is its new price?",Rs. 64,Rs. 55,Rs. 60,None of these,C
1367,"Ali's shell collection is 80% larger than Aslam's. If Aslam had 80 more shells, their collections would be equal. What is the total number of shells they have together?",620,720,320,280,B
1368,"What is 3.4 percent of 1,000?",24,34,38,40,B
1369,"The difference between the length and breadth of a rectangle is 23 m. If its perimeter is 206 m, then its area is__________?",1520 m²,2420 m²,2480 m²,2520 m²,D
1370,Surface area of two spheres are in the ratio 1:4 what is the ratio of their volumes?,1:03,1:08,1:09,1:12,B
1371,A 6% stock yields 8%. The market value of the stock is:___________?,Rs. 48,Rs. 75,Rs. 96,Rs. 133.33,B
1372,The ratio 35:84 in its simplest form is:,5:07,7:12,5:12,None of these,C
1373,"A person spends 1/5th of his income on the education of his children, and 20% of the remaining on food. If he is left with Rs.576 find his income?",Rs0.90 ,Rs0.80 ,Rs0.50 ,Rs0.10 ,A
1374,"A man buys milk at a certain rate per litre and, after adding water to it, sells the mixture at the same rate. Find in what ratio he must mix water with milk so as to gain 20% on his outlay?",1:05,2:05,3:04,2:03,A
1375,Samad purchased 20 dozens of toys at the rate of Rs. 375 per dozen. He sold each one of them at the rate of Rs. 33. What was his percentage profit?,3.50%,4.50%,5.60%,6.50%,C
1376,"A rope of which a calf is tied is increased from 12 m to 23 m, how much additional grassy ground shall it graze?",1120 m²,1250 m²,1210 m²,1200 m²,C
1377,What is the formula for the value of a principal sum after n years with compound interest?,P=A(1-r/n)^(n+1),A=P(1+r/n)^n,A=P(1-r/n)^n,None of these,B
1378,"If x varies directly as (4y-1), and x = 14 when y = 2, what is the value of x when y = 5?",10,28,35,38,C
1379,"Given that x : 70 :: 60 : 120, what is the value of x?",35,40,140,50,A
1380,"The speed at which a man can row a boat in still water is 15 kmph. If he rows downstream, where the speed of current is 3 kmph, what time will he take to cover 60 metres?",10 seconds,15 seconds,20 seconds,12 seconds,D
1381,What percentage is 12 of 36?,35%,33.33%,30%,40%,B
1382,"An order was placed for the supply of a carpet whose length and breadth were in the ratio of 3 : 2. Subsequently, the dimensions of the carpet were altered such that its length and breadth were in the ratio 7 : 3 but were was no change in its perimeter. Find",7:08,8:07,9:07,7:09,B
1383,"Amy spends d dollars on groceries each week, and one-fourth of that amount is spent on fruit. In terms of d, how many weeks will it take Amy to spend a total of $100 just on fruit?",400/d,d/100,25/d,d/25,A
1384,0.26 ÷ 100 = ?,0.026,0.0026,26,0.00026,B
1385,M ranked Sixteenth from the top and twenty-ninth from the bottom among those who passed an examination . Six Students did not participate in the examination and five failed. The number of students in the class was:,40,44,50,55,D
1386,A person bought an article and sold it at a loss of 10 % if he had bought it for 20 % less and sold it for Rs. 55 more he would have had a profit of 40 %. The C.P of the article is:,Rs. 200,Rs. 225,Rs. 250,None of these,C
1387,What is X^(2a/b) in radical form?,b√X^(2a),a√X^(2b),b√X^(2b),a√X^(2a),A
1388,"In the sequence a_n = 3n+2, what is the LCM of the 6th and 7th terms? (Note: the symbol _ indicates subscript) Arithmetic Progression",360,460,520,620,B
1389,"40 is subtracted from 60% of a number, the result is 50. Find the number?",150,140,130,110,A
1390,What is a circle that touches all three sides of a triangle from the inside called?,Excircle or escribed Circle,Incircle or inscribed Circle,Tangent line of a circle,Trigonometric Rules,B
1391,"A railway engine travels 240 m in 24 seconds. At this rate, how many seconds does it take to travel 650 m?",59 seconds,62 seconds,65 seconds,None of the above,C
1392,"I. x² + 9x + 20 = 0, II. y² + 5y + 6 = 0 to solve both the equations to find the values of x and y?",If x < y,If x > y,If x ≤ y,If x ≥ y,A
1393,The sum of the square of the three consecutive even natural numbers is 1460. Find the numbers?,"18, 20, 22","20, 22, 24","22, 24, 26","24, 26, 28",B
1394,"If X can run 48m and Y 42m, then in a race of 1km, X beats Y by:_________?",140m,125m,100m,110m,B
1395,A car is moving at a speed of 120 km/h. How much distance does the car cover in 4 hours and 30 minutes?,540,550,570,580,A
1396,"The distance between two cities is 203 miles, and the journey takes 3 1/2 hours. What is the average speed of the vehicle?",50 mph,53 mph,58 mph,62 mph,C
1397,"If Rs. 10 be allowed as true discount on a bill of Rs. 110 due at the end of a certain time, then the discount allowed on the same sum due at the end of double the time is:",Rs. 20,Rs. 21.81,Rs. 22,Rs. 18.33,D
1398,"Farjan and Kashif can complete a task in 30 days. Farjan leaves after 20 days, and Kashif alone completes it in another 25 days. How many days does Farjan alone take to complete the entire task?",50 days,75 days,60 days,45 days,A
1399,"A watch was sold at a loss of 10%. If it was sold for Rs.140 more, there would have been a gain of 4%. What is the cost price?",Rs0.10 ,Rs0.11 ,Rs0.86 ,Rs0.76 ,A
1400,"A shopkeeper marks his goods 20% above cost price, but allows a 30% discount for cash payment. His net loss is?",10%,12%,14%,16%,D
1401,Solve: 100 ÷ 50 × 2. BODMAS,1,2,3,4,D
1402,A man took a loan from a bank at the rate of 12% p.a. simple interest. After 3 years he had to pay Rs. 5400 interest only for the period. The principal amount borrowed by him was:,Rs. 2000,"Rs. 10,000","Rs. 15,000","Rs. 20,000",C
1403,The quality of water that should be added to reduce 9 ml. Lotion containing 50 % alcohol to a lotion containing 30 % alcohol is_________?,3 ml,4 ml,5 ml,6 ml,D
1404,"If a card is drawn from a well shuffled pack of cards, the probability of drawing a spade or a king is__________?",19/52,17/52,May-13,Apr-13,D
1405,"If two dice are thrown together, the probability of getting an even number on one die and an odd number on the other is__________?",01-Apr,01-Feb,03-Apr,03-May,B
1406,____ is a math concept that measures the total length around the outside of a shape.,Angle,Perimeter,Factor,Probability,B
1407,40% of a number is more than 20% of 650 by 190. Find the number?,600,700,800,900,C
1408,"378 trees are planted in rows in the shape of an isosceles triangle, with the number of trees in successive rows decreasing by one from the base to the top. How many trees are in the row that forms the base?",28,27,26,25,B
1409,"If one-third of one-fourth of a number is 15, then three-tenths of that number is:",40,45,54,None of these,C
1410,What is the value of (-1/5) × (1/5)?,-1,-25,-0.04,None of these,C
1411,"The smallest number when increased by "" 1 "" is exactly divisible by 12, 18, 24, 32 and 40 is__________?",1439,1440,1459,1449,A
1412,Speed of a boat in standing water is 9 kmph and the speed of the stream is 1.5 kmph. A man rows to a place at a distance of 105 km and comes back to the starting point. The total time taken by him is_________?,16 hours,18 hours,20 hours,24 hours,D
1413,The curved surface of a sphere is 64 π cm². Find its radius?,1 cm,2 cm,4 cm,3 cm,C
1414,"A reduction of 25% in the price of oil enables a house wife to obtain 5kgs more for Rs.800, what is the reduced price for kg?",Rs0.20 ,Rs0.30 ,Rs0.40 ,Rs0.25 ,C
1415,"A tradesman marks his goods 10% above his cost price. If he allows his customers 10% discount on the marked price. How much profit or loss does he make, if any?",1% gain,1% loss,5% gain,No gain no loss,B
1416,A man buys Rs. 25 shares in a company which pays 9% dividend . The money invested is such that it gives 10% on investment. At what price did he buy the shares?,Rs0.22 ,Rs.22.50,Rs0.25 ,Rs.28.50,B
1417,"One pipe can fill a tank three times as fast as another pipe. If together the two pipes can fill the tank in 36 min, then the slower pipe alone will be able to fill the tank in?",81 min,108 min,144 min,192 min,C
1418,"An article was sold after a discount of 20% and there was a gain of 20%. If the profit made on it was Rs. 6 less than the discount offered on it, find its selling price?",Rs. 72,Rs. 90,Rs. 66,Rs. 96,A
1419,"The cost price of a Rs. 100 stock at 4 discount, when brokerage is 1/4 % is:___________?",Rs. 96,Rs. 95.75,Rs. 96.25,Rs. 104.25,C
1420,"The sum of the ages of a father and his son is 100 years. Five years ago, their ages were in the ratio of 2:1. What will be the ratio of their ages 10 years from now?",10:07,5:03,4:03,None of these,B
1421,Find the values of x and y by solving the system of equations: 2x+y=20 and 6x-5y=12.,"x=5, y=6","x=7, y=6","x=4, y=5","x=9, y=8",B
1422,"If Mobeen while selling two goats at the same price makes a profit of 10% on one goat and suffers a loss of 10% on the other, he:",Makes no profit and no loss,Makes a profit of 1%,Suffers a loss of 1%,Suffers a loss of 2%,C
1423,"If the volumes of two cubes are in the ratio 8:1, what is the ratio of their edge lengths?",8:01,2:01,12:01,4:01,B
1424,A pupil's marks were wrongly entered as 83 instead of 63. Due to the average marks for the class got increased by half. The number of pupils in the class is___________?,10,20,40,73,C
1425,Which of the following is a binary number?,1001,1002,1005,1006,A
1426,Find the one which does not belong to that group?,YCAEC,KOMQO,PTRUT,GKIMK,C
1427,A man can row three-quarters of a kilometer against the stream in 11 ¼ minutes and return in 7 ½ minutes. The speed of the man in still water is________?,2km/hr,3km/hr,4 km/hr,5 km/hr,D
1428,"To fill a tank, 25 buckets of water are required. How many buckets will be required to fill the same tank if the capacity of the bucket is reduced to two-fifths of its present capacity?",30,35,62.5,None of these,C
1429,"Machine P can print one lakh books in 8 hours. Machine Q can print the same number of books in 10 hours, while Machine R can print the same in 12 hours. All the machines started printing at 9 A.M. Machine P is stopped at 11 A.M. and the remaining two",3:00 PM,2:00 PM,1:00 PM,11:00 AM,C
1430,"Three cubes of metal whose edges are 9, 12 and 15 cm respectively, are melted and one new cube is made. Find the edge of the new cube?",21 cm,19 cm,32 cm,18 cm,D
1431,"If n is a natural number, then 92n- 42n is always divisible by?",5,13,Both A '& B,None of these,C
1432,Find the one which does not belong to that group?,30,630,10,520,B
1433,"An article is bought for Rs.675 and sold for Rs.900, find the gain percent?",16.67%,30%,33.33%,33.16%,C
1434,"Out of first 20 natural numbers, one number is selected at random. The probability that it is either an even number or a prime number is_____________?",01-Feb,16/19,04-May,17/20,D
1435,At what price must an article costing Rs.47.50 be marked in order that after deducting 5% from the list price. It may be sold at a profit of 25% on the cost price?,Rs. 62.50,Rs. 72.50,Rs. 75.00,Rs. 80.00,A
1436,"On a sum of money, the S.I. for 2 years is Rs. 660, while the C.I. is Rs. 696.30, the rate of interest being the same in both the cases. The rate of interest is________?",10%,10.50%,12%,11%,D
1437,12.5% is equal to which fraction?,01-May,01-Jun,01-Aug,01-Oct,C
1438,"The least number which when diminished by 7 is divisible by 21, 28, 36 and 45 is________?",1267,1265,1261,68,A
1439,"What profit percent is made by selling an article at a certain price, if by selling at 2/3rd of that price, there would be a loss of 20%?",20%,25%,13%,12%,A
1440,"If x% of 200 = y% of 250, find y:x. Ratio",5:04,2:03,4:01,4:05,D
1441,A train 110 meters long passes a telegraph pole in 3 seconds. How long will it take to cross a platform 165 meters long?,4 seconds,4.5 seconds,7.5 sec,10 sec,C
1442,"In a box, there are 10 red and 5 black balls. If one ball is picked up randomly, what is the probability that it is the red ball?",01-Feb,01-Mar,02-Mar,04-May,C
1443,A property decreases in value every year at the rate of 6 1/4% of its value at the beginning of the year its value at the end of 3 years was Rs.21093. Find its value at the beginning of the first year?,Rs0.26 ,Rs0.32 ,Rs0.18 ,Rs0.19 ,A
1444,Two-fifth of one-third of three-seventh of a number is 15. What is 40% of that number?,72,84,136,None of these,D
1445,A brick measures 20 cm * 10 cm * 7.5 cm how many bricks will be required for a wall 25 m * 2 m * 0.75 m?,24000,23000,22000,25000,D
1446,"Calculate the number of bricks, each measuring 25 cm * 15 cm * 8 cm required to construct a wall of dimensions 10 m * 4 m * 5 m when 10% of its volume is occupied by mortar?",40000,50000,60000,70000,C
1447,Find the one which does not belong to that group?,Oasis,Fountain,Mirage,Pond,C
1448,"Three years ago the average age of a family of six members was 19 years. A boy have been born, the average age of the family is the same today. What is the age of the boy?",1 years,1.5 years,2 years,2.5 years,A
1449,"Find the average of 277, 278, 279, 280, 281, 282, and 283.",280,281,283,284,A
1450,"If 28 men can finish a work in 15 days, 21 men can finish the same work in___________?",24 days,14 days,15 days,20 days,D
1451,"For the series, what is the next term: 4, 6, 9, 13, ____?",15,12,18,17,C
1452,Saima gets Rs. 200 per month as pocket money. She spends 80% of it. How much will she save in a year?,Rs. 160,Rs. 40,Rs. 480,Rs. 500,C
1453,The medians of a triangle cut each other in the ratio:,4:01,3:01,2:01,1:01,C
1454,Nine men went to a hotel. Eight of them spent Rs.3 each over their meals and the ninth spent Rs.2 more than the average expenditure of all the nine. Determine the total money spent by them?,Rs.29.25,Rs.30.25,Rs0.32 ,Rs0.35 ,A
1455,"Find the H.C.F of 54/9, 3 9/17 and 36/51?",17-Jun,Feb-51,Jun-17,17,B
1456,Find the highest common factor of 36 and 84.,4,6,12,18,C
1457,"The length and breadth of a rectangle are in the ratio 3:1. If the breadth is 7 cm, then the length of the rectangle is:",14 cm,16 cm,18 cm,21 cm,D
1458,"A carpenter lays x bricks per hour for y hours and then lays x/2 bricks per hour for 2y more hours. In terms of x and y, how many bricks did he lay in total?",xy,2xy,3xy,4xy,B
1459,Three-fourths of a number is 60 more than its one-third. The number is:,120,135,144,None of these,C
1460,"The mean marks of 30 students in a class is 58.5. Later on, it was found that 75 was wrongly recorded as 57. Find the correct mean. Average",57.4,57.5,58.9,59.1,D
1461,"To produce an annual income of Rs. 1200 from a 12% stock at 90, the amount of stock needed is__________?","Rs. 10,000","Rs. 10,800","Rs. 14,400","Rs. 16,000",A
1462,The price of petrol has increased by 25%. By how much percent a car owner should reduce his consumption of petrol? So that expenditure on petrol would not be increased?,25%,30%,50%,20%,D
1463,(0.9 x 0.9 - 0.8 x 0.8) / 1.7 = ________?,0.1,0.01,0.17,1,A
1464,A flagstaff 17.5 m high casts a shadow of length 40.25m. What is the height of a building that casts a shadow of length 28.75 m under similar conditions?,10 m,12.5 m,17.5 m,21.25 m,B
1465,[(62.25/2.5) + (12.5/0.5)] / [(0.75 * 9) + (3.5 * 3.5)] = _________?,1.447368421,3.235294118,4.235294118,None of these,D
1466,"If a shirt that costs 20 dollars is reduced by 20%, what is the new price?",16 Dollars,17 Dollars,20 Dollars,30 dollars,A
1467,"An open rectangular tank that is 4m long, 2m wide, and 4.8m high is initially three- quarters full of water. Find the depth of the water after 4,000 liters are added. Geometric Measurement",3.1 m,4.1 m,5.1 m,6.1 m,B
1468,"The population of a town increases 4 % annually, but is decreased by emigration annually to the extent of (1/2) %. What will be the increase percent in three years?",9.80%,10%,10.50%,10.80%,D
1469,"Four car rental agencies A, B, C and D rented a plot for parking their cars during the night. A parked 15 cars for 12 days, B parked 12 cars for 20 days, C parked 18 cars for 18 days and D parked 16 cars for 15 days. If A paid Rs. 1125 as rent for parking his cars, what",Rs. 4500,Rs. 4800,Rs. 5250,Rs. 6150,D
1470,If the side of a square is increased by 30 %. Its area is increased by:_________?,9%,30%,60%,69%,D
1471,What is the square root of 0.16?,0.4,0.5,0.6,0.7,A
1472,"A papaya tree was planted 2 year ago. It increases at the rate of 20% every year. If at present , the height of the tree is 540cm, what was it when the tree was planted?",432cm,324cm,375cm,400cm,C
1473,A bucket contains 2 litres more water when it is filled 80 % in comparison when it is filled 66 2/3 % what is the capacity of the bucket?,10 litres,15 litres,66 2/3 litres,20 litres,B
1474,"The average of 35 numbers is 25. If each number is multiplied by 5, find the new average?",125,134,170,98,A
1475,Masood's age 18 years hence will be thrice his age four years ago. Find Masood's present age?,12 years,21 years,18 years,None of these,D
1476,P takes twice as much time as Q or thrice as much time as R to finish a piece of work. They can finish the work in 2 days if they work together. How much time will Q take to do the work alone?,7 days,8 days,9 days,6 days,D
1477,"Shahwaiz has 20 football cards, and Azhaan has 44 baseball cards. They agree to trade such that Azhaan gives Shahwaiz 2 baseball cards for every card Shahwaiz gives to Azhaan. After how many such trades will Shahwaiz and Azhaan each have an equal",11,12,14,8,D
1478,How many meters are in one kilometer?,10,100,1000,10000,C
1479,A customer saves Rs.30 when a discount of 20% on the marked price is offered. The price of the article is:,Rs0.15 ,Rs0.10 ,Rs0.30 ,Rs0.12 ,A
1480,A works thrice as fast as B. If B can complete a work in 18 days. Then number of days taken by A and B working together to complete this work is:,8 days,9 days,5 days,4.5 days,D
1481,A man can row 9 1/3 km/hr in still water and he finds that is thrice as much time to row u p than as to row down the same distance in river. The speed of the current is:________?,3 1/3 km/hr,3 1/9 km/hr,1 ¼ km/hr,4 2/3 km/hr,D
1482,"The area of a triangle will be when a = 1m, b = 2m, c = 3m, a, b, c being lengths of respective sides. Geometric Measurement",0 sq m,3 sq m,2 sq m,6 sq m,A
1483,"The average age of a husband, wife and their child 3 years ago was 27 years and that of wife and the child 5 years ago was 20 years. The present age of the husband is___________?",35 years,30 years,40 years,None of these,C
1484,"Complete the series: 10, 20, 40, 80, ____.",120,140,160,180,C
1485,What is the value of 1/3 + 1/3?,01-Mar,03-Feb,02-Mar,None of these,C
1486,"Bilal can do a work in 15 days and Jalal in 12 days. If they work on it together for 4 days, the fraction of work that is left is________?",03-May,04-Jul,02-May,01-Apr,C
1487,"Minhas buys an old scooter for Rs. 4700 and spends Rs. 500 on its repairs. If he sells the scooter for Rs. 5800, his gain percent is:",4.57%,5.45%,10%,11.54%,D
1488,The number of permutations of the letters of the word 'MESMERISE' is ___________?,362880,60480,30240,45360,C
1489,How much would a sum of Rs 16000 approximately amount to in 2 years at 10% P.a compounded half-yearly?,"Rs17,423 ","Rs18,973 ","Rs19,448 ","Rs19,880 ",C
1490,"A, B, C agreed to divide a profit in the ration of 2 : 4 : 7. What is the sum of the greatest and the smallest share out of a profit of 52000?",36000,4000,28000,2000,A
1491,"A sum of Rs. 12,500 amounts to Rs. 15,500 in 4 years at a simple rate of interest. What is the rate of interest?",6%,8%,10%,None of these,A
1492,"A man gains 20% by selling an article for a certain price. If the sells it at double the price, the percentage of profit will be:________?",40%,100%,120%,140%,D
1493,Asghar traveled from his house to his office at 10 km/hr and returned at rate of 9 km/hr. Rohit travelled through the same path both ways at 12 km/hr and took 10 minutes less than Asghar. What is the distance between Asghar's house and his office?,3000m,7500m,3750m,7000m,C
1494,"The ratio of the last year's incomes of A, B, & C was 3:4:5. The ratios of their individual last year's income to this year's income are 4:5, 2:3, and 3:4, respectively. If their total current year income is Rs. 98,500, what is the present income of A?","Rs. 22,400","Rs. 22,500","Rs. 22,600","Rs. 22,700",B
1495,Simple interest on a sum at 4% per annum for 2 years is Rs.80. The C.I. on the same sum for the same period is_______?,Rs.81.60,Rs0.16 ,Rs.1081.60,Rs0.99 ,A
1496,A man purchased a watch for Rs. 400 and sold it at a gain of 20% of the selling price. The selling price of the watch is:__________?,Rs. 300,Rs. 320,Rs. 440,Rs. 500,D
1497,"A man invested Rs. 14,400 in Rs.100 shares of a company at 20% premium. If the company declares 5% dividend at the end of the year , then how much does he get?",Rs. 500,Rs. 600,Rs. 650,Rs. 720,A
1498,"Surface area of a sphere is 2464 cm². If its radius is doubled, then the surface area of the new sphere will be. Geometric Measurement",4920 cm²,4727 cm²,9856 cm²,19712 cm²,C
1499,0.003 * ? * 0.0003 = 0.00000027 Basic Arithmetic,9,3,0.3,0.03,C
1500,"In a can, there is a mixture of milk and water in the ratio 4:5. If it is filled with an additional 8 litres of milk, the can would be full, and the ratio of milk and water would become 6:5. Find the capacity of the can.",40 litres,44 litres,48 litres,52 litres,B
1501,√6 x √6 = ?,√6,6,6 x 6,6²,B
1502,An army camp of 200 men has enough food for 60 days. How long will the food last if the number of men in the camp is reduced to 160?,80 days,75 days,70 days,85 days,B
1503,"What is the positive number which, when multiplied by itself, gives 422,500?",650,625,600,775,A
1504,The difference between simple interest and C.I. at the same rate for Rs.5000 for 2 years in Rs.72. The rate of interest is?,10%,12%,6%,8%,B
1505,"If 35 laborers dig 805 cubic meters of earth in 5 hours, how much earth will 30 laborers dig in 6 hours?",728 m³,828 m³,928 m³,None of these,B
1506,"A house wife saved Rs. 2.50 in buying an item on sale. If she spent Rs.25 for the item, approximately how much percent she saved in the transaction?",8%,9%,10%,11%,B
1507,"The length of a rectangular plot is 20 metres more than its breadth. If the cost of fencing the plot @ 26.50 per metre is Rs. 5300, what is the length of the plot in metres?",40,50,120,None of these,D
1508,"In a class of 120 students , 45 students received a grade of B.What percent of the class received a grade of B?",75%,25.60%,37.50%,18.50%,C
1509,"A is 4 times as fast as B and is therefore able to finish a work in 45 days less than B. In how many days can A and B, working together, complete the work?",12 days,15 days,18 days,None of these,A
1510,"If 500 kg of meat feeds 20 lions at a zoo for a week, for how many days will 200 kg of meat feed 14 lions?",4,5,6,8,A
1511,"The smallest number which when divided by 20, 25, 35 and 40 leaves a remainder of 14, 19, 29 and 34 respectively is________?",1994,1494,1394,1496,C
1512,P can finish a work in 18 days. Q can finish the same work in 15 days. Q worked for 10 days and left the job. how many days does P alone need to finish the remaining work?,8 days,6 days,4 days,2 days,B
1513,"A box contains 3 blue marbles, 4 red, 6 green marbles and 2 yellow marbles. If two marbles are picked at random, what is the probability that they are either blue or yellow?",Mar-22,Apr-21,Feb-21,Jan-14,C
1514,"A solution is to be prepared by combining chemicals X, Y, and Z in the ratio 18:3:2. What is the total volume of the solution that can be prepared using 36 litres of X?",44 litres,45 litres,46 litres,47 litres,C
1515,How is 7.5 million written in numbers?,750000,7500000,75000000,None of these,B
1516,"A man can row upstream at 25 kmph and downstream at 35 kmph, and then find the speed of the man in still water?",60 kmph,10 kmph,30 kmph,5 kmph,C
1517,A trader lists his articles 20% above C.P and allows a discount of 10% on cash payment. His gain percent is:,10%,8%,5%,6%,B
1518,"A man whose speed is 4.5 kmph in still water rows to a certain upstream point and back to the starting point in a river which flows at 1.5 kmph, find his average speed for the total journey?",8 kmph,4 kmph,2 kmph,10 kmph,B
1519,What is the square of the standard deviation called?,Variance,Dispersion,Range,Mean,A
1520,"If I am sixth in a queue from either end, how many people are in the queue?",11,9,12,13,A
1521,"A tank is 7m long and 4m wide at what speed should water run through pipes 5cm broad and 4cm deep so that in 6 hours and 18 minutes, the water level in the tank rises by 4.5m?",12km/hr,10km/hr,14km/hr,None of these,B
1522,"The Total cost of flooring a room at Rs.8.50 per square meter is Rs.510. If the length of the room is 8 m, it's breadth is__________?",7.5m,8.5m,10.5m,12.5m,A
1523,"If an orange costs Rs. 20 and an apple costs Rs. 16, what is the ratio of the cost of an orange to the cost of an apple?",5:04,4:05,4:16,20:04,A
1524,"If a boat is rowed downstream for 50 km in 5 hours and upstream for 24 km in 6 hours, what is the speed of the boat and the river?","(7 , 3) km/hr","(6 , 4) km/hr","(10 , 4) km/hr",None of these,A
1525,"In a class, there are 18 boys who are over 16 cm tall. If these constitute three-fourths of boys and total number of boys is two-thirds of the total number of students in the class, what is the number of girls in the class?",6,12,14,18,B
1526,A money lender lends Rs.2000 for six months at 20% p.a. rate. It the interest is reckoned quarterly than find the amount given after time limit. Interest,Rs0.22 ,Rs0.22 ,Rs0.22 ,Rs0.20 ,A
1527,"12 buckets of water fill a tank when the capacity of each bucket is 13.5 litres. How many buckets will be needed to fill the same tank, if the capacity of each bucket is 9 litres?",14,15,16,18,D
1528,"The salary of a typist was at first raised by 10%, and then the same was reduced by 5%. If he presently draws Rs. 1045. What was his original salary?",Rs. 900,Rs. 950,Rs. 1000,Rs. 975,C
1529,"4 singers, 5 dancers and 3 comperes divide an amount of Rs.130000 among themselves such that 3 comperes get as much as 2 dancers and 3 dancers get as much as 2 singers. Find the amount received by a singer.",Rs0.18 ,Rs0.13 ,Rs0.15 ,Rs0.10 ,C
1530,75 % of a number when added to 75 is equal to the number. The number is:_______?,150,200,225,300,D
1531,A ____ is a representation of a frequency distribution by means of rectangles whose widths represent class intervals and whose areas are proportional to the corresponding frequencies.,Pictograph,Histogram,Pie Chart,Bar Chart,B
1532,"While selling the watch, a shopkeeper gives a discount of 5% if he gives a discount of 7 % he earns Rs. 15 less as profit. The marked price of the watch is:",Rs. 697.50,Rs. 712.50,Rs. 787.50,None of these,D
1533,"In the xy-plane, points (-3,5) and (6,8) lie on line l. Which of the following points is also on line l?","(0,6)","(3,8)","(9,10)","(12,11)",A
1534,The diameter of a circle is 105 cm less than the circumference what is the diameter of the circle?,44 cm,46 cm,48 cm,49 cm,D
1535,1252 * 23 + 35000 = (?)^2 Basic Arithmetic,242.57,252.57,282.57,384.57,B
1536,The angle of depression from the top of a tower to a point 70m from its base is 60°. What is the height of the tower?,35√3 m,70√3/3 m,70m,70√3 m,D
1537,A motorcyclist travels 200km in 1 hr. How many minutes it would take him to travel 120 km?,72,50,36,24,C
1538,"HCF and LCM two numbers are 12 and 396 respectively. If one of the numbers is 36, then the other number is_______?",36,66,132,264,A
1539,"A can lay a railway track between two stations in 16 days, and B can do the same job in 12 days. With the help of C, they did the job in 4 days only. Then, C alone can do the job in_________?",4 days,9.6 days,9 days,10 days,B
1540,The total number of students in a class in 2016 was 550. Their number increased by 12%. What is the total number of students now?,610,616,615,None of these,B
1541,"A rectangular courtyard, the sides of which are in the ratio of 4:3, cost Rs.600 for paving at 50 p per m²; find the length of the diagonal of the courtyard?",25 m,35 m,45 m,50 m,D
1542,"HCF of 3/16, 5/12, 7/8 is__________?",Feb-47,Mar-47,Jan-48,May-48,C
1543,A can do a particular work in 6 days . B can do the same work in 8 days. A and B signed to do it for Rs. 3200. They completed the work in 3 days with the help of C. How much is to be paid to C?,Rs. 380,Rs. 600,Rs. 420,Rs. 400,D
1544,"A rectangular farm has to be fenced one long side, one short side and the diagonal. If the cost of fencing is Rs.10 per meter. The area of farm is 1200 m2 and the short side is 30 m long. How much would the job cost?",Rs0.70 ,Rs0.12 ,Rs0.14 ,Rs0.15 ,B
1545,"If the radius of a circle is 1 cm, what is the area of the circle in mm^2?",314 mm,314 cm²,314 mm²,None of these,C
1546,"If x % of 80 = 20% of y, then x = ? and y = ?","x = 20, y = 20","x = 20, y = 40","x = 20, y = 80",Cannot be determined,D
1547,"By selling 12 oranges for one rupee, a man loses 20%. How many for a rupee should he sell to get a gain of 20%?",5,8,10,15,B
1548,"Complete the number series: 0.5, 1.5, 4.5, 13.5, ____.",45.5,39.5,30.5,40.5,D
1549,At what price must kashif sell a mixture of 80 kg sugar at Rs. 6.75 per kg with 120 kg at Rs. 8 per kg to gain 20%?,Rs. 7.50 per kg,Rs. 8.20 per kg,Rs. 8.85 per kg,Rs. 9 per kg,D
1550,Which of the following numbers is 423 divisible by?,21,47,17,43,B
1551,A sum of money invested at C.I. amounts to Rs. 800 in 3 years to Rs. 840 in 4 years. The rate of interest per annum is______?,2.50%,4%,5%,6.67%,C
1552,The arithmetic mean between 4 and 6 is:,5,6,8,10,A
1553,Find out the C.I on Rs.5000 at 4% p.a. compound half-yearly for 1 1/2 years. Interest,Rs.420.20,Rs.319.06,Rs.306.04,Rs.294.75,C
1554,12 women or 16 girls can do a certain job in 20 days. 14 women and 8 girls can do the same job in how many days?,15 days,7 days,12 days,9 days,C
1555,Three numbers are in the ratio 1:2:3 and their H.C.F is 12. The numbers are__________?,"4, 8, 12","5, 10, 15","10, 20, 30","12, 24, 36",D
1556,"Arslan and Bilal have some marbles with them. Arslan told Bilal ""if you give me 'x' marbles, both of us will have equal number of marbles"". Bilal then told Arslan ""if you give me twice as many marbles, I will have 30 more marbles than you would"". Find 'x'?",4,5,6,8,B
1557,A car can travel 360km with a ¾ full tank. How many km can it travel with a 2/3 full tank?,400,320,240,300,B
1558,Find the one which does not belong to that group?,ABB,BCC,CCCDDDD,DDDEEEEE,D
1559,A sum of money at simple interest amounts to Rs. 815 in 3 years and to Rs. 854 in 4 years. The sum is:,Rs. 650,Rs. 690,Rs. 698,Rs. 700,C
1560,What is the ratio of 8 inches to 7 feet?,2:21,21:02,8:07,7:08,A
1561,"If 30% of a number exceeds 20% of it by 18, then find the number?",120,200,180,150,C
1562,"In a ship, the provisions are sufficient for 800 men for 50 days. How long would these be sufficient if there had been 200 more men?",40 days,50 days,30 days,56 days,A
1563,"There are two numbers. If 40% of the first number is added to the second number, then the second number increases to its fifth-fourth. Find the ratio of the first number to the second number?",3:04,5:04,5:08,4:05,C
1564,"What comes next in this sequence: 7, 14, 10, 12, 14, 9, ____?",16,13,15,17,A
1565,"A retail store has monthly fixed costs of $3,000 and monthly salary costs of $2,500 for each employee. If the store hires x employees for an entire year, which equation represents the store's total cost (c), in dollars, for the year?","c = 3,000 + 2,500","c = 12(3,000 + 2,500x)","c = 12(3,000) + 2,500x","c = 3,000 + 12(2,500x)",B
1566,"The number of elements in the power set of {1, 2, 3} is:",5,6,7,8,D
1567,"A lady spends 10% of her budget on utility bills and 75% of the remaining on food provisions. If she is left with Rs. 558, what is her total budget?",Rs. 2480,Rs. 1650,Rs. 5500,Rs. 1680,A
1568,"The interest on Rs. 750 for 2 years is the same as the true discount on Rs. 960 due 2 years hence. If the rate of interest is the same in both cases, it is:",12%,14%,15%,16%,B
1569,The greatest number of four digits that have 144 for their HCF is___________?,9930,9903,9935,9936,D
1570,A committee has 5 men and 6 women. What are the number of ways of selecting a group of eight persons?,165,185,205,225,A
1571,A reduction of 20 % in the price of sugar enables a purchaser to obtain 3kg more for Rs. 120. The original price of sugar per kg is:________?,Rs. 15,Rs. 12,Rs. 10,Rs. 8,C
1572,Product of two co-prime numbers is 117. Their L.C.M should be__________?,1,117,Equal to their H.C.F,Cannot be calculated,B
1573,"What is the average of 1/2, 5/6, 3/4, and 5/12?",01-Feb,03-Apr,05-Aug,07-Aug,C
1574,2 men and 12 women can finish a job in 4 days. 4 men and 6 women can do the same job in 5 days. Find the time taken by 1 man and 1 woman to complete the job.,30 days,25 days,24 days,20 days,C
1575,If books bought at prices ranging from Rs. 200 to Rs. 350 are sold at prices ranging from Rs. 300 to Rs. 425. What is the greatest possible profit that might be made in selling 8 books?,Rs. 400,Rs. 600,Cannot be determined,None of these,D
1576,If 6 (A's capital) = 8 (B's capital) = 10 (C's capital). Then the ratio of their capitals is:,3:04:05,12:15:20,20:15:12,6:08:10,C
1577,"A 30-ounce solution is 25% honey. If 60-ounces of water are added to it, what percent of the new solution is honey?",8%,8.33%,8.35%,8.50%,B
1578,A fruit seller purchases oranges at the rate of 3 for Rs. 5 and sells them at 2 for Rs. 4. His profit in the transaction is:,25%,15%,20%,10%,C
1579,"The fuel after the 4th lap is 22 and it is 18 after 7th laps, then how many laps are made at the end?",10,12.5,20.5,24.7,C
1580,"The adult population of a village is 6400. If 30% of the population is literate, what is the number of illiterate?",4920,3720,4480,3280,C
1581,"A man purchased 3 blankets @ Rs.100 each, 5 blankets @ Rs.150 each and two blankets at a certain rate which is now slipped off from his memory. But he remembers that the average price of the blankets was Rs.150. Find the unknown rate of two blankets?",Rs0.15 ,Rs0.23 ,Rs0.25 ,None,B
1582,"The number of sequences in which 7 players can throw a ball, so that the youngest player may not be the last is?",4000,2160,4320,5300,C
1583,Oscar purchased a new hat that was on sale for $5.06. The original price was $9.20. What percentage discount was the sale price?,4.50%,41.40%,45%,55%,C
1584,A rectangular tank is 225 m by 162m at the base with what speed must water flow into it through an aperture 60cm by 45cm that the level may be raised 20cm in 5 hours?,5000 m/hr,5200m/hr,5400 m/hr,5600 m/hr,C
1585,"One pipe can fill a tank three times as fast as another pipe. If together the two pipes can fill the tank in 36 minutes, then the slower pipe alone will be able to fill the tank in:",81 min.,108 min.,144 min.,192 min.,C
1586,Kahsif Mahmood ranked 9th from the top and 38th from the bottom in class. How many students are there in the class?,47,45,46,48,C
1587,What percentage of numbers from 1 to 70 have squares that end in the digit 1?,1%,14%,20%,21%,C
1588,A person travels from x to y at a speed of 40Km/h and returns by increasing his speed 50%. What is his average speed for both the trips?,36km/h,45km/h,48km/h,50km/h,C
1589,"The ratio of A:B:C:D is 5:2:4:3. If C gets 2000 more than B, how much does B get?",1500,3000,2500,2000,D
1590,"By selling an article at Rs.600, a profit of 25% is made. Find its cost price?",Rs0.35 ,Rs0.40 ,Rs0.57 ,Rs0.48 ,D
1591,15 men were hired to plow a piece of land in 10 days. How many more men will be required to do the same job in 3 days?,35,40,50,None of these,A
1592,"After spending 88% of his income, a man had Rs. 2160 left. Find his income:",Rs. 18000,Rs. 19000,"Rs. 20,000","Rs. 22,000",A
1593,A person bought 200 dozen oranges at Rs. 10 per dozen and spent Rs. 500 on transportation. He sold each orange for Rs. 1. What was his profit or loss percentage?,5%,4%,3%,None of these,B
1594,A can do (1/3) of a work in 5 days and B can do (2/5) of the work in 10 days. In how many days both A and B together can do the work?,75/8 days,44/6 days,48/5 days,None of these,A
1595,What is the first derivative of sin(x)?,cos x,sin x,sec,None of these,A
1596,A person bought an item for Rs. 2500 and sold it at a 15% loss What was the selling price?,Rs. 2025,Rs. 2125,Rs. 2250,None of these,B
1597,"The price of a printer is Rs. 150,000, and it depreciates by 4% annually. What will be the price of the printer after 3 years?",Rs. 131699,Rs. 132710,Rs. 133766,Rs. 135076,B
1598,The diagonals of rhombus are 15cm and 20cm. Find its area?,120 sqcm,300 sqcm,150 sqcm,480sqcm,C
1599,In how many ways can 2 students be chosen from a class of 20 students?,190,180,240,360,A
1600,"Jane loses 18% of her cards on her first turn and then increases her card count by 36% on her second turn. If her final card count is n, what was her starting card count in terms of n?",n / (1.18) (0.64),(1.18) (0.04) n,n / ((1.36) * (0.82)),(0.82) (1.36) n,C
1601,"The sum of two numbers is 138, and their difference is 68. What is the smallest number?",68,35,70,103,B
1602,The diameters of two spheres are in the ratio 1:2 what is the ratio of their volumes?,1:02,1:05,1:08,1:09,C
1603,"If y exceeds x by 25%, then x is less than y by__________?",16%,25%,20%,33.30%,C
1604,Aftab bought 65 books for Rs.1150 from one shop and 50 books for Rs.920 from another. What is the average price he paid per book?,Rs0.20 ,Rs0.18 ,Rs0.22 ,Rs0.16 ,B
1605,"A cyclist covers a certain distance in 50 minutes at a speed of 24 kmph. To cover the same distance in 40 minutes, he should travel at a speed of__________?",30 kmph,27 kmph,25 kmph,20 kmph,A
1606,A rectangle has a length of 10 cm and a perimeter of 30 cm. What is the width of the rectangle?,5 cm,10 cm,15 cm,20 cm,A
1607,The L.C.M of two numbers is 48. The numbers are in the ratio 2:3. The sum of numbers is__________?,28,32,40,64,C
1608,"The average weight of 7 people is 70 kg. If one person weighing 80 kg is replaced by a person weighing 60 kg, what will the new average weight be?",60 kg,67 kg,72 kg,80 kg,B
1609,"If A's income is 40% less than B's income, then how much percent is B's income more than A's income?",66.66%,68.66%,69.66%,None of these,A
1610,"If a car leaves at 21:15 PM on Wednesday and reaches its destination after 5 1/2 hours, at what time will it arrive?",2:45 AM on Thursday,3:00 AM on Thursday,3:15 AM on Thursday,None of these,A
1611,"How many meters of carpet 50cm, wide will be required to cover the floor of a room 30m * 20m?",1000 m,600 m,2400 m,1200 m,D
1612,A room is 12 ¼ m long and 7m wide. The maximum length of a square tile to fill the floor of the room with whole number of it's tiles should be_________?,200cm,175cm,125cm,150cm,B
1613,"If a machine makes 4 yards of cloth in two minutes, how many yards of cloth will the machine make in 50 minutes?",25 yards,50 yards,75 yards,100 yards,D
1614,"The value of an article which was purchased 2 years ago depreciates at 12'%' per annum. If its present value is Rs. '9,680, the price at which it was purchased is:","Rs. 10,000","Rs. 12,500","Rs. 14,575","Rs. 16,250",B
1615,The speed of a car is 75 m/sec. What is the speed of Car in km/h?,135 km/h,270 km/h,200 km/h,250 km/h,B
1616,"In a field, there are ducks and goats. Together they have 77 heads and 244 legs. The number of ducks is:",25,30,32,37,C
1617,What is the angle between the hour and minute hand of a clock at 8:30?,60°,45°,75°,None of these,C
1618,A tap can fill a cistern in 8 hours and another can empty it in 16 hours. If both the taps are opened simultaneously the time (in hours) to fill the tank is:,8 hours,10 hours,16 hours,24 hours,C
1619,A man invests a certain sum of money at 6% per annum simple interest and another sum at 7% per annum simple interest. His income from interest after 2 years was Rs. 354. One-forth of the first sum is equal to one-fifth of the second sum. The total sum invested,Rs0.31 ,Rs0.27 ,Rs0.22 ,Rs0.18 ,B
1620,"Masood invests a part of Rs. 12000 in 12% stock at Rs. 120 and the remainder in 15% stock at Rs. 125. If his total dividend per annum is Rs. 1360, how much does he invest in 12% stock at Rs. 120?",Rs. 4500,Rs. 6000,Rs. 5500,"Rs4,000 ",D
1621,Find the area of a rhombus whose side is 25 cm and one of the diagonals is 30 cm?,225 sq.m,360 sq.m,600 sq.m,480 sq.m,C
1622,In a party there are 5 couples. Out of them 5 people are chosen at random. Find the probability that there are at the least two couples?,May-21,May-14,Sep-14,16/21,A
1623,A right cylinder and a right circular cone have the same radius and the same volume. What is the ratio of the height of the cylinder to that of the cone?,1:03,3:01,2:03,3:02,A
1624,"An express train travelled at an average speed of 100 km / hr, stopping for 3 minutes after every 75 km. How long did it take to reach its destination 600 km from the starting point?",6 hrs 21 min,6 hrs 24 min,6 hrs 27 min,6 hrs 30 min,A
1625,"Find the missing term in the geometric progression: 16, 24, ___, 54. Geometric Progression",30,36,48,50,B
1626,"A father is twice as old as his son. 20 years ago, the father was 12 times as old as the son. What is the present age of the father?",44 years,32 years,22 years,50 years,A
1627,"A, B and C can do a piece of work in 20, 30 and 60 days respectively. In how many days can A do the work if he is assisted by B and C on every Third day?",12 days,15 days,16 days,18 days,C
1628,"The sum of the squares of three numbers is 138, and the sum of their products, taken two at a time, is 15. What is the sum of the three numbers?",15,√168,20,None of these,B
1629,"If 4 cows produce 4 cans of milk in 4 days, how many days does it take 8 cows to produce 8 cans of milk?",16 days,2 days,4 days,8 days,C
1630,"On sports day, if 30 children were made to stand in a column, 16 columns could be formed. If 24 children were made to stand in a column, how many column could be formed?",20,30,40,50,A
1631,The length and breadth of a rectangle are in the ratio 5:4. Find its perimeter if its area is 180 cm². Geometric Measurement,54 cm,27 cm,12 cm,15 cm,A
1632,"Akbar sold his old gun for Rs.900, which he bought for Rs.2500. His loss is?",64%,82%,94%,15%,A
1633,"How much more would Rs.20000 fetch, after two years, if it is put at 20% p.a. compound interest payable half yearly than if is put at 20% p.a. compound interest payable yearly?",Rs0.48 ,Rs0.42 ,Rs0.84 ,Rs0.51 ,A
1634,"Complete the series: 5, 9, 17, 33, ____.",65,82,70,75,A
1635,"In a question paper, there are four multiple choice type questions, each question has five choices with only one choice for it's correct answer. What is the total number of ways in which a candidate will not get all the four answers correct?",19,120,624,1024,C
1636,Find the number of square tiles to cover the floor of a room measuring 4 m * 9 m leaving 0.25 m space around the room. A side of square tile is given to be 25 cms?,425,476,450,350,B
1637,"What is the Least Common Multiple of 5, 15, 20, and 25?",100,200,300,400,C
1638,"Find the greatest number which is such that when 697, 909 and 1227 are divided by it, the remainders are all the same?",53,112,108,106,D
1639,"I. 9a² + 18a + 5 = 0, II. 2b² + 13b + 20 = 0 to solve both the equations to find the values of a and b?",If a > b,If a ≥ b,If a < b,If a ≤ b,A
1640,The successive discounts 20% and 15% are equal to a single discount of__________?,35%,38%,32%,29%,C
1641,"In a mixture of 60 litres, the ratio of milk to water is 2:1. What amount of water must be added to make the ratio of milk to water 1:2?",10 litres,20 litres,60 litres,None of these,C
1642,Find the compound interest and the amount on Rs.8000 at 5% per annum for 3 years when C.I is reckoned yearly?,Rs. 1261,Rs. 1440,Rs. 1185,Rs. 1346,A
1643,12.5 + 10 1/4 of 100 ÷ 10% of 10 = ____________?,1037.5,1157.5,103.75,1038,A
1644,For what value of 'a' will the expression x + (1/4)√x + a² be a perfect square?,±1/18,±1/8,45662,45661,B
1645,The cost price of 13 articles is equal to the selling price of 11 articles. Find the profit percent?,15.33%,18.18%,16.67%,30%,B
1646,"If 60 women spin 48 kg of cotton by working 8 hours daily, how much cotton will 30 women spin by working 12 hours daily?",32 kg,34 kg,36 kg,None of these,C
1647,"If Gohar's salary is 25% less than Babar's salary, then by how much percent is Babar's salary greater than Gohar's?",105/3,100/3,95/3,None of these,B
1648,"A box contains nine bulbs out of which 4 are defective. If four bulbs are chosen at random, find the probability that all the four bulbs are defective. Probability",62/63,125/126,Jan-63,1/126,D
1649,In a hostel there were 100 students. To accommodate 20 more students the average is decreased by rupees 5. But total expenditure increased by Rs.400. Find the total expenditure of the hostel now?,Rs0.50 ,Rs0.46 ,Rs0.54 ,Rs0.23 ,C
1650,The surface area of a (10cm x 4cm x3cm) brick is__________?,84 Sq.cm,124 Sq.cm,164 Sq.cm,180 Sq.cm,C
1651,"A man can swim in still water at 4.5 km/h, but it takes twice as long to swim upstream than downstream. The speed of the stream is _________?",3 km/h,7.5 km/h,2.25 km/h,1.5 km/h,D
1652,X and Y can do a piece of work in 20 days and 12 days respectively. X started the work alone and then after 4 days Y joined him till the completion of the work. How long did the work last?,6 days,10 days,15 days,20 days,B
1653,"The length of a rectangular plot is 4 ½ times that of its breadth. IF the area of the plot is 200 square meters, then what is it's length?",25m,30m,44m,None of these,B
1654,What percent of 125 is 16?,10.40%,12.60%,11.20%,None of these,D
1655,9 is 1/3% of what number?,2700,300,27,30,A
1656,³√216000 + √280 + √322 = ________?,651,361,100,95,D
1657,"The average of five numbers is 27. If one number is excluded, the average becomes 25. The excluded number is__________?",25,27,30,35,D
1658,1095/1168 when expressed in simplest form is:,13/16,15/16,17/26,25/26,B
1659,"If a heart beats 72 times in one minute, in how many seconds does it beat 210 times?",170,175,180,None of these,B
1660,"The sum of the ages of A and B at present is 7 times the difference in their ages. After five years, the sum of their ages will be 9 times the difference in their ages. The present age of the elder of the two is therefore:",10 years,20 years,35 years,None of these,B
1661,A paper is in a square form whose one side is 20 cm. Two semi circles are drawn on its opposites as diameters. If these semi circles are cut down what is the area of the remaining paper?,(400 - 100π) cm2,(400 - 2π) cm2,(400 - 200π) cm2,200π cm2,A
1662,"Two friends start running in opposite directions from the same point. One friend runs 2 km/h faster than the other. After one hour, they are 10 km apart. What are the speeds of both friends?",2 km/h and 6 km/h,4 km/h and 6 km/h,4 km/h and 8 km/h,6 km/h and 8 km/h,B
1663,"Two automobiles are 150 kilometres apart and travelling toward each other. One automobile moves at 60km/h, and the other moves at 40km/h. In how many hours will they meet?",2.5 hours,2 hours,1.75 hours,1.5 hours,D
1664,The average of 18 observations was calculated and it was 124. Later on it was discovered that two observations 46 and 82 were incorrect. The correct values are 64 and 28. The correct average of 18 observations is___________?,123,137,121,122,D
1665,What number increased by 20% of itself is equal to 102?,85,90,75,185,A
1666,"A shopkeeper sells one-third of his goods at a profit of 10%, another one-third at a profit of 20%, and the rest at a loss of 6%. What is his overall profit percentage?",8%,10%,12%,11%,A
1667,"The average age of a husband and a wife is 23 years when they were married five years ago but now the average age of the husband, wife and child is 20 years(the child was born during the interval). What is the present age of the child?",1 year,2 years,3 years,4 years,D
1668,"In a certain series, each number except the first and second is obtained by adding the previous two numbers. If the fist number is 2 and sixth 26, what is the second number?",4,3,8,6,A
1669,The top of a 15 metre high tower makes an angle of elevation of 60° with the bottom of an electric pole and angle of elevation of 30° with the top of the pole. What is the height of the electric pole ?,5 metres,8 metres,10 metres,12 metres,C
1670,"If 0.75 : x :: 5 : 8, what is the value of x?",1,1.2,3.3,None of these,B
1671,"Complete the number series: 1, 6, 13, 22, 33, ____.",44,45,46,47,C
1672,A man can row three-quarters of a kilometre against the stream in 11 1/4 minutes and down the stream in 7 1/2 minutes. The speed (in km/hr) of the man in still water is:_________?,2km/hr,3km/hr,4 km/hr,5 km/hr,D
1673,If 6 men working together can complete 50 identical tasks in 4 hours then how many such identical tasks can be completed if 10 men are working together for 6 hours?,20,25,125,60,C
1674,"A manufacturer sells a pair of glasses to a wholesale dealer at a profit of 18%. The wholesaler sells the same to retailer at a profit of 20%. The retailer in turn sells them to a customer for Rs. 30.09, there by earning a profit of 25%. The cost price for the",Rs. 15,Rs. 16,Rs. 17,Rs. 18,C
1675,The parameter of a square is equal to the perimeter of a rectangle of length 16 cm and breadth 14 cm. Find the circumference of a semicircle whose diameter is equal to the side of the square. (Round off your answer to two decimal places)?,23.57 cm,47.14 cm,84.92 cm,94.94 cm,A
1676,"Jameel gets on the elevator at the 11th floor of a building and rides up at the rate of 57 floors per minute. At the same time, Nasir gets on an elevator at the 51st floor of the same building and rides down at the rate of 63 floors per minute. If they continue",19,28,30,37,C
1677,What is 7% of 42?,2.94,3.94,1.94,2.2,A
1678,"80% of the employees working in a company wear shirts. If 20% of these wear shirts that are black, then what percent of the employees wear shirts that are not black?",30%,60%,64%,65%,C
1679,"The average of four subjects' marks is 120. If a score of 33 was misread as 13 during the calculation, what is the correct average?",122,125,128,None of these,B
1680,"Find the greatest number that, while dividing 47, 215 and 365, gives the same remainder in each case?",3,4,5,6,D
1681,A number is increased by 20% and then decreased by 20%. What is the net percentage change in the number?,0,4% decrease,4% increase,8% decrease,B
1682,20% of 40 + ? % of 80 = 120 Percentage,140,120,160,180,A
1683,The compound and the simple interests on a certain sum at the same rate of interest for two years are Rs.11730 and Rs.10200 respectively. Find the sum. Interest,Rs. 18000,Rs. 17000,Rs. 18500,Rs. 17500,B
1684,What is the result of dividing 30 by 1/2 and then adding 10?,25,160,70,40,C
1685,The radius of a semi circle is 6.3 cm then its perimeter is?,35.4 cm,32.4 cm,32 cm,30 cm,B
1686,A jogger running at 9 km/h alongside a railway track in 240 metres ahead of the engine of a 120 metres long train running at 45 km/h in the same direction. In how much time will the train pass the joɡger?,3.6 sec,18 sec,36 sec,72 sec,C
1687,A cyclist covers a distance of 750 meters in 2 minutes and 30 seconds. What is his speed in km/hr?,16 km/hr,17 km/hr,18 km/hr,19 km/hr,C
1688,"Three persons invested Rs.9000 in a joint business. The second person invested Rs.1000 more than the first and the third Rs.1000 more than the second. After two years, they gained Rs.5400. How much third person will get?",Rs0.24 ,Rs0.36 ,Rs0.29 ,Rs0.20 ,A
1689,How many meters of carpet 63cm will be required to be a floor of a room 14m by 9m?,200m,210m,220m,185m,A
1690,"Complete the series: 1, 8, 27, 64, 125, ____?",144,225,216,256,C
1691,Two trains travel in the same direction at 50 and 32km/h. A man in slower train observes that the faster train passes him in 15 seconds .The length of faster train is:,75m,100m,150m,314.66m,A
1692,Rayan invested certain amount for two rates of simple interests at 6% p.a. and 7% p.a. What is the ratio of Rayan's investments if the interests from those investments are equal?,4:03,3:02,6:05,7:06,D
1693,"The price of a bicycle is Rs. 6,480, inclusive of 8% GST. What is the original price of the bicycle?",Rs. 6000,Rs. 5900,Rs. 6200,None of these,A
1694,"A bookseller sold a book for Rs. 40.00 to make a profit of 15%. In order to earn a profit of 20%, what should the selling price have been?",Rs. 41.74,Rs. 48,Rs. 42.25,Rs. 40.6,A
1695,The product of the area of three adjacent faces of a rectangular box is equal to___________?,The volume of the box,Twice the volume of the box,The square of the volume of the box,Cube root of the volume of the box,C
1696,"A and B started business in partnership investing Rs. 20,000 and Rs. 15,000 respectively. After six months, C joined them with Rs. 20,000. What will be B's share in the total profit of Rs. 25,000 earned at the end of 2 years from the starting of the business?",Rs. 7500,Rs. 9000,Rs. 9500,"Rs. 10,000",A
1697,Average age of students of an adult school is 40 years. 120 new students whose average age is 32 years joined the school. As a result the average age is decreased by 4 years. Find the number of students of the school after joined of new students:,1200,120,360,240,D
1698,"In order to obtain an income of Rs. 650 from 10% stock at Rs. 96, one must make an investment of___________?",Rs. 6240,Rs0.31 ,Rs0.65 ,Rs0.96 ,A
1699,Find the one which does not belong to that group?,27,37,47,67,A
1700,What percent of 3/5 is 3/10?,25%,20%,60%,50%,D
1701,A man buys two articles for Rs.1980 each and he gains 10% on the first and loses 10% on the next. Find his total gain or loss percent?,1% gain,1% loss,10% loss,No gain or no loss,D
1702,A train 100 meters long traveling at 48 km/h completely crosses a bridge in 30 seconds. How long is the bridge?,100m,150m,200m,300m,D
1703,"A and B can do a work in 8 days, B and C can do the same work in 12 days. A, B and C together can finish it in 6 days. A and C together will do it in approximately _________?",4 days,6 days,8 days,12 days,C
1704,Tarun bought a T.V with 20% discount on the labelled price. Had he bought it with 25% discount? He would have saved Rs. 500. At what price did he buy the T.V?,Rs. 5000,Rs. 8000,Rs. 12000,Rs. 16000,B
1705,"In a hospital, there are enough injections sufficient for 15 days. Originally there were 80 patients but 40 more patients appeared. How many days these injections will be sufficient for now?",10 days,15 days,16 days,12 days,A
1706,"Rice is now being sold at Rs. 20/kg. During the last month, its rate was Rs.16 per kg. By how much percent should a family reduce its consumption so as to keep the expenditure fixed?",20%,4%,3%,2%,A
1707,"By investing Rs. 1620 in 8% stock, Maria earns Rs. 135. The stock is then quoted at:_________?",80,96,106,108,B
1708,P and Q can complete a work in 20 days and 12 days respectively. P alone started the work and Q joined him after 4 days till the completion of the work. How long did the work last?,5 days,10 days,15 days,12 days,B
1709,"In a school examination of 600 students, 75% of students passed in Mathematics and 40% passed in Physics. If 20% of the total students passed in both subjects, how many students passed in at least one of the two subjects?",390,450,510,570,D
1710,"The edges of a cuboid are respectively 3cm, 4cm and 12 cm. Find the length of the diagonal of cuboid. Geometric Measurement",5 cm,19 cm,13 cm,144 cm,C
1711,"The average of 6 numbers is 30. If the average of the first four is 25 and that of the last three is 35, what is the fourth number?",25,30,35,None of these,A
1712,"A reduction of 40% in the price of bananas would enable a man to obtain 64 more for Rs.40, what is reduced price per dozen?",Rs0.50 ,Rs0.40 ,Rs0.20 ,Rs0.30 ,D
1713,"The slant height of a cone is 12 cm and radius of the base is 4cm, find the curved surface of the cone. Geometric Measurement",74 π cm²,36 π cm²,48 π cm²,24 π cm²,C
1714,"A and B can do a piece of work in 18 days ; B and C can do it in 24 days; A and C can do it in 36 days. In how many days will A,B, and C finish it , working together?",16,14,20,24,A
1715,"If 12 men work 8 hours a day to complete a work in 10 days, how many men working 12 hours a day can complete the work in 5 days?",16,4,12,8,A
1716,A photograph measuring 5.5 cm by 9 cm is enlarged in the ratio 7:5. What are the new length and width of the picture?,7.8 cm by 12.5 cm,7.7 cm by 12.6 cm,7.8 cm by 12.7 cm,None of these,B
1717,A student who secures 20 % marks in an examination fails by 30 marks. Another student who secures 32 % marks gets 42 marks more than those required to pass. The percentage of marks required to pass is:________?,20%,25%,28%,30%,B
1718,The length of a rectangle is increased by 25% and its breadth is decreased by 20%. What is the effect on its area?,Remains same,5% decrease,5% increase,10% increase,A
1719,"Ali earns Rs. 7500 in 2 weeks. If he works 6 days a week, what will he earn in 2 days?",1300,1250,1200,None of these,B
1720,A shopkeeper sells 400 metres of cloth for Rs. 18000 at a loss of Rs.5 per metre. Find his cost price for one metre of cloth?,Rs. 45,Rs. 40,Rs. 35,Rs. 50,D
1721,A shopkeeper bought 6 dozen and 3 eggs. Out of which 1 dozen and 6 eggs are rotten. The percentage of rotten eggs are:,20%,22%,23%,24%,D
1722,42 women can do a piece of work in 18 days. How many women would be required to do the same piece of work in 21 days?,34,35,36,None of these,C
1723,"A is the father of B, but B is not the son of A. What is B's relationship to A?",Daughter,Nephew,Daughter-in-law,Nephew-in-law,A
1724,The mean marks of 30 students in a class is 58.5. Later on it was found that 75 was wrongly recorded as 57. Find the correct mean. Average,57.4,57.5,58.9,59.1,D
1725,Find the one which does not belong to that group?,525,39,24,426,C
1726,The sum of the ages of 5 children born at intervals of 3 years each is 50 years. What is the age of the youngest child?,3 years,5 years,4 years,6 years,C
1727,"If the operation x × y is defined as x² + y² - xy, what is the value of 9 × 11?",93,103,113,121,B
1728,21350 * 45 = 4270 * ?,215,235,225,255,C
1729,"A bag contains nine yellow balls, three white balls and four red balls. In how many ways can two balls be drawn from the bag?",⁹ C ₂,³ C ₂,¹⁶ C ₂,¹² C ₂,C
1730,"A boat goes 100 km downstream in 10 hours, and 75 km upstream in 15 hours. The speed of the stream is________?",7 km/h,5 km/h,3 km/h,2.5 km/h,D
1731,What is the fractional equivalent of 12.5%?,01-Apr,02-Sep,01-May,01-Aug,D
1732,The average age of M boys is 'b' years and of 'n' girls 'c' years. The average age of all together is_________?,(mb - nc)/ (m + n) years,(mb + nc)/ (m - n) years,(mb + nc)/ (m + n) years,(mb - nc)/ (m - n) years,C
1733,parallelogram has sides 60 m and 40 m and one of its diagonals is 80 m long then its area is:__________?,480 sq.m,320 sq.m,600√15 sq.m,450√15,C
1734,A patient requires a 30% decrease in the dosage of his medication. His current dosage is 340 mg. What will his dosage be after the decrease?,70 mg,238 mg,270 mg,340 mg,B
1735,"If you borrow an amount of Rs. 300 for one month and the borrower charges Rs. 6 in interest, what is the monthly rate of interest?",2%,4%,6%,18%,A
1736,"Which is the odd number in the following set: 8, 27, 64, 100, 125, 216, 343?",27,100,125,343,B
1737,The probability that A speaks truth is 3/5 and that of B speaking truth is 4/7. What is the probability that they agree in stating the same fact?,18/35,Nov-35,17/35,19/35,A
1738,"What is the mode of the data set: 3, 5, 2, 0, 0, 1, 6, 6, 3, 1, 0, 7, 9?",3,0,1,9,B
1739,"From 2008 to 2009, the sales of a book decreased by 80%. If the sales in 2010 were the same as in 2008, by what percent did they increase from 2009 to 2010?",80%,120%,40%,None of these,C
1740,"A deposited Rs 6000 in a bank at 5% per annum simple interest. B deposited Rs 5000 at 8% P.a Compound interest. After 2 years, the difference between their interest will be:_________?",Rs. 230,"Rs, 232",Rs. 600,"Rs, 832",B
1741,"A bag contains 1 rupee, 2 rupee and 5 rupee coins amounting to Rs.264. If the ratio of the number of these coins is 3:5:4, find the number of 1 rupee coins. Ratio",66,48,24,8,C
1742,"If Rabia's average rose from 62 to 82, then by what percent did her average increase?",32.60%,32.80%,33%,35%,A
1743,Find the sum lend at C.I. at 5 p.c per annum will amount to Rs.441 in 2 years?,Rs0.42 ,Rs0.40 ,Rs0.38 ,Rs0.38 ,B
1744,"If X and Y are whole numbers and X² > Y², which of the following statements must be true?",X is greater than Y,Y is greater than X,X and Y are equal,The solution is not possible,A
1745,There are 56 boys in a class of 140 students. What percent of the students are boys?,30%,35%,40%,55%,C
1746,"A:B = 2:3, B:C = 3:4, A:D = 4:5. Find C:D. Ratio",5:02,2:03,5:04,8:05,D
1747,"Rajan borrowed Rs.4000 at 5% p.a compound interest. After 2 years, he repaid Rs.2210 and after 2 more year, the balance with interest. What was the total amount that he paid as interest?",Rs.635.50,Rs.613.50,Rs.675.50,Rs.653.50,A
1748,"A steam shovel excavates 2 cubic yards every 40 seconds. At this rate, what is the amount excavated in 45 minutes?",90 Cu Yd,135 Cu Yd,270 Cu Yd,1200 Cu Yd,B
1749,In how many ways can 4 boys and 3 girls be seated in a row so that they are in alternate positions?,144,288,12,256,A
1750,"Three pipes of same capacity can fill a tank in 8 hours. If there are only two pipes of same capacity, the tank can be filled in___________?",17 hours,12 hours,16 hours,24 hours,B
1751,7394 - 1236 - 4652 = ________?,1506,1606,1706,1496,A
1752,The areas of the three adjacent faces of a rectangular box which meet in a point are known. The product of these areas is equal to :___________?,The volume of the box,Twice the volume of the box,The square of the volume of the box,The cube root of the volume of the box,C
1753,The length of a rectangular plot is thrice its breadth. If the area of the rectangular plot is 6075 sq.meters .what is its length?,45m,75m,135m,None of these,C
1754,105.126 * 35.201 - 90.23 * 3 + 55.11 * 27.01 = ____________?,4890,40000,271,5996,A
1755,A can type 60 pages in 15 hours. A and B can type 150 pages in 25 hours. How long will it take B alone to type 120 pages?,40 hrs.,45 hrs.,55 hrs.,60 hrs.,D
1756,"A mason fixed black square tiles as a border on the floor around a square room. If there are 21 tiles along each outer edge of the border, how many tiles did he use altogether?",88,76,80,None of these,C
1757,"Ahmad is as much younger than Saeed as he is older than Tanveer. If the sum of the ages of Saeed and Tanveer is 48 years, what is Ahmad's age?",21 years,22 years,23 years,24 years,D
1758,"Find the lowest 4-digit number which when divided by 3, 4 or 5 leaves a remainder of 2 in each case?",1020,1026,1030,1022,D
1759,If the height of a cone is increased by 100% then its volume increases by what factor?_________?,1,2,3,4,A
1760,2758 + 20581 - 17889 = ________?,178,7850,5450,4800,C
1761,What is the sum of the three interior angles of a triangle?,90 degrees,180 degrees,270 degrees,None of these,B
1762,The ratio of boys and girls in a class was 11:13. 8 girls and 4 boys join the class from this academic year and the ratio becomes 4:5. Find the strength of the class. Ratio,96,68,72,108,D
1763,"The average income of A and B is Rs. 50,000, the average income of B and C is Rs. 60,000, and the average income of A and C is Rs. 55,000. What is the income of B?",Rs. 45000,Rs. 55000,Rs. 65000,Rs. 75000,B
1764,A military camp has provision for 50 days. If after 10 days 500 more soldiers joined the camp and the provisions lasted for 35 days only. How many men were there in the camp?,1700,3600,4000,3500,D
1765,20 men or 30 boys can do a certain job in 20 days. How long will it take 6 men and 15 boys to do the same job?,25 days,10 days,8 days,6 days,A
1766,"A fraction becomes 4/5 when 1 is added to both the numerator and denominator. However, if 5 is subtracted from each, it becomes 1/2. What is the fraction?",05-Jul,09-Jul,07-Sep,13/16,C
1767,"In the first 10 overs of a cricket game, the run rate was only 3.2. What should be the rate in the remaining 40 overs to reach the target of 282 runs?",6.25,6.5,6.75,7,A
1768,"In mathematics, a solution to an equation that emerges from the process of solving the problem but is not a valid solution to the problem is called a ____ solution:",Homogeneous,Heterogeneous,Extraneous,Identical,C
1769,The area of a square is equal to five times the area of a rectangle of dimensions 125 cm * 64 cm. What is the perimeter of the square?,600 cm,800 cm,400 cm,1000 cm,B
1770,"The sum of the squares of two numbers is 97, and the square of their difference is 25. What is the product of the two numbers?",36,63,45,54,A
1771,In an election between two candidates. One got 55 % of the total valid votes. 20 % of the votes were invalid. If the total number of votes was 7500. The number of valid votes that the other candidate got was_________?,2700,2900,3000,3100,A
1772,"Oranges are bought at 11 for a rupee and an equal number more at 9 a rupee. If these are sold at 10 for a rupee, find the loss or gain percent?",1% gain,2% gain,1% loss,2% loss,C
1773,"The time taken by a man to row his boat upstream is twice the time taken by him to row the same distance downstream. If the speed of the boat in still water is 42 kmph, find the speed of the stream?",12 kmph,13 kmph,14 kmph,15 kmph,C
1774,"A person bought a camera for Rs. 1,800 and sold it at a 10% loss. How much did he sell it for?",Rs. 1620,Rs. 1440,Rs. 1560,None of these,A
1775,The product of two numbers is 2028 and their H.C.F is 13. The number of such pairs is__________?,1,2,3,4,B
1776,A company has 7348 bars of soap. If the company sells 20% of its bars of soap. How many bars of soap did it sell?,734.8,1469.6,146950,29390,B
1777,The area of the largest circle that can be drawn inside a rectangle with sides 18cm and 14cm is_________?,49 Sq.cm,154 Sq.cm,378Sq.cm,1078 Sq.cm,B
1778,The sum of two numbers is 25 and their difference is 13. What is their product?,100,114,126,138,B
1779,A boat takes half time in moving a certain distance downstream than upstream. What is the ratio between the rate in still water and rate of current?,1:03,3:01,1:04,4:01,B
1780,Solve: 12 ÷ 20 = ?,6,2.4,0.6,24,C
1781,Find the one which does not belong to that group?,Ganga,Hirakud,Yamuna,Sutlej,B
1782,"If 2^x / 2^y = 2^3, what is the relationship between x and y?",y+3,y³,3-y,3y,A
1783,"To convert a decimal number into a binary number, we use the method of repeated:",Multiplication,Division,Addition,Subtraction,B
1784,"If 3/4 of police employees are not graduates, what is the ratio of graduate to non- graduate employees in the police department?",1:03,3:01,1:04,3:04,A
1785,Saima gets 50% of what her brother gets. Her brother gets what percent of Saima?,100%,150%,50%,200%,D
1786,45% of 600 is equal to:,300,270,350,250,B
1787,"The total marks obtained by a student in Physics, Chemistry and Mathematics is 150 more than the marks obtained by him in Physics. What is the average mark obtained by him in Chemistry and Mathematics?",75,150,50,None of these,A
1788,"For the sequence A_n = 2n-5, what is the value of the new term A(n+3)? (Note: the symbol _ indicates subscript) Arithmetic Progression",2n+1,2n+2,2n+3,None of these,A
1789,"In a group of 550 students, 42% go on a tour. How many students go on the tour?",213,177,231,210,C
1790,"I. a² - 13a + 42 = 0, II. b² - 15b + 56 = 0 to solve both the equations to find the values of a and b?",If a > b,If a ≥ b,If a < b,If a ≤ b.,D
1791,"An amount of Rs. 5,000 is invested at a fixed rate of 8 per cent per annum. What will the value of the investment be in five years if the interest is compounded every six months?",Rs. 7401.22,Rs. 3456,Rs. 4567,Rs. 7890,A
1792,The diameter of a cylindrical tin is 6cm and height is 5 cm. Find the volume of the cylinder?,30 π cc,45 π cc,150 π cc,180 π cc,B
1793,"In a factory, there are 40% technicians and 60% non-technicians. If the 60% of the technicians and 40% of non-technicians are permanent employees, then the percentage of workers who are temporary is________?",32%,42%,52%,62%,C
1794,"A class has 90 students. If the ratio of boys and girls is 7:8, find the number of boys in the class. Ratio",48,42,60,70,B
1795,Two numbers are in the ratio 5:4 and their difference is 10.What is the largest number?,40,50,60,30,B
1796,The C.P of an article is 40% of the S.P. The percent that the S.P is of C.P is:________?,40%,60%,240%,250%,D
1797,(332% of 2113) / 42 = _________?,167,154,162,181,A
1798,"Anees and Raees started a business investing Rs. 22,500 and Rs. 35,000 respectively. Out of a total profit of Rs. 13,800, Raees's share is:________?",Rs. 5400,Rs. 7200,Rs. 8400,Rs. 9600,C
1799,"A alone can finish a work in X days. B alone can finish the same work in X+5 days. Together, they take 6 days to complete the work. Find X?",12,8,10,9,C
1800,A boat travels 20kms upstream in 6hrs and 18kms downstream in 4 hours. Find the speed of the boat in still water and the speed of the water current?,"(3.915, 0.585) kmph","(3.115, 0.985) kmph","(9.915, 0.585) kmph",None of these,A
1801,"A tank has a leak which would empty it in 10 hrs. A tap is turned on, and it admits 9 litres per minute into the tank, and the tank is now emptied in 25 hrs. How many litres does the tank hold?",9000 litres,13400 litres,14500 litres,10000 litres,A
1802,A dishonest dealer professes to sell his goods at Cost Price but still gets 20% profit by using a false weight. What weight does he substitute for a kilogram?,855 1/2 grams,833 1/3 grams,833 1/2 grams,875 2/7 grams,B
1803,A trader bought a car at 20% discount on its original price. He sold it at a 40% increase on the price he bought it. What percent of profit did he make on the original price?,10%,11%,12%,15%,C
1804,"Aaron has 3 times as much money as Josh. If Aaron gives Josh $50, Josh will then have 3 times as much money as Aaron. How much money do the two of them have together?",100,110,135,150,A
1805,"The average weight of A, B and C is 45 kg. If the average weight of A and B be 40 kg and that of B and C be 43 kg, then the weight of B is___________?",17 kg,20 kg,26 kg,31 kg,D
1806,"Two numbers 4242 and 2903 when divided by a certain number of three digits, leave the same remainder. Find the number?",101,103,107,113,B
1807,"If the sum of two numbers is 30 and their difference is 8, what is their product'?",200,201,209,None of these,C
1808,"A can run a kilometer race in 4 1/2 min while B can run same race in 5 min. How many meters start can A give B in a kilometer race, so that the race mat end in a dead heat?",150 m,125 m,130 m,100 m,D
1809,The circumferences of two circles are 264 meters and 352 meters. Find the difference between the areas of the larger and the smaller circles. Geometric Measurement,4192 sq m,4304 sq m,4312 sq m,4360 sq m,C
1810,"Mansoor-Ul-Haque and Aaqib are working on a special assignment. Mansoor-Ul-Haque needs 6 hours to type 32 pages on a computer and Aaqib needs 5 hours to type 40 pages. If both of them work together on two different computers, how much time is",7 hour 15 minutes,7 hour 30 minutes,8 hour 15 minutes,8 hour 30 minutes,C
1811,Simplify: (8(11 - 2) - 5(11 - 2))/3. BODMAS,1,5,9,11,C
1812,"A student gets 60, 50, and 90 marks out of 100 in English, Physics, and Economics respectively. He needs an overall average of 72% to get a scholarship. How many marks does he need in his final paper, Maths (also out of 100), to obtain the scholarship?",82,84,86,88,D
1813,"If a number is multiplied by two-thirds of itself, and the value so obtained is 864, what is the number?",34,35,36,None of these,C
1814,"If 1 day's work = 1/20, then the time required to finish the job (in days) is:",20,10,25,30,A
1815,"A profit of Rs. 12,300 is distributed among three partners in the ratio 4/3: 7/6: 11/12. Find the share of the third partner. Ratio (Partnership)",Rs. 4200,Rs. 3300,Rs. 4600,None of these,B
1816,The length of each side of an equilateral triangle having an area of 4√3 cm2 is_______?,4/3 cm,3/4 cm,3 cm,4 cm,D
1817,Solve: 30% of 3300 Percentage,330,990,700,1100,B
1818,What is the rate of interest at which Rs.150 becomes Rs. 220 in 10 years. Interest,11/3%,14/3%,12%,14%,B
1819,A man rides his bicycle 10 km at an average speed of 12 km/hr and again travels 12 km at an average speed of 10 km/hr. What is his average speed for the entire trip approximately?,11.2 kmph,10 kmph,10.2 kmph,10.8 kmph,D
1820,Two number is first increased by 10 % and then reduced by 10 % the number:__________?,2% increase,5% decrease,1% decrease,Invalid,C
1821,A and B can do a piece of work in 12 days; B and C in 15 days; C and A in 20 days. A alone can do the work in__________?,20 days,30 days,40 days,None of these,B
1822,"A worker is paid Rs. 2,130 for 6 days of work. If his total wage during a month is Rs. 9,230, how many days did he work in that month?",26,24,22,None of these,A
1823,"In measuring the sides of a rectangle, errors of 5% and 3% in excess are made. The error percent in the calculated area is _________?",8.35%,7.15%,8.15%,6.25%,C
1824,"Two pipes A and B can fill a tank in 20 and 30 minutes respectively. If both the pipes are used together, then how long will it take to fill the tank?",12 min,15 min,25 min,50 min,A
1825,"A cistern is filled by a tap in 3 1/2 hours. Due to leak in the bottom of the cistern, it takes half an hour longer to fill the cistern. If the cistern is full how long will it take the leak to empty it?",7 hours,8 hours,14 hours,28 hours,D
1826,"A invested some money in 10% stock at 96. If B wants to invest in an equally good 12% stock, he must purchase a stock worth of__________?",Rs. 80,Rs. 115.20,Rs. 120,Rs. 125.40,B
1827,A merchant buys cloth at Rs. 1.60 per meter. At what price per meter should be marked on the cloth so that he may sell it at a discount of 20% from the marked price and still make a profit of 20% of the selling price?,Rs0.20 ,Rs.2.24,Rs.2.40,Rs.2.50,D
1828,The perimeter of a triangle is 28 cm and the inradius of the triangle is 2.5 cm. What is the area of the triangle?,25 cm2,42 cm2,49 cm2,None of these,D
1829,"If in a box of dimensions 6 m * 5 m * 4 m smaller boxes of dimensions 60 cm * 50 cm * 40 cm are kept in it, then what will be the maximum number of the small boxes that can be kept in it?",500,1000,900,600,B
1830,"A dishonest dealer professes to sell goods at the cost price but uses a weight of 800 grams per kg, what is his gain percent?",20%,25%,30%,15%,B
1831,"Each day, Robert eats 40% of the pistachios left in his jar. At the end of the second day, 27 pistachios remain. How many pistachios were in the jar at the start of the first day?",75,80,85,95,A
1832,Twelve men can do a work in twenty days while twenty women can finish the same work in sixteen days. Find the ratio between the capacity of a man and a woman. Time-Work,3:04,5:04,4:03,5:03,C
1833,A boatman goes 2 km against the current of the stream in 1 hour and goes 1 km along the current in 10 minutes. How long will he take to go 5km in stationery water?,40 Minutes,1 hour,1 hr 15 Min,1 hr 30 Min,C
1834,The radius of a circular wheel is 17.5m. How many revolutions will it make in travelling 11km?,10,100,1000,10000,B
1835,"Complete the series: 1, 3, 7, 15, 31, 63, Number Series",123,125,127,129,C
1836,5 (1/5) + 4 (1/2) + 4 (1/3) = ?,14 (1/10),13 (1/5),30,14 (1/30),D
1837,A hall is a 15m long and 12m board. If the sum of the areas of the floor and the ceiling is equal to the areas of the 4 walls the volume of the hall is:,720 Cu.m,1200 Cu.m,361 Sq.cm,None of these,B
1838,"If the diameter of a circle is increased by 100%, its area is increased by: _________?",100%,200%,300%,400%,C
1839,"Ghafoor went to the stationers and bought things worth Rs. 25, out of which 30 paise went on sales tax on taxable purchases. If the tax rate was 6%, then what was the cost of the tax free items?",Rs. 15,Rs. 15.70,Rs. 19.70,Rs. 20,C
1840,"The equation C = 1.5 + 2.5X is used to determine the cost C, in dollars, of mailing a shipment weighing X pounds. An increase of 10 dollars in mailing cost is equivalent to an increase of how many pounds in weight?",1,2,3,4,D
1841,4 out of 40 boys failed in an examination what percent of boys failed and what percent passed the examination?,95%,80%,96%,90%,D
1842,Five years ago the average of the ages of A and B was 40 years and now the average of the ages of B and C is 48 years. What will be the age of the B ten years hence?,55 years,56 years,58 years,Data inadequate,D
1843,The angle of elevation of a ladder leaning against a wall is 60° and the foot of the ladder is 4.6 m away from the wall. The length of the ladder is :_________?,2.3 m,4.6 m,7.8 m,9.2 m,D
1844,Three numbers are in the ratio of 3 : 4 : 6 and their product is 1944. The largest of these numbers is :___________?,6,12,18,None of these,C
1845,"If two pipes function together, the cistern will be filled in 6 hrs. One pipe fills the cistern 5 hrs. faster than the other. How many hours it take the second pipe to fill the cistern?",5 hrs,10 hrs,15 hrs,20 hrs,C
1846,64309 - 8703 + 798 - 437 = ________?,55606,55697,55967,73373,C
1847,If x% of y is 29x then value of y is:,29y,2900,29x/100,xy/100,B
1848,Find the size of the largest square slabs which can be paved on the floor of a room 5 meters 44 cm long and 3 meters 74 cm broad?,56,42,38,34,D
1849,"Three-fifths of students in a class speak Spanish, and one-fourth speak Italian. The rest speak only French. What percentage of the students speak French?",15%,35%,0.40%,45%,A
1850,"5 % income of a is equal to 15 % income of B and 10 % income of B is equal to 20 % income of C if the income of C is Rs. 2000, then total income of A, B and C is :_________?",Rs. 6000,Rs. 18000,Rs. 20000,Rs. 14000,B
1851,"What number comes next in the series: 3, 8, 15, 24, ...?",33,35,38,40,B
1852,"If Ali gets 25% profit by selling an article for 250 rupees, what is the original price of the article?",Rs. 200,Rs. 230,Rs. 240,None of these,A
1853,What is 1 / 0.02?,60,100,50,None of these,C
1854,Two trains for Lahore leave Rawalpindi at 8:30 A.M and 9:00 A.M and travel at 60km/h and 70km/h. How many kilometers from Rawalpindi will the two trains be together?,100km,190km,210km,150km,C
1855,A can do a piece of work in 60 days. He works for 15 days and then B alone finishes the remaining working 30 days. The two together can finish the work in:,30days,32 days,25 days,24 days,D
1856,A group of 10 representatives is to be selected out of 12 seniors and 10 juniors. In how many different ways can the group be selected if it should have at least one senior?,²² C ₁₀,²² C ₁₀ + 1,²² C ₉ + ¹⁰ C ₁,²² C ₁₀ - 1,A
1857,Find the one which does not belong to that group?,Pakistan : Rupee,America : Dollar,Quwait : Dinar,Australia : Pound,D
1858,"The Price of an article is cut by 10%. To restore it to the former value, the new price must be increased by_______?",10%,9.09%,11.11%,1.10%,C
1859,"The tax on a commodity is diminished by 20%, but its consumption is increased by 10%. Find the decrease percent in the revenue derived from it?",20%,18%,15%,12%,D
1860,"List the fractions 2/5, 5/8, and 13/20 in ascending order. Fractions","2/5, 5/8, 13/20","5/8, 2/5, 13/20","5/8, 13/20, 2/3","13/20, 2/5, 5/8",A
1861,"P and Q started a business investing Rs. 85,000 and Rs. 15,000 respectively. In what ratio the profit earned after 2 years be divided between P and Q, respectively?",3:04,5:08,15:23,17:03,D
1862,What part of a ditch 48m long 16.5 broad and 4m deep can be filled by the earth got by digging a cylindrical tunnel of diameter 4m and length 56m?,01-Sep,02-Sep,07-Sep,08-Sep,B
1863,"The cost price of 20 articles is the same as the selling price of X articles. If the profit is 25%, then the value of X is:",15,16,18,25,B
1864,"Working 5 hours a day, A can complete a work in 8 days. Working 6 hours a day, B can complete the same work in 10 days. Working 8 hours a day, how long would it take for them to complete the work jointly?",3 days,4 days,4.5 days,None of these,A
1865,"1/2, 2/3, 3/4, and 4/5 are like fractions are:","30/60, 40/60, 45/60 and 48/60","40/60, 30/60, 45/60 and 48/60","40/60, 30/60, 48/60 and 45/60",None of these,A
1866,The probability that a number selected at random from the first 50 natural numbers is a composite number is__________?,21/25,17/25,Apr-25,Aug-25,B
1867,"A membership website offers video tutorials. The number of members (m) can be estimated by the equation m = 500 + 200n, where n is the number of videos. Based on the equation, which statement is true?","For every one additional video, the site gains 500 new members.",The site initially made 200 videos available to members.,The site was able to get 500 members without any available videos.,The site gains 500 new members for every 200 additional videos available on the site.,C
1868,"A car passes a landmark on a highway traveling at a constant rate of 45 km/h. Two hours later, a second car passes the same landmark traveling in the same direction at 70 km/h. How long will it take for the second car to overtake the first car after the second",2 1/2 hours,3 3/5 hours,4 hours,None of above,B
1869,The ratio of ages of two students is 3:2. One is older than the other by 5 years. What is the age of the youngest student?,2 years,10 years,15 years,None of These,B
1870,Evaluate: √248 + √64 Number System,14.5,23.75,16.8,36,B
1871,"If 2x - 10 = 20, what is the value of x - 5?",5,10,15,20,B
1872,"An oil burner uses 76 gallons of fuel per hour. At 9 a.m., there are 266 gallons on hand. At noon, no oil has been delivered. What is the maximum amount of time the burner can continue to run without more oil?",1 hour,½ hour,2 hours,2/3 hour,B
1873,The difference between simple interest and compound interest at the same rate for Rs.5000 for 2 years is Rs. 72. The rate of interest is?,10%,12%,6%,8%,B
1874,16 men dig a ditch in 10 days. How many men would be required to complete the job in half the time?,8 men,32 men,24 men,20 men,B
1875,"Aslia has three types of balls: red, green, and blue. If their ratio is 2:3:5, what percent of balls are green?",20%,30%,45%,50%,B
1876,"If A = (√5+1)/(√5-1) and B = (√5-1)/(√5+1), what is the value of A+B?",3,2,1,None of these,A
1877,"In a kilometer race, A beats B by 50 meters or 10 seconds. What time does A take to complete the race?",200 sec,190 sec,210 sec,150 sec,B
1878,In a fort there is enough food sufficient for 1200 men for 10 days. How long would the food have lasted if there had been 1000 men?,15 days,12 days,10 days,20 days,B
1879,Yalmaz can cover a distance of 400 metres in 2 minutes. Rayan can cover 1 km in 300 seconds. Find the ratio of their speeds. Ratio,1:01,2:03,3:02,4:05,A
1880,Two pipes A and B can separately fill a tank in 2 minutes and 15 minutes respectively. Both the pipes are opened together but 4 minutes after the start the pipe A is turned off. How much time will it take to fill the tank?,9 min,10 min,11 min,data is incorrect,D
1881,"Punjab School invited same number of boys and girls at its annual party. All came but 15 extra girls showed up. As a result, ratio of boys to girls is 4 : 5. How many people did Punjab School invite at its party?",60,120,40,150,B
1882,"The speed of a motor boat is that of the current of water as 36:5. The boat goes along with the current in 5 hours 10 min, it will come back in_______?",5 hours 50 min,6 hours,6 hours 50 min,12 hours 10 min,C
1883,A sum of money becomes Rs.6690 after three years and Rs.10.035 after six years on compound interest. The sum is________?,Rs0.44 ,Rs0.44 ,Rs0.45 ,Rs0.45 ,C
1884,In a hostel mess there is enough food provisions for 1200 boarders for a month. After 15 days half of them leave due to vacations. How long will the food provisions now last?,20 days,30 days,35 days,50 days,B
1885,"A wire in the form of a circle of radius 3.5 m is bent in the form of a rectangule, whose length and breadth are in the ratio of 6 : 5. What is the area of the rectangle?",60 m2,30 m2,45 m2,15 m2,B
1886,"The amount of water (in ml) that should be added to reduce 9 ml. Lotion, containing 50% alcohol, to a lotion containing 30% alcohol, is__________?",3,4,5,6,D
1887,"Prize money of Rs. 160,000 is distributed among eight teams according to their final positions. The reward increases by the same amount for each higher position. If the last- place team is given Rs. 4,000, how much will be awarded to the first-place team?","Rs8,000 ","Rs36,000 ","Rs16,000 ","Rs20,000 ",B
1888,A train 240 m long passes a pole in 24 seconds. How long will it take to pass a platform 650 m long?,80 Sec,89 Sec,90 Sec,95 Sec,B
1889,"If 4 out of 25 candidates failed a driving test, what is the percentage of candidates who passed?",4%,21%,42%,84%,D
1890,If the diagonal of a square is doubled. How does the area of the square change?,Becomes fourfold,Becomes threefold,Becomes twofold,None of these,A
1891,"Complete the series: 14, 28, 20, 40, 32, 64, ____.",52,56,96,128,B
1892,892² = ?,795664,1784,798654,1942,A
1893,The effective annual rate of interest corresponding to a nominal rate of 6% per annum payable half-yearly is________?,6.06%,6.07%,6.08%,6.09%,D
1894,"A radio when sold at certain price gives a gain of 20%. What will be the gain percent, if sold for thrice the price?",280%,270%,290%,260%,D
1895,The cost of a car is 400% greater than the cost of a bike. If there is an increase in the cost of the car of 15% and that of bike 20%. Then the total increase in the cost of 5 cars and 10 bikes is:,14.43%,15.43%,16.43%,None of these,C
1896,"Excluding stoppages, the speed of a bus is 54 kmph and including stoppages, it is 45 kmph. For how many minutes does the bus stop per hour?",12,11,10,9,C
1897,"If a number is increased such that the ratio of the original to the new number is 7:9, what is the new number?",10.29,24.5,26.79,28,A
1898,Simple interest on a certain sum of money for 3 years at 8% per annum is half the compound interest on Rs. 4000 for 2 years at 10% per annum. The sum placed on simple interest is:_______?,Rs. 1550,Rs. 1650,Rs. 1750,Rs. 2000,C
1899,"A student has obtained 75%, 80%, and 85% in three subjects. His average cannot be less than 80% after a fourth subject is included. What is the minimum percentage required in the fourth subject?",70,80,85,60,B
1900,"Four years ago, the average age of A, B, and C was 25 years. Five years ago, the average age of B and C was 20 years. What is A's present age?",60 years,37 years,62 years,15 years,B
1901,A and B invest Rs.3000 and Rs.4000 respectively in a business. If A doubles his capital after 6 months. In what ratio should A and B divide that year's profit?,8:09,9:08,7:08,8:07,B
1902,"Pipe A can fill a tank in 16 minutes and pipe B cam empty it in 24 minutes. If both the pipes are opened together after how many minutes should pipe B be closed, so that the tank is filled in 30 minutes?",20,24,23,None of these,D
1903,"If the cost price of 10 chairs be equal to selling price of 16 chairs, then the loss percentage will be :",9.60%,17.50%,20%,37.50%,D
1904,"A boy read 3/8 of a book on one day and 4/5 of the remainder on another day. If there were 40 pages left unread, how many pages did the book contain?",320 pages,240 pages,120 pages,60 pages,A
1905,"Saleem bought a car for Rs. 875,000 and paid 17% as GST. How much tax did he pay?",148750,144321,138938,139832,A
1906,"Laila is four times as old as her 2-year-old brother, Mansoor. How old will Mansoor be when he is half the age of Laila?",4 years,6 years,5 years,7 years,B
1907,"A man sells Rs.5000, 12 % stock at 156 and reinvests the proceeds partly in 8 % stock at 90 and 9 % stock at 108. He thereby increases his income by Rs. 70. How much of the proceeds were invested in each stock?","3600(8%), 4200(9%)","4000(8%), 4200(9%)","3600(8%), 4000(9%)","4000(8%), 4000(9%)",A
1908,A salt manufacturing company produced a total of 5000 tonnes of salt in January of a particular year. Starting from February its production increased by 100 tonnes every month over the previous months until the end of the year. Find its average monthly,6060,7070,5550,4440,C
1909,[8 + {(21 * √9/441 - 1 /5 of 60% - 1/5) * 625 + 7} ÷ 4] = _________?,100,125,132.5,428.5,D
1910,"If 20% of a number is 120, then 120% of that number will be_________?",20,120,360,720,D
1911,"A can complete a work in 12 days with a working of 8 hours per day. B can complete the same work in 8 days when working 10 hours a day. If A and B work together, working 8 hours a day, the work can be completed in_______days.",5 5⁄11,4 5⁄11,6 4⁄11,6 5⁄11,A
1912,10 % of the electorate did not cast their votes in an election between two candidates. 10 % of the votes polled were found invalid. The successful candidate got 54 % of the valid votes and won by a majority of 1620 votes. The number of voters enrolled on the voter's,25000,33000,35000,40000,A
1913,"The angle of elevation of a ladder leaning against a wall is 60°, and the foot of the ladder is 4.6 m away from the wall. What is the length of the ladder?",4.6 m,9.2 m,10.2 m,16.6 m,B
1914,"How long will it take for a sum of money to grow from Rs.1250 to Rs.10,000, if it is invested at 12.5% p.a simple interest?",65 years,56 years,45 years,57 years,B
1915,A boatman can row in still water at speed of 7 km/hr. It takes 6 hours more to travel the same distance in upstream than in downstream if the speed of the river is 3 km/hr. what is the distance between the two destinations?,20 km,40 km,30 km,10 km,B
1916,A man spend Rs. 3300. This was 75% of his monthly income. His monthly income is__________?,4000,4400,5000,5400,B
1917,52 * 40.1 = ________?,2080,2480,2260,2380,A
1918,"The least number of four digits which is divisible by 4, 6, 8 and 10 is_________?",1080,1085,1075,1095,A
1919,Divide 350 into two parts such that one part is 4 more than the other. Basic Arithmetic,"180, 170","185, 165","174, 176","173, 177",D
1920,"A can do a piece of work in 28 days. If B is 40% more efficient than A, then B can do the same piece of work in:",20 days,25 days,27.5 days,30 days,A
1921,"Two persons A and B take a field on rent. A puts on it 21 horses for 3 months and 15 cows for 2 months; B puts 15 cows for 6 months and 40 sheep for 7 1/2 months. If one day, 3 horses eat as much as 5 cows and 6 cows as much as 10 sheep, what part of the rent",1/3 rd,2/5 th,2/3 rd,1/5 th,A
1922,How many triangles can be formed by joining the vertices of a polygon with 8 sides?,8,24,56,None of these,C
1923,"The height of two right circular cones are in the ratio 1:2 and their perimeters of their bases are in the ratio 3:4, the ratio of their volume is_________?",32:09:00,9:28,9:32,28:09:00,C
1924,The ratio between the sale price and the cost price of an article is 7:5. What is the ratio between the profit and the cost price of that article?,1:05,2:05,3:05,7:02,B
1925,"The greatest number which on dividing 1657 and 2037 leaves remainders 6 and 5 respectively, is_________?",123,127,235,305,B
1926,"If the price of tea is increased by 1% how much percent must a housewife reduce her consumption of tea, to have no extra expenditure?",1/101%,101/100%,100/101%,0.01,C
1927,Rs.8000 become Rs.9261 in a certain interval of time at the rate of 5% per annum of C.I. Find the time?,4 years,6 years,2 years,3 years,D
1928,"The sum of the ages of a father and son is 50 years. Ten years ago, the father's age was 9 times the son's age. What is the present age of the father?",35 years,37 years,39 years,None of these,B
1929,The current of a stream at 1 kmph. A motor boat goes 35 km upstream and back to the starting point in 12 hours. The speed of the motor boat in still water is_________?,6 kmph,7 kmph,8.5 kmph,8 kmph,A
1930,"A car covers a distance of 715 km at a constant speed. If the speed of the car would have been 10km/h more, then it would have taken 2 hours less to cover the same distance . What is the original speed of the car?",45km/hr,50km/h,55km/h,65km/h,C
1931,A camp has provision for 9 days for 500 men. At the end of 3 days 100 more men were admitted. How long will the food now last?,12 days,5 days,9 days,6 days,B
1932,"By selling a house for Rs.45000, it was found that 1/8 of the outlay was gained, what ought the selling to price to have been in order to have lost 5 p.c?",Rs0.39 ,Rs0.38 ,Rs0.40 ,Rs0.42 ,B
1933,Two pipes P and Q can fill a cistern in 12 min. and 15 min. respectively but a third pipe 'R' can empty the full tank in 6 min. P and Q are kept open for 5 min. in the beginning and then 'R' is also opened. In what time is the cistern emptied?,30 min,35 min,40 min,45 min,D
1934,The selling price of an article is Rs. 118 and the profit earned is 50%. The cost price of the article is:,Rs. 77,Rs. 68.5,Rs. 78.66,Rs. 80,C
1935,"Asma goes 12 km towards North from a fixed point and then she goes 8km towards South from there. In the end, she goes 3km towards East. How far and in what direction is she form her starting point?",7km East,5km West,7km West,5km North-East,D
1936,"Asim's weight increased by 25% from the year 2004 to 2009. If his weight was k kilograms in 2009, what was it in 2004 in terms of k?",1.75k,1.25k,0.80k,0.75k,C
1937,What is 20% as a fraction?,01-Feb,Jan-20,01-May,1/0.05,C
1938,"The average of 11 results is 50, if the average of first six results is 49 and that of the last six is 52. Find the sixth result?",46,56,34,57,B
1939,"A company invited applications for 100,000 shares and received applications for 150,000 shares. Applications for 30,000 shares were rejected, and the remaining applicants were allotted shares on a pro-rata basis. How many shares will an applicant for 3,000 shares","2,500 Shares","3,600 Shares","4,500 Shares","2,000 Shares",A
1940,The area of the cardboard(in cm²) needed to make a box of size 25 cm * 15 cm * 8 cm will be__________?,1390 cm²,695 cm²,1280 cm²,1220 cm²,A
1941,"If a school cafeteria needs C cans of soup each week for each student, and if there are S students in the school, for how many weeks will X cans of soup last'?",XS/C,S/CX,X/CS,None of these,C
1942,"X and Y started a business with capitals Rs. 20000 and Rs. 25000. After few months Z joined them with a capital of Rs. 30000. If the share of Z in the annual profit of Rs. 50000 is Rs. 14000, then after how many months from the beginning did Z join?",7,6,3,5,D
1943,"If 80% of the applicants to a program were rejected, what is the ratio of the number accepted to the number rejected?",1:04,1:05,2:05,4:05,A
1944,"If electricity costs Rs.4.50 per unit, the cost of using a 1500 watt geyser for 4 hours will be:",Rs0.27 ,Rs0.36 ,Rs0.96 ,Rs0.30 ,A
1945,Solve: 840 ÷ 14 + 40 = ?,50,60,100,120,C
1946,"If the radius of a circle is increased by 2%, what is the percentage increase in its area?",4%,2%,4.04%,None of these,C
1947,"The average score of 8 players is 6.5. When 2 new players are included, the average score increases by 1. What is the average score of the two new players?",10.5,11.5,12.5,13.5,B
1948,"If a and b are the roots of the equation x² - 9x + 20 = 0, find the value of a² + b² + ab?",-21,1,61,21,C
1949,Find the area of the quadrilateral of one of its diagonals is 20 cm and its offsets 9 cm and 6 cm?,120 sq m,150 sq m,110 sq m,300 sq m,B
1950,What is the sum of the first 5 composite numbers?,25,33,37,43,C
1951,Find the one which does not belong to that group?,525,39,24,426,C
1952,A man can row his boat with the stream at 6 km/h and against the stream in 4 km/h. The man's rate in stream is________?,1 kmph,5 kmph,8 kmph,3 kmph,A
1953,"In an office, totally there are 6400 employees and 65% of the total employees are males. 25% of the males in the office are at-least 50 years old. Find the number of males aged below 50 years?",1040,2080,3120,4160,C
1954,"A metallic sphere of radius 12 cm is melted and drawn into a wire, whose radius of cross section is 16 cm. What is the length of the wire?",45 cm,18 cm,90 cm,None of these,D
1955,"The sale price of an article including the sales tax is Rs. 616. The rate of sales tax is 10%. If the shopkeeper has made a profit of 12%, then the cost price of the article is:",Rs. 500,Rs. 515,Rs. 550,Rs. 600,A
1956,The roots of the equation 3x² - 12x + 10 = 0 are?,Rational and unequal,Complex,Real and equal,Irrational and unequal,D
1957,Two numbers are respectively 20% and 25% more than a third number. The percentage that is first of the second is _________?,80%,85%,96%,125%,C
1958,The diameters of two spheres are in the ratio 1:2 what is the ratio of their surface area?,1:03,1:04,1:05,1:06,B
1959,The wire bent in the form of a square enclose an area of 484 Sq.cm. If the same wire is bent so as to from a circle than the area enclosed will be_________?,484Sq.cm,538 2/7 Sq.cm,616 Sq.cm,644 Sq.cm,C
1960,"Pipe A can fill a tank in 10 hours and Pipe B can empty it in 15 hours. In how many hours, will the tank be filled if both the pipes are opened?",6,10,20,30,D
1961,36 * 48 ÷ 64 + 36 ÷ 12 = _________?,12,18,20,30,D
1962,"Complete the series: 15, 13, 11, 14, 17, ___?",13,14,19,None of these,D
1963,Ammar reads 24 pages of a book in 15 minutes. The rate of pages read per minute by him will be:,1.6,2,2.5,3,A
1964,A person was asked to subtract 25% of a number from the original but he subtracted 25 from the number. His answer was 25 more than correct one. What was the original number?,160,180,225,200,D
1965,"A bag contains 50 paise, 1 rupee and 2 rupee coins in the ratio 2:5:8. If the total amount is Rs. 352, find the total number of coins in the bag.",160,200,250,240,B
1966,The perimeter of a rhombus is 68 cm and one of its diagonals is 16 cm. Find its area?,260 cm²,240 cm²,280 cm²,220 cm²,B
1967,"What is the smallest number, which when divided by 3,8 and 15 leaves the remainder 1,6,13 respectively?",121,242,118,239,C
1968,A rectangular carpet has an area of 120 sq.m and a perimeter of 46 m. The length of its diagonal is:_________?,15 m,16 m,17 m,20 m,C
1969,What is the sum of all interior angles of a triangle?,270 degrees,180 degrees,90 degrees,none of these,B
1970,"Out of three given numbers, the first is twice the second and thrice the third. If the average of these three numbers is 154, what is the difference between the first and the third numbers?",168,126,52,122,A
1971,"If the operation a:b is defined as a + b + ab, what is the value of (3:4) - (2:3)?",14,10,8,None of these,C
1972,"A trader owes a merchant Rs. 10,028 due 1 year hence. The trader wants to settle the account after 3 months. If the rate of interest 12% per annum, how much cash should he pay?",Rs. 9025.20,Rs. 9200,Rs. 9600,Rs. 9560,B
1973,"Given f(x) = -3x² - 2x + 1, find |f(1)|. Algebra",1,2,3,4,D
1974,Which of the following fractions is the smallest?,Nov-13,09-Nov,03-Apr,05-Jul,D
1975,5kg food is consumed by 50 chickens in 2 days. 60 chickens will consume how much food in 6 days. Proportion,2 kg,6 kg,15 kg,18 kg,D
1976,If the base of a rectangle is increased by 10 % and the area is unchanged then the corresponding altitude must be decreased by:________?,9.09%,10%,11%,11.11%,A
1977,Find the one which does not belong to that group?,104,110,108,112,B
1978,"I. x² + 11x + 30 = 0, II. y² + 15y + 56 = 0 to solve both the equations to find the values of x and y?",If x < y,If x > y,If x ≤ y,If x ≥ y,B
1979,An agricultural field is in the form of a rectangle of length 20m and width 14m. A pit 6m long 3m wide and 2.5m deep is dug in a corner of the field and earth taken out of the pit is spread uniformly over. The remaining area of the field. The level of the field has raised,15.16cm,16.17cm,17.18cm,18.19m,C
1980,"If Rs. 1000 is divided between Rabail and Amna in the proportion 2:3, how much will Rabail receive?",Rs. 300,Rs. 350,Rs. 400,Rs. 600,C
1981,Two pipes A and B can fill a cistern in 12 and 15 minutes respectively. Both are opened together but after 3 minutes A is turned off. After how much more time will the cistern be filled?,3 1/4 min,5 1/4 min,8 1/4 min,9 1/4 min,C
1982,Two trains 140 metres and 120 metres are running in the same direction with speeds 40 kmph and 60 kmph respectively. In what time will the faster train pass the slower one?,0.60 minutes,0.36 minutes,0.78 minutes,0.42 minutes,C
1983,P and Q can complete a work in 15 days and 10 days respectively. They started the work together and then Q left after 2 days. P alone completed the remaining work. The work was finished in__________days.,12,15,22,20,A
1984,"A man can row a boat at 20 kmph in still water. If the speed of the stream is 6 kmph, what is the time taken to row a distance of 60 km downstream?",20/6 hours,27/2 hours,30 hours,30/13 hours,D
1985,"P works twice as fast as Q. If Q alone can complete a work in 12 days, P and Q can finish the work in________days. Time-Work",1,2,3,4,D
1986,The income of a broker remains uncharged though the rate of commission is increased from 4 % to 5 % the percentage of a slump in business is_______?,8%,1%,20%,80%,C
1987,"Complete the number series: 1, 2, 2, 5, 3, 8, ?",3,7,6,4,A
1988,Find the expenditure on digging a well 14m deep and of 3m diameter at Rs.15 per cubic meter?,Rs0.12 ,Rs0.13 ,Rs0.14 ,Rs0.15 ,D
1989,"If you are facing East, then turn right, then right again, and then left, which direction are you now facing?",West-South,West-North,North-East,South,D
1990,"A question paper had 10 questions. Each question could only be answered as true(T) of False(F). Each candidate answered all the questions, Yet no two candidates wrote the answers in an identical sequence. How many different sequences of answers are",20,40,512,1024,D
1991,"A certain number of men could complete work in 40 days. If there were 20 men more, the work could be completed in 20 days. The original number of men is:",85,30,40,20,D
1992,The arithmetic mean of the scores of a group of students in a test was 52. The brightest 20% of them secured a mean score of 80 and the dullest 25% a mean score of 31. The mean score of remaining 55% is___________?,45,50,51.4 approx.,54.6 approx,C
1993,The sum of two numbers is 40 and their difference is 4. What is the ratio of the two numbers?,21:09,22:09,11:09,None of these,C
1994,"A solution of water and sugar contains 10% sugar. The solution's weight is 8 kg. When 2 kg of water is added to this solution, the percentage of sugar becomes:",8%,10%,12%,18%,A
1995,"In a division, problem the divisor is 4 times the quotient and 3 times the remainder, if remained is 4, then the dividend is?",12,40,42,44,B
1996,A large tanker can be filled by two pipes A and B in 60 and 40 minutes respectively. How many minutes will it take to fill the tanker from empty state if B is used for half the time and A and B fill it together for the other half?,15 min,20 min,27.5 min,30 min,D
1997,How many two-digit numbers are there that are divisible by 11?,7,8,9,11,C
1998,Find the one which does not belong to that group?,OQMS,UAWY,NPLR,BDZF,B
1999,A man saves Rs. 200 at the end of each year and lends the money at 5% compound interest. How much will it become at the end of 3 years?,Rs. 565.25,Rs. 635,Rs. 662.02,Rs. 666.50,C
2000,A Sum of Rs.2600 is lent out in two parts in such a way that the interest on one part at 10% for 5 years is equal to that on another at 9% for 6 years. The sum lent out at 10% is:,Rs0.12 ,Rs0.13 ,Rs0.14 ,Rs0.15 ,C
2001,"If A:B = 2:3 and B:C = 4:5, what is A:B:C?",8:12:15,2:03:05,8:12:05,2:12:15,A
2002,What is the value of Log ₁₀ (0.0001)?,4,-4,8,-8,B
2003,The side of a square is increased by 25% then how much % does its area increases?,52.65%,56.25%,50.75%,42.75%,B
2004,A train crosses a pole in 15 sec . While it crosses 100 meter long platform in 25 seconds. The length of the train is:,125m,135m,150m,175m,C
2005,Three gentlemen and three ladies are candidates for two vacancies. A voter must vote for two candidates. In how many ways can one cast a vote?,9,30,36,15,D
2006,"Complete the series: 1, 0, 3, 2, 5, 4, ____.",9,8,7,10,C
2007,"If (3a+5b)/(3a-5b) = 5, what is the ratio a:b?",2:01,2:03,5:02,None of these,C
2008,Find the one which does not belong to that group?,Hewat,Ceri,Rowaj,Cereals,D
2009,"Waleed gave 25% of the profit to his partner. If the partner got Rs. 8,000, what amount remains with Waleed?",Rs. 26000,Rs. 24000,Rs. 22000,Rs. 20000,B
2010,A man sells a car to his friend at 10 % loss. If the friend sells it for Rs. 54000 and gains 20 %. The original C.P of the car was:_________?,Rs. 25000,Rs. 37500,Rs. 50000,Rs. 60000,C
2011,"The ratio between two numbers is 3:4. If each number is increased by 3, the ratio becomes 4:5. Find the difference between the numbers.",3,9,2,7,A
2012,"A man can row downstream at 18 kmph and upstream at 10 kmph. Find the speed of the man in still water and the speed of the stream, respectively. Time, Speed, and Distance",13 kmph and 3 kmph,12 kmph and 6 kmph,15 kmph and 3 kmph,14 kmph and 4 kmph,D
2013,"A swimming bath is 24 m long and 15 m broad. When a number of men dive into the bath. The height of the water rises by 1cm. If the average volume of water displaced by each man is 0.1m^3, how many men are there in the bath?",32,36,42,46,B
2014,A shopkeeper buys mangoes at the rate of 4 a rupee and sells them at 3 a rupee. Find his net profit or loss percent?,20%,28%,33.33%,35.28%,C
2015,"If 40% of a number is equal to two-thirds of another number, what is the ratio of the first number to the second number?",5:03,3:05,2:03,3:02,A
2016,The area of a circle is 24.64Sq.m. the circumference of circle is________?,14.64m,16.36m,17.60m,18.40m,C
2017,A solid consists of a circular cylinder with an exact fitting right circular cone placed on the top. The height of the cone is h. If the total volume of the solid is three times the volume of the cone then the height of the cylinder is________?,2h,4h,2h/3,3h/2,C
2018,"Sarfaraz obtained 76, 65, 82, 67 and 85 marks (out of 100) in English, Mathematics, Physics, Chemistry and Biology. What are his average marks?",65,69,72,None of these,D
2019,The ratio of the length and the breadth of a rectangle is 4 : 3 and the area of the rectangle is 6912 sq cm. Find the ratio of the breadth and the area of the rectangle?,1/45.,1/48.,1/10.,1/96.,D
2020,How many miles are in one kilometer?,0.85,0.5,0.62,1.6,C
2021,Find the one which does not belong to that group?,20,42,58,72,C
2022,"A rectangular lawn of dimensions 80 m * 60 m has two roads each 10 m wide running in the middle of the lawn, one parallel to the length and the other parallel to the breadth. What is the cost of gravelling the two roads at Rs.3 per sq m?",Rs0.36 ,Rs0.37 ,Rs0.38 ,Rs0.39 ,D
2023,"Complete the series: -5, -7, -11, -19, -35, ___.",-45,-67,32,67,B
2024,"The Price of a book increases by 10% in June but in July, it decreases by 10%. What is its price at the end of July if its original price was 200?",Rs. 198,Rs. 200,Rs. 190,Rs. 210,A
2025,"In a race of 1000 m, A can beat by 100 m, in a race of 800m, B can beat C by 100m. By how many meters will A beat C in a race of 600 m?",57.5 m,127.5 m,150.7 m,98.6 m,B
2026,What number completes the equation: 7589 - ____ = 3434?,1123,11023,4155,4242,C
2027,Three 6 faced dice are thrown together. The probability that exactly two dice show the same number on them is -. Probability,05-Sep,05-Dec,Jan-36,07-Dec,B
2028,"The average value of A and B is 50,000, that of B and C is 60,000, and the average of A and C is 55,000. Find the value of B.",50000,55000,60000,None of these,B
2029,"In a secondary board examination, 2500 candidates appeared. 60% of them passed the examination. How many students failed in the examination?",1100,1200,1000,800,C
2030,"By mixing two brands of tea and selling the mixture at the rate of Rs. 177 per kg. a shopkeeper makes a profit of 18%. If to every 2 kg of one brand costing Rs. 200 per kg, 3 kg of the other brand is added, then how much per kg does the other brand cost?",Rs. 110,Rs. 120,Rs. 140,None of these,D
2031,"If 5% more is gained by selling an article for Rs. 350 than by selling it for Rs. 340, the cost of the article is:________?",Rs. 50,Rs. 160,Rs. 200,Rs. 225,C
2032,Which one of the following is not a prime number?,11,61,91,31,C
2033,"After spending 4/9 of her money, a girl has 25 rupees left. How much did she spend?",Rs. 20,Rs. 25,Rs. 45,Rs. 15,A
2034,"A man takes a loan of Rs. 65,000 at an annual interest rate of 3%. In how many years will the total amount owed become Rs. 68,900?",2,3,4,None of these,A
2035,"At a particular time, shadow of a pole 40m long is measured to be 30m. If the length of","plaza is 200m, then how long would the shadow be at about the same time? Proportion 180",100,150,120,C
2036,A rectangular field has area equal to 150 sq m and perimeter 50 m. Its length and breadth must be________?,"12 m, 10 m","13 m, 12 m","14 m, 11 m","15 m, 10 m",D
2037,The cash difference between the selling prices of an article sold at a profit of 4% and 6% is Rs. 3. What is the ratio of the two selling prices?,51:52:00,53:52:00,52:53:00,54:53:00,C
2038,Is the statement (36 ÷ -9) = (26 ÷ -6) true or false?,TRUE,FALSE,Cannot be determined,None of these,B
2039,"Complete the series: 1, 8, 4, 27, 9, ____",8,9,64,16,C
2040,A train covers the distance 'd' between two cities in 'h' hours arriving 2 hours late. What rate would permit the train arrive on schedule?,h-2,d/h-2,d/(h-2),dh-2,C
2041,"The population of a town increased from 1,75,000 to 2,62,500 in a decade. The average percent increase of population per year is:________?",4.37%,5%,6%,8.75%,B
2042,The H.C.F of two numbers is 23 and the other two factors of their L.C.M are 13 and 14. The larger of the two numbers is___________?,276,299,322,345,C
2043,"The angle of elevation of a ladder leaning against a wall is 60°, and the foot of the ladder is 12.4 m away from the wall. What is the length of the ladder?",12.4 meters,24.8 meters,6.4 meters,None of these,B
2044,The difference between the compound interest and the simple interest on a certain sum at 5 % per annum for 2 years is Rs. 1.50. The sum is_______?,Rs0.60 ,Rs0.50 ,Rs0.40 ,Rs0.30 ,A
2045,What is the volume in cm³ of a right circular cylinder with a radius of 2 cm and a height of 7 cm?,14 cm³,28 cm³,88 cm³,7 cm³,C
2046,"Complete the series: 6, ?, 21, 33, 48. Number Series",6,9,12,15,C
2047,"Find the average of 5/6, 4/3, and 3/4. Average",35/36,38/37,34/37,45/19,A
2048,"A car travels at a speed of 36 km per hour. What is the distance traveled by the car in 20 seconds, in meters?",100 m,150 m,200 m,250 m,C
2049,In how many different ways can the letters of the word 'OPTICAL' be arranged so that the vowels always come together?,120,720,4320,2160,B
2050,The sum of three numbers is 172. The ratio of the first and second numbers is 8:11. The ratio of the second and third is 5:7. Find the second number. Ratio,44,55,66,77,B
2051,"2 numbers differ by 5. If their product is 336, then the sum of the 2 numbers is:",21,51,28,37,D
2052,"The average age of seven persons sitting in a row facing east is 28 years. If the average age of the first three persons is 21 years and the average age of the last three persons is 34 years, then find the age of the person sitting in the middle of the row?",30 Years,31 years,26 years,33 years,B
2053,The sum of two numbers is 10 and their product is 20. What is the sum of their reciprocals?,2,01-Feb,1,20,B
2054,A dealer marks his goods 20% above cost price. He then allows some discount on it and makes a profit of 8%. The rate of discount is:,12%,10%,6%,4%,B
2055,"In one hour, Jason can install between 6 and 8 windows, inclusive. Which of the following could be a possible amount of time, in hours, that Jason takes to install 100 windows?",12,16,17,18,B
2056,A can finish a work in 20 days B can do the same work in 10 days. After A has worked for 5 days B joins A. In how many days the remaining work will be finished?,15 days,8 days,5 days,7 days,C
2057,The volumes of two cones are in the ratio 1 : 10 and the radii of the cones are in the ratio of 1 : 2. What is the ratio of the heights?,2:05,5:02,1:05,5:01,A
2058,Rayan crosses a 400m bridge in 3 minutes. What is speed?,133.33 kmph,1.33 kmph,4 kmph,8 kmph,D
2059,Rahat purchased a refrigerator for Rs. 12500 after getting a discount of 20% on the labelled price. He spent Rs. 125 on transport and Rs. 250 on installation. At what price should it be sold so that the profit earned would be 10% if no discount was offered?,"Rs. 14,162",Rs. 15525,Rs. 16000,Rs. 17600,A
2060,"A train when moves at an average speed of 40 kmph, reaches its destination on time. When its average speed becomes 35 kmph, then it reaches its destination 15 minutes late. Find the length of journey.",30 km,40 km,70 km,80 km,C
2061,The least number of complete years in which a sum of money put out at 20% C.I. will be more than doubled is_________?,3,4,5,6,B
2062,"If X and Y complete a certain work in 10 days, Y and Z in 16 days and X and Z in 22 days, find the time required for each one to complete the work while working separately. Time-Work","120 days, 40 days, 60 days","120 days, 60 days, 80 days","24 days, 17 days, 251 days","251 days, 24 days, 17 days",C
2063,"A trader marked the selling price of an article at 10% above the cost price. At the time of selling, he allows a certain discount and suffers a loss of 1%. He allowed a discount of:",10%,10.50%,11%,12.50%,A
2064,What is the value of (-25) + 3(-4) + 2(-9)?,13,-13,171,-55,D
2065,"A discount series of 10%, 20% and 40% is equal to a single discount of__________:",50%,56.80%,60%,70.28%,B
2066,"By selling an article at Rs.800, a shopkeeper makes a profit of 25%. At what price should he sell the article so as to make a loss of 25%?",Rs0.60 ,Rs0.48 ,Rs0.50 ,Rs0.45 ,B
2067,Which of the following ratios is the largest?,1:02,2:05,1:05,2:07,A
2068,"The marked price of a watch was Rs. 720. A man bought the same for Rs. 550.80, after getting two successive discounts, the first 10%. What was the second discount rate ?",12%,14%,15%,18%,C
2069,"Four people live in each house on a street. If there are 22 houses on the street, how many people live on the street?",78,88,98,None of these,B
2070,"In a journey of 15 miles two third distance was travelled with 40mph and remaining with 60mph. How much time the journey takes. Time, Speed, and Distance",40min,30min,120min,20min,D
2071,A and B can do a piece of work in 45 days and 40 days respectively. They began to do the work together but A leaves after some days and then B completed the remaining work in 23 days. The number of days after which A left the work was:,9,11,12,15,A
2072,((2.39)² - (1.61)²) / (2.39 - 1.61) = ?,3,4,5,None of these,B
2073,Julie has a square fence enclosing her garden. She expands her garden by making each side of the fence 10% longer. By what percent will the area of her garden increase?,21%,23%,25%,27%,A
2074,"The dimensions of an open box are 52, 40 and 29 cms. Its thickness is 2 cms. If 1 cm³ of metal used in the box weighs 0.5 gms, the weight of the box is________?",8.56 kg,7.76 kg,7.756 kg,6.832 kg,D
2075,What is 5% of 20%?,0.01,0.1,1,0.001,A
2076,A and B put in Rs.300 and Rs.400 respectively into a business. A reinvests into the business his share of the first year's profit of Rs.210 where as B does not. In what ratio should they divide the second year's profit?,39:40:00,40:39:00,31:40:00,40:31:00,A
2077,"Village X has a population of 68,000, which is decreasing at a rate of 1,200 per year. Village Y has a population of 40,000, which is increasing at a rate of 800 per year. In how many years will the population of the two villages be equal?",12 years,13 years,14 years,15 years,C
2078,"A rubber ball is dropped from a height of 27 meters. Each time it hits the ground, it bounces to a height 2/3 of the height from which it fell. What is the total distance travelled by the ball until it comes to rest?",115 m,125 m,135 m,145 m,C
2079,"The average age of women and child workers in a factory is 15 years. The average age of all 16 children was 8 years, and the average age of the women workers was 22 years. If ten women workers were married, then the number of unmarried women workers",16,12,8,6,D
2080,"Three towns X, Y, and Z are on a river which flows uniformly. Y is equidistant from X and Z. If a boat's man rows from X to Y and back in 10 hours and X to Z in 4 hours, find the ratio of the speed of the boat's man in still water to the speed of the current.",3:05,5:03,2:01,1:02,B
2081,"Find a 2-digit number where if the number is multiplied by 3 and 45 is subtracted from the result, the digits are reversed. Number System",24,26,27,36,D
2082,"A train can travel 50% faster than a car. Both start from point A at the same time and reach point B 75 kms away from A at the same time. On the way, however, the train lost about 12.5 minutes while stopping at the stations. What is the speed of the car?",80 kmph,102 kmph,120 kmph,140 kmph,C
2083,What is 3.14 × 10^6? (Note: the symbol ^ indicates power) Basic Arithmetic,314,"3,140","314,000","3,140,000",D
2084,"A bag contains 7 green and 8 white balls. If two balls are drawn simultaneously, the probability that both are of the same colour is -. Probability",Aug-15,02-May,03-May,Jul-15,D
2085,"A certain distance is covered at a certain speed. If half of this distance is covered in double the time, the ratio of two speeds is:",4:01,1:04,2:01,1:02,A
2086,"When you divide 0.7 by 10, what is the result?",7,0.07,70,0.007,B
2087,"In the equation (12x²+mx+23)/(2x+1) = 6x-18 + 41/(2x+1), m is a constant. What is the value of m?",-46,-32,-30,42,C
2088,"2 men and 1 woman board a bus of which 5 seats are vacant, one of these 5 seats is reserved for ladies. A woman may or may not sit on the seat reserved for ladies, In how many different ways can the five seats be occupied by these passengers?",15,36,48,60,D
2089,A train 150 meter long is running at the speed of 90 kmph crosses the bridge in 14 seconds. What is the length of the bridge?,150m,200m,250m,215 m,B
2090,"The cost of 10 kg of apples is equal to the cost of 24 kg of rice. The cost of 6 kg of flour equals the cost of 2 kg of rice. The cost of each kg of flour is Rs.20.50. Find the total cost of 4 kg of apples, 3 kg of rice and 5 kg of flour?",Rs.849.40,Rs.877.40,Rs.901.60,Rs.815.20,B
2091,"Twelve people from a club, by picking lots. One of them will host a dinner for all once in a month. The number of dinners a particular member has to host in one year is________?",One,Zero,Three,Cannot be determined,D
2092,The difference between simple interest and compound on Rs. 1200 for one year at 10% per annum reckoned half-yearly is:________?,Rs. 2.50,Rs. 3,Rs. 3.75,Rs. 4,B
2093,A sells his goods 50% cheaper than B but 50% dearer than C. The cheapest is_________?,A,B,C,All Alike,C
2094,"Sides of a rectangular park are in the ratio 3: 2 and its area is 3750 sq m, the cost of fencing it at 50 ps per meter is_______?",Rs0.15 ,Rs0.10 ,Rs0.13 ,Rs0.18 ,C
2095,"The product of two numbers is 4107. If the H.C.F of these numbers is 37, then the greater number is_________?",101,107,111,185,C
2096,"In a school, 40 % of the students play football and 50 % play cricket. If 18 % of the students play neither football nor cricket, the percentage of students playing both is________?",40%,32%,22%,8%,D
2097,18 men can eat 20 kg of rice in 3 days. How long will 6 men take to eat 40 kg of rice?,20 days,18 days,32 days,22 days,B
2098,The spherical ball of lead 3 cm in diameter is melted and recast into 3 spherical balls. The diameters of two of these are 1 ½ cm and 2 cm respectively. The diameter of third ball is?,2.66 cm,2.5 cm,3 cm,3.5 cm,B
2099,(64 + 9 + 9) / (2 * 20 + 1) = _______?,1,03-Feb,2,05-Feb,C
2100,If the radius of a circle be reduced by 50% its area is reduced by:_________?,25%,50%,75%,1,C
2101,A man spends 35% of his income on food and 25% on children's education. He spends 80% of the remaining income on house rent. What percent of his total income is he left with?,6%,8%,10%,12%,B
2102,What is one-fourth of 15?,3.72,3.73,3.75,3.8,C
2103,"Find the least number which when divide by 2, 3, 4, 5 and 6 leaves 1, 2, 3, 4 and 5 as remainders respectively, but when divided by 7 leaves no remainder?",210,119,126,154,B
2104,Candidates in a competitive examination consisted of 60% men and 40% women 70% men and 75% women cleared the qualifying test and entered the final test where 80% men and 70% women were successful? Which of the following statements is correct?,Success rate is higher for women,Overall success rate is below 50%,More men cleared the examination than women,Both 'A' and 'B',C
2105,A shopkeeper sells 20% of his stock at 10% profit ans sells the remaining at a loss of 5%. He incurred an overall loss of Rs. 400. Find the total worth of the stock?,Rs. 25000,Rs. 20000,Rs. 15000,Rs. 22000,B
2106,(180/37 of 14.8) / (17/60.1 of 180.30) = _______?,1.4,1.6,1.5,1.2,A
2107,What is the value of 0.014 × 0.014?,0.196,19.6,0.00196,0.000196,D
2108,The mean of 50 observations was 36. It was found later that an observation 48 was wrongly taken as 23. The corrected new mean is___________?,35.2,36.1,36.5,39.1,C
2109,A Shopkeeper earns a profit of 12% on selling a book at 10% discount on the printed. The ratio of the cost price and the printed price of the book is:,45:56:00,50:61,99:125,None of these,A
2110,A washerman irons 4 shirts in 12 minutes. How many shirts can he iron in one hour?,15,20,25,None of these,B
2111,What is the speed of a car that travels 700 km in 3 hours and 30 minutes?,150 km/h,175 km/h,165 km/h,200 km/h,D
2112,A man takes 50 minutes to cover a certain distance at a speed of 6 km/hr. If he walks at,"speed of 10 km/hr, how long does it take him to cover the same distance? Time, Speed, and Distance 1 hour",30 minutes,20 minutes,10 minutes,B
2113,"A and B invest Rs.8000 and Rs.9000 in a business. After 4 months, A withdraws half of his capital and 2 months later, B withdraws one-third of his capital. In what ratio should they share the profits at the end of the year?",31:44:00,45:32:00,32:45:00,44:31:00,C
2114,"If 4^(4x+1) = 1/64, what is the value of x?",1,-1,2,3,B
2115,What is the principle amount which earns Rs.132 as compound interest for the second year at 10 % per annum?,Rs. 1000,Rs. 1200,Rs. 1320,None of these,B
2116,"If the number of legs of goats in a grass field is 3,004,008, then the total number of goats is what?","651,002","751,002","851,002",None of these,B
2117,"Find the lowest common multiple of 24, 36 and 40. LCM",120,240,360,480,C
2118,"Complete the number series: 6, 11, 21, 36, 56, ____.",81,80,89,85,A
2119,"Find the volume of a cuboid having 3 cm length, 3 cm width, and 3 cm height. Geometric Measurement",18 cm^3,25 cm^3,27 cm^3,35 cm^3,C
2120,What is the value of (5/6) × (2/5)?,2,01-Mar,1,3,B
2121,"A question paper consists of five problems, each problem having three internal choices. In how many ways can a candidate attempt one or more problems?",63,511,1023,15,C
2122,A train 800 meters long is running with a speed of 78 km/h. It crosses a tunnel in 1 minute. What is the length of the tunnel?,650 m,555 m,500 m,458 m,C
2123,The area of a rectangle is 12 sq. metres and its length is 3 times that of its breadth. What is the perimeter of the rectangle?,14m,18m,4m,16m,D
2124,"If x - 4 = 11, what is the value of x - 8?",-15,-7,7,15,C
2125,"A steam shovel excavates 2 cubic yards every 40 seconds. At this rate, how much is excavated in 45 minutes?",90 Cu Yd,135 Cu Yd,270 Cu Yd,1200 Cu Yd,B
2126,"The least number which, when increased by 3, is completely divisible by 8, 12 and 18 is_______?",71,70,69,68,C
2127,"Complete the number series: 6, 3, 12, 6, 24, ____.",12,18,30,40,A
2128,The radius of a circular cylinder is the same as that of a sphere. Their volumes are equal. The height of the cylinder is________?,4/3 times its radius,2/3 times its radius,Equal to its radius,Equal to its diameter,A
2129,A garrison has provision for 30 days for certain men. If 2/3 of them do not attend the mess then the food will last for?,50 days,90 days,65 days,55 days,B
2130,"A man was employed on the promise that he would be paid the highest wages per day. The contract money to be paid was Rs. 1189. Finally, he was paid only Rs. 1073. For how many days did he actually work?",39 days,40 days,37 days,35 days,C
2131,A man spend Rs. 3300. This was 75% of his monthly income. His monthly income is__________?,4000,4400,5000,5400,B
2132,A Man travelled a distance of 61 km in 9 hours. He travelled partly on foot at 4 km/hr and partly on bicycle at 9 km/hr. What is the distance travelled on foot?,12 km,14 km,16 km,18 km,C
2133,"Free notebooks were distributed equally among children of a class. The number of notebooks each child got was one-eighth of the number of children. Had the number of children been half, each child would have got 16 notebooks. Total how many notebooks",256,432,512,640,C
2134,Which of the following groups of fractions is in descending order?,"8/15, 9/13, 6/11","8/15, 6/11, 9/13","9/13, 6/11, 8/15","6/11, 8/15, 9/13",C
2135,The ratio of the volumes of two cubes is 729 : 1331. What is the ratio of their total surface areas?,81:121,9:11,729:1331,27:12:00,A
2136,What will be the ratio of simple interest earned by certain amount at the same rate of interest for 6 years and that for 9 years ?,03-Feb,01-Feb,02-Mar,Data inadequate,C
2137,"A train 100 meters long completely crosses a bridge 300 meter long in 45 seconds, What is the speed of the train?",32km/h,36km/h,40km/h,48km/h,A
2138,"The least number which should be added to 2497 so that the sum is exactly divisible by 5, 6, 4 and 3 is:",3,13,23,33,C
2139,"On a certain item, the price is decreased to $0.42 from $0.62. What is the approximate percentage of the discount?",31%,32%,33%,34%,B
2140,"If 10 bulls can plough 20 identical fields in 3 days working 10 hours a day, then in how many days can 30 bulls plough 32 same identical fields working 8 hours a day?",2,8,10,12,A
2141,"The written price of a coat is Rs.275 if 15% rebate is given on the written price, what will a customer pay?",Rs.223.75,Rs.231.75,Rs.243.75,Rs.233.75,D
2142,[3/7 of {21 * (33.33% of (27 + 3) ÷ 5) - 7} - 8] = _______?,7,10,15,49,A
2143,Find the marked price of a uniform shirt if it is sold for Rs. 1311 after a discount of 5%?,Rs. 1380,Rs. 1520,Rs. 1320,Rs. 1460,A
2144,Find the one which does not belong to that group?,508,328,608,148,C
2145,"Find the H.C.F of 12, 16, 18 and 24?",1,2,3,4,B
2146,32% of 425 - ?% of 250 = 36 Percentage,20,40,60,80,B
2147,A man can row 30 km downstream and 20 km upstream in 4 hours. He can row 45 km downstream and 40 km upstream in 7 hours. Find the speed of man in still water?,15 kmph,10 kmph,12 kmph,12.5 kmph,D
2148,A trader marked the price of a car 20% above the cost price and allowed the purchaser 5% discount on the marked price there by gained Rs.8400. Find the cost price of the car?,Rs0.60 ,Rs0.75 ,Rs0.68 ,Rs0.78 ,A
2149,The compound interest accrued on an amount of Rs.44000 at the end of two years is Rs.1193.60. What would be the simple interest accrued on the same amount at the same rate in the same period?,Rs0.12 ,Rs0.13 ,Rs0.11 ,Rs0.10 ,A
2150,"A, B, and C can do the work in 8,14,16 days, respectively. A does the work for the first 2 days. B continues from it and finishes 2/3rd of the remaining work. C finishes the remaining work. How many days would it have taken to complete the work?",13 days,11 days,12 days,15 days,A
2151,"After an increase of 28%, 825 is equal to what?",956,1056,1200,960,B
2152,"The length of a rectangle is two - fifths of the radius of a circle. The radius of the circle is equal to the side of the square, whose area is 1225 sq.units. What is the area (in sq.units) of the rectangle if the rectangle if the breadth is 10 units?",140,156,175,214,A
2153,What is the area of an equilateral triangle of side 16 cm?,48√3 cm2,128√3 cm2,9.6√3 cm2,64√3 cm2,D
2154,Two pipes function simultaneously the reservoir will be filled in 12 hours. One pipe fills reservoir 10 hours faster than the other. How many hours does the faster pipe take to fill the reservoir?,25 hrs,28 hrs,20 hrs,35 hrs,C
2155,A speed of 14 meters per second is the same as:,45.5 km/h,50.4 km/h,52.2 km/h,55.5 km/h,B
2156,"A bag contains a total of 93 coins in the form of one rupee and 50 paise coins. If the total value of coins in the bag is Rs.56, find the number of 50 paise coins in the bag?",60,56,64,74,D
2157,7 + 1/2 of [8 - 4 / 2 * 3 - 1 + 1 + (4 + 2) - 2 * 2] = ________?,9,16,8,12,A
2158,"Object A is 5 kg heavier than Object B, and the mass of Object C is twice the mass of Object A. If the total mass of the three objects is 255 kg, find the mass of Object C. Linear Equations",120 kg,130 kg,135 kg,140 kg,B
2159,"The present average age of a family of five members is 26 years. If the present age of the youngest member in the family is ten years, then what was the average age of the family at the time of the birth of the youngest member ? (Assume no death occurred in",18 years,14 years,20 years,16 years,C
2160,Find the one which does not belong to that group?,358,246,134,862,D
2161,"Find out the wrong number in the series : 1, 1, 2, 6, 24, 96, 720 Odd one out",6,24,96,720,C
2162,A 6% stock yields 8%. The market value of the stock is___________?,Rs0.48 ,Rs0.75 ,Rs0.96 ,Rs.133.33,B
2163,"A person takes a loan of Rs. 10,000 to be repaid in 104 weekly instalments of Rs. 120 each. What is the total interest paid on the loan?",Rs. 2480,Rs. 2600,Rs. 3400,Rs. 2000,A
2164,"A can do a certain job in 12 days. B is 60% more efficient than A. The number of days it takes for B to do the same piece of work, is:_________?",12/6 days,15/2 days,23 days,34 days,B
2165,What is the volume of a cube (in cubic cm) whose diagonal measures 4√3 cm ?,8,16,27,64,D
2166,A man sold 20 articles for Rs. 60 and gained 20%. How many articles did he buy for Rs.60?,22,24,25,26,B
2167,"The sum of three numbers is 98. If the ratio of the first to the second is 2 : 3 and that of the second to the third is 5 : 8, then the second number is :__________?",20,30,48,58,B
2168,"A bag contains 50 paise, 1 rupee, and 2 rupee coins in the ratio 2:5:8. If the total amount is Rs. 352, what is the total number of coins in the bag?",160,200,250,240,D
2169,"A class had 14 boys with an average height of 5.3 feet. When a new boy joined the class, the average height of the 15 boys became 5.25 feet. How tall was the new boy?",3.55 feet,4.55 feet,5.55 feet,None of these,B
2170,"What is the missing number in the sequence: 4, 6, 10, 18, ____, 66?",22,34,45,54,B
2171,70% of 14 is 14% of what number?,30,45,50,70,D
2172,"The H.C.F and L.C.M of two numbers are 84 and 21 respectively. If the ratio of the two numbers is 1:4, then the larger of the two numbers is____________?",12,48,84,Invalid,D
2173,The areas of the two spheres are in the ratio 1: 4. The ratio of their volume is?,1:03,1:08,1:09,1:12,B
2174,What is 70 percent of 900?,600,610,620,630,D
2175,Find the ratio of the curved surfaces of two cylinders of same heights if their radii are in the ratio 1:2. Geometric Measurement,01-Feb,02-Mar,03-Apr,05-Apr,A
2176,"An automobile financier claims to be lending money at simple interest, but he includes the interest every six months for calculating the principal. If he is charging an interest of 10%, the effective rate of interest becomes _________?",10%,10.25%,10.50%,None of these,B
2177,64 is what percent of 80?,80%,70%,60%,64%,A
2178,If 80% of Z is 200. What is 70 % of Z?,175,200,900,1400,A
2179,"Walking at 80% of his usual speed, a man is 10 mins late to his office. Find the usual time taken by hime to reach his office.",20 minutes,30 minutes,40 minutes,50 minutes,C
2180,"P, Q and R can do a work in 20, 30 and 60 days respectively. How many days does it need to complete the work if P does the work and he is assisted by Q and R on every third day?",10 days,14 days,15 days,9 days,C
2181,"A, B, C and D divide a sum of money among themselves in the ratio 7:4:3:2. If D gets Rs. 500 less than A, find the total amount. Ratio (Partnership)",Rs0.10 ,Rs0.70 ,Rs0.16 ,Rs0.20 ,C
2182,"Find the amount on Rs.8000 in 9 months at 20% per annum, if the interest being compounded quarterly?",Rs0.13 ,Rs0.93 ,Rs0.96 ,Rs0.92 ,B
2183,Find the one which does not belong to that group?,Tiruvanantapuram,Hyderabad,Calicut,Bangalore,C
2184,"The average weight of A, B, and C is 45 kg. If the average weight of A and B is 40 kg and that of B and C is 43 kg, what is the weight of B?",17 kg,20 kg,26 kg,31 kg,D
2185,A and B can finish a work 30 days if they work together. They worked together for 20 days and then B left. A finished the remaining work in another 20 days. In how many days A alone can finish the work?,70,50,40,60,D
2186,0.05 is equal to which of the following fractions?,01-Oct,1/15.,1/18.,1/20.,D
2187,The cost of 5kg of tomatoes is Rs. 80. What will be the cost of 8kg?,Rs. 122,Rs. 126,Rs. 128,Rs. 130,C
2188,A dealer purchases 15 articles for Rs. 25 and sells 12 articles for Rs. 30. Find the profit percentage?,25%,50%,20%,5%,B
2189,"An Inlet pipe can fill a tank in 10 hrs. and an outlet pipe empties the same full tank in 20 hrs. The time required to fill the tank when both pipes are opened, is:",10,20,30,25,B
2190,"Kamal will complete work in 20 days. If Suresh is 25% more efficient than Kamal, he can complete the work in________days. Time-Work",14,16,15,11,B
2191,Find the one which does not belong to that group?,36,49,64,81,B
2192,In a rhombus whose area is 144 sq.cm on of its diagonals is twice as long as the other. The lengths of its diagonals are:_________?,"24 cm, 48cm","12cm, 24cm","6√2cm, 12√2cm","6cm, 12cm",B
2193,If the numerator of a fraction is increased by 250 % and the denominator is increased by 400 % the resultant fraction is 7/19. What is the original fraction?,Oct-19,05-Sep,09-May,19-Jul,A
2194,18 is 75% of what value?,34,24,22,20,B
2195,"If 15:7::x:560, what is the value of x?",1200,1300,1000,1400,A
2196,"If 40 men can complete a piece of work in 25 days, in how many days can 12 men complete the same job, assuming they work at the same rate?",79 days,85 days,83.33 days,None of these,D
2197,"If the ratio of the speeds of A and B to cover a distance of 200 m is 3:4, then the ratio of the time taken to cover the same distance is ________?",2:03,3:04,3:02,4:03,D
2198,"Find the odd one out: 8, 27, 64, 100, 125, 216, 343. Odd one out",27,100,125,343,B
2199,"A man sold two houses for Rs. 7.8 lakhs each. On the one, he gained 5% and on the other, he lost 5%. What percent is the effect of the sale on the whole?",0.25 % loss,0.25 % gain,25% loss,25% gain,A
2200,"A bus starts from X. The number of women in the bus is half of the number of men. In city Y, 10 men leave the bus and five women enter. Now, number of men and women is equal. In the beginning, how many passengers entered in the bus?",15,30,36,45,D
2201,The Length of a plot is four times is breadth. A playground measuring 1200 square meters occupies a third of the total area of the plot. What is the length of the plot in meters?,20,30,60,None of these,D
2202,"If the true discount on s sum due 2 years hence at 14% per annum be Rs. 168, the sum due is:________?",Rs. 768,Rs. 968,Rs. 1960,Rs. 2400,A
2203,"A train travelling at 60 km/hr leaves Multan for Lahore at 7 AM. Another leaves Lahore for Multan at 8 AM and travels at 28 km/hr. If the distance from Lahore to Multan is 192 km, how far from Multan will the two trains cross another?",90,100,140,150,D
2204,"Ali deposits an amount of Rs. 65,800 to obtain a simple interest at the rate of 14% per annum for 4 years. What total amount will Aii get at the end of 4 years?",Rs. 102648,Rs. 115246,Rs. 125578,Rs. 110324,A
2205,A trader mixes 26 kg of rice at Rs. 20 per kg with 30 kg of rice of other variety at Rs. 36 per kg and sells the mixture at Rs. 30 per kg. His profit percent is:,"No profit, no loss",5%,8%,10%,B
2206,A college organised a function in which 1/3 of the boys and 1/2 of the girls were present. The total number of students present is:,90,110,125,Data inadequate,D
2207,A sum of money placed at C.I. interest doubles itself in 5 years. It will amount to eight times itself at the same rate of interest in?,7 years,10 years,15 years,20 years,C
2208,Find the one which does not belong to that group?,36,49,64,81,B
2209,"A car's odometer records a distance ratio of 2:3 to the actual distance covered. If the odometer shows a trip of 48 km, what is the actual distance of the trip in km?",62 km,72 km,82 km,100 km,B
2210,A man sells 320 mangoes at the cost of 400 mangoes. His gain percent is:_________?,10%,15%,20%,25%,D
2211,16.66% of 33.33% of 66.66% of ? = 30 Basic Percentage,90,270,810,240,C
2212,Find the roots of the quadratic equation: 2×² + 3x - 9 = 0?,"3, -3/2","3/2, -3","-3/2, -3","3/2, 3",B
2213,A cistern which could be filled in 9 hours takes one hour more to be filled owing to a leak in its bottom. If the cistern is full in what time will the leak empty it?,45 hrs,60 hrs,75 hrs,90 hrs,D
2214,A car covers 20.525 km distance in one liter petrol. How much distance this car will cover in 15 liters petrol?,307.875,407.875,507.875,607.875,A
2215,"If (3/5)^3 × (3/5)^-6 = (3/5)^(2x-1), what is the value of x? (Note: the symbol ^ indicates power) Number System",0,1,-1,None of these,C
2216,[50 - {20 + 60% of (26/13 + 24/12 + 21) - 2} + 8] = 625/?,25,125,241/5,253/5,A
2217,"A man buys Rs. 50 shares in a company which pays 10% dividend. If the man gets 12.5% on his investments, at what price did he buy the shares?",Rs0.40 ,Rs.37.50,Rs0.48 ,Rs0.52 ,A
2218,12(13/18) + 16(11/27) - 10(5/9) = _________?,182/3,260/27,18-Apr,201/2,B
2219,"A volleyball team won 5 matches, which accounts for 25% of the total matches they played. Determine the total number of matches the team participated in:",15,20,25,45,B
2220,What are Prime Numbers?,Which can be divided by Odd Numbers,Which can be divided by Even Numbers,Which can be divided by Number 1 & by itself Number,Which can be divided by any Number,C
2221,"(i). a² - 7a + 12 = 0, (ii). b² - 3b + 2 = 0 to solve both the equations to find the values of a and b?",If a < b,If a ≤ b,If the relationship between a and b cannot be established.,If a > b,D
2222,"Two pipes P and Q can fill a cistern in 12 and 15 minutes respectively. Both are opened together, but at the end of 3 minutes the first is turned off. How much longer will the cistern take to fill?",9 1/4 min,11 1/4 min,7 1/4 min,8 1/4 min,D
2223,What is the reciprocal of the sum of the reciprocals of 2 and 3?,1.5,1.2,5,6,B
2224,A committee has 5 men and 6 women. What are the number of ways of selecting 2 men and 3 women from the given committee?,150,200,250,300,B
2225,The mean weight of 100 students in a class is 46 kg. The mean weight of boys is 50 kg and of girls is 40 kg. How many boys are in the class?,50,60,65,None of these,B
2226,Rs. 800 at 5 % Per annum compound interest will amount to Rs. 882 in________?,1 Year,2 years,3 Years,4 Years,B
2227,"Find the least multiple of 13 which when divided by 6, 8 and 12 leaves 5, 7 and 11 as remainders respectively?",143,169,260,221,A
2228,"Two pipes can fill a tank in 10 hrs. and 12 hrs. respectively while a third pipe empties the full tank in 20 hrs. If all the three pipes operate together , in how much time the tank will be filled?",7.5 hrs,5 hrs,7 hrs,None of these,A
2229,A shopkeeper buys a watch for Rs. 350 and sells it for Rs. 392. Find his percentage of profit. Profit-Loss,9%,10%,11%,12%,D
2230,If the ratio of the areas of two squares is 9:1 ratio of their perimeters is_________?,9:01,3:01,1:03,1:09,B
2231,"Find the least square number which is divisible by 10, 12, 15 and 18?",1600,900,3600,2500,B
2232,Total area of the 64 small squares of aches board is 400cm2. There is 3cm wide border around the chess board. What is the length of each side of the chess board?,17cm,20cm,23cm,26cm,D
2233,"A heap of coconuts is divided into groups of 2, 3 and 5 and each time one coconut is left over. The least number of Coconuts in the heap is_______?",31,41,51,61,A
2234,The speed of a boat in still water is 60kmph and the speed of the current is 20kmph. Find the speed downstream and upstream?,"35 kmph, 25 kmph","80 kmph, 40 kmph","40 kmph, 60 kmph","50 kmph, 55 kmph",B
2235,Jameel invested an amount of Rs.17400 for two years. Find the rate of compound interest that will fetch him an amount of Rs.1783.50 at the end of two years?,8% p.a.,6% p.a.,4% p.a.,5% p.a.,D
2236,"If 20 teachers out of a faculty of 80 are transferred, what percentage of the original faculty remains?",4%,16%,60%,75%,D
2237,Factorize 3x²y² - 14xy + 16:,(xy-2)(3xy-8),(xy-2)(3xy+8),(xy+2)(3xy-8),None of these,A
2238,A tap can fill a tank in 6 hours. After half the tank is filled three more similar taps are opened. What is the total time taken to fill the tank completely?,3 hrs 15 min,3 hrs 45 min,4 hrs,4 hrs 15 min,B
2239,A vendor bought toffees at 6 for a rupee. How many for a rupee must he sell to gain 20%?,3,4,5,6,C
2240,"If the positon of Shaheryar Akbar is 15th from one end and 13th from the other end in his class, what is the total number of students in his class?",28,24,27,29,C
2241,The total cost of 12 pens and 5 pencils is Rs. 111. The cost of 1 pencil is Rs. 5 less than the cost of 1 pen. What is the cost of 8 pens and 9 pencils?,Rs. 89,Rs. 97,Rs. 91,Rs. 78,C
2242,In what ratio should two varieties of sugar at Rs. 18 per kg and Rs. 24 per kg be mixed together to get a mixture whose cost is Rs. 20 per kg?,1:02,2:01,3:02,2:03,B
2243,A and B start a business with Rs.6000 and Rs.8000 respectively. How should they share their profits at the end of one year?,4:03,3:04,5:03,3:05,B
2244,"If the price has fallen by 10%, what per cent of its consumption should be: increased so that the expenditure may be the same as before?",10%,12.50%,11.11%,9.09%,C
2245,"C takes 6 days to complete half of a work and D takes 5 days to complete 1/3rd of the same work. They take turns to complete the task. If C works for the first 4 days, in how many days will D complete the rest of the work without the help of C?",10 days,12 days,8 days,9 days,A
2246,"P and Q need 8 days to complete a work. Q and R need 12 days to complete the same work. But P, Q and R together can finish it in 6 days. How many days will be needed if P and R together do it?",7,8,9,10,B
2247,"Two vessels, P and Q, contain 62.5% and 87.5% of alcohol, respectively. If 2 litres from vessel P is mixed with 4 litres from vessel Q, the ratio of alcohol and water in the resulting mixture is_______?",19:05,5:19,3:01,4:01,A
2248,The C.P of 10 pens is equal to the S.P of 12 pens. Find his gain % or loss%?,16 2/3% profit,50/6% profit,16 2/3% loss,100/3% loss,C
2249,Find the ratio in which rice at Rs. 7.20 a kg can be mixed with rice at Rs. 5.70 a kg to produce a mixture worth Rs. 6.30 a kg. Mixtures,1:02,2:03,3:02,4:05,B
2251,A sum of money doubles in 3 years at compound interest compounded annually. In how many years will it become four times itself at the same rate?,4,5,6,None of these,C
2252,Divide Rs.2000 into two shares in the ratio 3:2. Ratio,"Rs.1200,Rs.800","Rs.800,Rs.1200","Rs.1500,Rs.500","Rs.1100, Rs.900",A
2253,A tank is filled by three pipes with uniform flow. The first two pipes operating simultaneously fill the tank in the same time during which the tank is filled by the third pipe alone. The second pipe fills the tank 5 hours faster than the first pipe and 4 hours,6 hrs,10 hrs,15 hrs,30 hrs,C
2254,"The H.C.F of two numbers is 11 and their L.C.M is 7700. If one of the numbers is 275, then the other is__________?",279,283,308,318,C
2255,"A leak in the lower portion of a tank can empty the full tank in 9 hrs. An inlet pipe fills water at the rtae of 10 lit. a minute. When the tank is full, the inlet is opened and due to leak, the tank is empty in 16 hrs. How many litres does the cistern hold?","12,342 litres","12,444 litres","12,566 litres",None of these,A
2256,"If population of certain city increases at the rate of 5%. If population in 1981 was 138915, then population in 1978 was__________?","1,20,000","1,10,000","1,00,000",90000,A
2257,The average of first five prime numbers greater than 20 is____________?,31,31.01,32,32.2,D
2258,"Two numbers are in the ratio 7:9. If the sum of the numbers is 112, then the larger number is:",49,72,63,42,C
2259,"A and B can do a piece of work in 10 days. B and C in 15 days, C and A in 30 days. In how many days can they do it all working together?",8 days,6 days,11 days,10 days,D
2260,"What is the formula for the sum of cubes, a³ + b³?",(a + b) (a² - ab + b²),(a - b) (a² - ab + b²),(a - b) (a² + ab - b²),None of these,A
2261,The price of a bundle of pens rose from 10 cents to 15 cents. What is the percent increase in price?,30%,30.50%,33.33%,50%,D
2262,The product of two digits number is 2160 and their HCF is 12. The numbers are________?,"(36,60)",-12180,"(96,25)","(72,30)",A
2263,Simplify: 32^(-2/5) Number System,01-Feb,01-Apr,01-Mar,-0.125,A
2264,The cost of 2 chairs and 3 tables is Rs.1300. The cost of 3 chairs and 2 tables is Rs.1200. The cost of each table is more than that of each chair by__________?,Rs0.70 ,Rs0.75 ,Rs0.50 ,None of these,D
2265,Find the value of x if 31 : x :: 12 : 20. Proportion,50,51,52,None of these,D
2266,"In what ratio should the profit of Rs.8000 be divided if X starts a business with an investment of Rs. 20000, Y invests Rs.7500 for 4 months and Z invests Rs.15000 after 3 months from the start of the business.",16:02:09,9:02:16,2:09:16,9:16:02,A
2267,Multiply: 9.5 × 6. Basic Arithmetic,57,56,58,59,A
2268,"In what ratio must a grocer mix teas worth Rs. 60 a kg and Rs. 65 a kg. So that by selling the mixture at Rs. 68.20 a kg, He may gain 10%?",3:02,2:03,3:04,4:05,A
2269,The S.I. on a certain sum of money for 3 years at 8% per annum is half the C.I. on Rs. 4000 for 2 years at 10% per annum. The sum placed on S.I. is________?,Rs. 1550,Rs. 1650,Rs. 1750,Rs. 2000,C
2270,"X, Y and Z are quantities of the same kind such that X:Y = 5:8 and Y:Z = 4:7. Find X:Z. Ratio",10:06,14:05,5:14,6:10,C
2271,"If Ahmed got 25 rupees profit on every article of Rs. 250, then what is his percentage of profit?",10%,20%,11.11%,None of these,A
2272,"A boat goes 24 km downstream in 10 hours, it takes 2 hours more to cover the same distance against the stream. What is the speed of the boat in still water?",2.2 km/hr,2.8 km/hr,4 km/hr,None of these,A
2273,"When a plot is sold for Rs. 18,700, the owner loses 15%. At what price must that plot be sold in order to gain 15%?","Rs. 21,000","Rs. 22,500","Rs. 25,300","Rs. 25,800",C
2274,A typist uses a paper 30cm x 15cm.He leaves a margin at 2.5cm at the top and the bottom and 1.25cm on either side. What percentage of paper area is approximately available for typing Geometric Measurement,65%,70%,80%,60%,B
2275,The sum of two numbers is 2490. If 6.5 % of one number is equal to 8.5 % of the other then the numbers are:_________?,"989, 1501","1011, 1479","1401, 1089","1411, 1079",D
2276,The sum of the reciprocals of A's ages (in years) 2 years ago and 2 years from now is 2/3. The present age of A is?,2 years,7 years,4 years,5 years,C
2277,"Nawaz Sahrif spends 10% of his income in house rent, 20% of the rest on his children's education, 25% of the rest miscellaneous causes. If he now posses Rs. 1944 then his income is_______?",Rs0.36 ,Rs0.40 ,Rs0.45 ,Rs0.30 ,A
2278,The average age of students of a class is 15.8 years. The average age of boys in the class is 16.4 years and that of the girls is 15.4 years. The ratio of the number of boys to the number of girls in the class is___________?,1:02,2:03,3:04,3:05,B
2279,"Find the greatest number which, while dividing 19, 83 and 67, gives a remainder of 3 in each case?",16,17,18,19,A
2280,"A ladder 15 meters long just reaches the top of a vertical wall. If the ladder makes an angle of 60° with the wall, what is the height of the wall?",7 m,7.5 m,8 m,8.5 m,B
2281,"What is the length of the longest pole which can be kept in a room 12 m long, 4 m broad and 3 m high?",10 m,12 m,15 m,13 m,B
2282,A man walked 20 m to cross a rectangular field diagonally. If the length of the field is 16 m. Find the breadth of the field is________?,11 m,12 m,13 m,14 m,B
2283,(492 * 182) / 324 = ________?,270.3,276.3,286.3,296.5,B
2284,"A man rows at a speed of 6 km/hr in still water. If the time taken to row a certain distance upstream is 4 times the time taken to row the same distance downstream, what is the speed of the river?",1.8 km/hr,3 km/hr,3.6 km/hr,4 km/hr,C
2285,"In decreasing price of a car by 10%, number of cars sold is increased by 10% what is the change in overall sales?",Increases,decreases,remains same,May increase or may decrease,B
2286,"A, B, C enter into a partnership investing Rs. 35,000, Rs. 45,000 and Rs. 55,000 respectively. The respective shares of A, B, C in annual profit of Rs. 40,500 are:","Rs. 10,500, Rs. 13,500, Rs. 16,500","Rs. 11,500, Rs. 13,000, Rs. 16,000","Rs. 11,000, Rs. 14,000, Rs. 15,500","Rs. 11,500, Rs. 12,500, Rs. 16,500",A
2287,"If A:B = 2:3 and B:C = 4:5, then A:B:C is:",5:04:06,2:03:05,8:12:15,None of these,C
2288,"A man starting at point walks 1km east, then 2km north, then 1 km east , then 1 km north , then 1 km east and then 1km north to arrive at his destination. What is the shortest distance between the starting point and his destination?",8 km,7km,6km,5km,D
2289,A rectangular carpet has an area of 120 square meters and a perimeter of 46m. The length of its diagonal is_________?,11m,13m,15m,17m,D
2290,"The length of a rectangle is twice its breadth, if length is decreased by 5 cm and the breadth is increased by 5 cm. If the area remains the same, find the length. Geometric Measurement",20 cm,30 cm,10 cm,5 cm,C
2291,"A cycle is bought for Rs.900 and sold for Rs.1080, find the gain percent?",16.67%,20%,18%,25%,B
2292,In an election only two candidates contested. A candidate secured 70% of the valid votes and won by a majority of 172 votes. Find the total number of valid votes?,430,570,480,520,A
2293,A card is drawn from a pack of 52 cards. The probability of getting a queen of club or a king of heart is___________?,Jan-13,Feb-13,Jan-26,Jan-52,C
2294,Fresh grapes contain 80 % water dry grapes contain 10 % water. If the weight of dry grapes is 250 kg. What was its total weight when it was fresh?,1000 kg,1100 kg,1125 kg,1225 kg,C
2295,"If the roots of the equation 2x² - 5x + b = 0 are in the ratio of 2:3, then find the value of b?",3,4,5,6,A
2296,"The least square number which is divisible by 8, 12 and 18 is________?",100,121,64,144,D
2297,"A shopkeeper sells two articles at Rs.1000 each, making a profit of 20% on the first article and a loss of 20% on the second article. Find the net profit or loss that he makes?",Neither profit nor loss,3%,5%,4%,D
2298,The perimeter of a rectangle is 60m. If it's length is twice its breadth then its area is__________?,160m²,180m²,200m²,220m²,C
2299,"Look at this series: 2, 6, 18, 54, ____. What number should come next?",108,148,162,218,C
2300,"Complete: 5, 16, 6, 16, 7, 16, ___, 16 Number Series",9,7,6,8,D
2301,"The ratio of two numbers a and b is 3:5. If 2 is added to both the numbers, the ratio becomes 2:3. Find b. Ratio",15,10,8,5,B
2302,"A vessel contains 20 liters of a mixture of milk and water in the ratio 3:2. 10 liters of the mixture are removed and replaced with an equal quantity of pure milk. If the process is repeated once more, find the ratio of milk and water in the final mixture obtained?",9:01,1:09,2:09,9:@,A
2303,"In a survey, it was found that 80% of those surveyed owned a car, while 60% of those surveyed owned a mobile phone. If 55% owned both a car and a Mobile phone, what percent of those surveyed owned a car or a mobile phone or both?",65%,80%,85%,97.50%,C
2304,The edges of a cuboid are in the ratio 1 : 2 : 3 and its surface area is 88 cm². The volume of the cuboid is :_________?,24 cm³,48 cm³,64 cm³,120 cm³,B
2305,"Find the least number of five digits which is exactly divisible by 12, 15 and 18?",1080,10080,10025,11080,B
2306,"The area of a base of a cone is 30 cm². If the height of the cone is 6cm, find its volume?",120 cm³,40 cm³,50 cm³,60 cm³,D
2307,"How many four digit numbers can be formed using the digits {1, 3, 4, 5, 7,9}(repetition of digits is not allowed)?",360,60,300,180,A
2308,Find the one which does not belong to that group?,27,37,47,67,A
2309,(1.9 * 0.021) / (0.095 * 0.105) = ______?,Jan-20,01-May,4,10,C
2310,"A sum of Rs. 725 is lent at the beginning of a year at a certain rate of interest. After 8 months, a sum of Rs. 362.50 more is lent, but at the rate twice the former rate. At the end of the year, Rs. 33.50 is earned as interest from both loans. What was the original rate of",3.46%,4.50%,5%,6%,A
2311,"In a one-kilometer race, A beats B by 28 meters or 7 seconds. What is the time taken by","to finish the race? Time, Speed, and Distance 4 minutes 3 seconds",3 minutes 4 seconds,5 minutes,4 minutes 20 seconds,A
2312,The compound interest on a certain sum of money for 2 years at 10 % per annum is Rs.420. The simple interest on the same sum at the same rate and for the same time will be_______?,Rs0.35 ,Rs0.38 ,Rs. 380,Rs. 400,D
2313,"If A and B together can complete a piece of work in 15 days and B alone in 20 days, in how many days can A alone complete the work?",60 days,45 days,40 days,None of these,A
2314,The population of a city increases at the rate of 4% p.a. but there is an additional annual increase of 1% in the population due to some job seekers. The percentage increase in the population after 2 years is_________?,10%,11%,10.25%,10.15%,C
2315,"In the system of equations ax + 2y = 5 and 3x - 6y = 20, which of the following CANNOT be the value of a?",-1,4,1,-3,A
2316,How many millimeters are there in one centimeter?,10,20,500,1000,A
2317,The ____ is equal to the sum of all the values in the data divided by the number of values in the data.,Mean,Mode,Median,Geometric Mean,A
2318,Fresh fruit contains 68 % water and dry fruit contains 20 % water. How much dry fruit can be obtained from 100 kg of fresh fruits?,32 kg,40 kg,52 kg,80 kg,B
2319,There would be 10% loss if rice is sold at Rs. 5.40 per kg. At what price per kg should it be sold to earn a profit of 20% Profit-Loss,Rs. 6,Rs. 6.48,Rs. 7.02,Rs. 7.20,D
2320,The average monthly income of P and Q is Rs. 5050. The average monthly income of Q and R is 6250 and the average monthly income of P and R is Rs. 5200. The monthly income of P is____________?,Rs. 3500,Rs. 4000,Rs. 4050,Rs. 5000,B
2321,Solve: 1/4 - 1/4. Basic Arithmetic,0,-1,1,4,A
2322,"If a car is sold for Rs. 50000, the profit is 17 percent. What would be the profit percentage if sold for Rs. 47000?",14.85%,9.98%,16.20%,14.50%,B
2323,How many three letter words are formed using the letters of the word TIME?,12,20,16,24,D
2324,A person walking at 5/6th of his usual speed is 40 minutes late to his office. What is his usual travel time to his office?,3 hours 20 minutes,3 hours 15 minutes,3 hours 30 minutes,3 hours,A
2325,Find the one which does not belong to that group?,4422,2442,4242,2244,C
2326,0.001 is equal to:,1/100,1/1000,1/10000,None of these,B
2327,There would be 10% loss if a toy is said at Rs. 10.80 per piece. At what price should it be sold to earn a profit of 20%?,Rs. 12,Rs. 12.96,Rs. 14.40,None of these,C
2328,"Two ships are sailing in the sea on the two sides of a lighthouse. The angles of elevation of the top of the lighthouse as observed from the two ships are 30° and 45° respectively. If the lighthouse is 100 m high, the distance between the two ships is :_________?",173 m,200 m,273 m,300 m,C
2329,"The Ratio of the length and breadth of a plot is 3:2 .If the breadth is 40m less than the length, what is the perimeter of the plot?",480m,320m,400m,450m,C
2330,"Two numbers are in the ratio 3:5. If 9 is subtracted from each, the new numbers are in the ratio 12:23. What is the smaller original number?",31,33,35,None of these,B
2331,One side of a rectangle is 12 cm long and its diagonal measures 20 cm. What is the length of the other side and the area of the rectangle?,176 cm²,172 cm²,192 cm²,202 cm²,C
2332,Solve: √1.44 Number System,0.8,1.2,8,12,B
2333,A shopkeeper bought bicycle for Rs. 600 and sold it for Rs.720. Find the gain percent. Percentage,15%,18%,20%,25%,C
2334,If the circumference of a circle is 352 meters then its area in Sq.m is:________?,9856,8956,6589,5986,A
2335,"If the selling price is doubled, the profit triples. Find the profit percent:",66.67%,100%,105.33%,120%,B
2336,16 men can finish two fifth of the work in 4 days. The number of additional men required to finish the remaining work in 2 more days will be:,24 men,32 men,30 men,39 men,B
2337,A fruit seller had some mangoes. He sells 30% of the mangoes and still has 280 mangoes. Find the number of mangoes he had. Percentage,400 mangoes,588 mangoes,600 mangoes,388 mangoes,A
2338,The area of a circle is increased by 22Sq.cm when it's radius is increased by 1cm. The original radius of the circle is_________?,6 cm,3.2 cm,3 cm,3.5 cm,C
2339,Three times the first of three consecutive odd integers is 3 more than twice the third. What is the third integer?,11,13,15,None of these,C
2340,The sum of two numbers is 528 and their H.C.F is 33. The number of pairs of numbers satisfying the above conditions is__________?,4,6,8,12,A
2341,The cube root of 0.000216 is:,0.6,0.06,0.006,0.0006,B
2342,The length of the longest rod that can fit in a cubical room of 4 m side is?,8.66 m,5.196 m,6.928 m,7.264 m,C
2343,"Today is Khadija's birthday. After one year, she will be twice as old as she was ten years ago. What is the current age of Khadija?",19 years,20 years,21 years,22 years,C
2344,Two trains are moving in opposite directions at the speed of 50 and 70 km/hr. Their lengths are 150 m and 100 m. The time required for their crossing is:,5 sec,7. 5 sec,40 sec,None of these,B
2345,"Ameen started a business investing Rs. 70,000. Rahim joined him after six months with an amount of Rs. 1,05,000 and sameer joined them with Rs. 1.4 lakhs after another six months. The amount of profit earned should be distributed in what ratio among Ameen,",12:16:15,12:15:16,13:15:16,Cannot be determined,B
2346,"If log 2= 0.301, log 10= 1, then log_5 (512) is? (Here _ shows subscript) Logarithms",3.875,4.252,5.751,None of these,A
2347,A cuboidal water tank contains 216 liters of water. Its depth is 1/3 of its length and breadth is ½ of 1/3 of the difference between length and depth. The length of the tank?,2dm,6dm,18dm,72dm,C
2348,The cube root of 0.027 is:,0.1,0.2,0.3,None of these,C
2349,"5% people of a village in Sri Lanka died by bombardment, 15% of the remainder left the village on account of fear. If now the population is reduced to 3553, how much was it in the beginning?",3800,4200,4400,5500,C
2350,Find the roots of quadratic equation: 2x² + 5x + 2 = 0?,"-2, -1/2","4, -1","4, 1","-2, 5/2",A
2351,"A can do a work in 40 days and B can do it in 25 days. A worked at it for 8 days. In how many days, B can finish the remaining work?",8days,20 days,16 days,12 days,B
2352,A boat running upstream takes 8 hours 48 min to cover a certain distance while it takes 4 hours to cover the same distance running downstream. What is the ratio between the speed of the boat and the speed of water current respectively?,4:03,3:08,8:03,Cannot be determined,C
2353,A man takes 5 hours 45 min in walking to a certain place and riding back. He would have gained 2 hours by riding both ways. The time he would take to walk both ways is_________?,11 hrs,8 hrs 45 min,7 hrs 45 min,9 hrs 20 min,C
2354,"If books bought at prices ranging from Rs. 150 to Rs. 300 are sold at prices ranging from Rs. 250 to Rs. 350, what is the greatest possible profit that can be made from selling 15 books?",Rs. 2000,Rs. 2500,Rs. 3000,Rs. 3500,C
2355,The ratio of the cost price and the selling price is 4:5. The profit percent is:__________?,10%,20%,25%,30%,C
2356,"Four men working together can dig a ditch in 42 days. They begin, but one man works only half-days. How long will it take to complete the job?",46 days,48 days,50 days,52 days,B
2357,"The average age of A and B is 30 years, that of B and C is 32 years, and the average age of C and A is 34 years. What is the age of C?",33 years,34 years,35 years,36 years,D
2358,One side of a rectangular field is 4 m and its length along diagonal is 5 m. What is the area of the field?,12 sq m,4√14 sq m,20 sq m,15 sq m,A
2359,"Salman bought a TV for Rs. 8,800, which included a Goods and Services Tax (GST) of 10%. What was the original cost of the TV?",Rs. 8800,Rs. 8000,Rs. 7920,Rs. 8200,B
2360,The area of a rectangle is thrice that of a square. The length of the rectangle is 40 cm and the breadth of the rectangle is (3/2) times of the square. The side of the square in cm is__________?,15,20,30,60,B
2361,"Imran got a 20% increase in his salary at the end of 1st year. At the end of the 2nd year, he got an increase of 10%. If his present income is $19800, what was his income two years ago?",$16000,$17000,$15000,$18000,C
2362,Barkat is travelling on his cycle and has calculated to reach point A at 2 P.M. if he travels at 10 kmph; he will reach there at 12 noon if he travels at 15 kmph. At what speed must he travel to reach A at 1 P.M?,8 kmph,11 kmph,12 kmph,14 kmph,C
2363,Two trains 120 miles apart travel towards each other. The 1st train travels at 70 mph while the 2nd at 50 mph. A bird starts flying from the location of the faster train towards the other train at 85 mph and when it reaches the slower train it turns back and flies in,85 miles,70 miles,50 miles,120 miles,A
2364,How much time will it take for an amount of Rs. 900 to yield Rs. 81 as interest at 4.5% per annum of simple interest?,2 years,3 years,1 year,4 years,A
2365,The profit earned by selling an article for Rs. 832 is equal to the loss incurred when the same article is sold for Rs. 448. What should be the sale price for making 50% profit?,Rs. 920,Rs. 960,Rs. 1060,Rs. 1200,B
2366,"In a class, there are twice as many boys as girls. If 30% of the boys and 45% of the girls failed an exam, what percentage of the class passed the exam?",35%,60%,52%,65%,D
2367,"If the arithmetic mean of seventy five numbers is calculated, it is 35. If each number is increased by 5, then mean of new number is___________?",30,40,70,90,B
2368,"A shopkeeper purchases 5 cartons for 105 rupees and 8 cartons for 155 rupees. If each carton contains 5 items, what is the average price per item for all cartons purchased?",Rs. 4.20,Rs. 4.50,Rs. 4.75,Rs. 4.00,D
2369,The perimeter of a floor of a room is 18m.What is the area of four walls of the room if it; a height is 3m?,21 Sq.m,42 Sq.m,54 Sq.m,108 Sq.m,C
2370,Rayyan purchased a refrigerator and a mobile phone for Rs. 15000 and Rs. 8000 respectively. He sold the refrigerator at a loss of 4 percent and the mobile phone at a profit of 10 percent. Overall he make a________?,Loss of Rs. 200,Loss of Rs. 100,Profit of Rs. 100,Profit of Rs. 200,D
2371,Find the one which does not belong to that group?,508,328,608,148,C
2372,"There is a 30% increase in the price of an article in the first year, a 20% decrease in the second year and a 10% increase in the next year. If the final price of the article is Rs. 2288, then what was the price of the article initially?",Rs. 1500,Rs. 1800,Rs. 2000,Rs. 2400,C
2373,"The edge of three cubes of metal is 3 dm, 4 dm and 5 dm. They are melted and formed into a single cube. Find the edge of the new cube?",3 dm,4 dm,5 dm,6 dm,D
2374,What is the sum of the first five prime numbers?,24,26,28,30,C
2375,"If P gets 25% more than Q, then by what percent does Q get less than P?",33.33%,30%,20%,16.67%,A
2376,Find the one which does not belong to that group?,30,630,10,520,B
2377,The angle of depression of a car on the ground from the top of a 75 m high tower is 30°. What is the distance of the car from the base of the tower?,25√3 m,50√3 m,75√3 m,None of these,C
2378,If goods be purchased for Rs.840 and one-fourth be sold at a loss of 20% at what gain percent should the remainder be sold so as to gain 20% on the whole transaction?,30%,33%,33.33%,35%,C
2379,"A person bought an article and sold it at a loss of 10%. If he had bought it for 20% less and sold it for Rs.75 less, he could have gained 25%. What is the cost price?",Rs. 250,Rs. 225,Rs. 275,None of these,D
2380,"Which number will come next: 5, 3, 6, 2, 7, 1, ...?",5,7,8,9,C
2381,"Find the compound interest accrued on an amount of Rs.14,800 at 13.5% p.a at the end of two years. (Round off your answer to nearest integer) Interest",Rs0.43 ,Rs0.46 ,Rs0.41 ,Rs0.43 ,D
2382,"A team of eight entered for a shooting competition. The best marks man scored 85 points. If he had scored 92 points, the average scores for the team would have been 84. How many points altogether did the team score?",625,665,632,656,B
2383,25% of 30% of 45% is equal to__________?,0.03375,0.3375,3.375,33.75,A
2384,"P can do a work in the same time in which Q and R together can do it. If P and Q work together, the work can be completed in 10 days. R alone needs 50 days to complete the same work. then Q alone can do it in__________?",30 days,25 days,20 days,15 days,B
2385,"A, B, C together started a business. A invested Rs.6000 for 5 months B invested Rs.3600 for 6 months and C Rs.7500 for 3 months. If they get a total profit of Rs.7410. Find the share of A?",Rs0.38 ,Rs0.30 ,Rs0.32 ,Rs0.22 ,B
2386,"Anees spends 40% of his income on rent, 30% of the remaining on medicines and 20% of the remaining on education. If he saves Rs. 840 every month, then find his monthly salary?",Rs. 1800,Rs. 2000,Rs. 2200,Rs. 2500,D
2387,If a square and a rhombus stand on the same base then the ratio of the areas of the squares and the rhombus is:_________?,Greater than 1,Equal to 1,greater than or equal to 1,Equal to ¼,C
2388,The ratio of the volumes of a cube to that of the sphere which will fit inside the cube is________?,2:03,3:02,π:6,6: π,D
2389,The sum of the ages of 5 children born at 3-year intervals is 50 years. What is the age of the youngest child?,4 years,8 years,10 years,12 years,A
2390,(25 × 10) / (5(6 - 4)²) = ?,200,50,12.5,25,C
2391,"Three boxes have some average weight. When one box which weighs 89 kg is replaced by another box, the average weight increases by 5 kg. How much does the new box weigh?",109 kg,94 kg,104 kg,84 kg,C
2392,What is the place value of the digit 9 in the number 0.06945?,9/100,09-Oct,9/1000,9/10000,C
2393,"If 4^(4x + 1) = 1/64, what is the value of x?",0,1,-1,None of these,C
2394,"In finding the HCF of two numbers, the last divisor was 41 and the successive quotients, starting from the first, where 2, 4 and 2. The numbers are______?","700, 400","820, 360","800, 500","820, 369",D
2395,The length and breadth of a rectangle is increased by 10% and 25% respectively. What is the increase in the area?,27.50%,37.50%,47.50%,57.50%,B
2396,"If 30 men working 9 hours per day can reap a field in 16 days, in how many days will 36 men reap the field working 8 hours per day?",15 days,25 days,18 days,10 days,A
2397,"The price of an article is cut by 20%. To restore the price to its original value, by how much must the new price be increased?",20%,25%,30%,None of these,B
2398,The equation H = 100 - 4T models the number of hours H until a gallon of milk held at a temperature of T degrees Celsius goes sour. What is the best interpretation of the number 4 in the equation?,An increase of 1 degree Celsius will make a gallon of milk go sour 4 hours faster.,An increase of 1 degree Celsius will make 4 gallons of milk go sour 1 hour faster.,An increase of 4 degrees Celsius will make a gallon of milk go sour 1 hour faster.,An increase of 4 degrees Celsius will make a gallon of milk go sour 4 hours faster.,A
2399,"Sameena started a software business by investing Rs. 50,000. After six months, Nida joined her with a capital of Rs. 80,000. After 3 years, they earned a profit of Rs. 24,500. What was Saneena's share in the profit?",Rs. 9423,"Rs. 10,250","Rs. 12,500","Rs. 10,500",D
2400,"Masood's salary is reduced by 10% and then reduced salary is increased by 10%. Find ,how many percentage his present salary is less as compared to his previous salary?",Nothing,10%,1%,5%,C
2401,"At an examination in which full marks were 500. A got 10% less than B, B got 25% more than C and C got 20% less than D. If A got 360 marks, what percentage of full marks was obtained by D?",70%,80%,80%,75%,B
2402,"The average marks in mathematics scored by the students of a school at the public examination were 39. If four of these students who actually scored 5, 12, 15 and 19 marks at the examination had not been sent up, the average marks for the school would have",20,25,30,32,B
2403,A boy has nine trousers and 12 shirts. In how many different ways can he select a trouser and a shirt?,21,12,9,108,D
2404,"Complete the series: 1/5, 1/9, 1/13, 1/17, ____.",Jan-19,Jan-20,Jan-21,Jan-22,C
2405,"If x + y = 6, y + z = 7, and z + x = 9, what is the average (arithmetic mean) of x, y, and z?",11-Mar,11-Feb,22-Mar,11-May,A
2406,If the length of diagonal AC of a square ABCD is 5.2 cm then area of the square ABCD is_________?,15.12 sq.cm,13.52 sq.cm,12.62 sq.cm,10 sq.cm,B
2407,"A stenographer needs to fill 500 forms. She fills 25 forms in half an hour. Then, she is joined by another stenographer who fills forms at a rate of 45 per hour. How long will the entire assignment take to complete?",5 hours,5 ½ hours,4 ½ hours,6 hours,B
2408,96% of the population of a village is 23040. The total population of the village is________?,32256,24000,24936,25640,B
2409,If the rate of interest be 4% per annum for first year 5% per annum for the second year and 6% per annum from the third year then the compound interest of Rs 10000 for 3 years will be_________?,Rs. 1575.20,Rs. 1600,Rs. 1625.80,Rs. 2000,A
2410,"the present average age of a couple and their daughter is 35 years. Fifteen years from now, the age of the mother will be equal to the sum of present ages of the father and the daughter. Find the present age of mother?",43 years,40 years,48 years,45 years,D
2411,Evaluate: 0.213 ÷ 0.00213.,10,50,100,1000,C
2412,A train moves past a telegraph post in 8 seconds and a 264 m long bridge in 20 seconds. What is the speed of the train?,69.5 km/hr,70 km/hr,79 km/hr,79.2 km/hr,D
2413,"If the simple interest on a sum of money for 2 years at 5% per annum is Rs. 50, what is the compound interest on the same at the same rate and for the same time?",Rs. 51.25,Rs. 52,Rs. 54.25,Rs. 60,A
2414,"Two pipes A and B can fill a tank in 4 and 5 hours respectively. If they are turned up alternately for one hour each, the time taken to fill the tank is?",2 hrs 15 min,4 hrs 24 min,5 hrs,3 hrs,B
2415,The sum of two numbers is 67 and their difference is 3. What are the numbers?,33 and 34,32 and 35,34 and 56,6 and 15,B
2416,The average of five consecutive odd numbers is 61. What is the difference between the highest and lowest numbers?,2,5,8,Cannot be determined,C
2417,Two boys starts from the same place walking at the rate of 5 kmph and 5.5 kmph respectively in the same direction. What time will they take to be 8.5 km apart?,17 hr,14 hr,12 hr,19 hr,A
2418,"A shopkeeper earns a profit of 10% after allowing a discount of 20% on the marked price. The cost price of the article whose marked price is Rs. 880, is =_______ ?",Rs. 704,Rs. 640,Rs. 774,Rs. 680,B
2419,"On a 20% discount sale, an article costs Rs. 596. What was the original price of the article?",Rs. 720,Rs. 735,Rs. 745,Rs. 775,C
2420,(22 * 495 + 891 * 44) / (33 * 176 + 55 * 264) = _________?,1,2,69/28,66/17,C
2421,(5/6) x (2/5) = ?,07-Nov,01-Mar,1,3,B
2422,A dishonest dealer professes to sell goods at the cost price but uses a false weight and gains 25%. Find his false weight?,700 gms,750 gms,800 gms,850 gms,C
2423,"A ship sails out to a mark at the rate of 10km per hour and sails back at the rate of 15 km per hour, The average rate of sailing is:",12.5 km/h,12km/h,7.5 km/h,13km/h,B
2424,Six-tenths is the same as:,60,0.6,6,0.06,B
2425,"In an election between two candidates A and B, the number of valid votes received by A exceeds those received by B by 15% of the total number of votes polled. If 20% of the votes polled were invalid and a total of 8720 votes were polled, then how many valid",2160,2420,2834,3150,C
2426,Simplify the expression: 5 + 2 × 6 + 3 × 2. BODMAS,5,23,10,9,A
2427,Find the one which does not belong to that group?,41,43,53,57,D
2428,Which of the following number should be added to 11158 to make it exactly divisible by 77?,9,8,7,5,C
2429,"The number of solid spheres each of diameter 6 cm, that could be moulded to form a solid metal cylinder of height 45 cm and diameter 4 cm is?",3,4,5,6,C
2430,How much water must be added to a bucket which contains 40 liters of milk at the cost price of Rs.3.50 per liter so that the cost of milk reduces to Rs.2 per liter?,25 liters,28 litres,30 liters,35 liters,C
2431,0.036 in terms of percent is:,36%,6.36%,3.60%,0.36%,C
2432,"A path of uniform width turns the inside of a rectangular field 38m long and 32m wide. If the path occupies 600 m^2, then the width of the path is___________?",3m,5m,8.75m,10m,B
2433,LCM of 18 and 27 is_________?,85,89,54,91,C
2434,"If Y < 30, where X and Y are positive integers and X:Y = 7:5, which of the following is a possible value for X?",31,41,21,51,C
2435,"A rectangular field is to be fenced on three sides leaving a side of 20 feet uncovered. If the area of the field is 680 sq. feet, how many feet of fencing will be required?",34,40,68,88,D
2436,"The length and width of a field are in the ratio 5:3. If the width of the field is 42 m, then its length is:",100 m,80 m,50 m,70 m,D
2437,Three pipes A B and C can fill a tank in 20 hours. After working at it together for 5 hours C is closed and A and B fill it in 30 hrs. C alone can fill it in:,35hrs,40 hrs,30 hrs,28 hrs,B
2438,[(523 + 27) * (187 - 35) / (424 + 16)] / [110/22 of (2 * 38)] = ______?,2,1,0.5,0.25,C
2439,The volume of a cube is 1728 cc. Find its surface area. Geometric Measurement,864 cm²,648 cm²,486 cm²,468 cm²,A
2440,"A two number committee comprising of one male and the female number is to be constituted out of five male and 3 females. Amongst the females, Ms. A refused to be number committee in which Mr.B is taken as the number of how many different ways",11,30,14,20,C
2441,"If 3^(x+3) + 7 = 250, then x is:",2,3,4,None of these,A
2442,"If a solid sphere of radius 10 cms is moulded into 8 spherical solid balls of equal radius, then surface area of each ball (in cm²) is________?",100π,7π,60π,50π,A
2443,"The ratio of the number of boys and girls is 3:2. If 20 % of the boys and 30 % of the girls are scholarship holders, then the percentage of students who do not get a scholarship is_________?",50%,72%,75%,76%,D
2444,Solve the equation for x : 19(x + y) + 17 = 19(-x + y) - 21:,-1,-2,-3,-4,A
2445,Simplify (60)² / 72. Basic Arithmetic,3600,3528,0.02,50,D
2446,"If the C.I. on a sum for 2 years at 12 1/2 % per annum is Rs. 510, the S.I. on the same sum at the same rate for the same period of time is________?",Rs. 400,Rs. 450,Rs. 460,Rs. 480,D
2447,"A and B invest Rs.10000 each, A investing for 8 months and B investing for all the 12 months in the year. If the total profit at the end of the year is Rs.25000, find their shares?","Rs.8000, Rs.17000","Rs.9000, Rs.16000","Rs.18000, Rs.7000","Rs.10000, Rs.15000",D
2448,43% of 784 = ________?,312.73,373.12,337.12,339.12,C
2449,"In an examination a pupil's average marks were 63 per paper. If he had obtained 20 more marks for his Geography paper and 2 more marks for his History paper, his average per paper would have been 65. How many papers were there in the",8,9,10,11,D
2450,"A man can row 6 kmph in still water. When the river is running at 1.2 kmph, it takes him 1 hour to row to a place and back. How far is the place?",3.12 km,2.88 km,3 km,2 km,B
2451,The price of a cap is increased by 25%. By how much percent should its price be decreased now to get the original price?,25%,22%,20%,18%,C
2452,"In the sequence 35, 45, 55, ____, what is the 10th term?",115,120,125,350,C
2453,"If the cost price of 12 pens is equal to the selling price of 8 pens, the gain per cent is:",25%,33.33%,50%,66.67%,A
2454,7 + 5 - (3/2 * 1/4) of 2/7 + 7/2 * 1/6 equals ________.,12,12.17,12.47,12.87,C
2455,What is the percent discount on a trouser marked down from $160 to $120?,10%,20%,22%,25%,D
2456,"There are 20 poles with a constant distance between each pole, A car takes 24 second to reach the 12th pole .How much will it take to reach the last pole?",41.45 sec,40.45 sec,42.45 sec,41.00 sec,A
2457,What annual installment will discharge a debt of Rs 1092 due in 3 years at 12% simple interest?,Rs. 325,Rs. 545,Rs. 560,Rs. 550,A
2458,"Find the amount on Rs.5000 in 2 years, the rate of interest being 4% per first year and 5% for the second year?",Rs0.46 ,Rs0.56 ,Rs0.55 ,Rs0.56 ,C
2459,You deposit $600 into a 6 month certificate of deposit. After 6 months the balance is $618. Find the simple annual interest rate:,6%,5%,7%,8%,A
2460,"Two pipes A and B can fill a cistern in 37 1/2 minutes and 45 minutes respectively. Both pipes are opened. The cistern will be filled in just half an hour, if the pipe B is turned off after?",5 min,9 min,10 min,15 min,B
2461,A cloth merchant has announced 25% rebate in prices. If one needs to have a rebate of Rs. 40. Then how many shirts each costing Rs.32 he should purchase?,6,5,10,7,B
2462,I bought two books; for Rs.480. I sold one at a loss of 15% and other at a gain of 19% and then I found each book was sold at the same price. Find the cost of the book sold at a loss?,Rs0.28 ,Rs0.28 ,Rs0.14 ,Rs0.70 ,B
2463,"The average age of students of a class is 15.8 years. The average age of boys in the class is 16.4 years, and that of the girls is 15.4 years. The ratio of the number of boys to the number of girls in the class is ___________?",1:02,2:03,3:02,4:05,B
2464,A man invests in a 16% stock at 128. The interest obtained by him is:____________?,16%,12.50%,8%,12%,B
2465,Find the roots of quadratic equation: 3x² - 7x - 6 = 0?,"-6, 3","3, -2/3","-5, 2","-9, 2",B
2466,"A man borrowed Rs. 60,000 at a simple interest rate of 9% per year. What was the total amount he repaid after 3 years?",Rs. 16200,Rs. 76200,Rs. 70200,None of these,B
2467,The area of a triangle is with base 4m and height 5m?,20 sq. m,10 sq. m,5 sq. m,3 sq. m,B
2468,A dealer purchased an article at 3/4 of its list price and sold 50% more than the list price. Find his gain percent?,75%,50%,100%,80%,C
2469,"In a game of billiards, A can give B 20 points in 60 and he can give C 30 points in 60. How many points can B give C in a game of 100?",50,40,25,15,C
2470,"The least number exactly divisible by 12,15,20,54 is:",532,220,540,500,C
2471,"In an examination, every candidate took physics or mathematics or both 65.8% took physics and 59.2% took mathematics the total number of candidates was 2000. How many candidates took both physics and mathematics?",750,500,250,125,B
2472,A person can row at 9 kmph and still water. He takes 4 1/2 hours to row from A to B and back. What is the distance between A and B if the speed of the stream is 1 kmph?,32 km,25 km,28 km,None of these,D
2473,A milkman adds 10 liters of water to 10 liters of milk. His son takes 15 liters of this mixture and adds 5 liters of water to it. What is the final amount of water in the mixture?,10 liters,12.5 liters,13.8 liters,15 liters,B
2474,"A gardener was asked a plant flowers in a row containing equal number of plants. He tried to plant 6, 8, 10 and 12 in each row, but 5 plants left in each case. When he planted 13 in a row, no plant was left. Find the number of plants with him?",245,125,485,845,D
2475,"Raees credits 15 % of his salary in this fixed deposit account and spends 30 % of the remaining amount on groceries if the cash in hand is Rs. 2380, what is his salary?",Rs. 3500,Rs. 4000,Rs. 4500,Rs. 5000,B
2476,If the sides of a cube are in the ratio 4:3. What is the ratio of their diagonals?,4:03,5:03,3:04,1:03,A
2477,The principal which will amount to Rs. '270.40 in 2 years at the rate of 4'%' per annum compound interest is?,Rs. 150,Rs. 200,Rs. 250,None of these,C
2478,"If A:B = 2:3, B:C = 3:4, and A:D = 4:5, then C:D is?",5:01,3:05,8:05,None of these,C
2479,(24 * 5 * 7 * 9) / ? = 216 Basic Arithmetic,15,20,25,35,C
2480,"How many terms are there in 20, 25, 30 ... 140?",22,23,24,25,D
2481,Find the roots of quadratic equation: x² + x - 42 = 0?,"-6, 7","-8, 7","14, -3","-7, 6",D
2482,A man takes twice as long to row a distance against the stream as to row the same distance in favour of the stream. The ratio of the speed of the boat (in still water) and the stream is________?,1:03,3:01,2:03,3:02,B
2483,Ali can type at a speed of 25 words per minute. How many words can he type in one hour?,1300,1200,1500,1475,C
2484,An order was placed for the supply of a carpet whose breadth was 6 m and length was 1.44 times the breadth. What be the cost of a carpet whose length and breadth are 40% more and 25% more respectively than the first carpet. Given that the ratio of carpet is,Rs. 3642.40,Rs. 3868.80,Rs. 4216.20,Rs. 4082.40,D
2485,A man buys an article for $27.50 and sells it for $28.60. What is his gain percent?,3%,4%,6%,None of these,B
2486,"An aeroplane covers a certain distance at a speed of 240 kmph in 5 hours. To cover the same distance in 5/3 hours, it must travel at a speed of:_________?",660 km/hr,680 km/hr,700 km/hr,720 km/hr,D
2487,"If daily wages of a man is double to that of a woman, how many men should work for 25 days to earn Rs.14400? Given that wages for 40 women for 30 days are Rs.21600. Time-Work",15,14,16,13,C
2488,10 books are placed at random in a shelf. The probability that a pair of books will always be together is_________?,01-Oct,09-Oct,01-May,03-Oct,C
2489,"wo pipes X and Y fill a tank in 15 hrs. and 20 hrs. respectively, while a third pipe 'Z' can empty the full tank in 25 hrs. All the three pipes are opened in the beginning. After 10 hrs. Z is closed. In how much time, will the tank be full?",12 hrs,14 hrs,16 hrs,18 hrs,A
2490,Saeed receives a commission of Rs. 25 for every Rs. 250 worth of merchandise he sells. What is the percentage of his commission?,25%,10%,15%,5%,B
2491,"A scientist finds that a cell culture of c cells splits into two new cells every hour, modelled by A(t)=(cr)^t. If he starts with 80 cells, which of the following assigns the correct values of c and r?","c=40, r=2","c=80, r=0.5","c=80, r=2","c=80, r=1.5",C
2492,6.4 * 1.25 = (?)3 Basic Arithmetic,1,4,2,3,C
2493,"Find the missing number: 6, 7, 21, 33, 48, ____, 112. Number Series",70,69,68,71,A
2494,"Find the smallest number which when increased by 5, divisible by 6, 9, 15, 20 and 24?",344,355,366,377,B
2495,"Find the cash required to purchase Rs. 3200, 7(1/2) % stock at 107(brokerage (1/2) %). Stocks",3440,4440,5440,6440,A
2496,"The radius of a circular wheel is 1.75 m, how many revolutions will it make in traveling 11 km?",1000,2000,3000,4000,A
2497,25 men can consume 250kg of wheat in 20 days. 20 men can consume how much wheat in 25 days?,300 kg,200 kg,250 kg,350 kg,C
2498,"When a student weighing 45 kg left a class, the average weight of the remaining 59 students increased by 200g. What was the average weight of the remaining 59 students?",57 kg,58 kg,59 kg,60 kg,A
2499,(830 + ? * 3 * 14 / 100) - (830 * 14 * 3 / 100) = 20.16 Basic Arithmetic,24,36,48,None of these,D
2500,"What is the simple interest on Rs. 5,000 at a rate of 6% per annum for 3 years?",Rs. 800,Rs. 900,Rs. 1000,Rs. 1200,B
2501,"A worker is paid Rs. 2310 for 6 days. If his total wage during a month adds up to Rs. 9240, find the number of days in the month he worked. Proportion",22 days,24 days,26 days,28 days,B
2502,Ramees bought 4 dozen apples at Rs. 12 per dozen and 2 dozen apples at Rs. 16 per dozen. He sold all of them to earn 20%. At what price per dozen did he sell the apples?,Rs. 14.40,Rs. 16.00,Rs. 16.80,Rs. 19.20,B
2503,A hockey team won 6 games and lost 8. What is the ratio of wins to the total number of games'?,6:08,8:06,3:07,6:14,C
2504,"A toy is sold for Rs. 220. If the rate of profit was 10% of the cost, what was the cost?",Rs. 198,Rs. 202,Rs. 200,Rs. 201,C
2505,"A man can row with a speed of 15 kmph in still water. If the stream flows at 5 kmph, then the speed in downstream is________?",10 kmph,5 kmph,20 kmph,22 kmph,C
2506,"What is the set {1, 2, 3} called?",Odd set,Subset of Set of natural numbers,Set of whole numbers,None of these,B
2507,15% of 195 + 14% of 205 = _______?,52,62,58,78,C
2508,"If 3/11 of a number is 22, what is 6/11 of that number?",6,12,33,44,D
2509,"A big rectangular plot of area 4320 Sq.m is divided into 3 square shaped smaller plots by fencing parallel to the smaller side of the plot. However, some area of land was still left as a square plot could not be formed. So 3 more square shaped plots were formed",160m × 27m,240m × 18m,120m × 36m,135m × 32m,C
2510,"The average of two numbers is XY.If one number is equal to X ,the other number is equal to_________?",X,2Y,XY-X,2 XY - X,D
2511,"What is the ratio of Faheem's salary to Imran's salary to Naveed's salary if Faheem makes 80,000 rupees ,Imran 70,000 rupees and Naveed makes 50,000 rupees?",5:07:08,8:07:05,8:05:07,None of these,B
2512,"Pipes A and B can fill a tank in 5 and 6 hours respectively. Pipe C can empty it in 12 hours. If all the three pipes are opened together, then the tank will be filled in?",1 13/17 hours,2 8/11 hours,3 9/17 hours,4 1/2 hours,C
2513,The radius of a cylindrical vessel is 7cm and height is 3cm. Find the whole surface of the cylinder?,308 sq cm,220 sq cm,440 sq cm,132 sq cm,C
2514,Simplify: 2² x 3 x (2^4) x 2² x 2¹ Number System,(2^8) x 3,(2^16) x 3,(2^32) x 3,(2^9) x 3,D
2515,"Positive integers indicated by x and y satisfy 3 1/x * y 2/5 = 13 3/4, the fractions being in their lowest terms, then x = ? and y = ____________?","x = 4, y = 8","x = 4, y = 4","x = 2, y = 4","x = 8, y = 4",D
2516,Sam bought a 12-pack of soda for $5.40. How much did he pay per can of soda?,$0.45,$0.54,$0.40,$2.22,A
2517,The ratio of the prices of three different types of cars is 4:5:7. If the difference between the costliest and the cheapest cars is Rs. 60000 the price of the car of modest price is:,Rs. 80000,Rs. 100000,Rs. 140000,Rs. 120000,B
2518,Find the one which does not belong to that group?,3,4,5,9,B
2519,"A tap can fill a tank in 32 min. and another can empty it in 16 min. If the tank is already half full and both the tanks are opened together, the tank will be_________?",12 min,14 min,16 min,20 min,C
2520,What is 80% of 700?,550,560,580,None of these,B
2521,"What comes next in the following series: 81, 64, 49, 36, ...?",31,32,25,26,C
2522,"In a 100 m race, A can beat B by 25 m and B can beat C by 4 m. In the same race, A can beat C by:________?",21 m,26 m,28 m,29 m,C
2523,"The average salary of a person for the months of January, February, March and April is Rs. 8000 and that for the months of February, March, April and May is Rs . 8500. If his salary for the month of May is Rs . 6500, find his salary for the month of January.",Rs. 3000,Rs. 2500,Rs. 4500,Rs. 5000,C
2524,"The tank full of petrol in Haroon's motorcycle lasts for 10 days, if he starts using 25% more every day for how many days will the tank full of petrol last?",5 days,6 days,7 days,8 days,D
2525,How many tiles of dimension 10 square inches are required to cover a floor of dimension 5 feet by 4 feet?,28,280,2880,288,D
2526,A clock seen through a mirror shows quarter past three (3:15). What is the correct time?,8:30,8:45,9:00,9:15,B
2527,"If x = 7 - 4√3, what is the value of x + (1/x)?",1,14,7 + 4√3,None of these,B
2528,"A leak in the bottom of a tank can empty the full tank in 6 hrs. An inlet pipe fills water at the rate of 4 lit. a minute. When the tank is full, the inlet is opened and due to the leak, the tank is empty in 8 hrs. The capacity of the tank in liters is_________?","5,750 litres","5,760 litres","6,890 litres",None of these,B
2529,Rs. 6000 is lent out in two parts. One part is lent at 7% p.a simple interest and the other is lent at 10% p.a simple interest. The total interest at the end of one year was Rs. 450. Find the ratio of the amounts lent at the lower rate and the higher rate of interest.,5:01,4:01,3:02,2:01,A
2530,"Two taps A and B can fill a tank in 12 minutes and 15 minutes respectively. If both the taps are opened simultaneously and the tap A is closed after 3 minutes, then how much more time will it take to fill the tank by tap B?",7min 15 sec,7 min 45 sec,8 min 5sec,8min 15sec,D
2531,Solve: 7500 + (1250 / 50),7500,7525,7550,8000,B
2532,105 * 99 * 299 = _________?,7856000,3108105,8425000,442000,B
2533,A leak in the bottom of a tank can empty the full tank in 6 hours. An inlet pipe fills water at the rate of 4 liters per minute. When the tank is full in inlet is opened and due to the leak the tank is empties in 8 hours. The capacity of the tank is?,5260 liters,5760 liters,5846 liters,6970 liters,B
2534,"In how many different ways can four books A, B, C and D be arranged one above another in a vertical order such that the books A and B are never in continuous position?",9,12,14,18,B
2535,The difference between the simple interest and the compound interest on Rs 5000 at 10% P.a for 3 years is:_______?,Rs145 ,Rs150 ,Rs165 ,None of these,D
2536,"Masood purchased a plot for Rs. 8,000. He sells the plot to Aftab at a profit of 20%. Aftab in turn sells that plot to Zahid at a loss of 20%. The plot costs Zahid ?","Rs. 12,000","Rs. 10,000",Rs. 8670,Rs. 7680,D
2537,Haroon purchased 30 kg of wheat at the rate of Rs. 11.50 per kg and 20 kg of wheat at the rate of 14.25 per kg. He mixed the two and sold the mixture. Approximately what price per kg should be sell the mixture to make 30% profit?,Rs. 14.80,Rs. 15.40,Rs. 15.60,Rs. 16.30,D
2538,"A tank can be filled in 0.8 seconds. At this rate, how many such tanks can be filled in two hours?",9000,8000,7000,None of these,A
2539,"If the length and width of a rectangular garden are each increased by 20%, then what would be the percent increase in the area of the garden?",20%,24%,36%,44%,D
2540,Alia can complete an assignment in 5 days and Babar can complete the same assignment in 20 days. The time taken by both Alia and Babar to complete the assignment working together is:,3 days,5 days,4 days,2 days,C
2541,If y% of x is 29 then value of y is:,29,xy/100,2900/x,29y,C
2542,"At present, father's age is 4 times his son's age. If 5 years back, father's age was 35 years, what is son's present age in years:",10,12,15,20,A
2543,"If 2994 ÷ 14.5 = 206.48, what is the value of 29.94 ÷ 1.45?",1.72,0.172,20.648,None of these,C
2544,"Two pipes can fill a tank in 18 minutes and 15 minutes. An outlet pipe can empty the tank in 45 minutes. If all the pipes are opened when the tank is empty, then how many minutes will it take to fill the tank?",12,13,11,10,D
2545,"A group of five clerks has been assigned to insert 24,000 letters into envelopes at various rates. After two hours, two clerks are reassigned. How many more hours are required for the remaining clerks to complete the assignment?",Less than 2 hr,"More than 2 hr, but less than 4 hr","More than 4 hr, but less than 6 hr",More than 6 hr,B
2546,The radius of the two circular fields is in the ratio 3: 5. The area of the first field is what percent less than the area of the second?,50%,60%,40%,64%,D
2547,"A and B working separately can do a piece of work in 9 and 12 days respectively. If they work for a day alternately. If A begins first, in how many days the work will be completed?",42/4 days,41/4 days,55 days,None of these,B
2548,Simple Interest on a sum at 4% per annum for 2 years is 80. The compound interest on the same sum for the same period is_________?,Rs. 81.60,Rs. 160,Rs. 1081.60,None of these,A
2549,Simplify: (−20) + (−8) ÷ (−2) × 3. BODMAS,8,-8,6,24,B
2550,"The surface area of a cube is 726m2, its volume is?",1300 m³,1331 m³,1452 m³,1542 m³,B
2551,A car travels 100 km at a speed of 60 km/h and returns with a speed of 40 km/h. Calculate the average speed for the whole journey.,40 km/h,44 km/h,48 km/h,52 km/h,C
2552,"Two numbers are in the ratio 3 : 5. If 9 is subtracted from each, the new numbers are in the ratio 12 : 23. The smaller number is :________?",27,33,49,55,B
2553,"In an examination, 65 % of the total examinees passed if the number of failures is 420, the total number of examinees is:_________?",500,1200,1000,1625,B
2554,"If Sana wants to finish a 16 km race in no more than 2hours, then what is the minimum distance in kilometers that she should run every 15 minutes?",5 km,2km,8km,3 km,B
2555,"The average age of 15 students of a class is 15 years. Out of these, the average age of 5 students is 14 years and that of the other 9 students is 16 years. The age of the 15th student is____________?",11 years,14 years,15 years,15 2/7 years,A
2556,The sum of the ages of two children is 12 and their product is 32. What is the age of the elder child?,6 years,8 years,10 years,12 years,B
2557,"If all the members of a team are juniors or seniors, and the ratio of juniors to seniors is 3:5, what percent of the team members are seniors?",37.50%,40%,60%,62.50%,D
2558,Find the average of the first 20 natural numbers?,10,11.5,12,10.5,D
2559,The side of a rhombus is 26 m and length of one of its diagonals is 20 m. The area of the rhombus is_______?,529 sq. m,240 sq. m,260 sq. m,480 sq. m,D
2560,What is the result of 4.036 divided by 0.04?,100.9,1.009,10.09,None of these,A
2561,"Complete the series: 2, 6, 12, 20, 30, 42, ____.",50,52,54,56,D
2562,A TV is purchased at Rs. 5000 and sold at Rs. 4000. Find the loss percent:,100%,20%,25%,28%,B
2563,A total of 300 chocolates were distributed among 120 boys and girls such that each boy received 2 chocolates and each girl received 3 chocolates. Find the respective number of boys and girls?,"70, 50","60, 60","50, 70","40, 80",B
2564,Working 8 hours a day a work is done in 10 days. For how many hours a day must the work be done in order to complete it in 8 days?,12 hrs.,10 hrs.,9 hrs.,9hrs,B
2565,LCM of two numbers is 138. But their (Greatest common divisor) GCD is 23. The numbers are in a ratio 1:6. Which is the largest number amongst the two?,46,138,69,23,B
2566,Find the average of first 40 natural numbers.,40,35,30.6,20.5,D
2567,How many shots of 1cm radius can be prepared from a sphere of 3cm radius?,36,64,27,16,C
2568,What is the sum of all the exterior angles of a convex polygon?,180,360,380,None of these,B
2569,The L.C.M. of two numbers is 48. The numbers are in the ratio 2 : 3. Then sum of the number is_________?,28,32,40,64,C
2570,Which theorem states that the area of the square whose side is the hypotenuse of a right-angled triangle is equal to the sum of the areas of the squares on the other two sides?,Binomial,Pythagoras,Angle Bisector,None of these,B
2571,"By selling Toffees at 20 for a rupee, a man loses 40 %. To gain 20 %, for one rupee he must sell?",10 toffees,20 toffees,25 toffees,24 toffees,A
2572,550 after a decrease of 70% is:,400,385,450,165,D
2573,252 can be expressed as a product of primes as_______?,2 * 2 * 3 * 3 * 7,2 * 2 * 2 * 3 * 7,3 * 3 * 3 * 3 * 7,2 * 3 * 3 * 3 * 7,A
2574,"H.C.F of 3240, 3600 and a third number is 36 and their L.C.M is 24 * 35 * 52 * 72. The third number is___________?",22 * 35 * 72,22 * 53 * 72,25 * 52 * 72,23 * 35 * 72,A
2575,"If the price of a commodity is increased by 50%, by what fraction must its consumption be reduced to keep the same expenditure?",01-Feb,01-Mar,01-Apr,02-Mar,B
2576,"Find the simple interest on Rs. 40,000 at an annual rate of 3% for a 4-year investment. Interest",Rs. 5000,Rs. 4700,Rs. 4800,Rs. 4900,C
2577,"If 3x + 2 = 2(2), find the value of (√x) - 1/(√x).",±2,±1,±4,None of these,A
2578,Which of the following three-digit numbers remains the same if its digits are reversed?,262,254,692,299,A
2579,"A village has 5,860 voters, of whom 7% usually do not vote. To win an election, a candidate must gain at least 50% of the remaining votes. How many votes does the candidate need to win?",2725,5450,5449,None of these,A
2580,"If 60 men can do a work in 40 days, how long will it take 40 men to complete the same work?",30 days,29 days,23 days,60 days,D
2581,The average of four positive integers is 69. The highest integer is 93 and the least integer is 39. The difference between the remaining two integers is 28. Which of the following integers is the higher of the remaining two integers?,58,86,49,None of these,B
2582,"The ratio of the radius of two circles is 1:3, and then the ratio of their areas is_________?",1:03,1:06,1:09,1:05,C
2583,Three dice (each having six faces with each face having one number from 1 to 6) are ralled. What is the number of possible outcomes such that atleast one dice shows the number 2?,36,81,91,116,C
2584,A and B can finish a piece of work in 20 days. B and C in 30 days and C and A in 40 days. In how many days will A finish the job alone?,48 days,34(2/7) days,44 days,45 days,A
2585,In a class there are 20 boys and 25 girls. In how many ways can a boy and a girl be selected?,400,500,600,20,B
2586,"P and Q can do a work in 30 days. Q and R can do the same work in 24 days and R and P in 20 days. They started the work together, but Q and R left after 10 days. How many days more will P take to finish the work?",10 days,8 days,18 days,19 days,C
2587,What will be the compound interest on Rs 25000 after 3 years at 12% Per annum?,Rs. 9000.30,Rs. 9720,Rs. 10123.20,None of these,C
2588,"In an exam, Amir scored 64 percent, Masood scored 36 percent and asif 44 percent. The maximum score awarded in the exam is 800. Find the average mark scored by all the three boys?",384,364,324,404,A
2589,Which of the following numbers is the farthest from -1 on the number line?,-10,10,5,1,B
2590,"Complete the series: 7, 13, 21, ____, 43. Number Series",29,31,33,34,B
2591,"The length of a rectangular plot is thrice its breadth. If the area of the rectangular plot is 867 sq m, then what is the breadth of the rectangular plot?",8.5 m,17 m,34 m,51 m,B
2592,"A can finish a work in 24 days, B can finish the same work in 36 days. If they work together and finish it, then out of total wages of Rs. 500 A will get:",Rs0.22 ,Rs0.20 ,Rs0.30 ,Rs0.36 ,C
2593,"If Rs. 1200 is lent out at 5% per annum simple interest for 3 years, what is the total amount after 3 years?",Rs. 1320,Rs. 1380,Rs. 1350,None of these,B
2594,Find the one which does not belong to that group?,A,R,E,I,B
2595,"If 40 is 25% of a number, what is the number?",100,120,160,200,C
2596,"In a partnership for a business, Changaz invests Rs. 6000 for the complete year & Nasir invests Rs . 3000 for 6 months. What is Nasir's share if they earn Rs . 240 as profit?",Rs. 120,Rs. 80,Rs. 192,Rs. 48,D
2597,What is the decimal equivalent of the binary number 1100011?,77,88,99,30,C
2598,The average of first five multiples of 3 is____________?,3,9,12,15,B
2599,"A city has a population of 300000 out of which 180000 are males 50% of the population is illiterate if 70 % of the males are literate, then the number of literate females is_________?",24000,30000,54000,60000,A
2600,Find the value of x: 3889 + 12.952 - x = 3854.002.,47.97,47.52,47.95,47.93,C
2601,Ahmad works twice as fast as Hina. If Hina can complete a work in 30 days the number of days taken by Ahmad and Hina to complete the work working together is:,16 days,24 days,20 days,10 days,D
2602,"85% of a number is added to 24, the result is the same number. Find the number?",150,140,130,160,D
2603,"If the sides of a triangle are 26 cm, 24 cm and 10 cm, what is its area?",120 cm2,130 cm2,312 cm2,315 cm2,A
2604,The sale price sarees listed for Rs.400 after successive discount is 10% and 5% is________?,Rs0.36 ,Rs0.34 ,Rs0.34 ,Rs0.34 ,C
2605,3² + 3² + x = 250. Find the value of x:,232,320,380,422,A
2606,"A is thrice as good workman as B and together they finish a piece of work in 24 days. In how many days, can A alone finish the work?",20 days,25 day,32 day,29 days,C
2607,"Complete the series: 2, 4, 10, 28, Number Series",64,70,76,82,D
2608,A sum amounts to Rs. 2916 in 2 years and to Rs.3149.28 in 3 years at compound Interest. The sum is_________?,Rs0.15 ,Rs0.20 ,Rs0.25 ,Rs0.30 ,C
2609,"The total number of students in a class is 95. If the total number of girls in the class is 45, then the ratio of the total number of boys to the total number of girls is:",9:10,7:08,10:09,9:11,C
2610,6 2/3 * 9 3/5 * 2 1/3 + 1 1/3 = __________?,150.33,150.67,149.67,149.33,B
2611,"The compound interest on Rs. 30,000 at 7% per annum is Rs. 4347. The period(in years) is_________?",2,2.5,3,4,A
2612,The C.I. on a certain sum for 2 years at 10% per annum is Rs. 525. The S.I. on the same sum for double the time at half the rate percent per annum is________?,Rs. 400,Rs. 500,Rs. 600,Rs. 800,B
2613,"In a 100 m race, A covers the distance in 36 seconds and B in 45 seconds. In this race, A beats B by:",20 m,24 m,28 m,30 m,A
2614,"The average weight of 25 persons sitting in a boat had some value. A new person added to them whose weight was 46 kg only. Due to his arrival, the average weight of all the persons decreased by 5 kg. Find the average weight of first 25 persons?",55 kg,62 kg,56 kg,176 kg,D
2615,A garrison has provisions for 40 days. At the end of 5 days half of the men left the garrison. How long the food will last for?,45 days,35 days,70 days,80 days,C
2616,A circle and a rectangle have the same perimeter. The sides of the rectangle are 18cm and 26cm.What is the area of the circle?,88cm²,154cm²,616cm²,1250cm²,C
2617,"Reeya obtained 65, 67, 78, 80, and 85 out of 100 in different subjects. What will be her average?",70,75,80,85,B
2618,"A and B start a business with Rs.8000 each, and after 4 months, B withdraws half of his capital . How should they share the profits at the end of the 18 months?",18:11,11:18,18:17,17:18,A
2619,"Price of mobile phone is Rs.8000. A man has enough money to purchase 3 mobiles. How many mobiles can be purchased, if the price is reduced by Rs. 2000?",5,3,2,4,D
2620,If two mixers and one T.V cost Rs. 7000. While two T.V s and one mixer cost Rs. 9800. The value of one T.V is:_________?,Rs. 2800,Rs. 2100,Rs. 4200,Rs. 8400,C
2621,"In a test a candidate attempted only 8 Questions and secured 50% marks in each of the questions if the obtained a total of 40% in the test and all questions in the test carried equal marks, how many questions were there in the test?",8,10,15,16,B
2622,"The least number which when divided by 8, 12 and 16, leave in each remainder 3, is_______?",71,70,69,51,D
2623,"Running at the same constant rate, 6 identical machines can produce a total of 270 bottles per minute. At this rate, how many bottles could 10 such machines produce in 4 minutes?",2700,1080,450,1800,D
2624,"A, B and C are partners. A receives 2/3 of profits, B and C dividing the remainder equally. A's income is increased by Rs.200 when the rate of profit rises from 5 to 7 percent. Find the Capital of B?",Rs. 2450,Rs. 3600,Rs. 2500,Rs. 3100,C
2625,"The volume of a cone with a circular base is 216π cm³. If the base radius is 9 cm, what is the height of the cone?",5 cm,8 cm,10 cm,12 cm,B
2626,"Hassan borrowed Rs. 5,000 with simple interest for five years. At the end of the term, he had paid Rs. 500 in interest. What was the annual interest rate?",2%,3%,3.50%,None of these,A
2627,8/15 / 1 1/3 * 3 ?/4 = 1.5 BODMAS,1,2,3,5,C
2628,Find the one which does not belong to that group?,1P6,2Y4,2T0,1R8,B
2629,How many cubes with 1 cm side length can be cut from a cuboid with dimensions 10cm x 12cm x 15cm?,180,1800,160,1600,B
2630,The difference between compound interest and simple interest on Rs 8000 at 5% P.a for 3 years is_________?,Rs50 ,Rs60 ,Rs61 ,Rs600 ,C
2631,A train covers a distance in 5 hours at 45 km/h. What speed is required to cover the same distance in 3 hours?,60 km/h,70 km/h,75 km/h,85 km/h,C
2632,Which of the following is not a perfect square?,2809,2218,2916,3136,B
2633,"If x = 3, what is the value of x³?",6,9,27,81,C
2634,A and B can complete a work in 15 days and 10 days respectively. They started doing the work together but after 2 days B had to leave and A alone completed the remaining work. The whole work was completed in___________?,8 days,10 days,12 days,15 days,C
2635,The sum of two numbers is 40 and their difference is 4. The ratio of the numbers is:,21:19,22:09,11:09,11:18,C
2636,"If one-third of one-fourth of a number is 15, then three-tenth of that number is:",42,54,60,98,A
2637,"At 10 a.m. two trains started traveling toward each other from stations 287 miles apart. They passed each other at 1:30 p.m. the same day. If the average speed of the faster train exceeded the average speed of the slower train by 6 miles per hour, which of the",38,40,44,48,C
2638,Find the one which does not belong to that group?,Museum,Auction,Exhibition,Botanical park,B
2639,A sum of money place at compound interest doubles itself in 4 years. In how many years will it amount to eight times itself?,16,8,12,20,C
2640,"Jerry estimates that there are 'm' marbles in a jar. Harry, who knows the actual number of marbles (n), notes that 'n' is within 10 marbles (inclusive) of Jerry's estimate. Which inequality represents this relationship?",n + 10 < m < n - 10,m - 10 < n < m + 10,n < m < - 10m,m/10 < n < - 10m,B
2641,"Groups each containing 3 boys are to be formed out of 5 boys. A, B, C, D and E such that no group can contain both C and D together. What is the maximum number of such different groups?",5,6,7,8,C
2642,The length of a rope by which a cow must be tethered in order that she may be able to graze an area of 9856 sq.m is:________?,56m,64m,88m,168m,A
2643,"An investment pays 8% simple interest per year. If the investment earns 84 interest in the first year, then how much money was originally invested?",1050,1010,1025,1000,A
2644,A family of 12 people had enough provision for 15 days. But 3 guests came for 2 days. How how many more days it will last?,8 days,15 days,12.5 days,14.5 days,A
2645,"A and B can do a work in 8 days, B and C can do the same work in 12 days. A, B and C together can finish it in 6 days. A and C together will do it in approximately _________?",4 days,6 days,8 days,12 days,C
2646,A shopkeeper sold an article offering a discount of 5% and earned a profit of 23.5%. What would have been the percentage of profit earned if no discount was offered?,24.50%,28.50%,30%,Data inadequate,C
2647,The average of first 10 odd numbers is__________?,11,10,12,17,B
2648,"The perimeter of a triangle is 81 cm. If the sides are in the ratio 4:3:2, find the length of the largest side. Geometric Measurement",45 cm,40 cm,36 cm,27 cm,C
2649,The edges of three iron cubes are 6cm; 8cm; 10cm respectively. A new cube was made by melting them. Find the edge of the new cube?,8 cm,12 cm,14 cm,10 cm,B
2650,8 2/3 + 6 4/5 = _____?,14,14.5,14.75,None of these,D
2651,"A and B together can complete a work in 3 days. They start together, but after 2 days, B leaves the work. If the work is completed by A in 2 more days, how long would B alone take to do the work?",04 days,06 days,08 days,None of these,B
2652,"Find the cost of Rs. 6400, 10% stock at 15 discount. Stocks",5440,5480,6440,6480,A
2653,18 cattle graze a field in 12 days. 6 cattle can graze 3 of such fields in x days. What is x?,90,72,36,108,D
2654,"If 1 inch on a map represents 60 miles, what distance does 2.5 inches represent?",150 miles,120 miles,180 miles,140 miles,A
2655,A boat covers a distance of 30 km in 2 ½ hours running downstream while returning it covers the same distance in 3 ¾ hours. What is the speed of the boat in still water?,8km/hr,12km/hr,14 km/hr,None of these,D
2656,"If a + b = -2, what is the value of (a+b)³?",6,-8,10,-12,B
2657,A is thrice as good a work man as B and takes 10 days less to do a piece of work than B takes. B can do the work in:___________?,15 days,14 days,16 days,30 days,A
2658,Two tests had the same maximum mark. The pass percentages in the first and the second test were 40% and 45% respectively. A candidate scored 216 marks in the second test and failed by 36 marks in that test. Find the pass mark in the first test?,136,128,164,None of these,D
2659,There are 21 poles with a constant distance between each pole. A car takes 30 seconds to reach the 16th pole. How long does it take to reach the last pole?,39 seconds,40 seconds,39.38 seconds,39.5 seconds,B
2660,Solve the equation for x : 6x - 27 + 3x = 4 + 9 - x:,4,5,6,-4,A
2661,"Find the fourth proportion to 3, 7 and 9. Proportion",63,31,21,27,C
2662,888 ÷ 0.8 x 8 = ?,8880,0.8007,8800,88.8,A
2663,"For the ordered pair (2, 4), what is the relationship between the x and y coordinates?",2 is abscissa and 4 is ordinate,2 is ordinate and 4 is abscissa,2 and 4 both are abscissa,2 and 4 both are ordinate,A
2664,"In a zoo, there are rabbits and pigeons. If the heads are counted, there are 200, and if the legs are counted, there are 580. How many pigeons are there?",90,100,120,110,D
2665,Every year an amount increases by 1/8th of itself. How much will it be after two years if its present value is Rs.64000?,Rs0.81 ,Rs0.80 ,Rs0.75 ,Rs0.64 ,A
2666,"In a cyclic group of infinite order, what is the order of the identity element?",1,3,2,7,A
2667,A wooden box of dimensions 8m x 7m x 6m is to carry rectangular boxes of dimensions 8cm x 7cm x 6cm. The maximum number of boxes that can be carried in 1 wooden box is?,1200000,1000000,9800000,7500000,B
2668,The difference between a discount of 40% on Rs. 500 and two successive discount of 36% and 4% on the same amount is:________?,0,Rs. 2,Rs. 1.93,Rs. 7.20,D
2669,The sum of the squares of two consecutive positive integers exceeds their product by 91. Find the integers?,"9, 10","10, 11","11, 12","12, 13",A
2670,"Kyle bought a $2,000 government bond that yields 6% in simple interest each year. Write the equation that gives the total amount A, in dollars, Kyle will receive when he sells the bond after t years. Interest","A = 2,000(1 + 0.06)t","A = 2,000(1 + 0.06t)","A = 2,000(12 + 0.06)t",None of these,B
2671,"I. a³ - 988 = 343, II. b² - 72 = 49 to solve both the equations to find the values of a and b?",If a > b,If a ≥ b,If a < b,If a ≤ b,B
2672,A cistern of capacity 8000 litres measures externally 3.3 m by 2.6 m by 1.1 m and its walls are 5 cm thick. The thickness of the bottom is__________?,90 cm,1 dm,1 m,1.1 cm,B
2673,A 130-meter-long train travelling at a speed of 45 km/hour crosses a bridge in 30 seconds. What is the length of the bridge'?,255 m,200 m,245 m,240 m,C
2674,The ratio between the radii of two spheres is 1:3. Find the ratio between their volumes?,27:01:00,1:27,29:01:00,1:29,B
2675,The area of the base of a rectangular tank is 6500Sq.cm and the volume of water containing in it is 2-6 cubic meters. The depth of the water in the tank is:,2.5m,3m,5.5m,4m,D
2676,A horse runs around a ground twice and covers a distance of 8 km. One side of the square ground is:,8 km,4 km,2 km,1 km,D
2677,Find the number which when multiplied by 15 is increased by 196. Linear Equation,14,20,26,28,A
2678,The speed of a boat in still water is 2km/hr. If its speed upstream be 1km/hr then speed of the stream is________?,1.5km/hr,3km/hr,1km/hr,None,C
2679,"Complete the number series: 4, 6, 12, 14, 28, 30, ____.",60,62,64,32,A
2680,3.5 can be expressed in terms of percentage as?,35%,3.50%,350%,0.35%,C
2681,"By selling 99 pens, a trader gains the cost of 33 pens. Find his gain percentage?",33.33%,50%,25%,66.67%,A
2682,"When the numerator of a fraction is decreased by 25% and its denominator is decreased by 20%, the new fraction obtained is 3/4. Find the original fraction?",4/5.,7/4.,6/5.,None of these,A
2683,"If each side of a square is increased by 50%, the ratio of the area of the resulting square to the area of the given square is __________?",5:04,9:04,3:02,2:01,B
2684,"The average age of A and B is 30 years, that of B and C is 32 years, and the average age of C and A is 34 years. The age of C is:",33 years,34 years,35 years,36 years,D
2685,The curved surface area of a cylindrical pillar is 264 m² and its volume is 924 m³. Find the ratio of its diameter to its height. Geometric Measurement,3:07,7:03,5:03,3:05,B
2686,The number 329 is divisible by:,11,9,8,7,D
2687,? % of 400 + 40% of 160 = 17% of 400 Percentage,4,0.1,1,0.4,C
2688,"5 % of the income of A is equal to 15 % of the income of B and 10 % of the income of B is equal to 20 % of the income of c. If the income of C is Rs. 2000. What is the total income of A, B and C?",Rs. 14000,"Rs16,000 ",Rs. 18000,Rs. 12400,C
2689,Three numbers are in the ratio 3:4:5 and their L.C.M is 2400. Their H.C.F is:,40,80,120,200,A
2690,"The L.C.M of two numbers is 495 and their H.C.F is 5. If the sum of the numbers is 10, then their difference is__________?",10,46,70,None of these,D
2691,"Roshan bought 5 pairs of pants for Rs. 25 each, 10 shirts for Rs. 50 each, and 15 ties at Rs. 35 each. What is the average price of all the articles?",Rs. 38.33,Rs. 45,Rs. 80,Rs. 45.33,A
2692,Find the ratio between whole surfaces of a sphere and a hemisphere?,03-Apr,04-Mar,02-Mar,01-Mar,B
2693,The ratio of the area of a square to that of the square drawn on its diagonal is _________?,1:05,1:03,1:04,1:02,D
2694,"The sum of squares of three numbers is 280. If the numbers are in the ratio 3:5:6, find the greatest number. Ratio",8,6,12,18,C
2695,"In a class, there are 27 students. If there are 7 more girls than boys, how many girls are in the class?",10,17,23,None of these,B
2696,"The area of the floor of a room is 20 m² that of a longer wall 15 m² and of the shorter wall 12 m², find the volume of the room?",450 m³,100 m²,60 m³,400 m³,C
2697,1296 ÷ (24 * 0.75) = ______?,36,144,288,72,D
2698,"In a company, 60% of the employees are men, of these 40 % are drawing more than Rs. 50000 per year. 36% of the total employees of the company draw more than Rs. 50000 per year then what is the percentage of women who are drawing less than Rs. 50000",70%,60%,40%,30%,A
2699,"In a school with 286 students, the ratio of boys to girls is 8:5. If 22 more girls are admitted, what is the new ratio of boys to girls?",8:05,4:06,4:03,3:04,C
2700,12 machines complete a piece of work in 6 days. In how many days 6 machines will complete the same job?,10 days,22 days,12 days,15 days,C
2701,"M and N, working separately, can complete a job in 6 and 12 hours, respectively. If they work for an hour alternatively, M starting at 10:00 AM, when will the job be done?",2:00 PM,8:00 PM,7:00 PM,6:00 PM,D
2702,"If k ≤ x ≤ 3k + 12, which of the following must be true? I. x - 12 ≤ 3k II. k ≥ -6 III. x - k ≥ 0. Algebra",I only,I and II only,II and III only,"I, II, and III",D
2703,Simplify: 0.04 × 0.0162 × 0.001. (Note: the symbol ^ indicates power) Basic Arithmetic,6.48 x 10^-3,6.48 x 10^-5,6.48 x 10^-6,6.48 x 10^-7,D
2704,"A man buys an article and sells it at a profit of 20%. If he had bought it at 20% less and sold it for Rs.75 less, he could have gained 25%. What is the cost price?",Rs0.37 ,Rs0.38 ,Rs0.35 ,Rs0.30 ,B
2705,"A man can row at 5 km/hr in still water, if the river is running at 1 km/hr it takes him 75 minutes to row to a place and back. How far is the place?",2.5km,3km,4 km,5 km,B
2706,"If a job can be finished by 18 workers in 26 days, how many workers are needed to finish the job in 12 days?",38 workers,36 workers,39 workers,42 workers,C
2707,What will be 60% of a number whose 80% is 320?,240,450,500,600,A
2708,"After allowing a discount of 15% on the marked price, the selling price is Rs. 6800 for an article. If it was sold at marked price, there would have been a profit of 60%. The cost price of the article is?",Rs. 6400,Rs. 5600,Rs. 5000,Rs. 4800,C
2709,"A, B and C enter into a partnership. They invest Rs. 40,000, Rs. 80,000 and Rs. 1,20,000 respectively. At the end of the first year, B withdraws Rs. 40,000, while at the end of the second year, C withdraws Rs. 80,000. In what ratio will the profit be shared at the end of",2:03:05,3:04:07,4:05:08,5:06:09,B
2710,"What is x in the series 24, 29, 36, 41, x, 53?",45,47,48,46,C
2711,"(i). a² - 9a + 20 = 0, (ii). 2b² - 5b - 12 = 0 to solve both the equations to find the values of",and b? Quadratic Equations If a < b,If a ≤ b,If the relationship between a and b cannot be established,If a ≥ b,D
2712,"A family consists of grandparents, parents and three grandchildren. The average age of the grandparents is 67 years, that of the parents is 35 years and that of the grandchildren is 6 years. What is the average age of the family?",28 4/7 years,31 5/7 years,32 1/7 years,None of these,B
2713,The average of 1st 3 of 4 numbers is 16 and of the last 3 are 15. If the sum of the first and the last number is 13. What is the last number?,8,6,5,2,C
2714,The diagonal of a square is 4√2cm. The diagonal is another square whose area is double that of the first square is__________?,8cm,8√2cm,16cm,4√2cm,A
2715,The total marks obtained by a student in Mathematics and Physics is 60 and his score in Chemistry is 20 marks more than that in Physics. Find the average marks scored in Mathematics and Chemistry together.,40,30,25,Data inadequate,A
2716,"A milkman adds 10 litres of water to 10 litres of milk. His son takes 15 litres of this mixture and adds 5 litres of water to it. What is the amount of water, in litres, in the final mixture?",11,11.5,12,12.5,D
2717,A completes 80% of a work in 20 days. Then B also joins and A and B together finish the remaining work in 3 days. How long does it need for B if he alone completes the work?,37 ½ days,22 days,31 days,22 days,A
2718,"If 100 kg of meat is divided into packages of 4/7 kg each, what is the total number of packages?",125,175,100,150,B
2719,"A reduction of 20% in the price of salt enables a lady to obtain 10 kgs more for Rs.100, find the original price per kg?",Rs. 3.5,Rs. 2.67,Rs. 2.5,3,C
2720,"If (2x+3)(ax-5) = 12x²+bx-15 for all values of x, what is the value of b?",6,8,10,12,B
2721,A and B can complete a task in 44 days when working together. After having worked together for 33 days B is called away. A completes the remaining task in the next 25 days. A can complete the job working alone in:,140 day,90 days,100 days,84 days,C
2722,"P is 30% more efficient than Q. P can complete the work in 23 days. If P and Q work together, how much time will it take to complete the same work?",9 days,11 days,23 days,13 days,D
2723,The average age of 8 men increases by 2 years when two women are included in place of two men of ages 20 and 24 years. Find the average age of the women?,36 years,24 years,30 years,18 years,C
2724,The simple interest and the true discount on a certain sum for a given time and at a given rate are Rs. 85 and Rs. 80 respectively. The sum is:_______?,Rs. 1800,Rs. 1450,Rs. 1360,Rs. 6800,C
2725,25 2/5 + 8 4/5 + 4/5 = _________?,34,35,36,37,B
2726,"Jameel bought paper sheets for Rs. 7200 and spent Rs. 200 on transport. Paying Rs. 600, he had 330 boxes made. Which he said at Rs. 28 each. What is his profit Percentage?",15.50%,40%,60%,None of these,A
2727,Two natural numbers whose sum is 72 cannot be in the ratio:,1:02,3:05,5:07,5:09,D
2728,A man is standing upside down with his face towards the south. Where will his left hand point?,East,West,North,South,B
2729,Solve for x: √729 - √441 = √x + 1. Number System,49,36,25,16,C
2730,The difference between simple and compound interest (compounded-annually) on a sum of money for 2 years at 10% per annum is Rs 65. The sum is_________?,Rs. 6500,Rs. 6565,Rs. 65065,Rs. 65650,A
2731,"A man has some hens and cows. If the number of heads be 48 and the number of feet equals 140, then the number of hens will be_________?",22,23,24,26,D
2732,Jameel can complete a task in 15 hours and Nasir can complete the same task in 12 hours. Jameel starts the task at 9:00 am and stops working at 2:00 PM. Nasir starts working on the task at 4:00 pm. At what time is the task completed?,12:00 PM,2:00 AM,12:00 AM,10:00 PM,C
2733,The sum of two numbers is 45. Four times the first number is 9 less than five times the second. What are the two numbers?,24 and 21,22 and 23,25 and 20,26 and 21,A
2734,"A, B and C together earn Rs.150 per day while A and C together earn Rs.94 and B and C together earn Rs.76. The daily earning of C is:__________?",Rs. 10,Rs. 15,Rs. 20,Rs. 25,B
2735,How many cubes of edge 2 dm can be cut out of a meter cube?,50,64,216,125,D
2736,"After a new member with Rs. 50 joined a group, the new average of the now seven- member group became Rs. 20. What was the original average?",Rs. 25,Rs. 18,Rs. 15,Rs. 22,C
2737,"If x:y = 5:2, then (8x+9y):(8x+2y) is:",26:61,29:22:00,22:29,None of these,B
2738,"In a series of six consecutive even numbers, the sum of the second and sixth numbers is 24. What is the fourth number?",8,12,6,14,B
2739,A man can row 7 ½ kms on hour in still water and he finds that it takes twice as long to row up the river. The rate of stream is:,2.4km/hr,2.5 km/hr,3.4km/hr,3.5km/hr,B
2740,"If the roots of a quadratic equation are 20 and -7, then find the equation?",x² + 13x - 140 = 0,x² - 13x + 140 = 0,x² - 13x - 140 = 0,x² + 13x + 140 = 0,C
2741,Area of a square with side x is equal to the area of a triangle with base x. The altitude of the triangle is:________?,x/2,x,2x,4x,C
2742,A pineapple cost Rs.7 each a watermelon costs Rs.5 each Z spends Rs. 38 on these fruits. The number of pineapples purchased is:,2,4,3,5,B
2743,Find the one which does not belong to that group?,PMS,ROU,GDJ,KIM,D
2744,"A manufacturer of TV sets produced 600 units in the third year and 700 units in the seventh year. Assuming production increases uniformly by a fixed number every year, what was the production in the first year?",250 TV sets,350 TV sets,450 TV sets,550 TV sets,D
2745,[(7 * 9) + (2 * 12) + 3]/[(12 * 3) + (81/9)] = ______?,4,60,1.75,None of these,D
2746,"P, Q and R can complete a work in 24, 6 and 12 days respectively. The work will be completed in________days if all of them are working together.",2,3 3⁄7,4 ¼,5,B
2747,"If 28 out of 40 seats on a table were occupied, what percent of the seats were not occupied?",15%,20%,30%,42.80%,C
2748,"6 men, 7 women, and 5 children complete a job for Rs. 4400. If their individual wages be in the ratio 4:3:2, the total money earned by 5 children is:",Rs. 800,Rs. 880,Rs. 980,Rs. 990,A
2749,How many metres are in 1 km?,100 metres,1000 metres,10000 metres,None of these,B
2750,"A runs 1 2/3 times as fast as B. If A gives B a start of 80 m, how far must the winning post be so that A and B might reach it at the same time?",200 m,300 m,270 m,160 m,A
2751,The sum of two numbers is 45. One number is two-thirds of the other. What is the smaller number?,18,36,54,72,A
2752,"A sum of money is put out at compound interest for 2 years at 20%. It would fetch Rs.482 more if the interest were payable half-yearly, then it were pay able yearly. Find the sum. Interest",Rs0.40 ,Rs0.10 ,Rs0.13 ,Rs0.20 ,D
2753,"Find the odd one out in the series: 8, 27, 64, 100, 125, 216, 343. Odd one out",27,100,125,343,B
2754,The area of a circle is 98.56 cm². What is its circumference?,35.2 cm,37.2 cm,39.2 cm,None of these,A
2755,The length of a rectangle is increased by 60%. By what percentage would the width have to be decreased to maintain the same area?,37.50%,60%,75%,42.35%,A
2756,"Aleem buys 4 horses and 9 cows for Rs. 13,400. If he sells the horses at 10% profit and the cows at 20% profit, then he earns a total profit of Rs. 1880. The cost of a horse is:_________?",Rs. 1000,Rs. 2000,Rs. 2500,Rs. 3000,B
2757,"A man complete a journey in 10 hours. He travels first half of the journey at the rate of 21 km/hr and second half at the rate of 24 km/hr. Find the total journey in km. Time, Speed, and Distance",121 km,242 km,224 km,112 km,C
2758,60 + 5 * 12 / (180/3) = _______?,60,120,13,61,D
2759,"If x - 4 = 9, what is the value of x² - 4?",21,77,81,165,D
2760,"The principal that amounts to Rs. 4913 in 3 years at 6 1/4 % per annum C.I. compounded annually, is_________?",Rs. 3096,Rs. 4076,Rs. 4085,Rs. 4096,D
2761,"The price of a car, including a 6 percent sales tax, is Rs. 154,431.40. What is the market price of the car without tax?",Rs. 145500,Rs. 145000,Rs. 150000,Rs. 145690,D
2762,"A surn of money is to be distributed among A, B, C, D in the proportion of 5 : 2 : 4 : 3. If C gets Rs. 1000 more than D, what is B's share ?",Rs. 500,Rs. 1500,Rs. 2000,None of these,C
2763,What annual payment will discharge a debt of Rs. 1025 due in 2 years at the rate of 5% compound interest?,Rs. 550,Rs. 551.25,Rs. 560,Rs. 560.75,B
2764,If a man lost 4% by selling oranges at the rate of 12 a rupee. At how many a rupee must he sell them to gain 44%?,7,8,9,10,B
2765,What is the ratio of simple interest earned on a certain amount at the same rate of interest for 12 years and for 18 years?,2:03,2:04,1:03,3:01,A
2766,The tens digit of a two-digit number is two more than its unit digit. The two-digit number is 7 times the sum of the digits. Find the units digits?,1,2,3,4,B
2767,The angles of a triangle are in the ratio 2:7:11. The angles are:,"20°, 70°, 90°","20°, 70°, 110°","18°, 63°, 99°","23°, 54°, 110°",C
2768,"If 2^x / 2^y = 2^3, what is the value of x in terms of y?",y+3,y³,3-y,3y,A
2769,The binary decimal of 10100 is:,20(10),200(10),200(100),None of these,A
2770,Find the one which does not belong to that group?,Sculpture,Blacksmith,Carpenter,Architect,D
2771,A person crosses a 600 m long street in 5 minutes. What is his speed in km per hour?,8.2,4.2,6.1,7.2,D
2772,The largest size of bamboo that can be placed in a square of area 100 sq.meters is__________?,10m,14.14m,20m,25m,B
2773,"Three taps A, B and C can fill a tank in 12, 15 and 20 hours respectively. If A is open all the time and B and C are open for one hour each alternately, the tank will be full in_______?",6 hrs,6 2/3 hrs,7 hrs,7 1/2 hrs,C
2774,"Three quantities X, Y and Z are such that XY=kZ where k is constant. Initially, X was at 4 and X:Y:Z was 2:3:4. If the value of Y is changed to 12 and Z is kept constant, find the value of X. Ratio",2,3,5,6,A
2775,"What is the simple interest on Rs. 4,000 at 12.5% per annum for the period from February 4th, 2005 to April 18th, 2005?",Rs. 215,Rs. 120,Rs. 200,Rs. 100,D
2776,"When 5% is lost in grinding wheat, a country has to import 20 million bags; but when only 2% is lost, it has to import only 15 million bags. Find the quantity of wheat which grows in the country. Percentage",133 1/3 million bags,150 million bags,106 2/3 million bags,166 2/3 million bags,D
2777,"A covered wooden box has the inner measures of 115 cm, 75 cm, and 35 cm, and the thickness of wood is 2.5 cm. The volume of the wood is____________?",81000 cu.cm,81775 cu.cm,82125 cu.cm,None of these,C
2778,There are four prime numbers written in ascending order of magnitude. The product of the first three is 385 and of the last three is 1001. Find the fourth number?,5,7,11,13,D
2779,"Three candidates in an election received 1136, 7636 and 11628 votes respectively. What percentage of the total votes did the winning candidate get?",11.60%,57%,76.40%,None of these,B
2780,"If one of the angles of a triangle is 90 degrees, what would be the value of the other two angles?",55 and 30 degrees,50 and 40 degrees,75 and 20 degrees,50 and 45 degrees,B
2781,Find the least number of complete years in which a sum of money put out at 25% compound interest will be more than double of itself?,6 years,1 year,2 years,4 years,D
2782,What is the number whose 7% is 42?,300,400,500,600,D
2783,Three numbers are in the ratio 4:5:6 and their average is 30. The largest number is:,28,32,36,42,C
2784,"The greatest number of five digits which is divisible by 32, 36, 40, 42 and 48 is_________?",90730,90725,90715,90720,D
2785,Two trains 90 and 110 meters long approach one another from opposite directions at 54 and 90km/h. How long do they take to completely pass one another?,0.5 sec,2 sec,5 sec,10sec,C
2786,A is a working partner and B is a sleeping partner in the business. A puts in Rs.15000 and,Rs0.32 ,"Rs.25000, A receives 10% of the profit for managing the business the rest being divided in proportion of their capitals. Out of a total profit of Rs.9600, money received by A is? Ratio (Partnership)",Rs0.38 ,Rs0.42 ,D
2787,The area of largest triangle that can be inscribed in a semicircle of radius R cm is__________?,2R cm²,R^2 cm²,1/2 R2 cm²,2 R2 cm²,B
2788,"The cost price of a radio is Rs. 1500, and it was sold for Rs. 1230. Find the loss %?",18%,9%,15%,6%,A
2789,A person ordered 5 pairs of black socks and some pairs of brown socks. The price of a black pair was thrice that of a brown pair while preparing the bill the bill clerk inter- changed the number of black and brown pairs by mistake which increased the bill by,10,15,20,25,D
