Question_Number,Question,Option_A,Option_B,Option_C,Option_D,Correct_Answer
1,What is the Islamic term for the period a woman must wait after the death of her husband or a divorce before she can remarry?,Iddah,Khul',Faskh,Li'an,A
2,"Which prophet was tested by Shaitan (Satan) at three places during a divine command, symbolizing the ritual of stoning the Jamarat?",Prophet Ibrahim (AS),Prophet Isma'il (AS),Prophet Musa (AS),Prophet Adam (AS),A
3,"The ""Hajj"" pilgrimage was made obligatory for Muslims in which year of the Hijra?",7 AH,8 AH,6 AH,9 AH,D
4,Who killed Walid bin Uqbah in the Battle of Badr?,Hazrat Khalid bin Waleed,Hazrat Ali,Hazrat Hamza,None of these,B
5,Muslims offered their first Salat al-Eid in the month of Shawwal of the 2nd Hijrah. When did they first offer the Salat of Eid al-Adha?,in Dhul Hijjah of the 2nd Hijrah,in Dhul Hijjah of the 3rd Hijrah,in Dhul Hijjah of the 4th Hijrah,None of these,A
6,How many Umrahs did the Holy Prophet perform in his life?,1,4,10,15,B
7,"What is the literal meaning of ""Jihad""?",Exemption,Sacrifice,Fight,Struggle,D
8,The longest Ayat of the Holy Quran is in which Surah:,Al-Ma'arij,Al-Baqarah,Al-Haqqah,None of these,B
9,"Who is titled ""Khateeb al-Anbiya"" (The Orator of the Prophets)?",Prophet Muhammad PBUH,Prophet Ibrahim (A.S),Prophet Musa (A.S),Prophet Shuaib (A.S),D
10,When was the Hijri calendar introduced?,16 AH,17 AH,15 AH,18 AH,B
11,What was the age of Hazrat Uthman (RA) at the time of his martyrdom?,82,90,70,None of these,A
12,Umm al-Masakin was the title given to one of the wives of the Prophet (SAW):,Hazrat Sawdah (R.A.),Hazrat Zaynab bint Jahsh (R.A.),Hazrat Zaynab bint Khuzaymah (R.A.),Hazrat Safiyyah (R.A.),C
13,"What is the meaning of the name of Muhammad (PBUH), ""Muddathir""?",The Wrapped One,The Sun,The Guided,None,A
14,What are the literal meanings of Hajj?,Intending to visit,Going for Hajj,Kissing the stone,Performing Tawaf,A
15,How many Rukus are there in the Qur'an?,358,558,458,658,B
16,"After the Quran and Hadith, the third source of Islamic jurisprudence is:",Ijma,Namaz,Zakat,Hajj,A
17,How many infidels were killed in the Battle of Badr?,170,270,370,70,D
18,"""There is no god but Allah, Hazrat Muhammad (SAW) is the Messenger of Allah."" This is the translation of",Kalima-e-Shahadat,Kalima-e-Tayyaba,Iman-e-Mufassal,Iman-e-Mujammal,B
19,When did the second migration to Habashah take place?,in 605 AD,in 615 AD,in 630 AD,in 620 AD,B
20,"In Surah al-Kahf, a dog is also mentioned with Ashab al-Kahf. What was the name of the dog?",Qitmir,Qahoor,Qitala,Qitmaar,A
21,"In 9 AH, there was a severe drought and scarcity of water in:",Madinah,Makkah,Hijaz,Khyber,A
22,Which Surah is known as Thuluth al-Qur'an?,Al-Kawthar,Al-Ikhlas,An-Nas,Ar-Rahman,B
23,What was the real name of Imam Abu Hanifa?,Nu'man ibn Nawfal,Nu'man ibn Thabit,Nu'man ibn Warqa,Nu'man ibn Talha,B
24,"At the conquest of Makkah, which Surah did the Holy Prophet (PBUH) recite?",First 5 verses of Surah Al-Baqarah,Surah Yasin,Surah Al-Ikhlas,Surah Al-Fatihah,D
25,Ramadan is the ________ month of the Islamic calendar.,9th,11th,10th,12th,A
26,Who was the childhood friend of the Holy Prophet Muhammad (S.A.W)?,Hazrat Abu Bakr (R.A),Hazrat Umar (R.A),Hazrat Usman (R.A),Hazrat Ali (R.A),A
27,Name the prayers in which there is no change in Farz Raka'at in case of Qasr.,Zuhr,Maghrib,Witr,All of them,B
28,When did Hazrat Hamza (RA) embrace Islam?,in the Fifth Nabvi,in the Sixth Nabvi,in the Seventh Nabvi,in the Fourth Nabvi,A
29,The Berber general who led the initial Muslim conquest of Spain alongside Tariq ibn Ziyad was:,Musa ibn Nusayr,Abd al-Aziz ibn Musa,Abd al-Rahman al-Ghafiqi,Yusuf ibn Tashfin,A
30,Which was the agreement that was titled 'Fath-um-Mubeen' without fighting a battle?,Treaty of Makkah,Meesaq-e-Madinah,Treaty of Hudaibiya (Sulh-e-Hudaibiya),None of the above,C
31,Ghazwa Tabook ke moqa par aap (SAW) ne niyabat ke liye kis ko muqarrar kiya?,Hazrat Abu Bakr Siddiq,Hazrat Umar,Hazrat Usman,Hazrat Ali,D
32,Walima is the Islamic term for the:,Dowry given to the bride,Engagement ceremony,Wedding feast hosted by the groom after consummation,Marriage proposal,C
33,"Kalimah Tayyaba, Salat, Zakat, Hajj, and Soam are the fundamental ____ of Islam.",Beliefs,Faiths,Pillars,Corners,C
34,In which year did the Holy Prophet (PBUH) perform his last pilgrimage (Hajj)?,7 A.H,8 A.H,9 A.H,10 A.H,D
35,Which of the following Ghazwa(s) took place in the 8th year of Hijra?,Ghazwa al-Fath (Conquest of Makkah) and Ghazwa Hunayn,Ghazwa al-Ta'if and Ghazwa Mu'tah,All of them,None of these,A
36,The Treaty of Madinah was a formal agreement between the Prophet (PBUH) and which other community?,The Christians of Najran,The Jewish tribes of Madinah,The Quraysh of Makkah,The Roman Empire,B
37,The daughter of which Jewish chief married the Prophet (SAW)?,Akhtab bin Yahya,Huyayy bin Akhtab,Kinana bin Hatim,None of these,B
38,Which Prophet's wife is mentioned in the Quran as an evil example for her disbelief?,Both B and C,Prophet Lut's (AS) wife,Prophet Nuh's (AS) wife,Prophet Ibrahim's (AS) wife,A
39,Babylon' is a famous ancient city of:,Iraq,Jordan,Kuwait,Greece,A
40,What is the function of Hazrat Mika'il (A.S.)?,To arrange rain,To supply food,Both of these,None of these,C
41,The miracle of the she-camel is related to which prophet?,Hazrat Musa (AS),Hazrat Salih (AS),Hazrat Ibrahim (AS),None of these,B
42,From which word is 'Aqeeda' derived?,Aqd,Aqaid,Aqleed,Taqleed,A
43,The Prophet recited which Surah at the conquest of Makkah?,Ankabut,Fath,Anfal,None of these,B
44,Which Prophet's story is mentioned most frequently in the Quran?,Prophet Ibrahim (AS),Prophet Musa (AS),Prophet Isa (AS),Prophet Yusuf (AS),B
45,How many undesirable (Makruh) acts of Ihram are there?,6,7,5,8,A
46,The mountains would break by the miracle of,Hazrat Yusuf (A.S.),Hazrat Ishaq (A.S.),Hazrat Yaqoob (A.S.),Hazrat Yahya (A.S.),C
47,Who met the Holy Prophet (SAW) on the first spiritual sky during Mi'raj?,Hazrat Harun (AS),Hazrat Adam (AS),Hazrat Isa (AS),Hazrat Sulayman (AS),B
48,Hazrat Ali (R.A.) belonged to:,Banu Adi,Banu Khazraj,Banu Hashim,Banu Aws,C
49,What is meant by 'Miqat?,Wearing of Ihram during Umrah,Wearing of Ihram during Hajj,Point where Ihram must be put on by pilgrims,Point where Tawaaf begins,C
50,Mount Uhud is located in:,Makkah,Madinah,Ta'if,Tabuk,B
51,"Which wife of the Prophet (PBUH) was known as ""Dhat al-Hijratayn"" (Possessor of the Two Migrations)?",Ruqayyah (RA),Sawda (RA),Zaynab bint Jahsh (RA),Umm Salama (RA),A
52,Queen Saba (Sheba) was the ruler of:,Egypt,Syria,Yemen,Taif,C
53,Approximately how many people embraced Islam in the period between the Treaty of Hudaybiyyah and the Conquest of Makkah?,5000,6000,3000,"Over 7,000",D
54,Who knew the language of the birds?,Hazrat Sulayman (AS),Hazrat Musa (AS),Hazrat Isa (AS),Hazrat Yusuf (AS),A
55,Name the Caliph whose parents were both from the Banu Hashim clan.,Umar (RA),Ali ibn Abi Talib (RA),Abu Bakr (RA),Uthman (RA),B
56,Najashi became a Muslim at the hands of,Hazrat Jafar,Usman,Saad bin Ubadah,None of these,A
57,What is the third Ashra of Ramazan called?,Ashra-e-Najat-e-Naar-e-Jahannam,Ashra-e-Maghfirat,Ashra-e-Rehmat,All of them,A
58,Between whom was the Charter of Medina concluded?,Muslims and Jews,Muslims and Non-Arabs,"Muslims, Jews, and other non-Muslims",None of these,C
59,How many Rukus are there in the Qur'an?,358,558,458,658,B
60,What was the name of the nation of Prophet Salih (AS)?,Bani Israel,Thamud,Talmud,None of these,B
61,Into which category of creature does the Qur'an put 'Iblis'?,Mala'ikah,Fire,Angel,Jinn,D
62,"The ""Reconquista"" is the historical term for the Christian reconquest of which territory from Muslim rule?",The Balkans,Sicily,Spain (Al-Andalus),The Levant,C
63,Which book was written by Hazrat Ali (RA)?,Kashf al-Mahjub,Nahj al-Balagha,Kitab al-Athar,None of these,B
64,Hajj al-Badal is the act of performing Hajj:,Only in conjunction with Umrah,For the second time,On behalf of someone who is unable to do so,During the month of Ramadan,C
65,To which tribe did Hazrat Umar (RA) belong?,Umayyad,Banu Adi,Banu Hashim,None of these,B
66,A tradition (hadith) whose chain of narrators is traced back only to a Companion of the Prophet (PBUH) is known as:,Mutawatir,Mawquf,Marfu',Maqtu',B
67,"Who compiled the first known work of Hadith, the ""Sahifah al-Sadiqah""?",Abu Bakr (RA),Imam Muslim,Abu Hurairah (RA),Abdullah ibn Amr (RA),D
68,Which method is used to prove the correctness of the matn of a hadith?,Riwayat,Dirayat,Sanad,None of these,B
69,Who killed the Jewish leader Ka'b ibn al-Ashraf for his treachery?,Muhammad ibn Maslamah (RA),Ali (RA),Abu Na'ilah (RA),Umar (RA),A
70,Which Surah of the Holy Quran throws light on the Halal and Haram of sacrificial animals?,Al-Ma'idah,Al-Imran,Al-Naml,Al-Ra'd,A
71,Name the treaty which was signed after Harb-e-Fijar.,Hilf al-Fudul,Half al-Quraish,Half al-Qais,Half al-Fijar,A
72,Hazrat Yusuf (AS) remained in the well for:,3 days,5 days,6 days,10 days,A
73,The compilation of Ahadith is called,Tadwin,Jama al-Hadith,Maariz,None of these,A
74,Name the first Sahabi who killed a disbeliever in the way of Allah.,Hazrat Sa'd ibn Abi Waqqas (RA),Hazrat Umar (RA),Hazrat Hamza (RA),Hazrat Ali (RA),A
75,"Fatimah, a notable woman from the era of the Battle of Uhud, was the sister of whom?",Sa'd ibn Abi Waqqas (RA),Khalid ibn al-Walid (RA),Umar ibn al-Khattab (RA),Ali ibn Abi Talib (RA),B
76,What is the ancient name of Makkah?,Yathrib,Bakkah,Mesopotamia,Transoxiana,B
77,What is the place called where pilgrims wear Ihram?,Meeqat,Muzdalifah,Safa,Arafat,A
78,"The ""Abbasid Revolution"" which overthrew the Umayyads began in which province?",Khorasan,Syria,Hijaz,Egypt,A
79,Makkah was conquered in:,8th Hijrah,9th Hijrah,10th Hijrah,12th Hijrah,A
80,Who was the most prolific author in Muslim history?,Ibn Battuta,Ibn Kathir,Ibn Jarir Tabari,Ibn Sa'd,C
81,Who was the commander of the Muslim army in the Battle of Jasr?,Khalid ibn al-Walid,Abu Ubaid al- Thaqfi,Talha ibn Ubaydullah,Hazrat Zubair,B
82,The scholar Al-Khwarizmi made pioneering contributions to which field?,Algebra,Medicine,Optics,Geography,A
83,Which Prophet's story involves his brothers conspiring against him and throwing him into a well?,Prophet Isma'il (AS),Prophet Musa (AS),Prophet Yusuf (AS),Prophet Dawud (AS),C
84,How many Madni Surahs of the Holy Quran are there:,26,28,30,32,B
85,"How many categories of people are eligible to receive Zakat and Ushr, according to Quranic orders?",10,8,6,4,B
86,The 'Ghassanids' and 'Lakhmids' were Arab client kingdoms of which two rival empires?,Rome and Persia,Abyssinia and Yemen,Egypt and Syria,Persia and India,A
87,Who is called Umar-e-Sani?,Hazrat Umar bin Abdullah,Hazrat Umar bin Khattab,Hazrat Abdullah bin Umar,Hazrat Umar bin Abdul Aziz,D
88,Hazrat Ali (RA) was martyred in:,35 Hijrah,40 Hijrah,45 Hijrah,50 Hijrah,B
89,The Badshahi Mosque of Lahore was built by:,Akbar,Shah Jahan,Jehangir,Aurangzeb,D
90,"Which companion was nicknamed ""The Orator of the Prophet"" (Khatib al-Nabi)?",Thabit ibn Qays (RA),Hassan ibn Thabit (RA),Ka'b ibn Malik (RA),Abdullah ibn Rawaha (RA),A
91,To which clan of the Quraish did the family of Muhammad (PBUH) belong?,Bani Tamim,Bani Umayyah,Bani Asad,Bani Hashim,D
92,The book revealed to Hazrat Daud (A.S.) was the,Zabur,Tawrat,Quran,Injeel,A
93,In which Hijri year did the Battle of Uhud take place?,2 AH,3 AH,4 AH,5 AH,B
94,"At which occasion is Salat al-Istisqa offered, in which Muslims pray while keeping their hands high and their palms towards the ground?",Rain,Eclipse,War,Drought,D
95,The first Ghazwa (battle participated in by the Prophet PBUH) of Islam is:,Abwa (Waddan),Badr,Uhud,None of these,A
96,Which King tore the letter of the Prophet (PBUH) into pieces?,Khusrow Pervaiz,Muqawqis,Heraclius,Najashi,A
97,Hazrat Nabi Kareem (PBUH) ki wiladat waqia al-feel ke kitne roz baad hui?,25 roz baad,35 roz baad,40 roz baad,50 roz baad,D
98,"The ""Dar al-Tiraz"" was an official state institution in the medieval Islamic world responsible for producing:",Currency and coins,Paper and manuscripts,Maps and astronomical charts,High-quality textiles and robes of honor,D
99,The assassination of which Caliph led to the first civil war (Fitna) in Islam?,Umar (RA),Uthman (RA),Abu Bakr (RA),Ali (RA),B
100,Which prophet of Allah had the minimum age?,Hazrat Ibrahim (A.S.),Hazrat Muhammad (S.A.W.),Hazrat Musa (A.S.),Hazrat Isa (A.S.),D
101,How many times has the name Muhammad (PBUH) been mentioned in the Qur'an?,4 times,6 times,2 times,10 times,A
102,"Who was the first to be given the title ""Amir al-Mu'minin"" (Commander of the Faithful)?",Umar (RA),Ali ibn Abi Talib (RA),Uthman (RA),Abu Bakr (RA),A
103,"In Fiqh, a condition stipulated in a contract is known as a:",Sabab,Rukn,Shart,Mani',C
104,"When did the Holy Prophet (PBUH) perform ""Hajjat-ul-Wida""?",in 630 AD,in 632 AD,in 633 AD,in 636 AD,B
105,"The ""Seven Sleepers of Ephesus"" (Ashab al-Kahf) are mentioned in which Surah of the Quran?",Al-Kahf,Yusuf,Al-Imran,Al-Anbiya,A
106,Who was the first person to take the pledge of allegiance (Bay'ah) to Uthman (RA) as Caliph?,Ali ibn Abi Talib (RA),Amir Muawiya (RA),Abd al-Rahman ibn Awf (RA),Sa'd ibn Abi Waqqas (RA),C
107,"The ""Qur'an Gate"" (Darvazeh Qur'an) is a historical landmark in which Iranian city?",Tehran,Isfahan,Shiraz,Yazd,C
108,"The ""Al-Aqsa Mosque,"" the third holiest site in Islam, is located in the Old City of:",Jerusalem,Makkah,Madinah,Hebron,A
109,The theme of Hijrah (migration) and the role of the Muhajirun and Ansar are prominently mentioned in which Surah?,Al-Fatihah,Al-Tawbah and Al-Anfal,Al-Baqarah,Al-Imran,B
110,Which among the following is the third source of Islamic Law?,Hadith,Ijma,Qiyas,Istehsan,B
111,What is meant by Zabur?,Guidance,Book written in big letters,Book of instruction,Book of light,B
112,How many Ansar from Madinah embraced Islam in the 11th Nabvi year?,Four,Five,Six,Seven,C
113,"The Quranic word ""Ara'ayta"" means:",Have you seen?,Have you heard?,Do you listen?,None of these,A
114,"In the 10th year of the Holy Prophet's (PBUH) mission, Hazrat Khadijah (RA) and Hazrat Abu Talib died. This year is called:",Amm-ul-Fil,Amm-ul-Huzn,Amm-ul-Haq,None of these,B
115,Muhammad ibn Ismail al-Bukhari wrote which book of Hadith:,Sahih al-Bukhari,Sahih Muslim,Tirmizi,Abu Dawood,A
116,"The people of which oasis were given the option to embrace Islam or pay half their produce, and they chose the latter?",The Jews of Khyber,The Jews of Qaynuqa,The Jews of Sawiq,The Jews of Fadak,D
117,How much is the rate of Ushr on the produce of artificially irrigated land?,1 by 20,1 by 10,1 by 11,1 by 15,A
118,Name the wife of Harun al-Rashid who was the mother of Al-Amin and Al-Mamun:,Zubaidah,Farzana,Umamah,Buran,A
119,He was called 'Abu al-Bashar al-Thani':,Hazrat Ibrahim (AS),Hazrat Nuh (AS),Hazrat Adam (AS),Hazrat Musa (AS),B
120,When was the first wahi revealed to the Holy Prophet (PBUH)?,on 17th Ramadan,on 18th Ramadan,on 19th Ramadan,on 20th Ramadan,A
121,What is the title of Hazrat Ibrahim (A.S.)?,Khalil Ullah,Kalim Ullah,Saif Ullah,Jad-ul-Anbia,A
122,Which of the following was the first Commander-in-Chief of the Islamic Army?,Hazrat Ali (R.A.),Hazrat Hamza (R.A.),Hazrat Umar (R.A.),Hazrat Usman (R.A.),B
123,"The first ""Sultan"" to be officially granted the title by the Abbasid Caliph was the Seljuk ruler:",Alp Arslan,Malik-Shah,Sanjar,Tughril Beg,D
124,"The ""Minbar"" (pulpit) in a mosque was first introduced by:",Uthman (RA),Umar (RA),The Prophet Muhammad (PBUH),Amr ibn al-As (RA),C
125,What is the literal meaning of apostasy (Irtidad)?,To turn back,To reject,To associate partners (commit shirk),To die in disbelief,A
126,Whom did the Quraysh give command of their cavalry to intercept the Muslims at Hudaybiyyah?,Khalid ibn al-Walid and Ikrimah ibn Abi Jahl,Abu Sufyan,Both of these,None of these,A
127,Meaning of Wahi is:,Inspiration,Expression,Excitation,Revelation,D
128,Which animal was provided by Allah for sacrifice in place of Hazrat Ismail (A.S.)?,Camel,Goat,Cow,Ram,D
129,"If the narrators' chain reaches the Prophet (PBUH), what is the narration called?",Marfu',Sanad,Mu'aasal,None of these,B
130,Hajj is not completed unless you go to:,Makkah,Madinah,Mina,Arafat,D
131,Who gave Ghusl (ritual washing) to the body of the Holy Prophet (PBUH)?,Umar (RA),Abu Bakr (RA),Zayd ibn Harithah (RA),Ali (RA),D
132,Zou-Shadatain is the title of ________?,Hazrat Khuzaima bin Sabit R.A,Hazrat Huzaifa bin Yaman R.A,Hazart Ammar Bin Yasir R.Z,Hazrat Abu Zar Ghafari R.A,A
133,The hypocrites of Madinah built which mosque contrary to Masjid-e-Nabawi?,Masjid-e-Haram,Masjid-e-Aqsa,Masjid-e-Dirar,Masjid-e-Ubayy,C
134,How many circles did Hazrat Hajra complete while running between Safa and Marwa?,Five,Six,Seven,Ten,C
135,Did the command to prostrate before Adam prove his superiority?,In angels,In jinn,Over all creation,None of these,C
136,"The first person to hold the office of ""Qadi"" (judge) of Egypt after the Muslim conquest was:",Shurayh al-Qadi,Ibn Abi Layla,Ka'b ibn Sur,Qays ibn Abi al-As,D
137,What is Fiqh?,The science of Islamic Law,The science of the Qur'an,The science of the Sunnah,None of them,A
138,What was the name of the sword the Prophet (PBUH) gave to Ukasha ibn Mihsan (RA) in the Battle of Badr?,Awn,Aakash,Aailiyer,Zulfiqar,A
139,What does Zamzam mean?,Al-Shifa,To stop,To flow,Al-Rahmah,B
140,Which book is called the Old Testament?,Zubur,Torah,Injeel,Quran,B
141,When did Hazrat Abu Bakr (R.A.) die?,631 A.D.,632 A.D.,633 A.D.,634 A.D.,D
142,Which river is most often mentioned in the Bible?,Colorado,Jordan,Darling,Ganges,B
143,"How many prisoners of war, in thousands, were taken in the Battle of Hunayn?",6,7,5,4,A
144,On which date is the Wuquf-e-Arafat (Standing at Arafat) performed during Hajj?,On 9th Dhul-Hijjah,On 3rd Ramadan,On 2nd Safar,On 18th Shawwal,A
145,Name the animal on which the Holy Prophet (PBUH) travelled in the Mi'raj.,Camel,Horse,Buraq,None of these,C
146,"The ""Almohad"" movement, which later established a caliphate, originated in:",The Atlas Mountains of Morocco,Egypt,Spain,Tunisia,A
147,Which companion of the Holy Prophet (SAW) recited verses of the Holy Quran in the presence of the Najjashi?,Hazrat Ali (RA),Hazrat Usman (RA),Hazrat Jaffar Tayyar (RA),Hazrat Zaid Bin Haris (RA),C
148,Israel was the son of:,Hazrat Lut (AS),Hazrat Ishaq (AS),Hazrat Yusuf (AS),Hazrat Yunus (AS),B
149,How many total words are there in the Quran?,77.43,87.655,88.988,90.876,A
150,Who was the maternal grandfather of Umar (RA)?,Hisham ibn al-Mughirah,Utbah ibn Rabi'ah,Hashim ibn al-Mughirah,Walid ibn al-Mughirah,C
151,"During the Hudaybiyyah negotiations, how many Makkans who attacked the Muslim camp were captured, according to varying historical reports?",Exactly 85,Between 40 and 80,Exactly 100,Exactly 25,B
152,"About whom did Abbas (RA) say to the Prophet (PBUH) on the conquest of Makkah, ""O Prophet of Allah, he is a proud man. Would you not grant him some privilege""?",Ikrimah ibn Abi Jahl,Abu Sufyan,Budayl ibn Warqa,Hakim ibn Hizam,B
153,"The ""Taifas"" were small, independent Muslim principalities that emerged in Spain after the fall of the:",Nasrid Kingdom of Granada,Almohad Caliphate,Umayyad Caliphate of Cordoba,Almoravid Empire,C
154,Hazrat Ali (R.A.) ruled for,"4 years, 9 months","10 years, 5 months","5 years, 9 months",None of these,A
155,The largest army that ever marched out of Madinah was in ______.,Ghazwa Uhud,Ghazwa Tabuk,Ghazwa Sawiq,Ghazwa Ahzab,B
156,Who led the funeral prayer of Hazrat Abu Bakr (RA)?,Hazrat Abdur Rahman bin Abu Bakr,Hazrat Umar (RA),Hazrat Sa'd bin Abi Waqqas (RA),None of these,B
157,The tenure of Khilafat of Hazrat Ali (RA) was:,4 years and one month,3 years,5 years,None of these (4 years and 9 months),D
158,Which Umayyad ruler was called Umar-e-Sani?,Ameer Muawiya,Marwan,Abdul-Malik,Umar bin Abdul Aziz,D
159,"In the 10th Nabawi year, a very dear and near uncle of the Holy Prophet (PBUH) died. What was his name?",Hazrat Hamza (R.A),Hazrat Abu Talib (R.A),Hazrat Zubair (R.A),Hazrat Abbas (R.A),B
160,Where did Banu Thamud live?,Wadi al-Qura,Wadi al-Hijr,Both of these,None of these,C
161,In which religion is the belief in all angels a fundamental part of faith?,Christianity,Islam,Judaism,All of them,B
162,How is the lineage of Hazrat Umar (RA) connected to the Prophet (PBUH)?,Adiyy,Ka'b,Qaswa,None of these,B
163,Name the prophet who introduced the science of astronomy.,Hazrat Idrees (A.S.),Hazrat Isa (A.S.),Hazrat Musa (A.S.),Hazrat Lut (A.S.),A
164,Umm Kabshah was the surname of:,Hazrat Thawbah (R.A.),Hazrat Khawlah (R.A.),Hazrat Halimah Saadia (R.A.),Hazrat Shima (R.A.),C
165,The science of determining the correct direction for prayer (Qibla) is known as:,Ilm al-Hay'a (Positional Astronomy),Ilm al-Mawaqit (Timekeeping),Ilm al-Falak (Cosmology),Ilm al-Jabr (Algebra),A
166,Fustat al-Quran (The Summit of the Quran) is another name for which Surah?,Surah al-Baqarah,Surah Yaseen,Surah al-Naml,Surah al-Waqi'ah,A
167,"The ""Brethren of Purity"" (Ikhwan al-Safa) were a secret society of philosophers based in which city?",Cairo,Baghdad,Basra,Cordoba,C
168,The total ayats of Surah Alaq are 19. How many were revealed in the form of the first wahi to the Holy Prophet (PBUH)?,1,3,4,5,D
169,Which companion was known for his beautiful recitation of the Quran?,Zayd ibn Thabit (RA),Abdullah ibn Mas'ud (RA),Ubayy ibn Ka'b (RA),Abu Musa al-Ash'ari (RA),B
170,Surah Nahl means:,Honey bee,Cow,Goat,None of these,A
171,"Which two books are called ""Sahihain""?","Muwatta, Ibn Majah","Bukhari Sharif, Muslim Sharif","Bukhari Sharif, Ibn Majah",None of these,B
172,How many times has the name Ahmad (PBUH) been mentioned in the Qur'an?,1 time,6 times,2 times,10 times,A
173,Name the son of Hazrat Ismaeel (A.S.) whose son was Adnan and Adnan's son was Ma'add.,Qaidar,Ilyas,Lu'ayy,Kirab,A
174,Who was the Commander of the Infidels in the Battle of the Ditch?,Amr,Abu Sufyan,Abu Jahl,Abu Lahab,B
175,"The ""Maliki"" school of Fiqh is predominant in which region of the world?",South Asia,The Levant and Egypt,North and West Africa,Southeast Asia,C
176,Name the first Sahabi who called the Adhan for the first time.,Hazrat Ali (RA),Hazrat Bilal (RA),Hazrat Umar (RA),Hazrat Zayd (RA),B
177,Fi Sabilillah means:,For Allah only,For Jihad,To the Poor,Both (A) & (B),D
178,Into how many parts is the Holy Qur'an divided?,Ten,Thirty,Twenty five,Twenty,B
179,In which Hijri year was the Battle of the Ditch fought?,In 5 AH,In 6 AH,In 8 AH,In 9 AH,A
180,In which Surah of the Quran is there a mention of Dhul-Qarnayn?,As-Saff,Al-Kahf,Al-Mujadila,None of these,B
181,Mahabharat is related to which religion:,Hinduism,Judaism,Christian,Buddhism,A
182,"Hazrat Khadijah (RA), Hazrat Abu Bakr (RA), Hazrat Ali (RA), and Hazrat Zayd ibn Harithah (RA) constituted the first:",Islamic organization,Holy family,Group to become Muslims,Cousins of the Holy Prophet (PBUH),A
183,In which Hijri year was the Battle of Badr fought?,In 1 AH,In 2 AH,In 4 AH,In 5 AH,B
184,What was the age of Muhammad (PBUH) at the time of Harb-e-Fijar?,12 years,15 years,18 years,20 years,B
185,The Fadak Garden was bestowed to the Holy Prophet (PBUH) as:,Fay,Booty,Gift,Loan,A
186,Which prophet was born after the murder of Habil by Qabil?,Hazrat Ishaq (AS),Hazrat Shees (AS),Hazrat Yaqoob (AS),None of these,B
187,Whom did Umar (RA) often appoint as his deputy in Madinah when he travelled?,Ali (RA),Uthman (RA),Talha (RA),Sa'id ibn Zayd (RA),A
188,Who is referred to in the Qur'an as Ruh-al-Qudus?,Hazrat Mikail (AS),Hazrat Israfil (AS),Hazrat Izra'il (AS),Hazrat Jibra'il (AS),D
189,The Faisal Mosque of Islamabad is the biggest in Pakistan. It was opened to the public :,In 1977,In 1983,In 1986,In 1992,C
190,Wealth obtained from a mine is liable for what type of deduction?,Zakat,Khums (one-fifth),Sulus (one-third),Rubah (one-fourth),B
191,The Queen of Sheba lived during the time of which prophet?,Prophet Isa (A.S),Prophet Dawood (A.S),Prophet Sulaiman (A.S),None of these,C
192,"The ""Ridda Wars"" (Wars of Apostasy) were fought during the caliphate of:",Abu Bakr (RA),The Prophet (PBUH),Umar (RA),Uthman (RA),A
193,How much of the Holy Qur'an does the longest surah comprise?,1 by 20,1 by 10,1 by 12,1 by 15,C
194,Hazrat Muhammad (PBUH) went to Syria with Hazrat Abu Talib at the age of:,12 years,15 years,18 years,None of these,A
195,During which Caliph's reign was the Arabian Peninsula cleared of non-Muslim garrisons?,Abu Bakr (RA),Umar (RA),Uthman (RA),Ali (RA),B
196,Which of the following is the most important pillar of Hajj?,Wuquf-e-Arafat,Wuquf-e-Mina,Wuquf-e-Muzdalifah,Wuquf-e-Meeqat,A
197,The third period of the compilation of Hadith is generally considered to be from:,171 to 220 AH,101 AH to around 200 AH,150 to 250 AH,100 to 150 AH,B
198,"The Fatimid Caliphate, an Isma'ili Shia dynasty, established which city as its capital?",Cairo,Baghdad,Damascus,Fez,A
199,"The ""Sujud"" in prayer must be performed with how many parts of the body touching the ground?",3,5,6,7,D
200,"Khuza'ah party fled to Makkah. In whose house they took refuge, complaining that the Quraish and their allies Banu Bakr violated the treaty with Prophet Peace Be Upon Him",Budayl ibn Warqa,Budayl ibn Nofel,Budayl ibn Qurana,Budayl ibn Utbah,D
201,"""I am the prophet of Allah, not a liar"" was said by the Holy Prophet Muhammad (PBUH) in which ghazwa of Islam?",Ghazwa-e-Badr,Ghazwa-e-Uhud,Ghazwa-e-Hunayn,Ghazwa-e-Tabuk,C
202,How many verses of Surah Al-Alaq were first revealed to the Holy Prophet (PBUH)?,3,5,8,12,B
203,Name the first ambassador of the Islamic state who was martyred.,Hazrat Sa'd ibn Mu'adh (RA),"Hazrat Mahja, the freed slave of Umar (RA)",Hazrat Harith bin Umayr (RA),Hazrat Zayd ibn Harithah (RA),C
204,In which year were the vowels inserted in the Qur'an?,in 49 Hijri,in 13 Hijri,in 43 Hijri,in 20 Hijri,C
205,The Harb al-Fijar (Sacrilegious War) was primarily sparked by:,A dispute over water resources,An attack on a trade caravan,A horse racing incident,Rivalry over control of trade routes,B
206,Who owned the land of Masjid Quba?,Sahl and Suhail,Hazrat Umar bin Yasir (R.A),Hazrat Abu Ayyub Ansari (R.A),Hazrat Kulthum bin Hidm (R.A),D
207,Jannat-ul-Baqi is situated in:,Taif,Madina,Makkah,Muzdalifah,B
208,A Muslim female is coffined in how many sheets?,Eight sheets,Five sheets,One sheet,Ten sheets,B
209,Imam Dar al-Hijrah is the title of:,Imam Ahmad,Imam Malik,Imam Shafi'i,None of these,B
210,Which companion was famously sent to Yemen as a judge and teacher by the Prophet (PBUH)?,Mu'adh ibn Jabal,Abdullah ibn Mas'ud,Anas ibn Malik,Abu Dharr al-Ghifari,A
211,"Name the animal, bigger than a donkey and smaller than a horse, on which the Holy Prophet (PBUH) went for Mi'raj.",Pony,Horse,Buraq,Mule,C
212,Which Surah is called 'Aroos-ul-Qur'an (the Bride of the Qur'an)?,Surah Yaseen,Surah Rahman,Surah Fatiha,Surah Jinn,B
213,How many Ahadith are narrated by Hazrat Ayesha?,2210,3200,4000,None of these,A
214,The meaning of Khawarij is:,Dishonest,Rebels,Unique,None of these,B
215,Sulh-e-Hudaybiyyah was signed in which year?,626,628,627,None of these,B
216,Name the oldest Holy Book.,Qur'an,Zabur,Injeel,Tawrat,D
217,Hazrat Zayd ibn Harithah's name is mentioned in which surah?,Al-Ahzab,Al-Falaq,Al-Jinn,Al-Buruj,A
218,Prophet Ayyub (Job) is known in the Quran for his exemplary:,Patience,Wealth,Kingship,Wisdom,A
219,Zakat was completely enforced in,2 A.H.,4 A.H.,8 A.H.,9 A.H.,D
220,How many times did the mother of Hazrat Ismail (A.S.) run from the hill of Safa to Marwah in search of water?,5,7,6,8,B
221,"Which companion is known as ""Baab-ul-Ilm"" (The Gate of Knowledge)?",Hazrat Abu Bakr Siddiq (R.A),Hazrat Umar Farooq (R.A),Hazrat Usman Ghani (R.A),Hazrat Ali (R.A),D
222,Which angel is mentioned by name in both the Qur'an and the Bible?,Israfil (Raphael),Izra'il (Azrael),Mika'il (Michael),Jibra'il (Gabriel),D
223,Who is considered the inventor of the pinhole camera and the father of modern optics?,Al-Hasan Ibn al-Haytham,Ibn al-Nafis,Avicenna,None of these,A
224,"The ""Wazir,"" a high-ranking political advisor or minister, was an administrative role adopted by the Abbasids from:",Arabian tribal tradition,Roman (Byzantine) tradition,Persian (Sasanian) tradition,Egyptian tradition,C
225,"The concept of a ""Caliph"" (Khalifa) literally means:",Successor or Deputy,King,Ruler,Commander,A
226,How many days are forbidden for fasting in a year?,Two days,Three days,Five days,None of these,C
227,For how long did Hazrat Muhammad (PBUH) live with Hazrat Abdul Muttalib?,2 years,3 years,4 years,5 years,A
228,Hazrat Abu Bakr Siddiq ke walid ne kab Islam qabool kiya?,Ghazwa Badr ke waqt,Sulh Hudaybiyyah ke waqt,Fath Makkah ke waqt,In mein se koi nahi,C
229,Name the Angel who takes out the souls of life-bearing creatures.,Hazrat Izra'il (AS),Hazrat Jibra'il (AS),Hazrat Israfil (AS),None of them,A
230,What was a notable invention of Omar Khayyam?,Pin-hole camera,The Jalali calendar,Chess,None of these,B
231,To which prophet did Jews call the son of Allah?,Hazrat Haroon (A.S.),Hazrat Essa (A.S.),Hazrat Mossa (A.S.),Hazrat Ozair (A.S.),D
232,Which prayer is offered at the time of a solar eclipse?,Salat al-Istisqa,Salat al-Khasf,Salat al-Kusuf,None of these,C
233,"The Islamic Golden Age saw significant advancements in cartography, with one of the most famous world maps, the ""Tabula Rogeriana,"" created by:",Al-Biruni,Ibn Khordadbeh,Yaqut al-Hamawi,Al-Idrisi,D
234,Who was the Muslim physician who first identified and suggested treatment for chickenpox and measles?,Al-Khwarizmi,Ibn Sina,Al-Razi,None of these,C
235,Who had the longest tenure as a Caliph among the Khulafa-e-Rashidin?,Abu Bakr (RA),Uthman (RA),Umar (RA),Ali (RA),B
236,"Who was the chief of the Thaqif tribe who, after visiting the Muslim camp at Hudaybiyyah, was highly impressed by the companions' respect for the Prophet?",Urwah ibn Mas'ud,Urwah ibn Mas'ud of Khazraj,Urwah ibn Mas'ud of Tosi,Urwah ibn Mas'ud of Utbah,A
237,In which language was the Holy Qur'an first translated?,Arabic,Persian,Latin,None of them,C
238,"The ""Dhimmi"" status in the classical Islamic state referred to:",Protected non-Muslim subjects,Muslim citizens,Slaves,Foreign merchants,A
239,The running between the two hills Safa and Marwah seven times is called ________.,Rami,Wuquf,Sa'i,Tawaf,C
240,Israel is the title of:,Hazrat Younus (AS),Hazrat Yaqoob (AS),Hazrat Ishaq (AS),None of these,B
241,The legal term for the dissolution of a marriage by a judge is:,Khul',Talaq,Faskh,Li'an,C
242,Who are called Umm-ul-Momineen?,The Holy Mothers of the Muslims,The sisters of the Holy Prophet (SAW),The Holy Wives of the Prophet (SAW),None of them,C
243,Hazrat Khwaja Bakhtiar Kaki (RA) was a disciple and khalifa of:,Baba Fareed,Moinuddin Chishti,Bulleh Shah,None of these,B
244,Hazrat Abu Bakr (R.A.) remained caliph from,from 629 to 631 A.D.,from 628 to 630 A.D.,from 632 to 634 A.D.,from 634 to 636 A.D.,C
245,The Islamic concept of an interest-free loan given for the sake of Allah is called:,Musharakah,Mudarabah,Qard al-Hasan,Ijarah,C
246,"One of the Prophet Muhammad's (PBUH) famous swords, which he acquired as booty from the Banu Qaynuqa, was named:",Al-Battar,Al-Mikhdham,Al-Rasub,Dhu al-Fiqar,D
247,How many Ayaat are there in the Qur'an?,6236,6636,6276,6666,D
248,How much of the Holy Qur'an does the longest Surah comprise?,1 by 20,1 by 10,1 by 12,1 by 15,C
249,"The practice of ""I'tikaf"" is most commonly performed during the last ten days of which month?",Muharram,Dhul-Hijjah,Ramadan,Rajab,C
250,"Who was the final commander of the Muslim forces at the Battle of Mu'tah, appointed by the soldiers?",Khalid ibn al-Walid (RA),Abdullah ibn Rawaha (RA),Thabit ibn Arqam (RA),Ja'far ibn Abi Talib (RA),A
251,Masjid al-Qiblatayn is situated in:,Madinah,Makkah,Ta'if,Jabal-e-Noor,A
253,During whose caliphate was the Qur'an compiled into book form?,Hazrat Abu Bakr Siddiq,Hazrat Usman,Hazrat Umar Farooq,None of these,A
254,Name the first person among the infidels of Arabia whose gift was accepted by the Holy Prophet (SAW).,Abu Lahab,Abu Sufyan,Abu Jahl,Umar bin Hasham,B
255,What is the meaning of Aqeeda?,Belief,Pillar,Nikah,Relief,A
256,"What is the serial number of the Kalimah ""Radd-e-Kufr"" among the six Kalimahs?",Sixth,Fourth,Third,Fifth,A
257,Sariyya Saif al-Bahr is the first sariyya of Islam. It is also called:,Sariyya Ali,Sariyya Hamza,Sariyya Umar,Sariyya Anas,B
258,What is the meaning of Al-Baqarah?,Goat,Elephant,The Cow,Spider,C
259,Hazrat Ali (R.A.) was the first person who:,First Commander-in-Chief,Fought with Kuffar,Embraced Islam,None of these,C
260,The Shab-e-Miraj incident took place on,on 27th Rajab,on 17th Rajab,on 17th Ramadan,None of these,A
261,Which of the Prophet's wives was the daughter of the Jewish chief Huyayy ibn Akhtab?,Rayhana bint Zayd (RA),Juwayriyyah bint al-Harith (RA),Safiyyah bint Huyayy (RA),Maria al-Qibtiyya (RA),C
262,How many Muhajireen were there at the time of Mawakhat?,35,40,45,50,C
263,What are the places from which the Hujjaj to Makkah assume the state of Ihram called?,Meeqat,Mina,Arafat,Muzdalifah,A
264,Who ordered the official compilation of Ahadith and their dispatch to the conquered territories?,Hazrat Umar ibn Abd al-Aziz (RA),Hazrat Umar (RA),Hazrat Uthman (RA),None of these,A
265,The duty of Hazrat Mika'il is ______.,In charge of protection and also to bring rains,To blow the trumpet on the Day of Judgment,In charge of taking the life of living creatures,None of these,A
266,"At the time of the Bayt al-Maqdis destruction, all the copies of the Torah were destroyed and scattered. Who reassembled the Torah?",Hazrat Harun (AS),Hazrat Uzair (AS),Hazrat Zakariya (AS),Hazrat Yunus (AS),B
267,Sihah Sitta are:,As-Sirah (Prophetic Biography),A Biography of the Prophet,The Six Authentic Books of Hadith,None of these,C
268,False Prophets were subdued in the period of,Abu Bakr (R.A.),Umar (R.A.),Usman (R.A.),Ali (R.A.),A
269,Who was the sixth caliph of the Umayyad dynasty during the Debal incident?,Yazid bin Muawiya,Umar bin Abdul Aziz,Walid bin Abdul Malik,None of these,C
270,Who recited the first Adhan in the Ka'bah?,Hazrat Zayd ibn Harithah (RA),Hazrat Usamah ibn Zayd (RA),Hazrat Bilal (RA),Hazrat Umar (RA),C
271,Who is the author of Kitab al-Umm and al-Risalah:,Imam Malik RA,Imam Abu Hanifa RA,Imam Shafi RA,Imam Ahmad Bin Hanbal RA,C
272,The Al-Tabari book on Hadiths was written by:,Allama ibn Yusuf,Ibn Jarir Al-Tabari,Imam Abu Hanifa,Imam Ahmad bin Hanbal,B
273,How many major forts were there in Khyber according to most historical accounts?,10,Seven or eight,Five,Twelve,B
274,Hazrat Dawood (A.S.) was a soldier in the army of:,Talut,Jalut,Namrood,Shaddad,A
275,Which expedition did the Prophet (PBUH) lead immediately after the Battle of Uhud to pursue the retreating Quraysh army?,Dumat al-Jandal,Hamra al-Asad,Badr al-Maw'id,Banu Mustaliq,B
276,What was the important event in the 13th year of Nabvi?,Hijrah Habashah,Hijrah Madina,Miraj,Visit to Ta'if,B
277,Which of the following does the Qur'an consider an unpardonable sin?,Lie,Jealousy,Shirk,Hypocrisy,C
278,Who was the student of Hammam bin Munabbih?,Abu Bakr As-Siddiq (RA),Umar (RA),Uthman (RA),Abu Hurairah (RA),D
279,"What is the meaning of the name of Muhammad (PBUH), ""Murtaza""?",The Intercessor,The Chosen One,The Selected,The Hafiz,B
280,Tax imposed on agricultural land is called ____?,Ushr,Khums,Khiraaj,None of these,C
281,Name the first person among the infidels of Arabia whose gift was accepted by the Holy Prophet (PBUH):,Abu Lahab,Abu Sufyan,Abu Jahl,Umar ibn Hisham,B
282,The final funeral prayer for the martyrs of the Battle of Jamal was led by:,Hassan (RA),Hussain (RA),Abu Musa (RA),Ali (RA),D
283,Where did Muslims take refuge near Makkah in the 7th year of Prophethood?,Shi'b-e-Abi Talib,Ghar-e-Thawr,Ghar-e-Hira,Plain of Arafat,A
284,A deceased Muslim male is ideally coffined in how many sheets of cloth?,1,2,3,4,C
285,The largest army that ever marched out of Madinah was in the:,Ghazwa Uhud,Ghazwa Tabuk,Ghazwa PBUHeeq,Ghazwa Ahzab,B
286,What is the literal meaning of Quran?,To repeat,To recite,To memorize,None of these,B
287,"Which companion is known as ""Asadullah"" (The Lion of Allah)?",Khalid ibn al-Walid (RA),Hamza ibn Abd al-Muttalib (RA),Ali ibn Abi Talib (RA),Zubayr ibn al-Awwam (RA),B
288,The ring of Prophet Muhammad was made by,Ya'la bin Umayya,Al-Arqam ibn Abi'l-Arqam,Dihyah al-Kalbi,Fadl ibn Abbas,A
289,In the second Hijrah to Habsha there were:,83 men and 18 women,80 men and 20 women,70 men and 25 women,60 men and 30 women,A
290,For how many years did the reign of rightly guided Caliphs prolong?,30 years,20 years,14 years,None of these,A
291,The Mosque of the Prophet (PBUH) was damaged due to fire in the reign of ______.,Hazrat Amir Mu'awiyah (RA),Walid ibn Abd al-Malik,Al-Mu'tasim Billah,Al-Ma'mun ar-Rashid,C
292,Which prophet is known as Dhul-Nun?,Hazrat Yunus (A.S.),Hazrat Shoaib (A.S.),Hazrat Dhul-Kifl (A.S.),None of these,A
293,The procedure of Wudu (ablution) is present in which Surah?,An-Nisa,Al-Ma'idah,Al-A'raf,Ar-Rahman,B
294,"The ""Qadariyya"" were an early theological school that championed the concept of:",Postponement of judgment,Absolute predestination,Human free will,The created Quran,C
295,Which is the most authentic book on Hadith literature?,Musnad,Sahih al-Bukhari,Sahifah al-Sadiqah,Mishkat Sharif,B
296,Taqiyya is a practice in Shia Islam which allows for:,Performing pilgrimage by proxy,Seeking guidance from an Imam,Dissimulation of one's faith in times of persecution,Postponing a religious duty,C
297,"Ghazwa Badr, between Muslims and Quraish of Makkah, was fought in:",in 1st Hijri,in 2nd Hijri,in 3rd Hijri,None of these,B
298,Ahad traditions are those that are:,Strong,Weak by definition,Narrated by a small number of people,Abrogated,C
299,What does Israel mean?,Liked by God,Friend of God,Servant of God,None of these,C
300,What is the meaning of Muhammad (PBUH)?,The Praised One,The Messenger,The Prophet,The Sun,A
301,A battle in which the Holy Prophet (PBUH) did not participate is known as?,Ghazwa,Sariyya,Al-Fay,None of these,B
302,Which religion traditionally considers Angel Mika'il (Michael) superior to Angel Jibra'il (Gabriel)?,Islam,Judaism,Christianity,None of them,B
303,Who is the Imam of the Maliki Fiqh?,Imam Malik ibn Anas,Imam Malik ibn Khuzaifah,Imam Malik ibn Asadullah,Imam Malik ibn Awf,A
304,Compilation of Ahadith is called:,Tadveen,Jama al Hadith,Maariz,None of these,B
305,Which of the Prophet's wives was the daughter of Abu Sufyan?,Umm Habibah (Ramla bint Abi Sufyan),Aisha bint Abi Bakr,Hafsa bint Umar,Sawda bint Zam'a,A
306,"The ""Al-Hidayah"" by al-Marghinani is a seminal and highly influential text in which school of Fiqh?",Maliki,Shafi'i,Hanbali,Hanafi,D
307,The mother of the Prophet Muhammad (PBUH) was:,Halima Saadia,Aminah bint Wahb,Fatimah bint Asad,Arwa bint Kurayz,B
308,How many days did Hazrat Younus (AS) remain in the abdomen of the fish?,10 days,20 days,30 days,40 days,D
309,Name the first Muslim personality who accepted the challenge to fight in the Battle of Uhud.,Hazrat Abu Dujanah (RA),Hazrat Umar (RA),Hazrat Ali (RA),Hazrat Hamza (RA),C
310,Jannat ul Mualla is the name of a graveyard. In which city is it situated?,Jeddah,Mecca,Madina,Baghdad,B
311,The first census in the Islamic state was carried out during the caliphate of:,Abu Bakr (RA),Umar (RA),Uthman (RA),Ali (RA),B
312,How many Surahs in the Holy Quran begin with Haroof-e-Muqatta'at?,27,28,29,None of these,C
313,The title of Hazrat Eesa (A.S.) was:,Khaleel-ullah,Zabih-ullah,Rooh-ullah,None of these,C
314,In which month of the Islamic calendar did the first revelation of the Qur'an come to the Holy Prophet (SAW)?,Safar,Ramazan,Shawwal,Zil-Hajj,B
315,Sahib al-Sirr is the nickname of:,Hazrat Hudhayfah (R.A.),Hazrat Uqbah (R.A.),Hazrat Sa'd (R.A.),None of these,A
316,Ghazwa Widdan is also known as Ghazwa:,Sawiq,Bawat,Abwa,Kariza,C
317,Which caliph had the shortest tenure?,Hazrat Ali (RA),Hazrat Abu Bakar (RA),Hazrat Usman (RA),None of these,B
318,The Battle of Hunayn was fought against which enemy tribes?,Hawazin and Thaqif,All tribes,Quraysh,None,A
319,"The Battle of Qadisiyyah, a decisive Muslim victory over the Persian Empire, was commanded by:",Khalid ibn al-Walid (RA),Sa'd ibn Abi Waqqas (RA),Amr ibn al-As (RA),Abu Ubaidah ibn al-Jarrah (RA),B
320,Who was the first key holder of the Ka'bah among the Quraish?,Qusayy,Banu Hashim,Abdullah,Abdul Muttalib,A
321,In the first Hijrah to Habsha there were 12 men and:,1 woman,2 women,3 women,4 women,D
322,Who took charge as Caliph while wars were in progress in Iraq and Syria?,Ali (RA),Umar (RA),Abu Bakr (RA),Hasan (RA),B
323,Sahih al-Bukhari is a book of:,Tafsir,Hadith,Fiqh,History,B
324,In which Surah is Bismillah mentioned twice?,Surah At-Tawbah,Surah An-Naml,Surah Al-Baqarah,Surah An-Naba,B
325,Name the Kalimah which is recited during Hajj on the way to Mina.,Tauheed,Shahadat,Tahleel,Istighfar,A
326,Angels are created out of:,Fire,Nur (Light),Both of these,None of them,B
327,"Adi bin Hatim al-Ta'i, the chief of the Tayy tribe, embraced Islam in which Hijri year?",3 AH,6 AH,9 AH,11 AH,C
328,"Which area of the Jews accepted to pay Jizya after the Khyber campaign, solidifying Muslim authority in the region?",Tayma,Ghaziya,Areez,Saweeq,A
329,The Pact of Hudaybiyyah was written by Ali (RA). Who from the Quraysh side signed the treaty?,Abu Jahl,Suhayl ibn Amr,Abu Sufyan,Ikrimah ibn Abi Jahl,B
330,Ijma can operate only where ______.,Qiyas is not possible,Ulama have a difference of opinion,People are of the same opinion,The Qur'an and the Hadith have not clarified a certain aspect of the law,D
331,"The portion of the wall of Kaaba, which is between its door and Hajr-e-Aswad is called:",Al Multazim,Hateem,Haram,Safar,A
332,Which Muslim scientist invented the telescope during the reign of Mamun?,Abul-Hussain,Abul-Hasan,Abdullah,None of these,B
333,"In the Qur'an, which prophet is called a Khalifa?",Hazrat Sulayman (A.S.),Hazrat Dawood (A.S.),Hazrat Younas (A.S.),Hazrat Luqman (A.S.),B
334,How many sons did Hazrat Abdul Muttalib have?,8,9,10,11,C
335,How many pillars of Islam are there?,3,5,7,None of these,B
336,A person who is liable to pay Zakat is known as,Sahib-e-Taufeeq,Sahib-e-Hisaab,Sahib-e-Zakat,Sahib-e-Nisab,D
337,What is the meaning of Sahih?,Authentic,TRUE,Right,Exact,A
338,Until which Hijrah did the work of compiling ahadith continue?,4th,5th,6th,7th,B
339,The Caliph had to exercise his authority according to:,Laws of Society,The Quran and Sunnah,His own will,The will of his subjects,B
340,Tawaf al-Ifadah must be performed between the dawn of the 10th and sunset of the:,12th Dhul-Hijjah,"10th to 13th Dhul-Hijjah (best time, but no strict deadline)",11th Dhul-Hijjah,9th Dhul-Hijjah,B
341,The Maliki school of thought was founded by:,Imam Malik ibn Anas,Imam Ahmad ibn Hanbal,Ali (RA),Uthman (RA),A
342,Which place is designated as the Meeqat for pilgrims already in Makkah for Hajj?,Dhu al-Hulayfah,From their residence in Makkah,Qarn al-Manazil,Al-Juhfah,B
343,This is the first book of Hadith that was compiled by anyone:,Muwatta Imam Malik,Sahih Muslim,Sahih al-Bukhari,None of these,A
344,"Quran Kareem mein chaar gumrah firqon Yahood o Nasara, kuffar o mushrikeen ka zikr hai. In ka ta'alluq kis qabeel se tha?",Ilm-e-Majd,Uloom-e-Mukhasma,Tazkeer-ul-Ayyam,In mein se koi nahi,B
345,"'As a result of Hazrat Zakariya''s (A.S.) prayer, the following prophet was born:",Isa (A.S.),Uzair (A.S.),Musa (A.S.),Yahya (A.S.),D
346,Which Sahabi is called Jami' al-Qur'an?,Hazrat Abdullah ibn Mas'ud (R.A.),Hazrat Abdullah ibn Umar (R.A.),Hazrat Usman (R.A.),Hazrat Abdullah ibn Abi Bakr (R.A.),C
347,When did the Quraysh and Kinana tribes boycott Banu Hashim?,7th year of Prophethood,8th year of Prophethood,9th year of Prophethood,None of these,A
348,"The Safavid dynasty, which established Twelver Shi'ism as the state religion, was centered in modern-day:",Turkey,Iraq,Iran,Azerbaijan,C
349,"The concept of ""Istihsan"" (juristic preference) is a secondary source of law primarily used by which school of Fiqh?",Maliki,Hanafi,Shafi'i,Hanbali,B
350,"What is a Hadith that is less than authentic, although not false or a fabrication, called?",Mustanad,Da'if Hadith,Sahih,Ghair Mustanad,B
351,Hazrat Eesa ko kis ki madad ki gayi?,Jinnaat ki,Roohul Qudus ki,Farishton ki,In mein se koi nahi,B
352,The War of Dahis and al-Ghabra was sparked by a horse race. What was Dahis?,The horse of Hudhayfa ibn Badr,The horse of Qays ibn Zuhayr,The mare of Qays ibn Zuhayr,The mare of Hudhayfa ibn Badr,B
353,"Name the first woman, after Hazrat Khadijah (RA), who embraced Islam.",Umm Ayman,Lubaba bint Harith,Buraydah Aslami,Hazrat Sumayyah,B
354,Khateeb-ul-Anbiya is the title of,Hazrat Ibrahim,Hazrat Yaqoob,Hazrat Shoaib,Hazrat Idrees,C
355,When was the Battle of the Camel (Jamal) fought?,In 36 AH,In 38 AH,In 34 AH,In 40 AH,A
356,"What does ""Hadi"" mean in the context of Hajj?",An accepted Hajj,An animal of sacrifice,Throwing pebbles at pillars,Sa'i between Safa and Marwa,B
357,For how many years did the Caliphate of Hazrat Abu Bakr (R.A.) last?,Two years,Three years,Four years,Five years,A
358,Which ghazwa took place in 2 A.H. in the month of Ramzan?,Badr,Uhud,Mautah,None of these,A
359,How many Holy Books are mentioned by name in the Quran?,1,2,3,4,D
360,The Holy Prophet was a direct descendant of:,Hazrat Isma'il (AS),Hazrat Isa (AS),Hazrat Dawood (AS),Hazrat Saleh (AS),A
361,Who collected Qur'anic verses for the first time in one place?,Hazrat Umar (R.A.),Hazrat Abdullah ibn Abbas (R.A.),Hazrat Abdullah ibn Mas'ud (R.A.),Hazrat Usman (R.A.),D
362,How many days did Hazrat Muhammad (SAW) stay at Ghar-e-Saur?,2 days,3 days,4 days,5 days,B
363,Which Muslim Caliph had all his four sons as caliphs too?,Hazrat Abu Bakr (R.A),Hazrat Umar (R.A),Abdul Malik bin Marwan (R.A.),None of these,C
364,"The ""Great Mosque of Djenné"" is a famous example of Sudano-Sahelian architecture located in which modern-day country?",Nigeria,Senegal,Niger,Mali,D
365,Who was/were the pioneer(s) of the hadith school of Basra?,Imam Zohri,Imam Hasan al-Basri,Both of these,None of these,B
366,How many books are included in Sahih Sitta?,5,6,7,None of these,B
367,The literal meaning of Masjid is,Place of worship,Resting place,Both,None of these,A
368,The Holy Quran was first translated in the subcontinent into which language?,Urdu,Sindhi,Punjabi,Persian,D
369,Bait-ul-Ma'mur is:,"A house in the heavens directly above the Kaaba, frequented by angels",The leader of a house,A full house,The biggest house,A
370,The relationship between Imam Bukhari and Imam Hanbal was:,Teacher - student,Student - teacher,Father - son,None of these,B
371,Heads of Zakat are mentioned in Surah:,Al-Quraysh,Al-e-Imran,Al-Tawbah,Al-Baqarah,C
372,The Ten Commandments were revealed to ________.,Hazrat Musa (AS),Hazrat Isa (AS),Hazrat Nuh (AS),Hazrat Ibrahim (AS),A
373,To whom did Allah teach the names of all small and great things and their actions?,To the humans,Prophet Adam,To the animals,To the jinn,B
374,The Ayyubid Sultanate was succeeded in Egypt by which dynasty?,Fatimid,Ottoman,Mamluk,Seljuk,C
375,Name the first Muslim who was fully satisfied in the matter of Sulh-e-Hudaybiyyah.,Hazrat Abu Bakr (RA),Hazrat Uthman (RA),Hazrat Ali (RA),Hazrat Umar (RA),A
376,"An ""Arba'een"" is a book of Hadith containing:",40 Ahadith,50 Ahadith,30 Ahadith,20 Ahadith,A
377,The Battle of Nahrawan was fought between Ali (RA) and the:,Kharijites,Umayyads,Quraysh,Byzantines,A
378,Sulh Hudaybiyyah ke moqa par konsi bayat li gayi?,Bayat Furqan,Bayat Sulaiman,Bayat Rizwan,In mein se koi nahi,C
379,Hazrat Umar (R.A.) ruled for,"2 years, 3 months","10 years, 6 months, 4 days","4 years, 7 months",None of these,B
380,"The ""Sujud al-Tilawah"" (Prostration of Recitation) is performed after reciting specific verses in how many Surahs of the Quran?",10,12,13,15,D
381,"Under the Islamic law of inheritance, what would be the share of the wife from her husband's property in the presence of children?",Half,One-third,One-eighth,One-fourth,C
382,The journey of Mi'raj (The Night Journey and Ascension) happened in which year?,In 621 AD,In 623 AD,In 624 AD,None of these,A
383,Name the mosque where almost seventy prophets are buried.,Masjid-un-Nabawi,Masjid Al-Khayf,Masjid-ul-Aqsa,None of these,B
384,Ziarat-e-Tawaf is ____.,Farz,Wajib,Nafil,None of these,A
385,On which occasion did Salat become an obligation (Farz)?,Miraj,Migration,Boycott,Visit to Ta'if,A
386,How many surahs start with Bismillah in the Holy Quran?,111,113,114,115,B
387,Name the female slave who was in the inheritance of Muhammad (PBUH).,Umm Ayman,Hazrat Halimah Saadia,Hazrat Thawbah,None of these,A
388,In which year of the Hijri calendar did Hazrat Khalid bin Waleed (RA) embrace Islam?,5th Hijri,6th Hijri,8th Hijri,10th Hijri,C
389,After how many months of the change of Qibla did Roza become Fard (obligatory) in 2,H.? 1 month,2 months,3 months,4 months,A
390,"The commandment of ""Qadhaf punishment"" was given in:",2 AH,4 AH,3 AH,5 AH,D
391,Jizya means ______.,Religious tax,Poll-tax on non-Muslims,Lands cultivated by non-Muslims,Income from the minorities,B
392,What was the age of Umar (RA) at the time of his martyrdom?,61 years,63 years,62 years,65 years,B
393,Masjid-e-_____ was ordered by Allah to destroy.,Kaffroon,Zirar,Mushrikoon,None of these,B
394,Which Holy Book is called the Old Testament?,The Torah,The Zabur,The Injeel,The Qur'an,A
395,Torah was revealed on which Prophet?,Dawood (A.S),Moses (A.S),Isa (A.S),Ibrahim (A.S),B
396,Which of the Prophet's wives was the first to pass away after him?,Hafsa (RA),Aisha (RA),Zaynab bint Jahsh (RA),Sawda (RA),C
397,Who was the first preacher of Islam appointed by Hazrat Muhammad (PBUH) for the people of Madinah?,Hazrat Mus'ab ibn 'Umayr,Hazrat Ja'far Tayyar (RA),Hazrat Abu Ayyub al-Ansari (RA),Hazrat Uthman (RA),A
398,How many surahs have been categorized in the Makki period?,114,86,28,None of these,B
399,Who was Hazrat Haram ibn Milhan (R.A.)?,The first martyr of the Incident of Saweed,The first martyr of the incident of Dhat al-Riqa,The first martyr of the incident of Bi'r Ma'una,The first martyr of the incident of Minor Badr,C
400,Who killed Amr ibn Abd al-Wud in the Battle of the Trench (Khandaq)?,Hazrat Abu Bakr Siddiq (RA),Hazrat Umar bin Khattab (RA),Hazrat Uthman bin Affan (RA),Hazrat Ali bin Abi Talib (RA),D
401,"The theological school of ""Murji'ah"" believed that a believer's sin:",Requires immediate repentance,Nullifies their faith,"Does not affect their faith status, which is left to God's judgment",Is a sign of hypocrisy,C
402,The soap was first made by:,Hazrat Ishaq (AS),Hazrat Salih (AS),Hazrat Lut (AS),Hazrat Yaqub (AS),B
403,"How many months before the birth of Muhammad (PBUH) did his father, Hazrat Abdullah, die?",5 months,6 months,7 months,8 months,B
404,"The first of the ""Ten Promised Paradise"" (Ashara Mubashara) to pass away was:",Uthman (RA),Umar (RA),Abu Bakr (RA),Ali (RA),C
405,"The word ""Khatam-un-Nabiyyin"" is mentioned in which Surah of the Quran?",Surah Yasin,Surah Al-Ahzab,Surah Al-Baqarah,Surah Al-Imran,B
406,"The ""Golden Age of Islam"" is most closely associated with the rule of which dynasty?",Abbasid,Rashidun,Umayyad,Ottoman,A
407,Identify the person whose house became the centre of preaching of Islam at the beginning?,Hazrat Arqam (RA),Hazrat Abu Bakr (RA),Hazrat Talha (RA),Hazrat Usman (RA),A
408,In which year did the attack on the Kaaba by Abraha take place?,In 570 CE,In 571 CE,In 572 CE,In 573 CE,A
409,"The ""Year of the Deputations"" (Am al-Wufud), when various tribes came to Madinah to embrace Islam, was which Hijri year?",In 8 AH,In 9 AH,In 7 AH,In 10 AH,B
410,What is the primary purpose of Sawm (fasting)?,To attain piety (Taqwa),Communication,Sacrifice,None of these,A
411,Which Surah of the Holy Quran is regarded as one-third of the Holy Quran?,Al-Fatiha,Al-Ikhlas,Al-Baqarah,None of these,B
412,"In Islamic theology, ""Sifat al-Dhat"" refers to the attributes of God's:",Names,Actions,Essence,Perfection,C
413,Hazrat Ali was martyred during which prayer?,Fajr,Asr,Maghrib,Isha,A
414,"The city of ""Harran"" in modern-day Turkey was a major center for the study of:",Astronomy and Sabian religion,Medicine and philosophy,Hadith and Fiqh,Poetry and literature,A
415,Hazrat Ali (R.A.) was made the brother of:,The Holy Prophet (PBUH),Hazrat Abu Bakr (R.A.),Hazrat Usman (R.A.),Hazrat Umar (R.A.),A
416,"What is ""Sariyya""?",A famous Arabian Saint,A famous Arabian Poetess,A Treaty,A battle not attended by the Prophet (Peace Be Upon Him),D
417,Who was the first female to embrace Islam?,Khadijah (RA),Fatimah (RA),Aisha (RA),Zaynab (RA),A
418,Ijma Sukuti (silent consensus) is when a companion makes a ruling and:,No other prominent companion objects to it,All other companions explicitly agree,The ruler enforces it,It is recorded in a book,A
419,How many obligatory (Fard) acts are there in Hajj?,3,3 or 4 depending on the school of thought,5,2,B
420,"Which beings perform Tawaf around the ""Bayt-ul-Ma'mur"" in the heavens?",Human beings,Animals,Angels,Jinns,C
421,Al-Qanun fi-l-tibb is the famous book of:,Ibn Sina,Al-Biruni,Ibn al-Haytham,Al-Razi,A
422,The most important step of Hajj after assuming Ihram is ________.,Tawaf,Wuquf,Rami,Jamarat,B
423,Which of the Prophet's daughters was married to Uthman ibn Affan (RA)?,Ruqayyah and later Umm Kulthum (RA),Fatimah (RA),Zaynab (RA),Only Ruqayyah (RA),A
424,Who was the first to collect and compile ahadith at Basra?,Imam Zohri (R.A.),Imam Hasan al-Basri,Imam Nisai (R.A.),None of these,B
425,In which Ghazwa did Abu Bakr (RA) donate all of his wealth?,Mu'tah,Tabuk,Hunayn,Ta'if,B
426,The foundation of Bayt al-Hikmah was laid down during the:,Abbasid Period,Fatimid Period,Umayyad Dynasty,Sub-Continent,A
427,In how many generations of Hazrat Yousaf (A.S.) did prophethood remain?,2,3,4,5,C
428,"When did the Holy Prophet (PBUH) say, ""O God, forgive my people, for they know not what they are doing""?","During the Battle of Uhud, when he was injured",At the start of the Battle of Badr,At the start of the Battle of Khandaq,During the Conquest of Makkah,A
429,"Which Surah of the Quran is called ""the best of stories"" (Ahsan al-Qasas)?",Surah Yusuf,Surah Al-Baqarah,Surah Ar-Rahman,Surah Al-Imran,A
430,What was the total area of the Islamic empire during the caliphate of Hazrat Umar (RA)?,Ten and a half lakh square miles,Fifteen and a half lakh square miles,Twenty-two and a half lakh square miles,Twenty-nine and a half lakh square miles,C
431,The Prophet Muhammad (PBUH) belonged to which clan of the Quraysh tribe?,Banu Umayyah,Banu Hashim,Banu Makhzum,Banu Adi,B
432,"The ""Bahmani Sultanate"" and the ""Vijayanagara Empire"" were two rival powers in which region?",The Iberian Peninsula,Anatolia,The Deccan plateau of India,The Balkans,C
433,"At the conquest of Makkah, the Holy Prophet (PBUH) recited which Surah?",The first 5 verses of Surah Baqarah,Surah Yaseen,Surah Ikhlas,Surah Al-Fath,D
434,Who was the grandfather of Ali (RA)?,Abu al-'As,Nufayl ibn Abd al-Uzza,Amir ibn Amr,Abd al-Muttalib,D
435,"The ""Jizya"" was a tax collected from:",Muslim traders,Non-Muslim citizens (Dhimmis) for their protection,Farmers on agricultural produce,All citizens of the state,B
436,Where does a Haji go after performing Sa'i?,Safa,Mina,Arafat,Muzdalifah,B
437,The last ruler of the Umayyad Caliphate (Damascus) was?,Abd al-Malik,Al-Hakam II,Marwan II,None of these,C
438,Who was the first person to issue a regular order to formally collect and write down Ahadith?,Umar ibn al-Khattab (RA),Uthman ibn Affan (RA),Ali ibn Abi Talib (RA),Umar ibn Abd al-Aziz,D
439,The Pact of Madinah was signed between:,Aws and Khazraj,Jews and Muslims,Christians and Muslims,None of these,B
440,What is the Islamic term for a person who has memorized the entire Quran?,Hafiz,Qari,Alim,Mufassir,A
441,Sahihain refers to which two collections of Hadith?,Muwatta and Musnad Ahmad,The Meadows of Gold and The History of Prophets,Sahih al-Bukhari and Sahih Muslim,None of these,C
442,Hazrat Sultan Bahu was alive during the era of:,Shah Jahan,Aurangzeb,Both A & B,None of these,C
443,The committee constructed by Umar (RA) to elect his successor was composed of how many members?,5 members,6 members,7 members,10 members,B
444,Which Prophet's nation committed embezzlement in trusts?,Harun (A.S),Musa (A.S),Shoaib (A.S),Lut (A.S),C
445,"The ""Sujud Sahw"" is a prostration performed to compensate for:",Forgetting a step in the prayer,Reciting a verse of prostration,Missing the prayer entirely,Finishing the prayer early,A
446,Tafheem-ul-Quran is the work of whom?,Ibn Jarir Tabari,Maulana Abul A'la Maududi,Israr Ahmed,None of these,B
447,"""There is no God but Allah, Hazrat Muhammad (SAW) is the Messenger of Allah."" This is the translation of ________.",Kalima-e-Shahadat,Kalima-e-Tayyaba,Iman-e-Mufassal,Iman-e-Mujammal,B
448,Iblees _____ mein se tha?,Jinnon,Parindon,Insanon,In mein se koi nahi,A
449,"A ""Musannaf"" is a type of Hadith collection that is arranged according to:",The reliability of the chain,The name of the first narrator (Sahabi),Juristic topics (Fiqh),Chronological order,C
450,What is the total number of Ghazwat?,17,25,27,29,C
451,What is the meaning of Al-Fatihah?,The Opening,To Conquer,The Expressive,Preface,A
452,The first Ghazwa of Islam is:,Badr,Uhud,Abwa,Khandaq,C
453,What was the name of the slave of Hazrat Khadijah who travelled to Syria with the Holy Prophet (PBUH)?,Abu Quhafah,Maysarah,Zayd,Bilal,B
454,"The tribe of the poet Abu Afak, who was executed for his persistent incitement against the Prophet, was:",Banu Sa'd,Banu Amr ibn Awf,Banu Aws,None of these,A
455,What was the total number of idols that were fixed around the Ka'bah at the time of the Conquest of Makkah?,260,360,460,560,B
456,"What is the meaning of ""Tazkiyah""?",Revelation,Purification of the self,Interpretation,Memorization,B
457,How many Ayats are about Ushr?,3,4,5,2,B
458,"What is the meaning of ""Al-Itikaf""?",Ablution,Prostration,Seclusion,Running,C
459,The companion Zayd ibn Harithah (RA) is the only companion mentioned by name in the:,Gospel,Torah,Quran,Sahih al-Bukhari,C
460,"Who delivered the letter of the Prophet Muhammad (PBUH) to Heraclius, the Emperor of Rome?",Hazrat Abdur Rahman bin Auf,Hazrat Saeed,Hazrat Dihyah Kalbi,None of these,C
461,"Which Prophet of Allah is dignified with the special title ""Khalilullah""?",Hazrat Adam (AS),Hazrat Nuh (AS),Hazrat Ibrahim (AS),Hazrat Isa (AS),C
462,Who was appointed as the guide for the Hijrah to Madinah?,Hazrat Sa'd ibn Ubadah (R.A.),Hazrat Utbah ibn Usayd (R.A.),Hazrat Abdullah ibn Urayqit (R.A.),None of these,C
463,The total number of Ghazwas are:,25,27,29,31,B
464,Who was the first to offer two rak'at prayers before death?,Hazrat Hamza (RA),Hazrat Khubayb (RA),Hazrat Umar (RA),Hazrat Talha (RA),B
465,How many verses are there in Surah Ikhlas?,1,3,4,None of these,C
466,How many primary prohibitions and restrictions of Ihram are there?,5,8,13,10,B
467,Hazrat Isa ka pesha kya tha?,Charwaha,Bardhai,Lohar,Not known,D
468,"Out of the copies of the Qur'an compiled by Uthman (RA), how many are present today?",Zero,Two,Three,Four,B
469,"Who led the expedition against the Banu Asad tribe, which helped restore Muslim prestige after the Battle of Uhud, but later died from his reopened wounds?",Sa'd ibn Abi Waqqas (RA),Abu Ubaidah (RA),Abu Salama (RA),Khalid ibn al-Walid (RA),C
470,Who was the first female martyr (Shaheedah) of Islam?,Sumayyah bint Khabbat (RA),Nafeesa (RA),Umm Ayman (RA),None of these,A
471,When did the event of the 'social boycott' of Banu Hashim take place?,8th year of Prophethood,5th year of Prophethood,6th year of Prophethood,7th year of Prophethood,D
472,Which false Prophet was called the liar by the Holy Prophet (PBUH)?,Musallma,Sajjah,Aswad Ansi,None of these,A
473,When was the first battle fought by Muslims?,Before Hijrat (Migration to Medina),1 A.H.,2 A.H.,3 A.H.,C
474,Who introduced the jail system for the detention of prisoners?,Hazrat Umar (RA),Hazrat Abu Bakr (RA),Hazrat Ali (RA),Hazrat Khalid ibn al-Walid (RA),A
475,Which method is used to prove the correctness of the sanad of a hadith?,Riwayat,Asma-ur-Rijal,Dirayat,Musnad,B
476,Who established Bayt al-Mal in Islamic history?,Hazrat Ali (R.A),Hazrat Umar (R.A),Hazrat Usman (R.A),None of the above,B
477,When was the Qibla changed?,1 Hijri,2 Hijri,3 Hijri,None of these,B
478,"The ""Jabariyyah"" were an early theological school that believed in:",The postponement of judgment,Complete human free will,Absolute predestination and lack of free will,A middle path,C
479,The Battle of Siffin was fought between the armies of Ali (RA) and:,Aisha (RA),Muawiya ibn Abi Sufyan (RA),The Kharijites,Yazid ibn Muawiya,B
480,"According to the teachings of the Quran, how many witnesses are required for the financial affairs of a transaction?",Two men,Eight men,Two men or one man and two women,None of these,C
481,Who admired Muslim efforts to save Ahadith?,Haiti,J. Springer,W. Montgomery Watt,None of these,B
482,Name the first Muslims who faced the first-ever ordinance of Qadhf.,Hassan ibn Thabit,Mistah ibn Athatha,Hamnah bint Jahsh,All of them,D
483,"How many Surahs of the Holy Quran start with the ""Huruf al-Muqatta'at"" (the disjointed letters)?",27,29,28,30,B
484,Which act of worship is an annual congregation?,Sawm,Hajj,Jihad,Salat,B
485,How many martyrs were there in the Battle of Badr?,22,15,14,18,C
486,For how many years did Aisha (RA) live after the death of the Prophet (PBUH)?,Forty-seven,Exactly 40 years,Approximately 44 to 50 years,Thirty-five years,C
487,"What is the first compiled book of Hadith, arranged by juristic topics?",Muwatta of Imam Malik,Sahih Muslim,Sahih al-Bukhari,None of these,A
488,Which false prophet was called the 'liar' by the Holy Prophet (PBUH)?,Musaylimah,Sajah,Aswad al-Ansi,None of these,A
489,After which battle did the Prophet Muhammad (PBUH) stay in a house named Al-Asad for three days?,Battle of Tabuk,Battle of Mu'tah,Battle of Uhud,None of these,C
490,What was the total number of idols fixed around the Kaaba?,300,360,400,460,B
491,"The ""Safavid"" dynasty of Persia established which branch of Islam as its state religion?",Zaydi Shi'ism,Isma'ili Shi'ism,Twelver Shi'ism,Sunni Islam,C
492,"Who is the author of the famous Islamic jurisprudence book ""Al-Muwatta""?",Imam Abu Hanifa,Imam Malik ibn Anas,Imam Shafi'i,Imam Ahmad ibn Hanbal,B
493,When did Imam Ghazali die?,500 Hijri,503 Hijri,505 Hijri,None of these,C
494,"The ""Marinid"" and ""Saadian"" were two successive dynasties that ruled over modern-day:",Tunisia,Egypt,Morocco,Libya,C
495,Hercules was the king of:,Iran,Egypt,Syria,Rome,D
496,What was the age of Prophet Nuh (AS)?,900 years,925 years,950 years,975 years,C
497,What is the other name of Surah al-Tawbah?,Bara'at,Alaq,Teen,None of these,A
498,Whom did Hazrat Abu Bakr (R.A.) commission for the compilation of the Holy Qur'an?,Hazrat Umar (R.A.),Hazrat Usman (R.A.),Hazrat Bilal (R.A.),Hazrat Zayd ibn Thabit (R.A.),D
499,What is the year of the birth of Muhammad (PBUH) called?,Aam-al-Hazoor,Aam-al-Feel,Aam-al-Ka'aba,Aam-al-Makkah,B
500,"Who attacked the outskirts of Madinah, killed a shepherd, and carried off his wife in the raid of Dhu Qarad?",Moosa ibn Ashari,Uyaynah ibn Hisn al-Fazari,Abu Sufyan,Khalid ibn al-Walid,B
501,"The ""Muslim Brotherhood"" (Al-Ikhwan Al-Muslimun) was founded in Egypt in 1928 by:",Sayyid Qutb,Rashid Rida,Jamal al-Din al-Afghani,Hassan al-Banna,D
502,Hazrat Ibrahim AS was born in:,Iran,Iraq,Syria,Jordan,B
503,Hujjatt-ullahil-Baligha was written by:,Sir Syed Ahmad Khan,Shah Waliullah,Syed Ahmad,None of these,B
504,How many Surahs does the Holy Quran contain?,124,109,114,220,C
505,Who wounded the Holy Prophet's (PBUH) face with a stone and sword during the Battle of Uhud?,Abdullah ibn Jasar,Utbah ibn Abi Waqqas and Abdullah ibn Qami'ah,Hamza ibn Abdul-Muttalib,Khalid ibn al-Walid,B
506,"In which Hijri year were the battles of Bawat, Safwan, and Badr fought?",5 AH,3 AH,2 AH,4 AH,C
507,The two-rak'at prayer that is offered at the time of a lunar eclipse is called:,Salat al-Khusuf,Salat al-Kusuf,Salat al-Chasht,None of these,A
508,The Shab-e-Miraj incident takes place on?,27 Rajab,17 Rajab,17 Ramazan,None of these,A
509,Shaikh Abdul Qadir Jilani is buried in,Bait-ul-Muqaddas,Tehran,Qom,Baghdad,D
510,Amin al-Ummah (The Trustee of this Nation) is the title of which companion?,Abu Ubaidah ibn al-Jarrah (RA),Abu Bakr al-Siddiq (RA),Ali al-Murtaza (RA),Sa'd ibn Abi Waqqas (RA),A
511,"What is meant by ""al-Manfush""?",Was pounded,Multicolored,Screamed out,Flew off,A
512,Name the Prophet whose name is mentioned and discussed most in the Qur'an:,Isa (A.S.),Musa (A.S.),Ya'qub (A.S.),Sulayman (A.S.),B
513,The first Mujaddid (reviver) of Islam is considered to be Umar ibn Abd al-Aziz. Who is widely regarded as the second?,Ibn Taymiyyah,Imam Ghazali,Ahmad Sirhindi,Shah Waliullah,C
514,He knew the interpretation of dreams:,Hazrat Isa (AS),Hazrat Yusuf (AS),Hazrat Musa (AS),Hazrat Yunus (AS),B
515,Approximately how many miles from Madinah is Khyber located?,150 miles,100 miles,250 miles,200 miles,D
516,How many Makki Surahs are in the Holy Quran?,28,86,34,None of these,B
517,Who was the first major scholar to formulate a systemic opposition to Akbar's Din-i Ilahi?,Shah Waliullah,Khawaja Baqi Billah,Shaykh Ahmad Sirhindi,None of these,C
518,"The Islamic month of ""Safar"" was so named because:",It was a month of travel,It was a sacred month,It was a month of harvest,"Arab homes were ""empty"" (sifr) as people traveled",D
519,What is the meaning of Shawt in Islam?,One circuit around the Kaaba,Two tawaf of Kaaba,Three tawaf of Kaaba,Four tawaf of Kaaba,A
520,How many times is the word 'Allah' repeated in the Qur'an?,1298,1698,3098,2698,D
521,Makkah is also called by which name in the Quran?,"Bakkah, Umm al-Qura",All names,None,Medina,A
522,"The legal concept of ""Shura"" emphasizes the importance of:",Consultation in governance,Obedience to the ruler,Hereditary succession,Military strength,A
523,The real name of Imam Bukhari is:,Muhammad ibn Ismail,Muhammad ibn Ishaq,Nu'man ibn Thabit,None of these,A
524,The important part of Hajj is:,Sa'i,Wuquf-e-Arafat,Tawaf,None of these,B
525,The Hijri Calendar was started by:,Hazrat Abu Bakar (RA),Hazrat Umar (RA),Hazrat Usman (RA),None of these,B
526,"The ""Fihrist"" of Ibn al-Nadim is a famous bibliography or catalogue of:",Legal rulings,Hadith narrators,Books and authors known in 10th-century Baghdad,Quranic manuscripts,C
527,Which Surah of the Holy Quran is also called 'Ummul Kitab?,Surah Al Fatiha,Surah Al Baqarah,Surah Al Ikhlas,Surah Al Falaq,A
528,What was the relation between Hazrat Umar (RA) and Prophet Muhammad (PBUH)?,Neighbor,Friend,Father-in-law,None of these,C
529,How many Fard are in Ghusl?,3,4,5,6,A
530,"In Islamic finance, ""Gharar"" refers to:",Excessive uncertainty or ambiguity in a contract,Interest or Riba,Gambling or Maysir,Hoarding,A
531,Where is the Kaaba located?,Madinah,Makkah,Hijaz,Iraq,B
532,What are the two most important types or kinds of Ayaat (verses) found in the Qur'an?,Muhkamat and Mutashabihat,Fard and Sunnah,Muhkamat and Mutashabihat,Muhkamat and Mutabilah,A
533,On which Prophet(s) was/were scrolls (Sahifahs) revealed?,Hazrat Adam (AS),Hazrat Sheeth (AS),Hazrat Ibrahim (AS),All of them,D
534,Which Surah is also known as Fatihat-ul-Qur'an?,Al-Falaq,Yasin,Al-Alaq,Al-Fatihah,D
535,"The ""Mihna"" or inquisition, which enforced the Mu'tazili doctrine of a created Quran, was initiated by which Abbasid Caliph?",Al-Mansur,Harun al-Rashid,Al-Ma'mun,Al-Mu'tasim,C
536,What is the Nisab for Goats?,40,30,20,10,A
537,Surah ___________ is known as Heart of Quran:,Rehman,Yasin,Al Imran,Al Baqarah,B
538,The word Muhammad (SAW) as a name has been mentioned in the Holy Quran only:,Two times,Four times,Six times,Seven times,B
539,In which year did the Holy Prophet (Peace Be Upon Him) perform his last Hajj?,6 AH,7 AH,10 AH,11 AH,C
540,Which pillar of Islam washes away sins like water?,Namaz,Hajj,Zakat,None of these,B
541,"After Quran and Hadith, the third source of Islamic jurisprudence is:",Ijma,Namaz,Zakat,Haj,A
542,"What is the rank of the month ""Rajab"" in the Islamic Calendar?",First,Seventh,Fifth,Eleventh,B
543,On whose advice did Abu Bakr (R.A.) decide to compile the Qur'an?,Hazrat Abdullah ibn Mas'ud (R.A.),Hazrat Fatimah (R.A.),Hazrat Umar Farooq (R.A.),Hazrat Ali (R.A.),C
544,Who represented the Quraysh in the Treaty of Hudaybiyyah?,Abu Sufyan,Khalid bin Waleed,Suhail bin Amr (RA),Harith bin Hisham (RA),C
545,"The legal maxim ""Al-Yaqeen la Yazul bi al-Shakk"" establishes that:",Custom is the basis of judgment,Harm must be removed,Certainty is not overcome by doubt,Difficulty brings ease,C
546,To whom did the Holy Prophet (PBUH) give the title of Sayyidat-un-Nisa-il-Alameen?,Hazrat Aishah (R.A.),Hazrat Fatima (R.A.),Hazrat Sawda (R.A.),Hazrat Hafsa (R.A.),B
547,The following prophet was the maternal grandfather of Hazrat Ayyub (AS):,Hazrat Harun (AS),Hazrat Lut (AS),Hazrat Musa (AS),None of these,B
548,For how many days did the Prophet (PBUH) stay at Tabuk?,30,20,10,40,B
549,"At a solar eclipse, which prayer is prayed?",Salat al-Kusuf,Salat al-Khusuf,Salat al-Awwabin,None of the above,A
550,Which companion's opinion led to the compilation of the Quran in one volume?,Ali ibn Abi Talib (RA),Umar ibn al-Khattab (RA),Abu Bakr al-Siddiq (RA),Uthman ibn Affan (RA),B
551,Dhu al-Shahadatayn (The Possessor of Two Testimonies) was the title of Hazrat:,Khuzaymah ibn Thabit (RA),Hudhayfah ibn al-Yaman (RA),Ammar ibn Yasir (RA),Ahmad ibn Hanbal (RA),A
552,What is Wuquf-e-Arafat?,The stay in the plain of Arafat,Offering of prayers,The stay at Mina,The stay at Haram,A
553,What was written on the Holy Prophet's (SAW) seal?,Muhammad Allah Rasool,Muhammad Rasoolullah,Allah Muhammad Rasool,Allah Rasool Muhammad,D
554,Which Jewish tribe was expelled to Khyber after leaving Madinah?,Banu Mustaliq,Banu Aws,Banu Nadir,Banu Khazraj,C
555,Which of the following Umm-ul-Momineen has Jewish descent?,Safiyyah bint Huyayy (R.A.),Sawdah (R.A.),Juwayriyyah (R.A.),None of these,A
556,The Holy Prophet (PBUH) died on ______.,"on June 8, 632 AD","on July 15, 630 AD","on August 20, 632 AD","on May 25, 631 AD",A
557,Ilm al-Kalam is the scholastic discipline of:,Islamic speculative theology,Arabic grammar,Logic,Mysticism,A
558,The Abbasid Caliphate made which city its capital?,Damascus,Baghdad,Cairo,Kufa,B
559,What was the name of Hazrat Ali's mother?,Hintamah bint Hisham,Fatimah bint Asad,Umm Salamah,None of these,B
560,In which battle was Zayd ibn Arqam (RA) martyred?,Mu'tah,Not martyred in a battle,Uhud,Badr,B
561,How many Makruhat in Wudu are there?,Five,Four,Two,Seven,B
562,Who was the wife of Hazrat Usman ibn Affan (RA) who migrated twice?,Hazrat Umm Habiba (RA),Hazrat Asma bint Umais (RA),Hazrat Ummul Banin (RA),Hazrat Ruqayyah (RA),D
563,"According to some historical accounts, how many believers performed Hajj with the Prophet (PBUH)?",114000,"Approximately 100,000 (approximate, varies by account)",50000,124000,B
564,On whose advice did Abu Bakr (RA) decide to compile the Qur'an?,Hazrat Abdullah ibn Masood (RA),Hazrat Fatimah (RA),Hazrat Umar Farooq (RA),Hazrat Ali (RA),C
565,"What is the personal name of Allah, the Exalted?",Allah,Ar-Raheem,Ar-Rahman,None of these,A
566,"The raid led by Abu Sufyan where his men dropped sacks of flour (""sawiq"") to hasten their escape is known as:",Ghazwa Qaynuqa,Ghazwa Badr al-Sughra,Ghazwa al-Sawiq,None of these,C
567,"What is meant by the name of Allah, ""Al-Muqit""?",The Maintainer,The Preserver,The First,The Truth,A
568,"The ""Battle of the Masts"" (Dhat al-Sawari) was a significant naval victory for the Rashidun Caliphate against the:",Visigoths,Sasanian Empire,Byzantine Empire,Vandals,C
569,Total Surahs in the Holy Quran are,115,113,112,None of these,D
570,Jamarat al-Sughra (the small pillar) is performed near the:,Masjid al-Haram,Mosque of Mina (Masjid al-Khayf),Mosque of Namirah in Arafat,Mosque of Madinah,B
571,The Holy Prophet (PBUH) was poisoned by a Jewish hostess at the time of the:,Ghazwa Uhud,Conquest of Khaybar,Ghazwa Badr,Ghazwa Hunayn,B
572,Which Prophet's nation was destroyed by the rain of stones?,Hazrat Salih (AS),Hazrat Lut (AS),Hazrat Hud (AS),Hazrat Yusuf (AS),B
573,The Islamic legal term for a testament or will is:,Hibah,Waqf,Wasiyyah,Fara'id,C
574,The Battle of Marj Rahit was a decisive intra-Umayyad conflict that consolidated the rule of which caliphal branch?,Marwanid,Sufyanid,Hashimite,Abbasid,A
575,The meaning of Jihad fi Sabilillah is ______.,Fighting for the country,Fighting in the way of Allah,Fighting for honour,Fighting with the enemy,B
576,"In which year after Hijrah was the commandment to change the Qiblah revealed, directing Muslims to pray towards the Kaaba in Mecca instead of Jerusalem?",1 Hijri,2 Hijri,3 Hijri,4 Hijri,B
577,There is no compulsion in religion is contained in which of the following Surahs?,Al-Yaseen,Al-Noor,Al-Baqarah,Al-Maidah,C
578,Who was the murderer of Ali (RA)?,Sodan ibn Maj'un,Ghafqi,Abu Lu'lu'a Firuz,Abd al-Rahman ibn Muljam,D
579,Which of the following Caliphs launched the postal department?,Hazrat Abu Bakr (R.A),Hazrat Umar (R.A),Hazrat Usman (R.A),Hazrat Ali (R.A),B
580,"In Islamic finance, ""Mudarabah"" is a form of:",Partnership where one partner provides capital and the other provides labor,Leasing,Interest-free loan,Group purchasing,A
581,"In the recitation of the Holy Quran, on how many occasions is Sajdah (Prostration) obligatory for a Muslim?",9,12,14,None of these,C
582,"What is the meaning of the name of Muhammad (PBUH), ""Siraj""?",The Friend,The Awakener,The Leader,The Sun,D
583,"What is meant by Allah's attribute, ""Al-Bari""?",True Generous,The Glorious,The Aware,The Maker,D
584,Pilgrims spend three days in Mina stoning three pillars called:,Rami,Jamarat,Sa'i,Devils,B
585,Abu Jahl was killed in which Ghazwa:,Badr,Uhud,Khandaq,None of the above,A
586,"Which companion was known as the ""Poet of the Messenger""?",Hassan ibn Thabit (RA),Ka'b ibn Malik (RA),Abdullah ibn Rawaha (RA),Al-Khansa,A
587,What was the age of Prophet Muhammad (PBUH) when the Qur'an was first revealed to him through Hazrat Jibraeel (Alaihis-salaam)?,30 years,40 years,42 years,41 years,B
588,The Islamic legal term for a revocable divorce initiated by the husband is:,Khul',Talaq al-Ba'in,Talaq al-Raj'i,Faskh,C
589,In which year was the Battle of Badr fought on the 17th of Ramadan?,In 2 AH,In 3 AH,In 4 AH,In 5 AH,A
590,The compiler of Al-Kafi is Abu Ja'far Ya'qub al-Kulayni. When did he die?,339 A.H.,340 A.H.,341 A.H.,329 A.H.,D
591,Who was the first host of the Holy Prophet (PBUH) at Madinah?,Hazrat Abu Ayyub al-Ansari (RA),Hazrat Kulthum ibn Hadm (RA),Hazrat Abdullah ibn Amr (RA),Hazrat Sa'd ibn Khaythama,A
592,Which city was the capital of the Safavid Empire and is renowned for its Islamic architecture?,Tabriz,Shiraz,Isfahan,Tehran,C
593,Which Ansari was martyred by Abu Sufyan during the raid of Al-Urayd?,Abu Khuzaifah (RA),Abu Sa'd (RA),Sa'd ibn Umar (RA),Ma'bad ibn Amr,A
594,"The ""Great Mosque of Kairouan,"" one of the oldest mosques in Africa, is located in modern-day:",Egypt,Morocco,Tunisia,Algeria,C
595,How many Hajj did the Prophet (PBUH) perform?,1,2,3,4,A
596,How many sajdas are there in Holy Quran?,14,15,16,17,A
597,Which book was written by Imam Ghazali?,Al Fawz ul Kabeer,Ahya al Uloom,Hujjatullahil Baligha,None of these,B
598,The first Mu'adhin of Islam?,Hazrat Bilal (R.A.),Hazrat Umar (R.A.),Hazrat Usman (R.A.),Hazrat Abu Bakr (R.A.),A
599,Umm-ul-Momineen Hazrat Umm Habibah was the daughter of whom?,Hazrat Abu Sufyan,Hazrat Umar Farooq,Hazrat Abu Bakr Siddiq,None of these,A
600,Name the tribe of Hazrat Haleema:,Hawazin,Tamim,Addi,None of these,A
601,Identify the last Ghazwa in which the Holy Prophet (PBUH) participated?,Ghazwa Hunain,Ghazwa Ahzab,Ghazwa Tabuk,Ghazwa Mutah,C
602,The duty of Angel Izra'il is ______.,To blow the trumpet on the Day of Judgment,Taking the life of living creatures,Both of them,None of them,B
603,'What caused Hazrat Usman''s (R.A.) death?,He died in a battlefield,He was martyred by rebels,He died a natural death,None of these,B
604,Which battle led to the birth of the Khawarij?,Battle of Nahrawan,Battle Kharijites,Battle of Siffin,None of these,C
605,Where is the shrine of Ali (RA) situated?,Najad,Tehran,Najaf,Kufa,C
606,Baba Fariduddin Ganjshakar belonged to which Sufi order?,Qadiriyya,Chishtiyya,Naqshbandiyya,Suhrawardiyya,B
607,MAUWAZATAIN means:,A collection of Ahadith,Two specific Surahs of the Qur'an,A book of Ja'fari Fiqh,A book of Hanafi Fiqh,B
608,Imam Malik died in:,179 AH,180 AH,189 AH,None of these,A
609,Obedience to an Ameer is not obligatory if he disobeys whom?,The Creator,Sahabah,Auliya (Saints),Parents,A
610,"The ""Battle of Karbala"" in 680 AD was fought between the forces of Yazid I and the small army of:",Mukhtar al-Thaqafi,Abdullah ibn al-Zubayr (RA),Husayn ibn Ali (RA),The Kharijites,C
611,"Which cousin of the Holy Prophet Muhammad (PBUH) was ""Mufassir-e-Quran""?",Hazrat Hamza bin Abdul Muttalib (R.A),Hazrat Abdullah bin Abbas (R.A),Hazrat Abdullah bin Mas'ood (R.A),Hazrat Ali Murtaza bin Abi Talib (R.A),B
612,"The ""House of Gold"" (Dar al-Dhahab) was the famous palace of the Abbasid caliph:",Al-Walid in Damascus,Harun al-Rashid,Al-Mansur in Baghdad,Al-Mu'izz in Cairo,C
613,Which Surah was revealed twice: once in Makkah and a second time in Madinah?,Alaq,Asr,Fatihah,Ghashiya,C
614,When was gambling banned?,1 A.H.,2 A.H.,3 A.H.,4 A.H.,B
615,Takhrij in Hadith studies is the process of:,Finding the original sources of a hadith,Fabricating a hadith,Explaining a difficult hadith,Memorizing a hadith,A
616,Khaleel-Ullah is the title of,Hazrat Musa (A.S.),Hazrat Nuh (A.S.),Hazrat Ibrahim (A.S.),None of these,C
617,"In the Battle of Khyber, the Jewish warrior Marhab was killed by:",Ali (RA),Abdullah al-Ansari,Muhammad ibn Maslamah (RA),Ja'far ibn Abi Talib (RA),A
618,What is the meaning of Khums?,One-sixth,One-fifth,One-fourth,One-seventh,B
619,Hazrat Muhammad (SAW) gave the key of the Baitullah permanently to Hazrat:,Umara ibn Utba,Hanzalah ibn Abi Aamir,Usman ibn Talha (R.A.),Abdullah ibn Aamir,C
620,"The ""Buyid"" dynasty was a Shia dynasty of Persian origin that captured Baghdad and controlled the Abbasid Caliphs as:",Puppet masters,Viziers,Sultans,Amirs,C
621,"Tawaf al-Sadr, the farewell circumambulation, is performed:",Upon arrival,After Tawaf al-Ifadah,At the time of departure from Makkah,After entering the Haram,C
622,When did Zakat become Farz?,in the 4th Hijri,in the 2nd Hijri,in the 5th Hijri,in the 1st Hijri,B
623,Name the father of Uthman (RA).,Abu Talib,Affan,Abu Quhafah,Khattab,B
624,Which son-in-law of the Holy Prophet (PBUH) was taken prisoner in the Battle of Badr?,Abu al-Aas,Abbas,Aqeel,None of them,A
625,"At a Lunar Eclipse, which prayer is prayed?",Salat al-Kusuf,Salat al-Khusuf,Salat al-Duha,None of the above,B
626,Queen Khayzuran was the wife of:,Kausar,Al-Mahdi,Al-Ateeb,None of these,B
627,Name the Sahabi who first recited the Qur'an with a loud voice in Makkah.,Hazrat Abdullah ibn Mas'ud (R.A.),Hazrat Abdullah ibn Umar (R.A.),Hazrat Abdullah ibn Abbas (R.A.),Hazrat Abdullah ibn Abi Bakr (R.A.),A
628,The portion of the Kaaba's wall between its door and the Hajr-e-Aswad is called:,Al-Multazam,Hatim,Haram,Safa,A
629,"The ""Aghlabid"" dynasty, which conquered Sicily, ruled from its capital in Kairouan in modern-day:",Libya,Algeria,Tunisia,Egypt,C
630,The city constructed on the bank of the river Tigris is:,Basra,Baghdad,Najaf,Tehran,B
631,Which prominent companions embraced Islam together on their way to Madinah after the Treaty of Hudaybiyyah?,Khalid ibn al-Walid & Amr ibn al-As,Uthman ibn Talha & Khalid ibn al-Walid,Both of these,None of these,C
632,Tarjuman-ul-Quran is the title of:,Abdullah bin Abbas (R.A),Abdullah bin Umar (R.A),Abbas bin Mutallib (R.A),None of the above,A
633,Bakkah is an ancient name for which city?,Makkah,Madinah,Jerusalem,None of these,A
634,"The ""Mawali"" in the Umayyad period were:",Syrian soldiers,Arab nobles,Non-Arab converts to Islam,Christian administrators,C
635,Imam Dar al-Hijrah (The Imam of the Land of Migration) is the title of:,Imam Ahmad ibn Hanbal,Imam Malik,Imam Shafi'i,None of these,B
636,Which Surah of the Holy Qur'an is called Aroos al-Qur'an (Bride of the Holy Qur'an)?,Fatihah,Al-Alaq,Al-Rahman,Saba,C
637,Every prayer is preceded by an Adhan with the exception of ________.,Eid-ul-Fitr,Eid-ul-Adha,Funeral prayer,All of them,D
638,"The legal term for a marriage that is irregular but not void (e.g., marrying without witnesses in the Hanafi school) is:",Batil,Sahih,Makruh,Fasid,D
639,Which surah is called the preface of the Holy Quran?,Surah Fateha,Surah Rehman,Surah Yaseen,None of these,A
640,Wealth obtained from a mine is liable to:,Zakat,Khums,Sulus,Rubah,B
641,Which battle is called Youm-ul-Furqan?,Battle of Uhud,Battle of Badr,Battle of Trench,None of these,B
642,"In the Battle of the Ditch, who was given the flag of the Quraysh army, the same flag his father had carried at Uhud?",Khuzaifah ibn Talha,Umar ibn Talha,Asad ibn Zuharah,Uthman ibn Talha,D
643,How many masarif of Zakat are mentioned in the Holy Quran?,7,8,9,10,B
644,Dhu al-Shahadatayn is the title of Hazrat:,Khuzaimah ibn Thabit (R.A.),Hudhayfah ibn Yaman (R.A.),Ammar ibn Yasir (R.A.),Ahmad ibn Hanbal (R.A.),A
645,The portion of the wall of the Ka'ba which is between its door and Hajr-e-Aswad is called ________.,Al-Multazim,Hateem,Haram,Safar,A
646,Name the prophet who was the first man to write.,Hazrat Ibrahim (A.S.),Hazrat Adam (A.S.),Hazrat Idris (A.S.),Hazrat Musa (A.S.),C
647,On which son's birth did Hazrat Abdul Muttalib (R.A.) slaughter 100 camels?,Zubair,Abbas,Abu Talib,Abdullah,D
648,Dhu al-Nurayn is the title of:,Hazrat Uthman (RA),Hazrat Ali (RA),Hazrat Umar (RA),None of these,A
649,Which Rukn-e-Islam is called a shield?,Salat,Fasting,Zakat,Hajj,B
650,"To suppress Tulayha bin Khuwailid Al-Asadi, under whose command did Hazrat Abu Bakr Siddiq send the army?",Hazrat Abu Ubaidah (RA),Hazrat Khalid bin Walid (RA),Hazrat Mu'adh (RA),None of the above,B
651,What was the real name of Hazrat Abu Huraira (RA)?,Abdur Rahman ibn Sakhr (R.A.),Abdur Rahman ibn Talib (R.A.),Abdur Rahman ibn Aouf (R.A.),None of these,A
652,Where did the hypocrite Abdullah ibn Ubayy deliver his remarks before deserting the Muslim army for Uhud?,At a place called Shaykhain,Quba,Hajfah,None of these,A
653,"Who was the first governor of Muslim Egypt, appointed by Umar (RA)?",Amr ibn al-As,Abdullah ibn Sa'd,Zubayr ibn al-Awwam,Uqba ibn Nafi,A
654,Give the total number of Prophets (AS).,120000,125000,128000,124000,D
655,Hazrat Ali (RA) was martyred at the age :,Of 55,Of 58,Of 60,Of 67,C
656,"What is the meaning of the name of Muhammad (PBUH), ""Habib""?",The Speaker,The Friend,The Intercessor,The Loved One,D
657,"Mu'tah, the site of the famous battle, was located in the territory of modern-day:",Syria/Jordan (Balqa region),Iraq,Jerusalem,Oman,A
658,Who was the chief of the Banu Khuza'ah tribe who came to Madinah to seek the Prophet's (PBUH) help after the Treaty of Hudaybiyyah was violated?,Amir ibn Salim al-Khuzai,Amr ibn Salim al-Khuzai,Abdullah ibn Salim al-Khuzai,None of these,A
659,Name the first slave who embraced Islam.,Hazrat Zayd ibn Harithah (RA),Hazrat Bilal ibn Rabah al-Habashi (RA),Hazrat Mus'ab ibn 'Umayr (RA),None of them,B
660,The last Caliph of the Ottoman Dynasty was:,Abdul Majeed II,Abdul Hamid,Abdul Nasser,None of these,A
661,When was the law of inheritance revealed?,3 A.H.,4 A.H.,5 A.H.,None of these,A
662,Which Prophet is titled 'Abul Bashar?,Hazrat Yaqub (A.S),Hazrat Adam (A.S),Hazrat Yusuf (A.S),Hazrat Dawud (A.S),B
663,On which of the following occasions do Muslims offer 'Namaz-e-Kusuf'?,For the sake of rain,At the time of a solar eclipse,At the time of a lunar eclipse,At the time of drought,B
664,The oldest revealed divine book is the,Tawrat,Zabur,Injeel,Quran,A
665,Which Surah of the Holy Quran is called Umm-ul-Kitab?,Surah Yaseen,Surah Rahman,Surah Baqarah,Surah Fateha,D
666,"'The Holy Book ""Zaboor"" was revealed on which Prophet of Allah?",Hazrat Musa (A.S.),Hazrat Ibrahim (A.S.),Hazrat Dawood (A.S.),Hazrat Ishaq (A.S.),C
667,How much army was brought by Abraha to demolish Kaabah?,60 thousand,50 thousand,40 thousand,30 thousand,A
668,Under whose guidance was the whole Qur'an arranged by the Holy Prophet (SAW)?,The Angel Jibra'il (AS),Hazrat Abu Bakr (RA),Hazrat Umar (RA),Hazrat Ali (RA),A
669,"In which Ghazwa did the Prophet's (PBUH) uncle, Hamza (RA), get martyred?",Battle of Badr,Battle of Uhud,Battle of Khandaq,Battle of Hunayn,B
670,Shawwal is the ____ month of the Islamic Year.,5th,6th,7th,10th,D
671,Which paternal uncle of Muhammad (PBUH) died before Prophethood?,Hazrat Abu Talib,Hazrat Ali (R.A.),Hazrat Zubair (R.A.),None of these,D
672,The rites of Hajj as practiced today were institutionalized during the time of which Prophet?,Prophet Ibrahim (AS),Prophet Nuh (AS),Prophet Isa (AS),Prophet Musa (AS),A
673,Talut was the father-in-law of ______.,Hazrat Dawud (AS),Hazrat Ya'qub (AS),Hazrat Sulayman (AS),Hazrat Yusuf (AS),A
674,"The ""Sujud al-Shukr"" is a prostration performed out of:",Fear of God's punishment,Forgetfulness in prayer,Gratitude to Allah for a blessing,Reciting a specific verse,C
675,Where does the pilgrim go after completing the seven rounds of Tawaf?,Arafat,Al-Multazam,To perform Sa'i,Tawaf al-Wada,B
676,The mother of Hazrat Yousuf (A.S) was:,Rebecca,Rachel,Alishba,Amina,B
677,"The ""Zaytuna"" mosque-university, one of the oldest in the world, is located in which city?",Cairo,Fez,Tunis,Cordoba,C
678,Name the first slave who was freed at the time of prophethood and accepted Islam.,Hazrat Bilal (R.A.),Hazrat Khubayb (R.A.),Hazrat Zayd ibn Harithah (R.A.),None of these,C
679,"For Tahallul, while a male pilgrim shaves his head, what is the requirement for a female pilgrim?",She clips one-fourth of her hair,She clips a lock of her hair,She clips one-third of her hair,She clips half of her hair,B
680,Uzza was the name of:,A prominent goddess of the Quraysh,Honor and respect,A type of tree,A mythical snake,A
681,She was alive at the time of the Karbala tragedy:,Hazrat Ayesha (RA),Hazrat Hafsa (RA),Hazrat Maymunah (RA),Hazrat Umm Salma (RA),D
682,What was the real name of Hazrat Abu Bakr Siddique (RA)?,Sulaiman,Jaffer,Abdullah,Hamza,C
683,"The ""Farabi,"" a renowned Islamic philosopher, is known as the:",Philosopher of the Arabs,First Teacher,Second Teacher (after Aristotle),Proof of Islam,C
684,Between which tribes was Harb-e-Fijar fought in Ukaz?,Quraish and Tameem,Quraish and Fajar,Quraish and Filar,Quraish and Qais,D
685,"The ""Din-i Ilahi"" promoted by Akbar faced its strongest intellectual opposition from:",Khwaja Moinuddin Chishti,Shah Waliullah Dehlawi,Shaykh Ahmad Sirhindi (Mujaddid Alf Thani),Dara Shikoh,C
686,Who was the first person to introduce a formal police force (Shurta) in the Islamic state?,Umar (RA),Abu Bakr (RA),Uthman (RA),Ali (RA),A
687,"What, according to the Qur'an, is the root cause of evil?",Alcohol,Bribe,Theft,Adultery,A
688,Safiullah is a title of:,Hazrat Musa,Hazrat Adam,Hazrat Daud,Hazrat Ibrahim,B
689,How many miles away from Makkah is Arafat located?,9 miles,10 miles,11 miles,12 miles,A
690,Which companions were in the front line to duel the pagan champions at the Battle of Badr?,All companions,"Ali, Hamza, Ubaydah","Abu Bakr, Umar, Ali",None,B
691,Who was the leader of Banu Qurayza during the Battle of the Ditch?,Ka'b ibn Asad,Ka'b ibn Aad,Ka'b ibn Hassan,None of these,A
692,Which Ghazwa is mentioned in Surah Al-Imran?,Khyber,Khandaq,Uhud,None of these,C
693,"The legal concept of ""Hiyal"" (singular: Hila) refers to:",Recommended actions,Prohibited actions,Legal stratagems or devices to circumvent a ruling,Contracts,C
694,Which Prophet's story involves the building of an ark to save the believers from a great flood?,Prophet Salih (AS),Prophet Hud (AS),Prophet Nuh (AS),Prophet Ibrahim (AS),C
695,Who first arranged and wrote the Qur'an on paper in book form?,Hazrat Uthman (RA),Hazrat Zayd ibn Thabit (RA),Hazrat Abu Bakr (RA),Hazrat Hafsa (RA),B
696,"The ""Ottoman Interregnum"" was a period of civil war between the sons of which Sultan?",Murad I,Osman I,Orhan,Bayezid I,D
697,"A ""Fatwa"" is a:",Non-binding legal opinion issued by a qualified scholar,Binding court judgment,Sermon,Chapter of a Fiqh book,A
698,"The ""Kitab al-Hayawan"" (Book of Animals) is a famous zoological encyclopedia written by:",Al-Biruni,Ibn Sina,Al-Jahiz,Ibn al-Baitar,C
699,"The ""Incident of al-Raji"" took place in retaliation for the killing of which chief by Abdullah ibn Unays (RA)?",Sufyan ibn Khalid al-Hudhali,Abu Rafi' ibn Abi al-Huqayq,Ka'b ibn al-Ashraf,Rifa'ah ibn Zayd,A
700,"The ""Tashahhud"" is a part of the Salah where a Muslim sits and recites the:",Surah Al-Fatiha,Opening supplication (Du'a al-Istiftah),"Attahiyyat, followed by blessings on the Prophet",Final Taslim,C
701,"In 9 AH, a severe famine and drought struck which region, making it difficult to fund the Tabuk expedition?",Makkah,Khyber,Yemen,The Hijaz (including Madinah),D
702,Before Islam Friday was called?,Youm ul Furqan,Youm ul Arooba,Youm ul Malhama,'None of these,B
703,Where does the Haji go after completing the seven rounds?,Arafat,Al-Multazim,Sa'i,Tawaf-e-Rukh,B
704,Which Prophet is also known by the title Khalilullah?,Hazrat Musa (A.S.),Hazrat Idrees (A.S.),Hazrat Ibrahim (A.S.),None of these,C
705,How many periods are referred to for the collection of ahadith?,3,4,5,6,A
706,The Ayyubid Sultan who was the nephew of Salahuddin and negotiated the return of Jerusalem to the Crusaders for a time was:,Al-Adil,Al-Salih,Al-Zahir,Al-Kamil,D
707,To which tribe did Hazrat Aminah belong?,Bani Zuhra,Bani Asad,Bani Quraish,Bani Tamim,A
708,When did Hazrat Umar (R.A.) embrace Islam?,610 A.D.,613 A.D.,615 A.D.,616 A.D.,D
709,Who is called Jami-ul-Quran?,Hazrat Ali (R.A.),Hazrat Saad (R.A.),Hazrat Usman (R.A.),None of these,C
710,Bait-e-Rizwan took place in ____ Hijrah.,5,6,7,8,B
711,Name the first written constitution of the world.,The Treaty of Hudaibiya,Meesaq-e-Madina,The Khutbah-e-Hajja-tul-Wida,None of these,B
712,How many prophets' names are there in the Holy Quran?,25,36,37,39,A
713,The order for offering Durood on the Holy Prophet (PBUH) is given in which surah?,Muhammad,Ibrahim,Al-Anbiya,Al-Ahzab,D
714,When did the order for Sadaqat al-Fitr come?,in 2 Hijrah,in 3 Hijrah,in 4 Hijrah,in 5 Hijrah,A
715,Wuzu and Tayammum are mentioned in which Surah of the Holy Quran:,Surah Rehman,Surah Toba,Surah Noor,Surah Maida,D
716,Name the stone which has been mentioned in the Holy Qur'an.,Ruby,Sapphire,Koh-i-Noor,None of these,A
717,What is the name of the boat of Hazrat Nooh (AS)?,Juz,Asm,Ark (Safina),None of these,C
718,"The famous ""House of Wisdom"" (Bayt al-Hikmah) was established in Baghdad during the reign of which dynasty?",Umayyad Caliphate,Abbasid Caliphate,Fatimid Caliphate,Ottoman Empire,B
719,"The ""Battle of Chaldiran"" in 1514 was a decisive victory for the Ottoman Empire over the:",Qara Qoyunlu,Mamluk Sultanate,Safavid Empire,Timurid Empire,C
720,Who was the compiler of Al-Muwatta?,Imam Ja'far al-Sadiq,Imam Shafi'i,Imam Malik ibn Anas,Imam Abu Hanifa,C
721,In how many days was Khyber conquered?,30,20,25,40,B
722,"The ""Mamluk"" dynasty that ruled Egypt and Syria was comprised mainly of:",Former slave soldiers,Arab nobility,Persian administrators,Berber tribesmen,A
723,Which topic was discussed in Surah Al-Qadr?,Revelation of Quran,Dhul-Nurayn,Gog Magog,None of these,A
724,Which pillar of Islam is the Key to Paradise?,Hajj,Salat,Zakat,Soam,B
725,"In Hadith science, what does ""Tadlis"" refer to?",Concealing a defect in the chain of narration,A very reliable narrator,A fabricated hadith,A weak narrator,A
726,"If a person... does not perform Hajj, his death and the death of a Jew or a Christian are the same. This is a:",Hadith,Quranic verse,Saying of a Sahabi,None of these,A
727,Which of the following tribes is the offspring of Hazrat Ismail (A.S.)?,Banu Umayyah,Quraysh,'Ad,All of these,B
728,"Which Prophet is known as ""Abu al-Anbiya"" (Father of the Prophets)?",Prophet Adam (AS),Prophet Ibrahim (AS),Prophet Nuh (AS),Prophet Muhammad (PBUH),B
729,"What is the meaning of the name of Allah ""Al-Baqi""?",The Patient,The Light,The Guide,The Everlasting,D
730,The function of Hazrat Mikail (AS) is to ________.,make rain and supply food to Allah's creatures,take out the souls of life-bearing creatures,bring Allah's messages and commands to His Prophets,blow the trumpet on the Day of Judgment,A
731,What is the share of the wife in the inheritance if the deceased husband has children?,One-fourth,One-eighth,One-half,One-third,B
732,Which sister of Hazrat Umar (RA) embraced Islam before Hazrat Umar (RA):,Hazrat Fatima (RA),Hazrat Ayesha (RA),Hazrat Hafsa (RA),Hazrat Zainab (RA),A
733,What was the duration of Hazrat Abu Bakr's (R.A.) caliphate?,2 years and 8 months,"2 years, 3 months, and 9 days",2 years and 2 months,2 years and 7 months,B
734,The number of deserving categories for Zakat in the light of the Quran is:,Eight,Five,Three,Two,A
735,Khateeb-ul-Anbiya is the title of:,Ibrahim (A.S),Shoaib (A.S),Idris (A.S),Dawood (A.S),B
736,How many heads of Zakat (categories of recipients) are mentioned in the Quran?,8,9,7,5,A
737,How many verses are in the Holy Qur'an?,6668,6236,6678,6650,B
738,Name the angel sent by Allah as a helper to the Prophet against his enemies.,Izra'il (AS),Jibra'il (AS),Israfil (AS),Mika'il (AS),B
739,"The ""Masjid al-Qiblatayn"" (The Mosque of the Two Qiblas) is situated in:",Madinah,Makkah,Ta'if,Jabal al-Nour,A
740,Who was the founder of the Umayyad Dynasty?,Hazrat Amir Muawiyah (RA),Marwan ibn al-Hakam,Walid ibn Abd al-Malik,None of these,A
741,What was the religion of Bahira?,Jewish,Infidel,Paganism,Christianity,D
742,"What is the meaning of the name of Muhammad (PBUH), ""Hadi""?",The Wrapped,The Finishing,The Leader,None of these,C
743,Which was the capital of the Umayyad dynasty?,Cairo,Baghdad,Damascus,None of the above,C
744,How many times has the word 'Qul' (meaning 'Say') been repeated in the Holy Quran?,200 times,Under 230 times,More than 230,400 times,C
745,The splitting of the moon occurred in:,Arafat,Mina,Muzdalifah,Haram-e-Pak,B
746,"The doctrine of ""al-amr bi-l-ma'ruf wa-n-nahy an-al-munkar"" is a central tenet for which early Islamic sect?",Murji'ah,Qadariyyah,Jabariyyah,Kharijites,D
747,Safi-Ullah is the title of:,Hazrat Idrees (A.S.),Hazrat Noah (A.S.),Hazrat Adam (A.S.),Hazrat Musa (A.S.),C
748,The Abbasid vizier and famous calligrapher who codified the six classical scripts of Arabic calligraphy (`al-Aqlam al-Sittah`) was:,Yaqut al-Musta'simi,Ibn al-Bawwab,Al-Farahidi,Ibn Muqlah,D
749,Which uncle of the Holy Prophet (PBUH) was taken prisoner in the Battle of Badr?,Abbas,Abul Aas,Aqeel,None of them,A
750,How many disbelievers were killed at the time of the Conquest of Makkah?,0,13,50,60,B
751,"Name the second woman, after Hazrat Khadija (RA), who embraced Islam:",Hazrat Lubaba bint Haris (RA),Hazrat Umm Aiman (RA),Hazrat Sumayyah bint Khayyat (RA),Hazrat Zainab (RA),A
752,"Which one of the following is included amongst the ""Ashara Mubashara"" (The Ten Promised Paradise)?",Sa'd ibn Ubadah,Sa'd ibn Mu'adh,Sa'd ibn Abi Waqqas,Hazrat Hamza,C
753,Illat (the effective cause) is a fundamental component of which source of Islamic law?,Qiyas (Analogical Reasoning),Ijma (Consensus),Hadith,Sunnah,A
754,"The ""Zaydi"" school of Shia Islam differs from Twelvers and Isma'ilis in that they do not believe the Imam must be a descendant of:",Ali ibn Abi Talib,Hasan ibn Ali,Fatimah (RA),Husayn ibn Ali,D
755,"During the Orthodox Caliphate, who had the shortest tenure?",Hazrat Umar (RA),Hazrat Abu Bakr (RA),Hazrat Uthman (RA),Hazrat Ali (RA),B
756,For how many days did the Muslims lay siege to the fortress of Banu Qurayza?,20 days,22 days,25 days,30 days,C
757,The angels who are said to be in charge of the graves and initial accountability are ______.,Munkar and Nakir,Kiraman Katibin,Hazrat Israfil,Hazrat Mika'il,A
758,Who was Umm Hakim?,The daughter of Abu Jahl,The daughter-in-law of Abu Jahl,The cousin of Abu Jahl,The sister of Abu Jahl,B
759,Who is known as the 'Conqueror of Egypt?,Hazrat Amr ibn al-As (RA),Hazrat Sa'd ibn Abi Waqqas (RA),Hazrat Abu Ubaidah ibn al-Jarrah (RA),None of these,A
760,"In the Battle of Mu'tah, after Zayd and Ja'far were martyred, who took the flag and was also martyred with over 90 wounds?",Abdullah ibn Rawaha (RA),Khalid ibn al-Walid (RA),Thabit ibn al-Arqam (RA),None of these,A
761,What is the literal meaning of Laylat-ul-Bara'ah?,The night of penance,The night of glory,The night of forgiveness,The night of hisaab,C
762,Karam-un-Katibin means:,Ageing upon any subject,Illustrious writers,Reasoning by analogy,Writers of luck,B
763,"The Battle of Ain Jalut in 1260, where the Mamluks defeated the Mongols, took place in which modern-day country?",Jordan,Syria,Palestine,Egypt,C
764,"How many months prior to the birth of Hazrat Muhammad (SAW), did Hazrat Abdullah ibn Abdul Muttalib die?",Two,Four,Six,One,C
765,Dhul-Hijjah is which month of the Islamic calendar?,12th,9th,10th,8th,A
766,Which Surah is called Surah Al-Qital?,An-Naml,Al-Ahzab,Muhammad,At-Tin,C
767,Name the ghazwa which was fought in 7 A.H.,Khaybar,Uhud,Khandaq,Tabuk,A
768,"What is the meaning of the name of Muhammad (PBUH), ""Muzammil""?",The Prophet,The Sun,The Leader,The Wrapped One,D
769,The Battle of Qadisiya was fought in:,14 Hijri Shawwal,14 Hijri Muharram,14 Hijri Rajab,None of these,B
770,The Zakat is to be paid on the total amount at the rate of:,Jan-25,1/2.5,Jan-50,Jan-40,D
771,How many main Sufi orders were established in India for the spread of Islam?,3,4,5,6,C
772,Who wrote Ar-Risala?,Imam Abu Hanifa (R.A),Imam Malik (R.A),Imam Shafi (R.A),None of these,C
773,When did Hajj become obligatory?,10 Zil Hajj,9th Hijri,10 Hijri,None of these,B
774,"The ""Mihna"" was a period of religious persecution instituted by the Abbasid Caliph al- Ma'mun to enforce which doctrine?",The createdness of the Quran,The superiority of Ali (RA),The necessity of reason,The rejection of hadith,A
775,Masjid al-Khayf is located in:,Muzdalifah,Mina,Arafat,None of these,B
776,What was the name of the biggest idol that was fixed on the roof of the Kaaba?,Hubal,Wadd,Manat,Uzza,A
777,Where was Hazrat Yousaf (A.S.) settled?,Syria,Egypt,Palestine,Israel,B
778,"Among the Mothers of the Believers, the name of ___ is mentioned in Surah Ahzab.",Hazrat Khadijah (R.A.),Hazrat Zaynab (R.A.),Hazrat Juwayriyyah (R.A.),None of these,B
779,Bait ul Muqadas was conquered in the reign of:,Hazrat Abu Bakar (R.A.),Hazrat Umar (R.A.),Hazrat Usman (R.A.),None of these,B
780,The longest Ayat of the Holy Quran is in which Surah?,Al-Ma'arij,Al-Baqarah,Al-Haqqah,None of these,B
781,The Pious Caliphate lasted for about:,Eighteen years,Twenty years,Thirty years,Five years,C
782,"Who wrote the book ""Kitab al-Umm""?",Abu Hanifa,Imam Malik,Ahmad ibn Hanbal,Imam Shafi'i,D
783,How many Chapters (Para) are there in the Holy Quran?,14,30,114,6.666,B
784,"Which companion was given the title ""Sayf-ullah al-Maslul"" (The Drawn Sword of Allah)?",Khalid ibn al-Walid (RA),Ali ibn Abi Talib (RA),Hamza ibn Abd al-Muttalib (RA),Zubayr ibn al-Awwam (RA),A
785,How many surahs in the Holy Quran are named after Prophets?,8,7,26,None of these,D
786,The first biography on the life of the Holy Prophet (PBUH) is by:,Ibn Ishaq,Ibn Hisham,Al-Zarqali,Al-Waqidi,B
787,Salat-e-Istikhara is offered for ________.,Rain,Fear,Divine guidance,Death,C
788,"Which country is often called the ""Land of Prophets""?",Iraq,Saudi Arabia,Palestine,Syria,C
789,Analogy is a synonym of ______.,Ijtihad,Qiyas,Ijma,Sunnah,B
790,Sayyad-ul-Ayyam is known as:,Monday,Wednesday,Friday,Sunday,C
791,How many times is the Takbir recited by the Muezzin in the Adhan?,6,7,8,9,A
792,Who were the first serious students of the Qur'an?,Ashab al-Suffah,Hazrat Bilal and Hazrat Zayd ibn Harith,People of Madinah,None of the above,A
793,In which Hijri year was Uthman (RA) assassinated?,In 35 AH,In 38 AH,In 40 AH,In 45 AH,A
794,Who traveled to Makkah to incite its people against the Prophet (PBUH) with his poetry after the defeat at Badr?,Ka'b ibn al-Ashraf,Ka'b ibn al-Khuzaifah,Ka'b ibn al-Khalid,Ka'b ibn al-Umar,A
795,"The theological doctrine of ""Kasb"" (acquisition), associated with the Ash'aris, states that humans:",Have no free will at all,Create their own actions freely,"Acquire their actions, which are created by God",Are predetermined in all matters,C
796,"The ""Qibla"" (direction of prayer) for Muslims was changed from Jerusalem to the Kaaba in Makkah in which year of the Hijra?",3 AH,1 AH,2 AH,4 AH,C
797,"What does the proverb ""Aap kaaj maha kaaj"" mean?",Everyone likes their own work,Self-praise of one's own work,The work done by oneself is the best,None of these,C
798,'The age of Hazrat Noah (A.S.) was:,750 years,850 years,950 years,None of these,C
799,How many times is the Kalima-e-Tayyiba mentioned in the Holy Quran?,2 times,3 times,4 times,5 times,A
800,Usul al-Fiqh is the study of:,The branches of Islamic law,The principles of Islamic jurisprudence,The history of Islamic law,Comparative religions,B
801,"In Hadith science, a ""mudtarib"" hadith is one that is:",Weak due to a missing link,Fabricated,"Inconsistent, narrated in conflicting forms",Reported by a single narrator,C
802,"The ""War of Basus,"" which lasted for 40 years, was fought between which two tribes?",Bani Bakr and Quraysh,Bani Bakr and Bani Taghlib,Bani Bakr and Bani Qais,Bani Bakr and Bani Asad,B
803,Zakat is chargeable on the:,on 1st day of Ramadan,on 2nd day of Ramadan,on 3rd day of Ramadan,None of the above,A
804,The science of Islamic Law is called ______.,Prudence,Independence,Jurisprudence,All of them,C
805,The longest duration of the Caliphate was that of:,Hazrat Uthman (RA),Hazrat Abu Bakar (RA),Hazrat Umar (RA),Hazrat Ali (RA),A
806,In which battle were the blessed teeth of the Holy Prophet (PBUH) martyred?,Uhud,Badr,Hunayn,Conquest of Makkah,A
807,The oldest revealed divine book is:,Tawrat,Zaboor,Injeel,Quran,A
808,Which books are called Sahihain?,Bukhari Sharif and Sunan Abu Dawood,Muslim Sharif and Tirmidhi,Bukhari Sharif and Sunan Ibn Majah,Bukhari Sharif and Muslim Sharif,D
809,Who served as the guide for the Prophet (PBUH) and Abu Bakr (RA) during the Hijrah to Madinah?,Sa'd ibn Ubadah,Utbah ibn Usayd,Waraqah ibn Nawfal,Abdullah ibn Urayqit,D
810,"Hazrat Umar (R.A) embraced Islam, influenced by which Surah of the Holy Quran?",Surah Yaseen,Surah Taha,Surah Nisa,Surah Nahl,B
811,The name of the Companion of the Holy Prophet (SAW) mentioned in the Holy Quran is:,Hazrat Usman bin Affan (RA),Hazrat Zaid bin Sabit (RA),Hazrat Zaid bin Haris (RA),None of these,C
812,Which among the following are exempted from Zakat?,Weapons,Animals for work,Tools,All of the above,D
813,Which one of the following is included amongst the Asharah Mubasharah?,Sa'd ibn Ubayd,Sa'd ibn Ubadah,Sa'd ibn Abi Waqqas,Hazrat Hamza,C
814,For how many years did Uthman (RA) remain Caliph?,10 years,11 years,12 years,13 years,C
815,Which prophet is called Naji Allah?,Hazrat Idris (A.S.),Hazrat Yahya (A.S.),Hazrat Nuh (A.S.),Hazrat Ibrahim (A.S.),C
816,Which Caliph's murderer committed suicide immediately after the assassination?,Ali (RA),Umar (RA),Uthman (RA),All of these,B
817,Which of the following is the shortest surah of the Holy Qur'an?,Surah Kawthar,Al-Falaq,Al-Jinn,Al-Buruj,A
818,Hazrat Abdullah (R.A.) died six months before the birth of the Holy Prophet (PBUH). What was his age at the time of his death?,24 years,25 years,44 years,54 years,B
819,Hazrat Umar (R.A.) died in,643 A.D.,644 A.D.,645 A.D.,None of these,B
820,Name the scribe who is known as Sahabi ibn Sahabiyah.,Hazrat Abdullah ibn Mas'ud (RA),Hazrat Zayd ibn Thabit (RA),Hazrat Abdullah ibn Umar (RA),Hazrat Zubayr ibn al-Awwam (RA),A
821,Which companion famously drank the remaining water from the Prophet's (PBUH) ablution vessel and received a du'a for knowledge?,Abu Hurairah (RA),Anas ibn Malik (RA),Abdullah ibn Abbas (RA),Jabir ibn Abdullah (RA),C
822,"Whose title is ""Abu Turab""?",Abu Bakr As-Siddiq (RA),Umar (RA),Uthman (RA),Ali (RA),D
823,In which Surah of the Qur'an is Masjid al-Dirar mentioned?,Surah Al-Baqarah,Surah At-Tawbah,Surah Aal-e-Imran,Surah Al-Fath,B
824,"The ""Masjid al-Khayf"" is located in:",Muzdalifah,Arafat,Mina,None of these,C
825,"What is the meaning of the name of Muhammad (PBUH), ""Aqib""?",The Last,Victor,The One who Fascinates,The Inviter,A
826,The system of Diwan (register of soldiers' pensions) was introduced by which Caliph?,Ali (RA),Umar (RA),Abu Bakr (RA),Uthman (RA),B
827,When did the sacrifice on Eid-ul-Adha become obligatory?,1 A.H.,2 A.H.,3 A.H.,4 A.H.,B
828,"Ukkaz, Dhul Majaz and Doumat al-Jandal have historical importance of being:",Trade centres,Battlefields,Playgrounds,'Horse-riding courses,A
829,Which false prophet was called 'the liar' by the Holy Prophet (PBUH)?,Musaylimah,Sajjah,Aswad Ansi,None of these,A
830,Which place is designated as the Meeqat for pilgrims coming from Yemen?,Dhat Irq,Yalamlam,From their residence in Makkah,Qarn al-Manazil,B
831,"The Quranic term ""Kauthar"" refers to:",The Well of Zamzam,The highest level of Paradise,A river or abundant goodness granted to the Prophet (PBUH),A name for the Quran,C
832,"How many ""Heads of Zakat"" are there in Islam?",7,8,9,None of these,B
833,Who among the following was the first Asian to translate the Holy Quran into English?,Abdul Majid,Abdullah Yusuf Ali,Mirza Abu'l-Fadl,None of these,C
834,The first major Muslim dynasty to rule over India was the:,Mughal Dynasty,Khilji Dynasty,Tughlaq Dynasty,Mamluk Sultanate of Delhi,D
835,"Which Islamic month is it recommended to fast six days in, after Ramadan, to gain the reward of fasting for a year?",Rajab,Safar,Shawwal,Muharram,C
836,How many rukus (sections) are there in Surah Aal-e-Imran?,10,12,14,20,D
837,What are the primary conditions for Hajj to be obligatory on a Muslim?,Being an adult,Being of sound mind,Having the financial and physical means,All of these,D
838,The Prophet Muhammad (PBUH) performed his Farewell Hajj in:,8 AH,9 AH,10 AH,None of these,C
839,How many Surahs are in the Qur'an?,115,116,112,114,D
840,How was Uthman (RA) assassinated?,He was killed in his home by protestors,Natural death,Disease,None of these,A
841,Hazrat Abu Bakr (R.A.) ruled for,"2 years, 3 months","10 years, 3 months","11 years, 7 months",None of these,A
842,"The book ""Muwatta"" was written by whom?",Imam Abu Hanifa (R.A.),Imam Shafai (R.A.),Imam Malik (R.A.),None of these,C
843,"During the era of Hazrat Abu Bakr (RA), the siege of Damascus by the Muslim army started on:",on 21 August 634 CE,on 20 August 634 CE,on 20 August 635 CE,None of these,A
844,"A ""Hadith Mashhur"" is a tradition narrated by at least how many narrators at each stage of the chain?",2,5,3,7,C
845,"The final major battle of the Ridda Wars, which secured Central Arabia, was the:",Battle of Dumat al-Jandal,Battle of Buzakha,Battle of Ghamra,Battle of Yamama,D
846,"In Islamic history, who decided to take action against those who refused to pay Zakat?",Abu Bakr Siddique,Umar bin Khattab,Usman Ghani,Hazrat Ali,A
847,"Who advised the Prophet (PBUH) at Hudaybiyyah to perform the rites of sacrifice and shaving his head first, which prompted the companions to follow suit?",Hazrat Abu Bakr (RA),Hazrat Umar (RA),Hazrat Umm Salama (RA),None of these,C
848,In which Western language was the Holy Qur'an first translated?,Chinese,Latin,Persian,English,B
849,Hazrat Bilal (RA) was the slave of whom?,Umayyah bin Khalaf,Abu Sufyan,Abu Jahl,None of these,A
850,"How many times is the mention of the ""Scrolls of Musa"" (Suhuf-e-Musa) found in the Qur'an?",2,3,4,None of these,A
851,Which Prophet was given the miracle of a she-camel that came from a rock?,Prophet Hud (AS),Prophet Salih (AS),Prophet Shu'ayb (AS),Prophet Lut (AS),B
852,What is meaning of Zakat?,To purify,To adulteration,To stained,None of these,A
853,Which method is used to prove the correctness of the matn of a hadith?,Riwayah,Dirayah,Sanad,None of these,B
854,How did the siege of Madinah (Battle of the Ditch) end?,The Banu Quraysh retreated first,The confederate army withdrew due to a storm and discord,The Muslims paid a ransom,The tribes signed a treaty,B
855,Sulh-e-Hudaybiyyah ka moahida kitne arsay ke liye hua?,Chay saal,Das saal,Baarah saal,In mein se koi nahi,B
856,Who led the Muhajireen contingent during the Conquest of Makkah?,Abu Ubaidah ibn al-Jarrah (RA),Zubayr ibn al-Awwam (RA),Sa'd ibn Ubadah (RA),Khalid ibn al-Walid (RA),A
857,What relation existed between Imam Bukhari and Imam Hanbal?,Madrasa Fellows,"Student, Teacher",Son and Father,Imam and Follower,B
858,In whose prophet's era Firawn was king:,Hazrat Isa AS,Hazrat Musa AS,Hazrat Sulaiman AS,None of these,B
859,"In the Battle of Uhud, how many soldiers did the pagan army of Makkah have?",30000,1000,3000,300,C
860,The name of which companion of the Holy Prophet (SAW) is mentioned in the Quran?,Zayd ibn Thabit (R.A.),Zayd ibn Harithah (R.A.),Usman ibn Affan (R.A.),None of these,B
861,Surah Al-Hajj consists of 10 Rukus and how many Ayats?,70,75,78,82,C
862,The number of Jamarat is:,1,2,3,4,C
863,Muzdalifah is located between:,Makkah and Medina,Makkah and Ta'if,Mina and Arafat,Arafat and '''',C
864,The Year of Deputation is ______ Hijrah.,8th,9th,10th,11th,B
865,Who were among the first group of five to embrace Islam on the same day through Abu Bakr's preaching?,Hazrat Khadija (RA),Hazrat Ali (RA),Uthman ibn Affan and Zubayr ibn al-Awwam,Hazrat Zayd ibn Harithah (RA),C
866,Hazrat Maria al-Qibtiyya was a gift to the Prophet from the ruler of:,"Alexandria, Egypt",Jordan,Israel,Syria,A
867,The pious Islamic Khilafat of Rashidun lasted from 632 AD to _______.,658 AD,659 AD,660 AD,661 AD,D
868,Standing straight for a short while after Ruku is called ________.,Qa'ada,Jalsa,Qiyam,Qauma,D
869,"The ""Shahnameh"" (Book of Kings), the national epic of Iran, was completed by the poet:",Rumi,Saadi,Hafiz,Ferdowsi,D
870,What was the duration of Hazrat Umar's (RA) Khilafat?,"10 years, 6 months",8 years,7 years,None of these,A
871,"How many Muslims, in thousands, participated in the Battle of Hunayn?",13,15,10,12,D
872,Prophet Muhammad (PBUH) had ____ sons.,1,2,3,4,C
873,"Which companion was nicknamed ""Tarjuman al-Quran"" (The Interpreter of the Quran)?",Ubayy ibn Ka'b (RA),Abdullah ibn Mas'ud (RA),Abdullah ibn Abbas (RA),Zayd ibn Thabit (RA),C
874,What is the time of Khilafat of Hazrat Ali RA?,Four years and one month,3 years,5 years,None of these,D
875,70 Huffaz were martyred in which battle?,Battle of Yamama,Yarmuk,Salasal,None of the above,A
876,In which Hijri year did the Battle of Uhud take place?,3 Hijri,2 Hijri,4 Hijri,6 Hijri,A
877,Muzdalifah is located between:,Mina and Arafat,Arafat and Makkah,Muzdalifah and Hijaz,Makkah and Madinah,A
878,When was the first battle fought by Muslims?,Ghazwa-e-Khaibar,Ghazwa-e-Khandaq,Ghazwa-e-Badar,Ghazwa-e-Uhud,C
879,Name the teacher of Hazrat Moosa (A.S.).,Hazrat Yaqoob (A.S.),Hazrat Shu'aib (A.S.),Hazrat Haroon (A.S.),Hazrat Noah (A.S.),B
880,Who was the Jewish leader of Banu Qurayza who expressed no regret in his enmity towards the Prophet (PBUH) before his execution?,Huyayy ibn Akhtab,Ka'b ibn Asad,Abu Sufyan,Sa'd ibn Mu'adh,B
881,"The ""Year of Sorrow"" ('Aam al-Huzn) refers to the year when the Prophet (PBUH) lost his wife Khadijah (RA) and his:","Uncle, Abu Talib","Son, Ibrahim","Uncle, Hamza (RA)","Daughter, Ruqayyah (RA)",A
882,The concept that all actions are judged by intention is derived from a famous:,Quranic Verse,Hadith,Ruling by Umar (RA),Principle of Fiqh,B
883,In which Surah of the Qur'an is the term Khatam-un-Nabiyyin mentioned?,Al-Ahzab,Al-Fatihah,Al-Falaq,At-Tawbah,A
884,Who is called Jami al-Quran?,Hazrat Abu Bakr (R.A.),Hazrat Umar (R.A.),Hazrat Usman (R.A.),None of these,C
885,"The ""Kharaj"" was a type of tax in the early Islamic state levied on:",Mines and resources,Merchants and traders,Agricultural land,Non-Muslim subjects,C
886,Which Surah is also called Surah al-Insan?,Al-Dahr,Al-Falaq,Al-Imran,An-Nisa,A
887,A method of Hadith collection where all narrations from a single companion are gathered under his name is called a:,Musnad,Sahifah,Mishkat,Isnad,A
888,First foster mother of Holy Prophet (PBUH) was maid of Abu Lahab:,Hazrat Suwaibah (R.A),Hazrat Umm Ayman (R.A),Hazrat Halimah Sa'diyah (R.A),None of above (R.A),A
889,Who has been titled 'the Saviour of Islam'?,Caliph Umar (RA),Caliph Abu Bakr (RA),Khalid ibn al-Walid (RA),Hazrat Ali (RA),B
890,Name the son of Hazrat Ibrahim (A.S.) whose mother was Hazrat Hajar (A.S.).,Hazrat Ishaq (A.S.),Hazrat Yusuf (A.S.),Hazrat Ismail (A.S.),None of these,C
891,The Abbasids made which city their first capital?,Damascus,Constantinople,Baghdad,None of these,D
892,Hazrat Amina (RA) died in:,Madina,Abwa,Makkah,None of these,B
893,What is the name of the sixth Kalimah?,Kalimah Tamjeed,Kalimah Tauheed,Kalimah Shahadat,Kalimah Radd-i-Kufar,D
894,Tawaf al-Wada (The Farewell Tawaf) is considered what ruling for pilgrims who are leaving Makkah?,Fard (Obligatory),Sunnah,Mustahabb (Recommended),Wajib (Required),D
895,The duration of the storm that occurred in Hazrat Nuh's (A.S.) era was:,8 months,9 months,10 months,6 months,D
896,Who is called Umar-e-Sani?,Hazrat Umar bin Abdullah (R.A),Hazrat Umar bin Khattab (R.A),Hazrat Abdullah bin Umar (R.A),Hazrat Umar bin Abdul Aziz (R.A),D
897,The last fight against the Persians in Hazrat Umer's (RA) reign:,Nihawand,Bewaib,Yarmuk,None of these,A
898,"The ""Ghaznavid"" dynasty, known for its raids into India, was of what origin?",Arab,Persian,Turkic,Afghan,C
899,Jarh wa Ta'dil is the science of:,Criticism and validation of Hadith narrators,Quranic exegesis,Islamic calligraphy,Inheritance laws,A
900,Name the Prophet who could talk to the birds.,Hazrat Dawud (A.S),Hazrat Sulayman (A.S),Hazrat Hud (A.S),Hazrat Musa (A.S),B
901,"The ""Thalathiyyat"" are a special category of Hadith in a collection distinguished by having only:",Three repetitions of a phrase,Three words in the text,Three narrators in the chain back to the Prophet (PBUH),Three topics covered,C
902,What is the number of Umayyad caliphs?,23,10,15,None of these,D
903,"The Holy Book ""Zabur"" (Psalms) was revealed to which prophet?",Prophet Dawud (AS),Prophet Musa (AS),Prophet Isa (AS),None of these,A
904,Who was the first woman to embrace Islam?,Fatimah (RA),Zaynab (RA),Aisha (RA),Khadijah (RA),D
905,"The legal principle of ""Istishab"" in Usul al-Fiqh refers to the:",Presumption of continuity of a known ruling,Public interest,Juristic preference,Analogical deduction,A
906,Which prophet's race faced the calamity of mosquitoes?,Hazrat Ibrahim (A.S),Hazrat Isma'il (A.S),Hazrat Ishaq (A.S),Hazrat Yaqub (A.S),A
907,Who among the following requested Allah to free him till the Day of Judgement?,Iblees,Dajjal,Munkir,Nakeer,A
908,"When the magicians believed in Prophet Musa (AS) and Pharaoh ordered their execution, what did the magicians do?",They turned away from faith,They called upon Prophet Musa (AS),They committed suicide,None of these (they remained firm on their faith),D
909,"The ""Maturidi"" school of theology is named after its founder:",Abu Mansur al-Maturidi,Abu al-Hasan al-Ash'ari,Ahmad ibn Hanbal,Wasili ibn Ata,A
910,"The ""Maliki"" school of law is unique in its acceptance of ""'Amal ahl al-Madina"" (the practice of the people of Madinah) as a source of law.",Only in some cases,Wrong,Right,It is rejected,C
911,Who is the angel in charge of rain?,Hazrat Jibraeel (AS),Hazrat Mikael (AS),Hazrat Israfeel (AS),Hazrat Izraeel (AS),B
912,In which Ghazwa were the Muslims numerically superior to their enemy?,Hunayn,Tabuk,Makkah,Ta'if,A
913,Hudaybiyyah is located to the:,East of Makkah,West of Makkah,Northwest of Makkah,North of Makkah,C
914,Who was the leader of the archers appointed by the Prophet (PBUH) at Mount Ainain in the Battle of Uhud?,Abdullah ibn Jubayr (RA),Ali (RA),Sa'd (RA),Zayd ibn Thabit (RA),A
915,Which Sahabi's (RA) name is given in the Qur'an?,Hazrat Zayd ibn Thabit (RA),Hazrat Zayd ibn Harithah (RA),Hazrat Abu ibn Abi Talib (RA),Hazrat Abdullah ibn Mas'ud (RA),B
916,To whom did Prophet Muhammad (PBUH) give the key of the Bait-Ullah?,Hazrat Ali,Usman bin Talha,Hazrat Usman,None of these,B
917,Who was the father of Ali (RA)?,Khattab ibn Nufayl,Affan ibn Abi al-'As,Abd al-Muttalib,Abu Talib,D
918,What is the arrangement number of Surah Al-Nas?,112,113,114,None of these,C
919,"One who tries to struggle against his evil self, i.e., evil self, is called ________.",Mujahid,Shaheed,Ghazi,Mujtahid,A
920,The 'Kashf al-Mahjub' was written by?,Hazrat Data Ganj Bakhsh (RA),Moinuddin Chishti,Maulana Shibli Naumani,None of these,A
921,"What is a ""Hadith Taqreeri""?",A conversation with the people,Words uttered by the Holy Prophet (PBUH),Something done in the Prophet's presence to which he did not object,None of these,C
922,Which incident took place when Muhammad (PBUH) was born?,Shaq-al-Sadr,Incident of the Feel,Shaq-al-Haq,None of these,B
923,Which angels are appointed to question the dead in their graves?,Munkar and Nakeer (AS),Jibra'il (AS),Mika'il (AS),None of them,A
924,"In Hadith terminology, a tradition whose chain of narrators goes back to a Successor (Tabi'i) is known as:",Maqtu',Marfu',Mawquf,Mursal,A
925,The first Islamic flag was given to Hazrat Hamza (R.A.). What was its color?,White,Black,Red,Green,A
926,Who was Hasham ibn As'abah?,The first enemy spy who was killed,The first enemy spy who was released,The first enemy spy who was arrested,None of these,C
927,9th Dhul Hijjah is also called:,Yawm-e-Arafat,Wuquf-e-Arafat,Yawm-e-Mina,Wuquf-e-Mina,A
928,Khalilullah (Friend of Allah) is the title of which prophet?,Hazrat Isma'il (AS),Hazrat Muhammad (PBUH),Hazrat Adam (AS),Hazrat Ibrahim (AS),D
929,Which battle's participants were promised the highest reward by Allah?,Badr,Uhud,Khandaq,Hunayn,A
930,Which fortress was conquered by Ali (RA) in the Khyber expedition?,Qamus,Khyber,Khaka'us,None of them,A
931,Social Boycott of Banu Hashim occurred in:,5 Nabvi,6 Nabvi,7 Nabvi,8 Nabvi,C
932,Who has been titled 'Saifullah' (The Sword of Allah)?,Hazrat Ali (RA),Hazrat Khalid ibn al-Walid (RA),Abu Ubaidah (RA),None of these,B
933,"The concept that the Quran was revealed in seven distinct modes or dialects, making it easier for different tribes to recite, is known as the seven:",Qira'at,Maqamat,Manazil,Ahruf,D
934,The title 'Adam-e-Sani' belongs to which Prophet?,Hazrat Yunus (AS),Hazrat Ibrahim (AS),Hazrat Salih (AS),Hazrat Nuh (AS),D
935,"How many times has the name ""Muhammad"" (PBUH) been mentioned in the Quran?",Two times,Four times,Six times,Seven times,B
936,"The mother of Maryam (Mary), the mother of Prophet Isa (AS), was named:",Hannah (bint Faqudh),Elizabeth,Sarah,Hagar,A
937,Who was the first female Shaheed of Islam?,Hazrat Sumayyah (RA),Hazrat Nafeesa (RA),Hazrat Umm Aymen (RA),None of these,A
938,Who was the first person from the Banu Umayyah clan to become a Muslim?,Uthman (RA),Ali (RA),Abd al-Rahman ibn Awf (RA),Umar (RA),A
939,"The Quranic term ""Mutashabihat"" refers to verses that are:",Allegorical or ambiguous,Clear and unambiguous,Abrogated,Historical in nature,A
940,"Pilgrimage thereto is a duty men owe to Allah, - those who can afford the journey. This is a:",Hadith Nabawi,Quranic verse,Saying of Ali (RA),Saying of Umar (RA),B
941,Which companion was the greatest Qari (reciter) of the Quran among the Sahaba?,Hazrat Abdullah bin Zubair (R.A),Hazrat Zaid bin Thabit (R.A),Hazrat Ubayy bin Ka'b (R.A),Hazrat Abdur Rahman bin Harith (R.A),C
942,Who was the first one to conquer Persia?,Hazrat Abu Bakr ibn Jarrah (RA),Hazrat Sa'd ibn Abi Waqqas (RA),Hazrat Khalid ibn al-Walid (RA),Hazrat Usamah ibn Zayd (RA),B
943,"Whom did the Prophet (PBUH) want to send as an envoy to Quraysh at Hudaybiyyah, before that person suggested Uthman (RA) instead?",Abu Bakr (RA),Ali (RA),Umar (RA),None of these,A
944,Who preserved the verses and chapters of the Holy Qur'an under the instructions of the Holy Prophet (SAW)?,Hazrat Zaid bin Sabit (RA),Hazrat Bilal bin Rubbah (RA),Hazrat Abu Hurayrah (RA),Hazrat Ali bin Abu Talib (RA),A
945,How many Ahadith does Sahih al-Bukhari contain?,5636,6722,7821,7397,D
946,What is the primary emphasis of the Qur'an upon?,The Prophethood of Prophets,The Doctrine of Tauheed,The Hereafter Life,None of them,B
947,In how many major battles did angels fight alongside Muslims?,5,3,1,"Several, notably Badr, Uhud, Hunayn",D
948,Iraq was conquered by which Muslim Caliph?,Hazrat Abu Bakr (R.A),Hazrat Umar Farooq (R.A),Hazrat Usman Ghani (R.A),Hazrat Ali-ul-Murtaza (R.A),B
949,What is the name of Hazrat Usman's mother?,Arwa bint Kurayz,Fatima,Salma,Hantamah,A
950,Syria was conquered in 633 A.D. What was the year in Hijrah?,in 12 Hijrah,in 13 Hijrah,in 14 Hijrah,in 15 Hijrah,A
951,Who was the first Caliph to be born after the Hijrah?,Abdullah ibn al-Zubayr (RA),Hasan ibn Ali (RA),Marwan ibn al-Hakam,Yazid ibn Muawiya,A
952,How many men were with Abdullah ibn Ubayy when he deserted the Muslim army before Uhud?,300,200,100,400,A
953,Which Surah ends with a supplication (du'a)?,An-Nasr,Al-Ma'idah,Al-Baqarah,None of these,C
954,The Nursi movement was launched in:,Jordan,Turkey,Iran,None of these,B
955,The 'Battle of Mu'tah' was fought between:,Muslims and Jews,Muslims and Romans,Muslims and Quraysh,Muslims and false prophets,B
956,"'How many months prior to the birth of Hazrat Muhammad (PBUH), did Hazrat Abdullah ibn Abd al-Muttalib die?",Two months,Four months,Six months,Eight months,C
957,Who was the student of Hazrat Abu Hurairah (RA) who helped him to compile Ahadith?,Hammam ibn Munabbih,Salman bin Yaqoob,Umro bin Aziz,None of these,A
958,"In the Battle of Tabuk, who was mainly being fought against?",Romans,Persians,Hindus,None of these,A
959,According to the Holy Quran the best drink is:,Water,Milk,Juice,none of these,B
960,A Hadith which has a minor break in its chain of narration (isnad) is termed:,Mursal,Mu'dal,Munqati',Mawdu',C
961,The mother of Hazrat Ishaq (A.S.) was:,Hazrat Asiya (A.S.),Hazrat Hajar (A.S.),Hazrat Sarah,None of these,C
962,The Treaty of Hudaybiyyah was for how many years?,5 years,10 years,15 years,20 years,B
963,The testimony of which companion was considered by Prophet Muhammad (SAW) to be equal to the testimony of two people?,Zaid bin Thabit,Hazrat Abu Bakr,Khuzayma (R.A.),None of these,C
964,Identify the last Ghazwa in which the Holy Prophet participated:,Tabuk,Hunain,Mutah,Ahzab,A
965,"What is the meaning of the name of Allah, ""Ar-Raqib""?",The Watchful,The Most Great,The Preserver,The Maintainer,A
966,Under what conditions are believers permitted to turn their backs on the battlefield?,As a war strategy,To join the army,Both,None of these,C
967,The murder of Urwah bin Huzrah became the reason for which battle?,Battle of Badr,Battle of Uhud,Battle of Mu'tah,Battle of Hunayn,A
968,"After Hijrat to Madina, what was the first important thing the Holy Prophet (SAW) did?",Built a mosque for prayers,Built his house,Created Bait-ul-Mal,Raised an Army,A
969,Which is known as Land of Prophets?,Saudi Arabia,Palestine,Syria,None of above,B
970,What was the reason for Hazrat Usman's (R.A) death?,Rebels,Kuffar,Romans,Khawarij,A
971,Which Islamic year is called Aam-ul-Huzn?,8 Nabvi,9 Nabvi,10 Nabvi,11 Nabvi,C
972,What is Arafat?,Plain,Mountain,Forest,Desert,A
973,Who was the first child to embrace Islam?,Hazrat Hamza (R.A.),Hazrat Talha (R.A.),Hazrat Zubair (R.A.),Hazrat Ali (R.A.),D
974,"Which Prophet is known in Islam as ""Dhu al-Nun"" (The Man of the Fish)?",Prophet Khidr (AS),Prophet Musa (AS),Prophet Yunus (AS),Prophet Yusuf (AS),C
975,"In which Surah of the Qur'an did Allah say about shirk that it is ""Zulm-un-Azim""?",An-Nisa,Ar-Rahman,Luqman,At-Tawbah,C
976,Who were the Mu'tazila?,A political party,A rationalist school of Islamic theology,A tribe in Syria,A school of Fiqh,B
977,When did Jihad become Farz?,01 Hijri,02 Hijri,03 Hijri,None of these,B
978,What is the name of the angel who is the guardian of Hellfire?,Ridwan,Maalik,Israfil,Mika'il,B
979,"The concept of ""Tawassul"" in Islam refers to:",Belief in divine decree,Direct supplication to God,Seeking closeness to Allah through a means or intermediary,The intercession of prophets,C
980,The title of Kiram-un-Katibin is:,Secret Angels,Al-Mu'aqqibat,Tamata-ul-Khair,None of these,B
981,The conquest of North Africa (Maghreb) was completed by the Umayyad general:,Hassan ibn al-Nu'man,Uqba ibn Nafi,Musa ibn Nusayr,Tariq ibn Ziyad,A
982,"The holy city of Najaf, containing the tomb of Ali (RA), is located in which country?",Iraq,Iran,Egypt,Syria,A
983,Which Caliph's profession before his caliphate included agriculture and trade?,Ali (RA),Umar (RA),Abu Bakr (RA),Uthman (RA),A
984,Kalma without dot:,1st,2nd,3rd,4th,A
985,The Quba Mosque is located approximately how far from Madinah?,3 miles,5 miles,8 miles,None of these,A
986,Ayat-ul-Kursi is part of which Surah in the Holy Quran?,Al Imran,Al Baqarah,Al Anfal,Al-Nisa,B
987,Who was the student of Hazrat Abu Hurairah?,Hammam ibn Munabbih,Salman ibn Yaqoob,Amr ibn Aziz,None of these,A
988,The Islamic calendar's starting is related to:,Birth of Holy Prophet PBUH,Treaty of Hudaybia,Hijrat e Makkah,Hijrat e Madina,D
989,Tafsir al-Jalalayn is a famous concise exegesis of the Quran co-authored by Jalal al- Din al-Mahalli and his student:,Jalal al-Din al-Suyuti,Ibn Kathir,Al-Qurtubi,Al-Tabari,A
990,Which book is called the Old Testament?,Zabur,Torah,Injeel,Qur'an,B
991,Which is the second longest Surah?,Al-Baqarah,Yasin,Aal-e-Imran,Rahman,C
992,Name the first person who declared his conversion to Islam emphatically.,Hazrat Umar (RA),Hazrat Ali (RA),Hazrat Usman (RA),Hazrat Abu Bakr (RA),A
993,The function of Hazrat Jibra'il (AS) is to ________.,make rain and supply of food to Allah's creatures,take out the souls of life-bearing creatures,bring Allah's messages and commands to His Prophets,blow the trumpet on the Day of Judgment,C
994,"The ""Zanj Rebellion"" was a major slave revolt against which caliphate?",Fatimid,Umayyad,Abbasid,Rashidun,C
995,"In which Surah of the Qur'an does Allah say about shirk that it is ""Zulm al-Azim""?",Nisa,Rahman,Luqman,Tawbah,C
996,What was the approximate age of Ja'far ibn Abi Talib (RA) at his martyrdom in the Battle of Mu'tah?,33 years,30 years,36 years,41 years,A
997,How many Fard are there in Wudu?,2,3,4,5,C
998,The concept of reincarnation is a central belief in:,Buddhism,Hinduism,Taoism,Zoroastrianism,B
999,Payment of Mehr to wife is:,Obligatory,Depends on demand by wife,It is a social affair,Not ordained by Allah,A
1000,"If a wife has no children, her husband's share in her inheritance is:",One-fourth,One-third,One-half,One-sixth,C
1001,"The ""Mamluk"" rulers of Egypt were famous for being the first major power to decisively defeat the:",Crusaders,Seljuks,Byzantines,Mongols in a pitched battle,D
1002,"The ""Battle of Manzikert"" (1071) was a defeat for the Byzantine Empire that opened up which region to Turkic settlement?",The Balkans,Syria,Egypt,Anatolia (modern Turkey),D
1003,Who was said to be the first one to recite the Holy Quran openly in Haram-e-Makkah?,Hazrat Umar (RA),Hazrat Zaid bin Thabit (RA),Hazrat Abdullah bin Mas'ud (RA),Hazrat Uthman (RA),C
1004,So oont ki diyat kis se riwayat hai jise Nabi Pak PBUH ne barqarar rakha?,Hashim bin Manaf,Murrah bin Kaab,Qasbi bin Gulab,In mein se koi nahi,D
1005,Who was the first female Muslim?,Hazrat Fatimah (R.A.),Hazrat Khadijah (R.A.),Hazrat A'ishah (R.A.),Hazrat Zaynab (R.A.),B
1006,What is the meaning of Wudu?,Purification,Ablution,Cleanliness,Perfection,B
1007,Who interpreted the neo-Sufi concept of Islam often associated with revivalist and reformist ideas in 18th century India?,Shah Wali Ullah,Sayyid Ahmad Barelvi,Abdullah Shah,Ahmad Sirhindi,A
1008,"The ""Fustat,"" which became the first capital of Muslim Egypt, was founded by:",Sa'd ibn Abi Waqqas,Khalid ibn al-Walid,Zubayr ibn al-Awwam,Amr ibn al-As,D
1009,What was the name of the foster sister of the Holy Prophet (PBUH)?,Hazrat Salma (R.A.),Hazrat Ruqayyah (R.A.),Hazrat Mariyah (R.A.),Hazrat Shayma (R.A.),D
1010,Name the fundamental pillar of Islam which is often mentioned in the Holy Qur'an along with Salat.,Jihad,Hajj,Salat,Zakat,D
1011,"The Battle of the Ditch (Khandaq) is also called Ghazwa-e-Ahzab. What does ""Ahzab"" mean?",Army,Allies,Both of these,None of these,B
1012,What was the real name of Hazrat Dawood (A.S.)?,Abar,Abeer,Aazar,None of these,D
1013,Umar (R.A.) levied Zakat on:,Ox,Horses,Camels,Goats,B
1014,Which is the fifth and last pillar of Islam?,Jihad,Hajj,Zakat,Sawm,B
1015,Which companion was known for writing down the Prophet's (PBUH) sayings?,Hazrat Abu Hurairah (RA),Hazrat Zayd ibn Thabit (RA),Hazrat Abdullah ibn Amr (RA),Hazrat Abdullah ibn Zayd (RA),C
1016,Which Muslim country among the following has the highest per capita income?,UAE,Saudi Arabia,Turkey,Kuwait,A
1017,"What is the number of the month ""Rajab"" in the Islamic Calendar?",First,7th,5th,Eleventh,B
1018,Name the sixth Kalimah.,Kalimah-e-Istighfar,Kalimah-e-Radd-i-Kufr,Kalimah-e-Tamjeed,Kalimah-e-Tauheed,B
1019,Who are exempted from paying Zakat?,Poor,Insane,Foreigner,All of the above,D
1020,"Allah Almighty states in Surah Al-Anfal, verse 17: ""So you did not kill them, but ______ killed them. And you did not throw when you threw, but Allah threw, so that He might reward the believers with a good reward from Himself. Surely, Allah is All-Hearing, All-",Allah Almighty,Angels,Jinn,None of these,A
1021,'Date of Hazrat Ali''s (R.A.) Shahadat is:,on 21 Ramzan 40 A.H.,on 24 Ramzan 40 A.H.,on 21 Zilhaj 40 A.H.,None of these,A
1022,The first Friday prayer was led by the Prophet (PBUH) in the valley of:,Banu Adi,Banu Salim ibn Awf,Banu Qaynuqa,Banu Nadir,B
1023,Who secularized education and separated it from politics?,Ameen,Mamun,Hadi,Harun,B
1024,How many Muhajireen participated in Ghazwa Badr?,82,76,68,None of these,A
1025,The legal punishment for theft (`sariqah`) in classical Islamic law is known as:,Qisas,Ta'zir,Hadd,Diyya,C
1026,Ghazwa-e-Tabook was fought between Muslims and ___:,Jews,Romans (Byzantine Empire),Quraysh,Egyptians,B
1027,What is Muzdalifah?,Forest,Stream,Desert,Plain,D
1028,What is Sunnah?,Saying of Hazrat Muhammad (SAW),Interpretation of Qur'an,Actions of Hazrat Muhammad (SAW),Path to be followed,C
1029,The minimum threshold (Nisab) for Zakat is?,7.5 Gold,52.5 Silver,Equal to Nisab,All of these,D
1030,What is the most authentic book of Jafari jurisprudence?,Tuhfat al-Awwam,Uloom-e-Panjganah,Usul-e-Arba'a,None of these,C
1031,Jizya means:,Religious tax,Poll-tax on non-Muslims,Lands cultivated by non-Muslims,Income from the minorities,B
1032,Who had custody of the seal used on the Prophet PBUH's letters?,Hazrat Hudhaifah (R.A),Hazrat Hanzala (R.A),Hazrat Zubair (R.A),None of these,A
1033,What is the most important rite of Hajj after the Wuquf at Arafat?,Sa'i,Tawaf al-Ifadah,Rami,Sacrifice,B
1034,In which place was Manna and Salwa (food from heaven) sent down to the Bani Israel?,Makkah,The Desert of Sinai,Madinah,None of these,B
1035,Muhammad (PBUH) is the messenger of Allah' is stated in which Surah of the Holy Quran?,Ya-Seen,Muhammad,Muzammil,Fath,D
1036,The Umayyad Dynasty was the first Muslim dynasty after the Caliphate. Who was the founder of the Umayyad Dynasty?,Amir Mu'awiyah (R.A.),Abd al-Malik,Yazid ibn Mu'awiyah,None of these,A
1037,Which Surah of the Holy Quran confirms Islam as the complete religion?,Al-Maidah,An-Nas,Al-Tauheed,Al-Baqarah,A
1038,Name the Jew who said on the second day of Muhammad's (PBUH) birth that 'he will be,Prophet'. Yousaf,Adeel,Nawfal,Tariq,C
1039,Name the first Kalimah.,Kalimah-e-Tauba,Kalimah-e-Tayyaba,Kalimah-e-Tamjeed,Kalimah-e-Shahadat,B
1040,Which companion was named 'Abd al-Ka'bah' during the era of ignorance (Jahiliyyah)?,Hazrat Abu Bakr Siddiq (RA),Hazrat Umar ibn Khattab (RA),Hazrat Uthman ibn Affan (RA),Hazrat Ali ibn Abi Talib (RA),A
1041,Where are the Zuhr and Asr prayers offered together during Hajj?,Mina,Hateem,Arafat,Muzdalifah,C
1042,"The tragic incident of Karbala took place on Muharram 10, ____.",55 AH,61 AH,70 AH,72 AH,B
1043,Which prophet was titled Zabihullah?,Hazrat Ibrahim (A.S.),Hazrat Ismaeel (A.S.),Hazrat Ishaq (A.S.),Hazrat Yaqoob (A.S.),B
1044,Bahira was a monk. What was his real name?,Jerjees,Jiblees,Basoos,None of these,A
1045,Ghar e Hira is located in:,Arafat,Jabl e Noor,Ghar Thawr,Jabal Uhud,B
1046,'The Holy Quran contains Makki and Madani Surahs. The Madani Surahs have a general emphasis on:,Ghazwat (Battles participated in by the Prophet (PBUH)),Laws of nature,The historical facts,None of these,D
1047,"The ""Sufi"" concept of ""Silsila"" refers to the:",Recitation of litanies,Practice of meditation,Spiritual chain of transmission from a master to his disciples,Code of conduct,C
1048,Which group of companions is reported to have been martyred while defending the Prophet (PBUH) during the Battle of Uhud?,Harith ibn Hisham,Seven Ansar companions,Bishr ibn al-Bara',Seven Ansar companions,B
1049,Which companion narrated the most Ahadith?,Abu Hurairah (RA),Zayd ibn Harithah (RA),Zayd ibn Thabit (RA),Ali ibn Abi Talib (RA),A
1050,Hadd-e-Qazf (false accusation) is:,50 lashes,70 lashes,80 lashes,90 lashes,C
1051,How many heads of Zakat are mentioned in the Holy Quran?,5,7,8,10,C
1052,What tax is applicable to non-Muslims?,Ushr (agricultural tax),Taxes,Kharaj (Land tax),None of these,D
1053,Which Prophet is titled as 'Abul Bashar?,Hazrat Yaqub (A.S),Hazrat Adam (A.S),Hazrat Yousaf (A.S),Hazrat Daood (A.S),B
1054,Name the first male Muslim.,Hazrat Ali (RA),Hazrat Abu Bakr (RA),Hazrat Zaid bin Haris (RA),Hazrat Warqa bin Nofal,B
1055,The companion who was sent as the first teacher of Islam to Yathrib (Madinah) was:,Mu'adh ibn Jabal (RA),Abdullah ibn Mas'ud (RA),Mus'ab ibn Umayr (RA),Abu Musa al-Ash'ari (RA),C
1056,Ghazwa (battle) Furqan is the name for:,Battle of Badr,Battle of Uhud,Battle of Qadisiyyah,Battle of Jamal,A
1057,Which aunt of the Holy Prophet (PBUH) and his father Hazrat Abdullah (R.A.) were twins?,Umm Hakim,Umm Sulaim,Umm Salama,Umm Khola,A
1058,What is the literal meaning of Ijtihad?,Assessment,Feasibility,Devotion,Exertion,D
1059,Naskh in Quranic sciences refers to the concept of:,Abrogation or supersession of a ruling,Interpretation,Revelation,Recitation,A
1060,How many times does the word Zakat appear with Salat in the Holy Qur'an?,30,31,32,33,C
1061,Which book is written by Hazrat Ali (RA)?,Nahjul Balagha,Kashf al-Mahjub,Hujjatullah-il-Baligha,None of these,A
1062,Our Holy Prophet (PBUH) had how many children?,4 sons & 3 daughters,3 sons & 4 daughters,2 sons & 3 daughters,2 sons & 5 daughters,B
1063,Ayat-ul-Kursi is part of which Surah in the Holy Quran?,Al-Imran,Al-Alaq,Al-Baqarah,Al-Nas,C
1064,When did Zakat become obligatory?,1 Hijri,2 Hijri,3 Hijri,None of these,B
1065,Name the book of Hadith that is written on a particular subject?,Juzv,Jamia,Mustadrik,none of these,A
1066,Hijrat ke pehle saal kis Yahudi aalim ne Islam qabool kiya?,Ahi Akhtab,Sallal bin Zubair,Hazrat Salman Farsi,In mein se koi nahi,D
1067,What is the meaning of Al-An'am?,The Mountain,The Cattle,The Cow,The Cave,B
1068,Ghazwa-e-Badr occurred in:,2 Hijri,3 Hijri,4 Hijri,5 Hijri,A
1069,Name the first person who embraced Islam on the occasion of Fatah-e-Makkah.,Abu Dajanah,Abu Darda,Abu Umayr,Abu Sufyan,D
1070,The year of Imam Abu Hanifa's birth is:,696 AD,692 AD,698 AD,699 AD,D
1071,Which Prophet was declared Adam second?,Hazrat Ibrahim AS,Hazrat Nooh AS,Hazrat Musa AS,None of these,B
1072,"How many times is Hajj obligatory (Fard) in a Muslim's life, if they are able?",Once,Twice,Thrice,None of these,A
1073,Which was the agreement that was titled 'Fath Mubin' without fighting a battle?,Treaty of Makkah,Mithaq-e-Madinah,Treaty of Hudaybiyyah (Sulh-e-Hudaybiyyah),None of the above,C
1074,Riba an-Nasi'ah is a type of interest that involves a delay in the exchange of:,Gold for silver,Commodities of the same type,Loans or debts,Services for money,C
1075,The Ghazwa of Banu Qurayza took place immediately after which major battle?,Battle of Uhud,Battle of the Ditch (Khandaq),Battle of Badr,Battle of Hunayn,B
1076,"In Islamic law, punishments for offenses where no fixed penalty (`Hadd`) is prescribed in the Quran or Sunnah, and are left to the discretion of a judge, are known as:",Qisas,Diyya,Kaffarah,Ta'zir,D
1077,The prayer offered at the time of a lunar eclipse is called:,Salat al-Khasf,Salat al-Istisqa,Salat al-Ishraq,None of these,A
1078,"The concept of ""Maqasid al-Shari'ah"" (the objectives of Islamic Law) was most systematically articulated by:",Imam al-Shatibi,Imam Shafi'i,Imam Ghazali,Imam Abu Hanifa,A
1079,Which Muslim scientist is considered to be the founder of chemistry?,Ibn Al Nafees,Jabir ibn Hayyan,Abu Nasr Al-Farabi,None of these,B
1080,Where did Hazrat Muhammad (PBUH) and Hazrat Abu Bakr (RA) stay during the migration to Madinah?,Cave of Hira,Cave of Badr,Cave of Thawr,Cave of Uhud,C
1081,Which Caliph of the Muslims ordered the collection of Ahadith at the official level?,Hazrat Usman (RA),Hazrat Umar (RA),Hazrat Umar Bin Abdul Aziz (RA),Hazrat Ali (RA),A
1082,Zunnurain is the title of:,Hazrat Abu Bakr (RA),Hazrat Umar (RA),Hazrat Usman (RA),Hazrat Ali (RA),C
1083,Which of the following was the native area of Hazrat Ibrahim (A.S.)?,Palestine,Iraq,Mesopotamia,Oman,C
1084,Where did the Roman army encamp to fight with the Muslims?,Jerusalem,Emesa,Yarmuk,None of these,C
1085,Whom did the Quraysh send to negotiate with the Prophet (PBUH) before the conquest of Makkah?,Ikrimah ibn Abi Jahl,Abu Sufyan,Amr ibn Salim,Budayl ibn Warqa,B
1086,Who conquered the last and most difficult fort of Khyber (Al-Qamus)?,Khalid ibn al-Walid (RA),Ali ibn Abi Talib (RA),Hamza ibn Abd al-Muttalib (RA),Sa'd ibn Abi Waqqas (RA),B
1087,"The famous book of Fiqh, ""Kitab-ul-Kharaj,"" was written by:",Imam Abu Hanifa,Imam Shafi'i,Imam Abu Yusuf,Imam Malik,C
1088,"The ""Madrasa"" as a formal institution of higher religious learning was first widely established under the patronage of the:",Fatimids,Umayyads,Buyids,Seljuks,D
1089,How many Makki Surahs are in the Qur'an?,86,92,82,72,A
1090,What is a well-known nickname of Ali (RA)?,Abd al-Hakam,Abu Turab,Both of them,None of them,B
1091,Bani Israel was the nation of?,Hazrat Musa (A.S.),Hazrat Yaqoob (A.S.),Hazrat Ibrahim (A.S.),None of these,B
1092,Hazrat Ishaq was the prophet of:,Christians,Canaanites,Jews,Infidels,C
1093,During whose caliphate did the Hijri calendar begin?,Hazrat Abu Bakr Siddiq (RA),Hazrat Umar (RA),Hazrat Usman (RA),Hazrat Ali (RA),B
1094,What are Sahihain:,Mishkat,Bukhari,Bukhari and Muslim,Ibne Majah,C
1095,Where was Hazrat Ishaq buried?,Makkah,Medina,Hebron,Cairo,C
1096,"Wadd, Suwa', Yaghuth, Ya'uq, and Nasr were the names of:",Idols worshipped by the people of Prophet Nuh (AS),Angels,Camels,Horses,A
1097,Which is the Surah that starts without Bismillah?,Surah al-Tawbah,Surah Baqarah,Surah al-A'raf,Surah al-Nisa,A
1098,The Holy Prophet (PBUH) and Hazrat Abu Bakr took refuge during the Hijrat in which cave?,Hira,Thawr,Kahf,None of these,B
1099,"What is meant by the name of Allah, ""Al-Wahhab""?",The Bestower,The Appreciative,The Hidden,The Forgiver,A
1100,Which of the following birds conveyed the message of Hazrat Sulayman (AS) to the Queen of Sheba?,Dove,Pigeon,Woodpecker,None of these,C
1101,"The Quranic phrase ""ma 'abudtum"" means:",What you worship,What you seek,What is in your favor,None of these,A
1102,When did Hazrat Ali (RA) become Caliph?,30 AH,31 AH,35 AH,37 AH,C
1103,'Name the first foster mother of the Prophet Muhammad (PBUH)?,Hazrat Haleema (R.A.),Hazrat Sobia (R.A.),Hazrat Khola (R.A.),None of these,B
1104,Which Prophet's real name was Abar?,Hazrat Ayyub (AS),Hazrat Yunus (AS),Hazrat Dawud (AS),None of these,D
1105,"When did ""Jihad"" become mandatory in Islam?",1 AH,2 AH,3 AH,4 AH,B
1106,"What is a ""Sauma'a""?",Wives' place of worship,Jewish priest,Pious women,Christian worship place,D
1107,Name the mother of Uthman (RA).,Salma bint Sakhar,Arwa bint Kurayz,Hantama bint Hashim,Fatimah bint al-Mundhir,B
1108,"The ""Miqat"" is the designated station where pilgrims must enter the state of:",Salah,Ihram,Tawaf,Sa'i,B
1109,Name the first non-Arab who embraced Islam.,Hazrat Uwais al-Qarani (RA),Hazrat Bilal al-Habashi (RA),Hazrat Farwah ibn Umro Al-Jazami (RA),Hazrat Usamah ibn Zayd (RA),C
1110,Who was the first muezzin (caller to prayer) in Islam?,Bilal ibn Rabah (RA),Abdullah ibn Umm Maktum (RA),Abu Mahdhurah (RA),Amr ibn Kulthum (RA),A
1111,Which companion was put in charge of distributing the spoils after the Battle of Badr?,Bilal ibn Rabah (RA),Abu Ubaidah ibn al-Jarrah (RA),Abdullah ibn Mas'ud (RA),Zayd ibn Thabit (RA),C
1112,Hujjatullah ul Baligha' was written by:,Syed Ahmed Bralvi,Syed Ahmad Shaheed,Shah Wali Ullah,Haji Shariat Ullah,C
1113,Muhammad (PBUH) was titled as:,Al-Sadiq,Al-Amin,Both of these,None of these,C
1114,"After the initial commanders were martyred in the Battle of Mu'tah, who took command and led the army to a successful withdrawal?",Sa'd ibn Abi Waqqas (RA),Khalid ibn al-Walid (RA),Abu Ubaidah ibn al-Jarrah (RA),Ali ibn Abi Talib (RA),B
1115,When is Tawaf al-Qudum (The Arrival Tawaf) performed?,Upon first entering the Masjid al-Haram for Hajj or Umrah,Before entering the Haram boundary,After the second circuit,None of these,A
1116,Who strongly advised Abu Bakr (RA) to compile the Quran into a single volume?,Umar (RA),Uthman (RA),Ali (RA),Zayd ibn Thabit (RA),A
1117,"What prophet was given the title ""Israel""?",Prophet Ibrahim (A.S),Prophet Ishaq (A.S),Prophet Yaqub (A.S),Prophet Musa (A.S),C
1118,Which year is called the Year of Sorrow?,in the 9th Nabvi,in the 13th Nabvi,in the 6th Nabvi,in the 10th Nabvi,D
1119,The old name of Medina was:,Batha,Mesopotamia,Yathrib,Kufa,C
1120,"Which companion, after being captured, freed his hands and fought his captors with a sword before being martyred at Al-Rajee?",Abdullah ibn Tariq,Abdullah ibn Talib,Abdullah ibn Umar,Abdullah ibn Hassan,A
1121,What is the name of Imam Ahmad's book?,Musnad Ahmad,Sahih Bukhari,Bukhari Sharif,None of them,A
1122,How many Manazil are in the Holy Qur'an?,10,8,15,7,D
1123,Which prophet (A.S.) set up 180 cities?,Hazrat Dawood (A.S.),Hazrat Idrees (A.S.),Hazrat Ibrahim (A.S.),Hazrat Moosa (A.S.),B
1124,"Which companion was the father of Hazrat Aisha (RA), wife of the Prophet (PBUH)?",Hazrat Abu Bakr (RA),Hazrat Umar (RA),Hazrat Uthman (RA),None of these,A
1125,Which Surah of the Quran is primarily about the absolute oneness of Allah (Tawhid)?,Al-Ma'un,Al-Kawthar,Al-Fil,Al-Ikhlas,D
1126,How many years was the caliphate of Umar (RA)?,6 years,10 years,9 years,11 years,B
1127,Who is the first female martyr (Shaheed) of Islam?,Hazrat Fatima RA,Hazrat Ayesha RA,Hazrat Summaya RA,Hazrat Kalsoom RA,C
1128,"Usama (RA), the son of the Prophet's (PBUH) freed slave Zayd, was riding on the she- camel Qaswa with the Prophet (PBUH). Which Surah was the Prophet (PBUH) reciting while entering Makkah?",Al-Falaq,Al-Fath,Al-Mulk,Al-Imran,B
1129,"What is the meaning of the name of Allah ""Al-Jaleel""?",Source of Peace,The Evolver,The Compeller,The Sublime One,D
1130,Which tribe became an ally of the Quraysh after the Treaty of Hudaybiyyah?,Banu Qaynuqa,Banu Mustaliq,Banu Bakr,Banu Khuza'ah,C
1131,"""There is no compulsion in religion"" is in which Surah?",Al-Ma'idah,An-Nur,Hud,None of these,D
1132,"The tragic incident of Karbala took place on Muharram 10, ______.",55 AH,61 AH,70 AH,72 AH,B
1133,"Before Islam, which idols were referred to as the 'Daughters of Allah' by some Arabs?","Al-Lat, Al-Uzza, Manat",All idols,None,"Al-Lah, Al-Rahman, Al-Rahim",A
1134,After which Ghazwa did the Prophet (PBUH) command the Muslims to pray Asr only in the territory of the enemy tribe?,"Ghazwa Khandaq, leading to the campaign against Banu Qurayza",Ghazwa al-Sawiq,Ghazwa Mu'tah,Ghazwa Khyber,A
1135,Name the Surah which does not start with Bismillah.,Al-Baqarah,Al-Alaq,Al-Falaq,At-Tawbah,D
1136,Which companion of the Holy Prophet (PBUH) recited the Holy Quran in front of Najashi?,Abu Abbas,Hazrat Jafar,Saad bin Abi Waqas,None of these,B
1137,Who was the first male Shaheed of Islam?,Yasir,Abdullah,Haris bin Abi Hala,None of these,C
1138,What was the color of the primary flag of the Muslim army in the Battle of Badr?,Black,White,Green,Red,B
1139,How many obligations (Farz) are there in the Hajj?,Three,Two,Four,Five,A
1140,"The incident of ""Ifk"" (the great slander) took place during which Ghazwa?",Banu Mustaliq,Banu Hawazin,Battle of Khyber,None of these,A
1141,The Islamic legal term for an item held in trust is:,Amanah,Wadiah,Qard,Ariyah,A
1142,Whom did the Prophet (PBUH) ask to sleep in his bed on the night of the Hijrah (migration)?,Ali (RA),Umar (RA),Uthman (RA),Abu Bakr (RA),A
1143,Name the first Sahabi of the Islamic period who was made a Hakam (judge).,Hazrat Sa'd ibn Mu'adh (RA),Hazrat Suwayd ibn Samit (RA),Hazrat Zayd ibn Harithah (RA),Hazrat Sa'd ibn Thabit (RA),A
1144,The city of Timbuktu was a major center for Islamic scholarship and trade under which West African empire?,Ghana Empire,Songhai Empire,Mali Empire,Kanem-Bornu Empire,C
1145,In which battle did Hazrat Khalid Bin Waleed (R.A.) first participate for the Muslims?,Battle of Badr,Battle of Trench,Battle of Mutah,Battle of Tabuk,C
1146,"Hadith, as a source of Islamic law, includes the Prophet's (PBUH) actions, sayings, and:",Dreams,Family life,Opinions on poetry,Tacit approvals,D
1147,"Who are the ""Sahibayn"" (The Two Companions) in the Hanafi school of law?",Abu Hanifa and Abu Yusuf,Abu Hanifa and Imam Shaibani,Abu Yusuf and Imam Shaibani,Abu Hanifa and Imam Shafi,C
1148,The Batha Valley is situated in:,Makkah,Madinah,Egypt,Jordan,A
1149,Hazrat Umar was martyred in which month of the Islamic calendar?,Muharram,Saffar,Zil-e-Hajj,None of these,A
1150,"The ""Maristan"" was an institution in the medieval Islamic world that functioned as a:",Observatory,Courthouse,Hospital and medical school,Library,C
1151,Which Namaz is offered for Solar Eclipse?,Namaz-e-Istasqa,Namaz-e-Kusoof,Namaz-e-Khusoof,None of above,B
1152,"What does the pilgrim's chant, ""Labbayka Allahumma labbayk..."" signify?",Tasmiyah,Talbiyah,Tashahhud,Tahleel,B
1153,"Out of a total of 27 Ghazwahs of Islam, how many are mentioned in the Holy Quran?",Eight,Ten,Twelve,Fourteen,C
1154,The time of Nafli Itikaf is:,1 day,2 days,3 days,None of these,D
1155,The Kaaba was rebuilt by Prophet Ibrahim (AS) and his son:,Prophet Ishaq (AS),Prophet Isma'il (AS),Prophet Ya'qub (AS),Prophet Lut (AS),B
1156,How many Kalimahs are in Islam?,6,7,5,4,A
1157,How many Ghazwat (battles) are mentioned by name in the Holy Qur'an?,10,6,8,12,B
1158,Who among the following was the first woman martyr in Islam?,Hazrat Ayesha (R.A),Hazrat Sumayyah (R.A),Hazrat Maria (R.A),Hazrat Zunaira (R.A),B
1159,The first Ghazwa (Battle) that took place between Muslims and Kuffar is ______.,Abwa,Badr,Khandaq,Tabuk,A
1160,"The ""Treaty of Venice"" in 1177 saw a truce between the Papacy and which Holy Roman Emperor, impacting the Crusades?",Philip II of France,Richard the Lionheart,Frederick Barbarossa,Louis IX of France,C
1161,The literal meaning of Islam is:,To bow down the neck,To seek safety,To obey,All of these,D
1162,Who is known as the 'Gate of Knowledge'?,Hazrat Uthman (RA),Hazrat Ali (RA),Hazrat Abbas (RA),None of these,B
1163,How many Rukus are there in the Holy Quran?,520,530,558,None of these,C
1164,How many years did it take for the complete revelation of the Qur'an?,"23 years, 5 months, and 14 days","22 years, 5 months, and 14 days","24 years, 5 months, and 14 days","21 years, 5 months, and 14 days",B
1165,What was the relation between Prophet Ismail (AS) and Prophet Ishaq (AS):,Cousins,Brothers,Father and Son,None of these,B
1166,How many Masarif (categories) of Zakat are mentioned in the Qur'an?,Five,Six,Seven,Eight,D
1167,Bait-Ul-Muqaddas was conquered in the reign of:,Hazrat Abu Bakr (RA),Hazrat Umar (RA),Hazrat Usman (RA),Hazrat Ali (RA),B
1168,Which cousin of the Holy Prophet (PBUH) was the Mufassir-e-Qur'an?,Hamza ibn Abbas,Abdullah ibn Abbas,Talha ibn Abbas,Zubair ibn Abbas,B
1169,How many times does a Haji run between the Safa and Marwah hills?,Six,Nine,Seven,Eight,C
1170,Muhammad (PBUH) was also included in the treaty of Hilf al-Fudul. On whose motivation did this treaty take place?,Zubair ibn Abdul Muttalib,Abbas ibn Abdul Muttalib,Hasan ibn Abdul Muttalib,Muhammad (PBUH),A
1171,Which battle led to the birth of the Khawarij?,Battle of Nahrawan,Battle of Kharijites,Battle of Siffin,None of these,C
1172,A person who is able to pay Zakat is called:,Sahib-e-Nisab,Sahib-e-Iman,Sahib-e-Nisab Shariat,None of the above,A
1173,The hand of theft was implemented on a woman named ____?,Amara,Maryam,Zainab,Fatima,D
1174,"During the Battle of Uhud, who were among the famous companions that remained to defend the Prophet (PBUH)?",Umm Ammarah (RA),Abu Dujana (RA),Sa'd ibn Abi Waqqas (RA),All of these,D
1175,"Al-Mankhul and ""Al-Mustasfa"" are two important works on Usul al-Fiqh written by:",Imam al-Shatibi,Imam al-Juwayni,Imam al-Ghazali,Imam al-Shafi'i,C
1176,Which religion's followers do not observe Sehri (pre-dawn meal) as part of their traditional fasting rituals?,Muslims,Christian,Jews,Both B & C,D
1177,Hazrat Usman (RA) did not participate in which war?,Ghazwa Badar,Ghazwa Tabook,Ghazwa Uhad,Ghazwa Khaiber,A
1178,"The concept of ""Walayah"" in Shia Islam refers to the:",The finality of prophethood,Belief in the oneness of God,Guardianship and authority of the Imams,The practice of taqiyya,C
1179,The Injeel (Bible) is the Holy Book of ______.,Hindus,Christians,Parsis,Jews,B
1180,"Who is called ""Saqi-e-Zamzam""?",Hazrat Abbas (R.A.),Hazrat Hamza (R.A.),Hazrat Mu'adh ibn Jabal (R.A.),Hazrat Mu'awiyah (R.A.),A
1181,"Name the tribe of Hazrat Halimah Saadia, the foster mother of Holy Prophet PBUH?",Bint Tahim,Banu Saad,Banu Addi,None of these,B
1182,Hazrat Abu Bakr reigned for about:,2 years,3 years,2 years and 3 months,4 years,C
1183,Hajr-e-Aswad is installed on the wall of the Kaaba. What is the meaning of Aswad?,Holy,Heavenly,Heavy,Black,D
1184,"The Islamic term for a legal guardian, especially for a minor or a woman in marriage, is:",Mufti,Qadi,Wali,Imam,C
1185,Who started the system of the Islamic Calendar?,Hazrat Umar,Hazrat Ali,Hazrat Hamza,None of these,A
1186,Which companion was the flag-bearer of the Ansar at the Battle of Badr?,Thabit ibn Qays,Sa'd ibn Mu'adh,Sa'd ibn Ubadah,Usaid ibn Hudayr,C
1187,Al-Mu'awwidhatayn refers to:,A collection of Ahadith,Two specific Surahs of the Quran,A book of Hanafi Fiqh,A book of Ja'fari Fiqh,B
1188,Name the Prophet who was a contemporary of Hazrat Ibrahim (A.S.).,Hazrat Lut (A.S.),Hazrat Hud (A.S.),Hazrat Idrees (A.S.),Hazrat Ishaq (A.S.),A
1189,"What is ""Jami' al-Tirmidhi""?",A collection of Quranic exegesis,A collection of Hadith,Both A and B,None of these,B
1190,The siege of Ta'if was laid immediately after which battle?,Battle of Hunayn,Battle of Tabuk,Battle of Mu'tah,Battle of Banu Salim,A
1191,"The ""Iwan"" is a defining feature of Persian and Central Asian mosques, which is a:",Courtyard,Fountain for ablution,Pulpit,"Rectangular hall or space, vaulted and walled on three sides",D
1192,Which Prophet was swallowed by a large fish (whale)?,Prophet Ayyub (AS),Prophet Yunus (AS),Prophet Ilyas (AS),Prophet Zakariyya (AS),B
1193,"The legal practice of ""Talfiq,"" or patching together rulings from different schools of law for a single issue, is generally:",A pillar of jurisprudence,Encouraged for ease,Discouraged by classical jurists,The basis of Ijma,C
1194,Which angel is known as the guardian or keeper of Paradise?,Ridwan,Ra'd,Malik,Qahhar,A
1195,The second source of Islamic law is?,Quran,Ijma,Hadiths,All of these,C
1196,Which Surah was the first to be revealed?,Surah Al-Alaq,Surah Al-Ikhlas,Surah Al-Fatihah,Surah Al-Baqarah,A
1197,Zaboor was revealed to:,Hazrat Musa (AS),Hazrat Isa (AS),Hazrat Dawood (AS),None of these,C
1198,Surah Al-Baqarah mein Allah Pak ne kis ki misaal dete hue farmaya ke Allah sharmata nahi?,Machhar,Makhi,Cheenti,In mein se koi nahi,A
1199,The Holy Quran mentions the name of ___ 136 times.,Hazrat Muhammad (SAW),Hazrat Musa (A.S.),Hazrat Da'ud (A.S.),Hazrat Isa (A.S.),B
1200,The total number of Madni Surahs in the Holy Quran is:,29,28,27,None of these,B
1201,Which Surah of the Qur'an has Bismillah twice?,Al-Nahl,Al-Naml,Al-Ahzab,Al-Nur,B
1202,The longest Surah of the Quran is:,Al-Baqarah (The Cow),At-Tawbah (The Repentance),Al-Mu'minun (The Believers),Al-Fat'h (The Victory),A
1203,"The last decade of Ramzan also known as Ashra-e-Nijaat min an-Naar, means:",Freedom from hell,Kindness,Forgiveness,None of these,A
1204,Khalilullah was the title of:,Hazrat Musa (A.S.),Hazrat Isa (A.S.),Hazrat Ibrahim (A.S.),Hazrat Dawood (A.S.),C
1205,How many prophets are mentioned in the Qur'an?,14,18,25,30,C
1206,Name the prophet who hid himself in the cover of a fig tree.,Hazrat Zakariyya (A.S.),Hazrat Yousaf (A.S.),Hazrat Luut (A.S.),Hazrat Yahya (A.S.),A
1207,Who wrote the Treaty of Hudaybiyyah as dictated by the Prophet (PBUH)?,Ali (RA),Uthman (RA),Umar (RA),None of these,A
1208,Name the son of Hazrat Ismail (AS) who stayed in Hijaz:,Qedar,Azabil,Manshi,None of these,A
1209,"The ""Warsh an Nafi'"" is one of the canonical methods of Quranic recitation (`qira'at`) most prominent in:",South Asia,Egypt and the Levant,North and West Africa,Southeast Asia,C
1210,Fiqh al-Awlawiyyat is the jurisprudence of:,Legal maxims,Public interest,Priorities,Objectives,C
1211,Jami' al-Tirmidhi is unique among the six major hadith collections for its practice of:,Containing only authentic hadith,Arranging hadith by narrator,Mentioning the legal opinions of companions and jurists,Focusing on moral conduct,C
1212,Which prophet would ride a donkey?,Hazrat Dhul-Kifl (AS),Hazrat Uzair (AS),Hazrat Hud (AS),Hazrat Yahya (AS),B
1213,How many times did Uthman (RA) migrate for the sake of Islam?,One,Three,Five,Two,D
1214,The Holy Zaboor was revealed on:,Hazrat Musa (A.S.),Hazrat Yousaf (A.S.),Hazrat Dawood (A.S.),Hazrat Isa (A.S.),C
1215,"How many years after the birth of the Holy Prophet (SAW), did Hazrat Amina die?",Six,Eight,Ten,Two,A
1216,Which companion was the first to fully accept the terms of the Treaty of Hudaybiyyah without hesitation?,Abu Bakr (RA),Uthman (RA),Ali (RA),Umar (RA),A
1217,Imam Shafi'i began issuing religious judgments (Fatwa) at the young age of:,13 years,14 years,20 years,15 years,D
1218,Name the tribe(s) of Jews in Medina.,Banu Quraiza,Banu Qaynuqa,Banu Nadir,All of these,D
1219,Hazrat Khadijah sent the message of marriage via her maidservant. Name the maidservant.,Nafeesa,Naima,Neelma,Barrah,A
1220,"'Among the following prophets, whose nation was awarded with Manna-Salwa?",Hazrat Isa (A.S.),Hazrat Daud (A.S.),Hazrat Musa (A.S.),Hazrat Yunus (A.S.),C
1221,"When was the first Hajj, led by Abu Bakr (RA), performed by the Muslims?",8 AH,6 AH,10 AH,9 AH,D
1222,Zakat should be given to an appropriate and trustworthy person who will distribute it according to the law. What is this called?,Tamleek,Tamattu,Ta'deel,Tiyamen,A
1223,The Holy Prophet spent ___ years in Makkah after Nabuwwah.,10,12,13,None of these,C
1224,Which is the longest Surah of the Al-Quran?,Surah Al Baqarah,Surah Al-Mulk,Surah Al Imran,None of these,A
1225,Salat-e-Istisqa is offered for,Solar Eclipse,Lunar Eclipse,Prayer for Rain,None of these,C
1226,"Give the name of the founder of the Abbasid dynasty who is historically known as ""As- Saffah"".",Al-Mansoor,Abu Al-Abbas,Al-Mahdi,None of these,B
1227,One circuit around the Kaaba is called a:,Circle,Shawt,Round,Chakar,B
1228,"Which of the ten companions promised Paradise is known as ""The Sword of Allah""?",Umar ibn al-Khattab (RA),Khalid ibn al-Walid (RA),Ali ibn Abi Talib (RA),Sa'd ibn Abi Waqqas (RA),B
1229,The Quran refers to the angel Jibra'il (AS) as 'al-Ruh' (The Spirit) and:,"Al-Ruh al-Amin, Ruh al-Qudus",None,Al-Malaika,Al-Jinn,A
1230,Hadd-e-Qazf (the punishment for Wrong accusation of adultery) is:,50 Lashes,70 Lashes,80 Lashes,90 Lashes,C
1231,The total heads of Zakat are:,7,8,4,6,B
1232,Hazrat Umm Habibah (RA) was the sister of which companion?,Hazrat Ameer Muawiyah (RA),Hazrat Ikrimah,Hazrat Zubair,None of these,A
1233,The Holy Prophet (P.B.U.H) was poisoned by a Jewish hostess at the time of the:,Conquest of Makkah,Conquest of Khyber,Ghazwa-e-Uhud,None of these,B
1234,Who was the first to claim false prophethood during the Prophet's PBUH time?,Sajah,Harith,Aswad Ansi,Tulaihah,C
1235,The nation of ____ was exterminated through the scourge of floods.,Hazrat Loot (A.S),Hazrat Yaqoob (A.S),Hazrat Noah (A.S),None of these,C
1236,Who was the commander of the Infidels in the Battle of Badr?,Abu Sufyan,Abu Jahl,Utbah,Abu Lahab,B
1237,Who wrote Al Fawz ul Kabeer (Al-Fawz al-Kabir)?,Dr. Israr Ahmad,Ibn Taymiyyah,Shah Wali Ullah,None of these,C
1238,"In Fiqh, ""Hukm Taklifi"" refers to a law that:",Demands or requires an action or omission from an individual,Defines the cause or condition of a ruling,Is related to contracts,Is derived from analogy,A
1239,'The Journey of Mi''raj happened in:,in 621 AD,in 623 AD,in 624 AD,None of these,A
1240,"Who was the first writer of ""Wahi"" in the Quraysh?",Hazrat Abd al-Rahman ibn Awf (R.A.),Hazrat Zayd ibn Thabit (R.A.),Hazrat Abdullah ibn Zubayr (R.A.),Hazrat Ibn Mas'ud (R.A.),B
1241,The word uttered before Nimaz to start it is called:,Azan,Takbeer-e-Tahreema,Tashahhud,None of these,B
1242,"Which companion of the Prophet (PBUH) was awarded the title ""The Lion of Allah""?",Umar Farooque (R.A.),Ali Al-Murtaza (R.A.),Hamza bin Abdul Mattalib (R.A.),Khalid bin Waleed (R.A.),B
1243,The maximum number of Huffaz-e-Quran (70 huffaz) were martyred in the:,Jang-e-Yarmouk,Jang-e-Khandaq,Jang-e-Yamama,Jang-e-Ajnadayn,C
1244,Ghazwa-e-Badr mein Musalmano par neend taari ki gayi:,Itminan o sukoon ke liye,Waqfa karne ke liye,Dushman ko thakane ke liye,In mein se koi nahi,A
1245,Which angel is assigned the duty of blowing the trumpet (Sur) on the Day of Resurrection?,Israfil (AS),Jibra'il (AS),Izra'il (AS),None of them,A
1246,Which of the following Surahs in the Holy Quran is named after an insect?,Surah Al-Naml,Surah Al-Qadar,Surah Al-Falaq,Surah Al-Nas,A
1247,How long did Hazrat Yunus (AS) remain in the abdomen of the fish?,20 days,40 days,45 days,50 days,B
1248,What is the significance of 27th Rajab?,Holy Prophet's visit to Ta'if,Mi'raj Sharif,Hazrat Hamza embraced Islam,Migration from Makkah to Madinah,B
1249,Who recited the first Adhan in the Ka'batullah?,Hazrat Zayd ibn Harithah (R.A.),Hazrat Abu Dujana (R.A.),Hazrat Bilal (R.A.),Hazrat Umar (R.A.),C
1250,What was the number of clauses in the Charter of Madinah?,67,47,58,None of these,B
1251,What is the name of the camel which the Holy Prophet (SAW) was riding in the migration of Madina?,Buldul,Anza,Qaswa,Zulfiqar,C
1252,Spirit of Islam book was written by?,Syed Ameer Ali,Quaid-e-Azam,Allama Iqbal,Sir Syed,A
1253,In which battle did the Prophet (PBUH) find himself with only a few companions defending him after a tactical setback?,Hunayn,Uhud,Badr,Khandaq,B
1254,By which name was Muhammad (PBUH) called in the divine book Zabur?,Siddique,Ameen,Faruq,Tayyab,C
1255,"Which of the following is considered one of the ""Ulu al-Azm"" (Prophets of Firm Resolve)?",Prophet Zakariyya (AS),Prophet Yunus (AS),Prophet Nuh (AS),Prophet Lut (AS),C
1256,"The ""Epistles of the Brethren of Purity"" (Rasa'il Ikhwan al-Safa) are a famous collection of works from which intellectual tradition?",Isma'ili,Sufi,Mu'tazili,Ash'ari,A
1257,"Which city is home to the three major Abrahamic religions, containing sites sacred to Judaism, Christianity, and Islam?",Madinah,Makkah,Jerusalem,Hebron,C
1258,The period of the Pious Caliphate lasted for approximately how many years?,10 years,20 years,25 years,30 years,D
1259,Which prophet was called Abu al-Arab?,Hazrat Ibrahim (A.S.),Hazrat Ismail (A.S.),Hazrat Ya'qub (A.S.),Hazrat Shees (A.S.),B
1260,How many Holy Books are mentioned by name in the Qur'an?,Four,Five,Six,Eight,A
1261,"Shaiba, Utbah, and Abu Jahl were leaders of the Quraysh killed in the Battle of:",Khandaq,Badr,Uhud,Hunayn,B
1262,What is the most important event of the sixth Hijrah?,The prohibition of wine,The Treaty of Hudaibiyah,The Battle of Ahzab,The Meesaq-e-Madina,B
1263,Who is known as Sahib-ul-Hut?,Hazrat Yunus,Hazrat Ishaq,Hazrat Yaqoob,None of these,A
1264,What is the primary function of the Angel Mika'il (AS)?,To manage rain and the provision of food,To take souls at death,To bring revelations to Prophets,To blow the trumpet on Judgment Day,A
1265,"After the expulsion from Madinah, some of the Banu Nadir tribe settled in Syria, while others settled in:",Egypt,Khyber,Both of these,None of these,B
1266,At which place in Makkah was Hazrat Ali (R.A.) born?,Khana-e-Ka'bah,Bait-ul-Maqdis,Masjid-e-Nabawi,Bait-ul-Laham,A
1267,What is the opposite of 'Shirk' in Islam?,Akhuwwat,Tauheed,Insaaf,Sin,B
1268,To whom was the Zabur revealed?,Hazrat Muhammad (SAW),Hazrat Musa (AS),Hazrat Dawood (AS),Hazrat Isa (AS),C
1269,What was the range of Fidya (ransom) for the educated prisoners of Badr?,"4,000-1,000 Dirhams","5,000 Dirhams","6,000 Dirhams","7,000 Dirhams",A
1270,Jerusalem is the holy place of:,Jews,Christians,Muslims,All of these,D
1271,In which tribe did the Prophet (SAW) offer the first Friday prayer (Jumu'ah)?,Banu Tamim,Banu Salim,Banu Hashim,None of these,B
1272,What is the number of Surah Al-Alaq?,78th,96th,104th,None of these,B
1273,Fiqh al-Akbar is a book on Islamic theology (Aqidah) attributed to:,Imam Shafi'i,Imam Abu Hanifa,Imam Malik,Imam Ghazali,B
1274,In which Surah of the Quran is the Incident of Ifk mentioned?,Surah An-Nisa,Surah An-Nur,Surah Al-Hujurat,Surah Al-Mu'minun,B
1275,During which battle were the Muslims overcome by sleep and rain was sent down from the sky?,Battle of Badr,Battle of Uhud,Battle of Khandaq (Trench),Battle of Tabuk,A
1276,"The term ""Da'if"" in Hadith studies means the narration is:",Sound,Fabricated,Weak,Authentic,C
1277,"Hazrat Imam Hussein (R.A)'s wife, Shahr Banu, was the daughter of:",Yazdegerd III,Abd al-Rahman,Abbad ibn Malik,None of these,A
1278,Salat-e-Khusoof is performed on the occasion of:,Drought,Flood,Lunar eclipse,Earthquake,C
1279,The Ifk event is described in the Qur'an in:,Surah Baqarah,Surah Tawbah,Surah Nur,Surah Yaseen,C
1280,Why was the Holy Kaaba first built?,"For the exclusive worship of the One God, Allah",For business purposes,As Allah's residence,To be a community center,A
1281,How many companions worked with the Holy Prophet (PBUH) to dig the trench?,300,3000,1500,2500,B
1282,The Bhagavad Gita is a scripture of which religion?,Sikh,Hinduism,Buddhism,None of these,B
1283,The title given to the pioneers of Islam was:,Mushahidoon al-Awwalun,Muslimoon al-Awwalun,Al-Sabiqun al-Awwalun,Al-Awwalun al-Awwalun,C
1284,"The ""Devshirme"" system was an Ottoman practice of:",Granting land to soldiers,Recruiting civil servants,A naval tax,Recruiting non-Muslim boys for state service,D
1285,What was the real (original) name of Hazrat Abu Bakr (R.A.)?,Abdullah ibn Uthman,Sulaiman ibn Ja'far,Abdur Rahman ibn Awf,Suraqah ibn Jusham,A
1286,The literal meaning of Zakat is,To conceal,To revert,To purify,None of these,C
1287,"Which Islamic month is named after the ""biting cold""?",Jumada al-Awwal,Rabi' al-Thani,Rabi' al-Awwal,Jumada al-Thani,C
1288,Where was Uthman (RA) martyred?,Makkah,Madinah,Kufa,Ta'if,B
1289,"Which Surah of the Quran does not begin with ""Bismillah-ir-Rahman-ir-Rahim""?",Al-Tawbah,Al-Baqarah,Al-Fatiha,Yaseen,A
1290,A person who assumes Ihram with the intention of performing only Umrah is called a:,Mutamatti',Mu'tamir,Qarin,Mufrid,B
1291,Name the uncle(s) of Muhammad (PBUH) who did not embrace Islam.,Abu Lahab,Abu Talib,Both of these,None of these,C
1292,Who led the funeral prayer of Hazrat Umar (RA)?,Hazrat Ali,Hazrat Suhaib Rumi,Hazrat Uthman,Hazrat Abdur Rahman bin Awf,B
1293,Who provided the religious training of Prophet Musa?,Prophet Ibrahim (AS),Prophet Shu'ayb (AS),Prophet Yahya (AS),Prophet Salih (AS),B
1294,How many stages does the Qur'an contain?,9,7,8,12,B
1295,A person who claims to be a Muslim but inwardly conceals disbelief (kufr) is called a:,Munafiq (Hypocrite),Zindeeq,Murtad,Kafir,A
1296,The prayer offered at the time of a solar eclipse is called:,Salat al-Istisqa,Salat al-Kusuf,Salat al-Ishraq,Salat al-Chasht,B
1297,Among whom was the Meesaq-e-Madina concluded?,Muslims and Christians,Muslims and Jews,"Muslims, Jews and Other Non-Muslims",Muslims and non-Arabs,C
1298,Who threw the first arrow for Islam?,Hazrat Hamza (RA),Hazrat Sa'd ibn Abi Waqqas (RA),Hazrat Umar (RA),Hazrat Abu Salamah (RA),B
1299,The first Caliph of Islam was:,Ali (RA),Uthman (RA),Umar (RA),Abu Bakr (RA),D
1300,"In Hadith terminology, ""Jarh wa Ta'dil"" is the science of:",Determining abrogation,Explaining difficult words,Evaluating the reliability of narrators,Classifying hadith by topic,C
1301,The Ghazwa of Dumat al-Jandal was a campaign against tribes located in:,"The southern regions, near Yemen",The eastern regions of Nejd,The northern frontiers of Arabia,The coastal area west of Madinah,C
1302,Who is known as the first great Arab alchemist?,Ibn Sina,Jabir ibn Hayyan,Al-Razi,Yahya ibn Mansur,B
1303,"Which one of the wives of the Holy Prophet (PBUH) gained the title of ""Umm-ul- Masakeen"" (Mother of the poor)?",Hazrat Khadijah (R.A.),Hazrat Maimoona (R.A.),Hazrat Zainab bint Khuzaymah (R.A.),Hazrat Aaisha (R.A.),C
1304,Which was the first Ghazwa of Islam?,Abwa,Badr,Uhud,Mu'tah,A
1305,What does Anfal mean?,The mountain,The cattle,The cow,Booty,D
1306,Hajr-e-Aswad is installed on the wall of the Khana Kaaba. What is the meaning of Aswad?,Holy,Heavenly,Heavy,Black,D
1307,Salat-e-Khusoof is performed at the occasion of:,Drought,Flood,Lunar eclipse,Earthquake,C
1308,"The ""Mathnawi"" is the most famous poetic work of which Sufi mystic?",Fariduddin Attar,Hafiz Shirazi,Jalal ad-Din Rumi,Ibn Arabi,C
1309,With the performance of which ritual on the 10th of Dhul-Hijjah are most of the restrictions of Ihram lifted?,Tawaf,Raml,Rami (Stoning of the major pillar),Wuquf,C
1310,"After Hazrat Khadija (R.A.), who was the second woman to embrace Islam?",Umm Habibah,Hafsa bint Umar,Umm Zainab,Lubabah bint Harith,D
1311,Imam Malik died,in 179 A.H.,in 180 A.H.,in 189 A.H.,None of these,A
1312,What is the backbone of the economic system of Islam?,Tax,Jihad,Zakat,Ushr,C
1313,In which plain were Prophet Adam (AS) and his wife Eve reunited after their descent to Earth?,Arafat,Muzdalifah,Mina,Hateem,A
1314,Al-Nasa'i was born in:,211 AH,214 AH,216 AH,218 AH,B
1315,Which is the oldest Holy Book?,The Torah,The Zabur,The Injeel,The Qur'an,A
1316,Waarisiyat mein beti ka hissa kitna hai?,Betay ka dugna,Betay ka nisf,Betay ka do tihai,In mein se koi nahi,B
1317,To whom were the Ten Commandments revealed?,Hazrat Shees (A.S.),Hazrat Adam (A.S.),Hazrat Musa (A.S.),Hazrat Ibrahim (A.S.),C
1318,Hazrat Zakariya (AS) was the contemporary of ______.,Hazrat Uzair (AS),Hazrat Yunus (AS),Hazrat Isa (AS),Hazrat Musa (AS),C
1319,"During the pre-Islamic era, whose responsibility was ""Siqayah"" (providing water to pilgrims)?",The clan of Abbas ibn Abd al-Muttalib,The clan of Hamza ibn Abd al-Muttalib,The clan of Talha ibn Abd al-Muttalib,The clan of Tariq ibn Abd al-Muttalib,A
1320,The Quranic verses that are clear in their meaning and form the foundation of the book are called:,Muhkamat,Mutashabihat,Naskh,Mansukh,A
1321,How many thousand Muslims left Madinah to participate in the Tabuk expedition?,10000,20000,40000,30000,D
1322,What was the total number of idols fixed around the Kaaba before the conquest of Makkah?,300,360,400,460,B
1323,Zakat was completely enforced in:,2 AH,4 AH,8 AH,9 AH,D
1324,"The ""Shadhiliyya"" and ""Tijaniyya"" are prominent Sufi orders particularly widespread in:",Central Asia,The Indian Subcontinent,Anatolia,North and West Africa,D
1325,An effective Zakat system can ensure the elimination of:,Poverty,Interest,Class distinction,Ignorance,C
1326,Bayt al-Maqdis was the Qiblah al-Awwal of the Muslims. Which was the first mosque of the Muslims?,Nabawi,Haram,Qiblatain,Quba,D
1327,Surah Al-Kausar is the shortest surah of the Holy Quran. The number of its verses (Ayaat) is:,Three,Four,Five,Less than three,A
1328,Bayt-e-Rizwan' was made to take revenge of:,Hazrat Hamza (RA),Hazrat Uthman (RA),Hazrat Ali (RA),Hazrat Umar (RA),B
1329,"Hazrat Halima, the foster mother of Prophet Muhammad (PBUH), belonged to which tribe?",Quresh,Banu Umayyah,Banu Asad,Banu Sa'd,D
1330,"The ""Sujud Sahw"" (Prostration of Forgetfulness) consists of:",Three prostrations,One prostration,Two prostrations performed before the final taslim,A separate two-rak'ah prayer,C
1331,How many stages are in the Holy Quran?,6,7,8,None of these,B
1332,Who was the first commander of the Muslim army during the Battle of Mu'tah?,Zayd ibn Harithah (RA),Ja'far ibn Abi Talib (RA),Abdullah ibn Rawaha (RA),Khalid ibn al-Walid (RA),A
1333,How many Muhajireen participated in the Battle of Badr?,313,220,82,None of these,C
1334,Fatwa Qazi Khan is an authoritative text in which school of Fiqh?,Fiqh Hanbali,Fiqh Maliki,Fiqh Shafi'i,Fiqh Hanafi,D
1335,Which Prophet is known as Dhun-Nun?,Hazrat Yunus (A.S.),Hazrat Shoaib (A.S.),Hazrat Zul-Kifl (A.S.),None of these,A
1336,Where was the first madrasah established in Medina?,Masjid-e-Quba,Masjid-e-Nabawi,Masjid-e-Qiblatain,None of these,B
1337,The effective Zakat system can ensure the elimination of:,Poverty,Interest,Class distinction,Ignorance,A
1338,Hazrat Zaid bin Haris RA's name occurred in which Surah of the Holy Quran?,Surah Al Imran,Surah Al Baqarah,Surah Al Ahzab,Surah Rehman,C
1339,When was Ali (RA) born?,Approximately 30 years after the Year of the Elephant,Approximately 23 years before the Hijrah,Approximately 35 years after the Year of the Elephant,None of them,B
1340,"While leaving for the Battle of Tabuk, whom did the Prophet (PBUH) appoint as his deputy in Medina?",Hazrat Umar (RA),Hazrat Sa'd bin Abi Waqqas (RA),Hazrat Ali (RA),None of these,C
1341,Whose nation was exterminated through the scourge of floods?,Hazrat Lut (AS),Hazrat Nuh (AS),Hazrat Yaqub (AS),Hazrat Salih (AS),B
1342,The number of prophets whose names are in the Holy Quran is,10,25,35,45,B
1343,"In which battle was Abbas (RA), the Prophet's uncle, taken as a prisoner of war?",Uhud,Badr,Hunayn,Khandaq,B
1344,Which method is used to prove the correctness of the sanad of a hadith?,Riwayah,Asma' al-Rijal,Dirayah,Musnad,A
1345,Taurat kis paighambar par naazil hui?,Hazrat Ibrahim Alaihissalam,Hazrat Musa Alaihissalam,Hazrat Sulaiman Alaihissalam,Hazrat Dawood Alaihissalam,B
1346,What was the duration of Abu Bakr's (RA) caliphate?,2 years,"2 years, 2 months, and 14 days","2 years, 2 months, and 25 days",3 years,B
1347,What is the Ihram?,A mosque,Two white sheets of unsewn cloth,The Pyramids of Egypt,The act of throwing stones,B
1348,Li'an is a clause of Islamic law related to:,An accusation of adultery by a husband against his wife,Receiving a reward,A term of trade,Bargaining,A
1349,To whom was the Torah revealed?,Hazrat Musa (AS),Hazrat Dawood (AS),Hazrat Isa (AS),Hazrat Muhammad (SAW),A
1350,Who was the commander of the Infidels in the Battle of Uhud?,Abu Lahab,Abu Sufyan,Abu Jahl,Utbah,B
1351,The Fatimid Caliphate claimed descent from:,"Fatimah bint al-Khattab, Umar's sister","Fatimah bint Asad, Ali's mother","Fatimah (RA), the Prophet's daughter","Fatimah al-Zahra, a famous scholar",C
1352,Ghazwa Tabuk was fought against:,Jews,Romans,Persians,None of these,B
1353,"Who from among the Jewish leaders instigated the Quraysh, leading to the Battle of the Ditch?",Sallam ibn Abi al-Huqayq and Kinanah ibn al-Rabi,Huyayy ibn Akhtab and other chiefs from Khyber,All of them,None of these,A
1354,The Holy Qur'an was revealed from ______.,from 607-630 AD,from 610-632 AD,from 608-633 AD,from 609-632 AD,B
1355,At least how many persons should be in Ba-Jama'at Salat?,Three,Two,Four,One,B
1356,Hazrat Yusuf (AS) and Hazrat Yaqub (AS) met each other after a period of:,20 years,30 years,40 years,50 years,C
1357,Who was the first translator of the Holy Qur'an into Urdu?,Maulana Shah Rafiuddin Muhaddis,Maulana Maududi,Maulana Abul Kalam Azad,None of the above,A
1358,"During the phase of secret preaching, what was the meeting place of Muslims where Prophet Muhammad (PBUH) taught newly converted Muslims about Islam?",House of Abu Bakr Siddique (RA),House of Uthman Ghani (RA),House of Salman Farsi (RA),House of Al-Arqam (RA),D
1359,"What is the meaning of the name of Muhammad (PBUH), ""Mustafa""?",The Chosen,The True Friend,The Guided,None of these,A
1360,Where did Salat al-Jumu'ah become Fard?,Makkah,Madinah,Abyssinia,None of these,B
1361,Nabi literally means:,The one who gives news (from God),The one who follows,The chosen one,None of these,A
1362,Name the battle in which Hazrat Ali (RA) did not participate.,Ahzab,Badr,Mu'tah,Tabuk,D
1363,"What is the meaning of the name of Muhammad (PBUH), ""Nazir""?",The Warner,The Leader,The Messenger,None of these,A
1364,What was the capital of the Abbasid Khilafah?,Qurtuba,Riyadh,Madinah,Baghdad,D
1365,What is the punishment for a married adulterer in Islam?,100 lashes,Stoning,Exile,Imprisonment,B
1366,Banu Qaynuqa and Banu Qurayza belonged to which tribe?,Christians',Jews',Hindus',None of these,B
1367,Uroos-ul-Quran is another name of:,Surah Yaseen,Surah Rehman,Surah Kausar,None of these,B
1368,"The ""Fitna of al-Andalus"" refers to the period of civil war that led to the collapse of the:",Nasrid Kingdom of Granada,Almohad Caliphate,Caliphate of Cordoba,Almoravid Empire,C
1369,Name the first man to issue a regular order to collect and write Ahadith.,Hazrat Umar bin Abdul Aziz (R.A.),Hazrat Usman bin Affan (R.A.),Hazrat Umar bin Khattab (R.A.),Hazrat Ali bin Abu Talib (R.A.),A
1370,Khateeb al-Anbiya is a title of:,Hazrat Idrees (A.S.),Hazrat Ibrahim (A.S.),Hazrat Ya'qub (A.S.),Hazrat Shu'ayb (A.S.),D
1371,Hazrat Abu Bakr (RA) was elected as Caliph at which place?,Masjid al-Haram,Al-Masjid an-Nabawi,Hazrat Abu Bakr (RA) house,Saqifah Bani Sa'idah,D
1372,"On which occasion did the Prophet (PBUH) recite, ""Truth has come and Wronghood has vanished...""?",When Abu Sufyan accepted Islam,While breaking the idols around the Kaaba,After the victory at Badr,During the Farewell Sermon,B
1373,Which incident took place on 24th September 622 AD in the life of Prophet Muhammad (PBUH)?,He migrated to Madinah.,He fell ill.,He was attacked.,He was stopped from traveling.,A
1374,"The Prophet's (PBUH) official seal had the words ""Muhammad Rasul Allah"" arranged in which order from top to bottom?","Allah, Rasul, Muhammad","Muhammad, Rasul, Allah","Rasul, Muhammad, Allah","Rasul, Allah, Muhammad",A
1375,"Which Prophet's title is ""Jadd al-Anbiya"" (Grandfather of the Prophets)?",Prophet Muhammad (PBUH),Prophet Adam (AS),Prophet Nuh (AS),Prophet Ibrahim (AS),D
1376,What is the meaning of Sariyyah?,A poetess,A famous Arabian saint,A battle not attended by the Holy Prophet (PBUH),None of these,C
1377,During whose caliphate did the Hijri calendar begin?,Hazrat Abu Bakr Siddiq (RA),Hazrat Umar (RA),Hazrat Usman (RA),Hazrat Ali (RA),B
1378,"Who compiled the first work of Hadith, ""Sahifa al-Sadiqah""?",Hazrat Abu Bakr (R.A.),Imam Muslim (R.A.),Hazrat Abdullah ibn Amr (R.A.),Hazrat Abu Hurairah (R.A.),C
1379,"The ""Battle of the Ditch"" is another name for:",Ghazwa-e-Khyber,Ghazwa-e-Khandaq,Ghazwa-e-Taif,Ghazwa-e-Mu'tah,B
1380,Who led the funeral prayer (Salat al-Janazah) of Ali (RA)?,Hassan (RA),Hussain (RA),Abu Musa (RA),Aqeel (RA),A
1381,"A ""Mursal"" hadith is one where the link between the Successor and whom is missing?",The narrator,The Companion,The Prophet (PBUH),Another Successor,C
1382,During which prophet's reign was the construction of Bait-ul-Maqdis completed?,Hazrat Ibrahim (A.S.),Hazrat Sulayman (A.S.),Hazrat Younas (A.S.),Hazrat Dawood (A.S.),B
1383,Usman Marwandi is the real name of:,Lal Shahbaz Qalandar,Bulleh Shah,Ali Hujwiri,None of these,A
1384,The Battle of Badr was fought in:,1 AH,3 AH,2 AH,4 AH,C
1385,Holy Prophet (PBUH) during his journey to Miraj did imamat at Bait-ul-Muqaddas at:,Jerusalem,Jericho,Damascus,Madina,A
1386,What was the title given to Umar (RA) as a caliph?,Khalifat Allah,Khalifat Rasul Allah,Amir al-Mu'minin,None of these,C
1387,"Which companion of Prophet Muhammad (PBUH) was awarded the title ""The Sword of Allah""?",Abu Bakr Siddique (RA),Umar Farooq (RA),Khalid bin Waleed (RA),None of these,C
1388,Which pre-Islamic war was named after an old woman whose she-camel sparked the conflict?,The War of Abs,The War of Basus,Harb al-Fijar,The War of Dhubyan,B
1389,How many sacred months are in the Islamic calendar:,Two,Four,Six,None of these,B
1390,Good behavior with Muslim neighbors and brothers is a sign of what?,Sign of faith,Sign of maintaining family ties,Sign of showing off (riya),None of these,A
1391,The color of the first flag in the history of Islam was:,White,Black,White & Black,Green,B
1392,How many Ahadith does Al-Muwatta contain?,1720,1920,2370,1820,A
1393,What is meant by Sahih Sitta? (How many books?),Six,Seven,Six,None of these,A
1394,"In which language was the Holy Qur'an first translated in 1143 A.D., while in the subcontinent it was first translated into the Sindhi language?",Persian,Latin,Portuguese,None of these,B
1395,"The ""Fihrist"" by Ibn al-Nadim is a comprehensive 10th-century catalogue of:",Hadith narrators,Quranic recitations,Famous poets,Books,D
1396,Abu Jafar al-Tusi ki kaun si taleef hai?,Sunan Ibn Majah,Al-Istibsar,Fiqh-e-Islam,In mein se koi nahi,B
1397,"Who, unable to bear the defeat at Badr, resolved to lead a new campaign against Madinah, resulting in the Ghazwa al-Sawiq?",Ikrimah,Abu Jahl,Abu Sufyan,None of these,C
1398,When was Ali (RA) martyred?,In March 661,In February 661,In January 661,In April 661,C
1399,How many Sunan-e-Wudu are there?,12,14,15,13,B
1400,Imam-e-Dar-ul-Hijrat was a title of:,Imam Ahmad,Imam Malik,Imam Shafi'i,Imam Azam Abu Hanifa,B
1401,Makkah was also called:,Ummul Qura,Baladul Ameen,Bakkah,All of these,D
1402,"What event is referred to as the ""Clear Victory"" (Fath-e-Mubeen)?",Treaty of Hudaybiyyah,Battle of Uhud,Constitution of Medina,Bayt al-Ridwan,A
1403,Who served the Prophet Muhammad (PBUH) as a personal attendant for ten years?,Abu Bakr (RA),Umar (RA),Zayd ibn Thabit (RA),Anas ibn Malik (RA),D
1404,Which is the shortest Surah in the Qur'an?,Surah Al-Kawthar,Surah Al-Falaq,Surah Al-Alaq,Surah Al-Fatihah,A
1405,"Who was called the ""Gate of Knowledge"" by the Holy Prophet (PBUH)?",Hamza (RA),Ali ibn Abi Talib (RA),Abbas (RA),All of these,B
1406,Muslims are the best of all due to:,Justice,Moderation,Truthfulness,None of these,B
1407,The only lady whose personal name is mentioned in the Qur'an:,Hazrat Bilqis (Alaihas-salam),Hazrat A'isha (Alaihas-salam),Maryam (Alaihas-salam),Hazrat Fatimah (Alaihas-salam),C
1408,Who was the foster mother of the Prophet Muhammad (PBUH)?,Thuwaybah,Halimah al-Sa'diyah,Fatimah bint Asad,Umm Ayman,B
1409,The Torah is the holy book of which religion?,Hinduism,Judaism,Christianity,None of these,B
1410,In which year was Sadaqat-ul-Fitr (Fitrana) made obligatory?,In 2 AH,In 3 AH,In 4 AH,In 5 AH,A
1411,Name the great wrestler of the Quraish who was defeated three times by the Holy Prophet (PBUH).,Uba,Hakkam,Rukanah,Rushd,C
1412,For how many years did Hazrat Nuh (A.S.) live?,950 years,970 years,1000 years,1010 years,A
1413,"In Islamic finance, ""Musharakah"" is a type of partnership where:","One partner provides capital, the other provides labor",Partners agree to buy a commodity for a deferred price,All partners contribute capital and share profits and losses,An asset is leased to a client,D
1414,Hazrat Yaqoob (AS) had how many sons:,8,10,12,14,C
1415,Prophet Shu'ayb (AS) was sent to the people of:,Madyan,Ad,Thamud,Sodom,A
1416,In which hijri Hazrat Muhammad (SAW) performed hajj?,in 1st Hijri,in 9th Hijri,in 10th Hijri,in 8th Hijri,C
1417,"The Musnad of Imam Ahmad ibn Hanbal contains approximately how many hadith, including repetitions?",10000,"Up to 40,000",100000,5000,B
1418,Hazrat Jafar kis ghazwa mein shaheed huay?,Ghazwa Uhud,Ghazwa Motah,Ghazwa Khyber,In mein se koi nahi,B
1419,Identify the last Ghazwa in which the Holy Prophet (PBUH) participated.,Mu'tah,Tabuk,Hunayn,Ahzab,B
1420,How many Jamarat (pillars) are stoned during the rites of Hajj?,4,5,7,3,D
1421,Which is the second longest Surah?,Al-Baqarah,Yaseen,Aal-e-Imran,Rahman,C
1422,Who suggested to Umar (RA) that the Islamic calendar should start from the year of the Hijrah?,Uthman (RA),Sa'id ibn Zayd (RA),Talha (RA),Ali (RA),D
1423,Name the person whose responsibility was to provide water to the Hujjaj.,Abbas ibn Abd al-Muttalib,Hamza ibn Abd al-Muttalib,Talha ibn Abd al-Muttalib,Tariq ibn Abd al-Muttalib,A
1424,In which Islamic month is the Hajj performed?,Dhul-Hijjah,Dhul-Qa'dah,Safar,Muharram,A
1425,The Holy Prophet (PBUH) died at the time of Chasht on:,10 Rabi-ul-Awwal,11 Rabi-ul-Awwal,12 Rabi-ul-Awwal,18 Rabi-ul-Awwal,C
1426,Who were Haroot and Maroot?,Jins,Animals,Human beings,None of these,D
1427,Who was the grandfather of Uthman (RA)?,Amir ibn Amr,Abd al-Muttalib,Abu al-'As ibn Umayyah,Nufayl ibn Abd al-Uzza,C
1428,Name the person who first translated the Holy Quran into Persian.,Abdullah Yusuf Ali,Shah Wali Ullah,Abul Fazl,None of these,B
1429,Hazrat Aminah (R.A.) suggested the name 'Ahmad' for Muhammad (PBUH). What does Ahmad mean?,Appreciated,Loved,Who appreciates,Who loved,C
1430,"The ""Quraysh of the exterior"" (Quraysh al-Zawahir) referred to the clans living:",In the city center of Makkah,In the mountainous regions,In the coastal areas,On the outskirts of Makkah,D
1431,The upright stones at some distance from one another are called ________.,Jamarat,Rami,Wuquf,Sa'i,A
1432,Which wife of the Holy Prophet (SAW) was a great scholar?,Hazrat Khadija (RA),Hazrat Ayesha (RA),Hazrat Umm Salma (RA),None of these,B
1433,The Battle of al-Qadisiyyah was a decisive victory for the Rashidun Caliphate against the:,Visigothic Kingdom,Byzantine Roman Empire,Sasanian Persian Empire,Aksumite Empire,C
1434,The first Surah to be revealed completely was:,Surah Al-Alaq,Surah Al-Fatiha,Surah Al-Muddaththir,Surah Al-Ikhlas,B
1435,Which Holy Book is called the New Testament?,The Torah,The Zabur,The Injeel,The Qur'an,C
1436,Which Surah is the only one named after a woman who was not related to a prophet?,Maryam,Al-Nisa,Al-Mujadila,Al-Mumtahanah,A
1437,"Who, on behalf of the Quraysh, insisted on writing ""Bismikallahumma"" instead of ""Bismillah-ir-Rahman-ir-Rahim"" on the Treaty of Hudaybiyyah?",Suhayl ibn Amr,Abu Sufyan,Hassan ibn Adeel,None of these,A
1438,"Which famous companion narrated the Hadith about the ""Five Pillars"" of Islam?",Abu Hurairah,Aisha (RA),Anas ibn Malik,Abdullah ibn Umar,D
1439,The 'Mi'raj Sharif' event occurred on ______.,on 18 Rajab,on 20 Ramadan,on 27 Rajab,on 20 Shawwal,C
1440,Who is known as Umar Thani (the second Umar)?,Abdul Malik,Harun al-Rashid,Umar bin Abdul Aziz,None of these,C
1441,"Which Surah mentions the orders for Wudu, Ghusl, and Tayammum?",Al-Noor,Al-Maidah,Al-Muminun,None of these,B
1442,Which Prophet was given the miracle of beautiful voice (melodious recitation)?,Prophet Musa (AS),Prophet Dawud (AS),Prophet Isa (AS),None of these,B
1443,"Which battle ended in a tactical stalemate, with both sides withdrawing without a decisive result?",Hunayn,Ohad,Tabuk,Mu'tah,D
1444,The Battle of Hunayn was fought against which powerful tribe?,The tribe of Hawazin,The Quraysh,The Aws,None of these,A
1445,"Who advised Uthman (RA) to either fight the rebels, go to Makkah, or go to Syria?",Khalid ibn al-Walid (RA),Sa'd ibn Abi Waqqas (RA),Ali ibn Abi Talib (RA),Mughira ibn Shu'ba (RA),D
1446,"Birds, animals, jinn, and humans used to obey which Prophet?",Prophet Sulaiman (AS),Prophet Yusuf (AS),Prophet Ishaq (AS),Prophet Yaqub (AS),A
1447,What is Istilam?,Salam to Kaaba,Salam to Hajre Aswad,Kissing Hajre Aswad,Praying at Muqam-e-Ibrahim,C
1448,What does mean by Sahih?,Authentic,TRUE,Right,Exact,A
1449,Who among the following was the personal attendant of the Holy Prophet?,Hazrat Anas ibn Malik,Hazrat Zayd bin Harithah,Hazrat Zayd bin Thabit,None of these,A
1450,A Quranic commentary that focuses on mystical and spiritual insights is known as:,Tafsir al-Fiqhi,Tafsir al-Lughawi,Tafsir al-Ishari,Tafsir bi-al-Ra'y,C
1451,In which year were the vowels inserted in the Qur'an?,49 A.H.,13 A.H.,43 A.H.,20 A.H.,C
1452,Abu Jahl was killed in the Battle of:,Badr,Hunain,Uhad,Khandaq,A
1453,The sources of knowledge for the foundation of Islamic education are based on:,The Quran,The Sunnah,Fiqh,All of these,D
1454,"Who was a historian, jurist, and philosopher, as well as a politician?",Shams al-Din ibn Khallikan,Abd al-Rahman ibn Khaldun,Abu Bakr Muhammad ibn Yahya,None of these,B
1455,Tafsir bi-al-Ma'thur is a method of Quranic commentary that relies on:,Linguistic analysis,Independent reasoning (Ra'y),"Transmitted reports (Quran, Sunnah, Sahabah)",Scientific interpretation,C
1456,Ashab al-Aykah (The People of the Thicket) was the nation of which prophet?,Isa (AS),Salih (AS),Musa (AS),Shu'ayb (AS),D
1457,Name the Masjid (Mosque) in which the Holy Prophet Muhammad (SAW) led the prayer during the Miraj.,Masjid Al-Aqsa,Masjid Quba,Masjid-e-Nabawi,Masjid Al -Haram,A
1458,For how long did Prophet Muhammad (PBUH) receive the revelation of the Qur'an in Makkah?,15 years,16 years,13 years,12 years,C
1459,A leader elected by the people to manage their affairs according to divine law is known as a:,President,Khalifah,Shah (King),Rasheed,B
1460,"The term ""Ahl al-Sunnah wa al-Jama'ah"" was consolidated to differentiate from groups like the Shia and:",Sufis,Hanafis,Malikis,Kharijites,D
1461,Name the member of Ashab-e-Suffah who had narrated the maximum Ahadith.,Hazrat Abdullah ibn Mas'ud (RA),Hazrat Abu Hurairah (RA),Hazrat Abdullah ibn Umar (RA),Hazrat Abdullah ibn Abbas (RA),B
1462,Which Surah of the Holy Quran is called 'the heart of the Quran'?,Surah Al-Ikhlas,Surah Yaseen,Surah Al-Baqarah,Surah Ar-Rahman,B
1463,"What is the meaning of ""Israel"", the title of Hazrat Yaqoob?",God's Friend,God Blessed,One who strives with God,God's Son,C
1464,Tarikh al-Tabari is a book of:,History,Ahadith,Geography,None of the above,A
1465,Name the person who learnt the words of the Adhan from Hazrat Jibraeel (A.S.) and taught these words to Hazrat Bilal (R.A.).,Hazrat Anas ibn Malik (R.A.),Hazrat Zubair ibn Awwam (R.A.),Hazrat Abdullah ibn Zayd (R.A.),The Holy Prophet (PBUH),C
1466,Name the first female Muslim.,Hazrat Khadija (RA),Hazrat Fatima (RA),Hazrat Ayesha (RA),Hazrat Zainab (RA),A
1467,Name the first Muslim among slaves.,Hazrat Usamah bin Zaid (RA),Hazrat Bilal Habshi (RA),Hazrat Zaid bin Haris (RA),None of these,C
1468,What was the approximate number of soldiers of the confederates during the Battle of the Ditch?,7500,9000,10000,15000,C
1469,Which Surah is known as Aroos-ul-Quran?,Ar-Rahman,Al-Alaq,Al-Baqarah,Al-Asr,A
1470,"Who is the author of the famous book on Islamic philosophy, ""The Incoherence of the Philosophers"" (Tahafut al-Falasifa)?",Al-Ghazali,Ibn Sina,Ibn Rushd,Al-Farabi,A
1471,When was Muhammad (PBUH) born?,16th Rabi-ul-Awwal,17th Rabi-ul-Awwal,12th Rabi-ul-Awwal,10th Rabi-ul-Awwal,C
1472,Which among the following was the first martyr of Islam?,Hazrat Khabbab (R.A),Hazrat Yasir (R.A),Hazrat Sumayyah (R.A),Hazrat Zubair (R.A),C
1473,"The ""Druze"" are a religious community whose beliefs originated as an offshoot of which branch of Islam?",Sunni,Twelver Shia,Isma'ili Shia,Zaydi Shia,C
1474,Who is called 'Sani as-Nain' ?,Hazrat Nuh,Hazrat Abu Bakr,Hazrat Yahya,Hazrat Ibrahim,B
1475,What is Muzdalifah?,Forest,Stream,Desert,Plain,D
1476,"Qurbani during Hajj, is performed at:",Arafat,Mina,Muzdalfa,Safa,B
1477,Which prophet is called Adam-e-Sani?,Hazrat Idris (A.S.),Hazrat Yahya (A.S.),Hazrat Nuh (A.S.),Hazrat Ibrahim (A.S.),C
1478,Which companion was martyred at the Battle of Yamama while holding the flag of the Muhajirun?,Zayd ibn al-Khattab (RA),Abdullah ibn Umar (RA),Abu Hudhayfah (RA),Ikrimah ibn Abi Jahl (RA),A
1479,Which prophet introduced the science of astronomy?,Hazrat Idris (A.S.),Hazrat Isa (A.S.),Hazrat Musa (A.S.),Hazrat Shees (A.S.),A
1480,Which is the shortest Surah in the Qur'an?,Surah Al-Kawthar,Surah Al-Falaq,Surah Al-Alaq,Surah Al-Fatiha,A
1481,The total number of migrants in the second migration to Abyssinia was:,'15,'92,'110,'101,D
1482,"The city of ""Samarkand"" was conquered and became a major Islamic center under the leadership of which Umayyad general?",Musa ibn Nusayr,Muhammad ibn Qasim,Qutayba ibn Muslim,Uqba ibn Nafi,C
1483,Which nation unanimously acknowledged Hazrat Dawood (A.S.) as their king?,Bani Aad,Bani Israel,Bani Thamud,None of these,B
1484,The first serious students of the Qur'an were:,Ashab-us-Suffah,Hazrat Bilal and Hazrat Zaid ibn Harith,The people of Madinah,None of the above,A
1485,Which wife of the Holy Prophet (PBUH) was a scholar?,Hazrat Ayesha (RA),Hazrat Khadija (RA),Hazrat Maria (RA),None of these,A
1486,Which of the following was the pupil of Hazrat Abu Hurairah?,Ahmad ibn Hanbal,Hammam ibn Munabbih,Imam Malik,Imam Bukhari,B
1487,Who assassinated Ali (RA)?,Abu Lu'lu'a Firuz,Abd al-Rahman ibn Muljam,Both of them,None of these,B
1488,"The ""Kufic"" script is a style of Arabic calligraphy known for its:",Cursive and flowing nature,Use in personal correspondence,Small and delicate form,Angular and rectilinear letters,D
1489,Name the Sahabi who was the cousin and son-in-law of the Holy Prophet (PBUH).,Hazrat Ali (RA),Hazrat Zayd ibn Harithah (RA),Hazrat Zayd ibn Thabit (RA),Hazrat Uthman (RA),A
1490,Name the first-ever Muslim family.,Hazrat Ali's (RA) family,Hazrat Khadijah's (RA) family,Hazrat Abu Bakr's (RA) family,Hazrat Umar's (RA) family,C
1491,"Who died in the ""Year of Sorrow""?",Hazrat Fatimah and Hazrat Maria (R.A.),Hazrat Khadijah and Hazrat Abu Talib,Hazrat Umar and Hazrat Zayd (R.A.),None of these,B
1492,First Hajj of Islam was performed in ____,7 A.H,8 A.H,9 A.H,10 A.H,C
1493,"In Islamic inheritance law (""'Ilm al-Fara'id""), ""Asabah"" refers to:",Distant relatives,Heirs with fixed shares,Residuary heirs who inherit what is left after the fixed shares,The state treasury,C
1494,The most important rite of Hajj after assuming Ihram is:,Tawaf,Wuquf at Arafat,Rami,Jamarat,B
1495,"What is meant by the name of Allah ""Al-Waris""?",The Supreme Inheritor,The Merciful,The Opener,The Honourer,A
1496,"The ""Mihrab"" of a mosque was likely an architectural feature adapted from the:",Roman basilica's apse,Zoroastrian fire temple,Buddhist stupa,Apses in Coptic churches,D
1497,What is a person who offers his prayer alone called?,Wahid,Mustahab,Munfarid,None of these,C
1498,The first pillar of Islam is:,Namaz,Roza,Zakat,Shahadah,D
1499,Who killed the murderer of Umar (RA)?,Hazrat Uthman (RA),Abd al-Rahman ibn Awf (RA),The murderer committed suicide immediately after,He was executed by Ali (RA),C
1500,Who is the only lady whose personal name is mentioned in the Qur'an?,Hazrat Bilqis (A.S.),Hazrat A'ishah (R.A.),Maryam (A.S.),Hazrat Fatimah (R.A.),C
1501,Name the personality whose embracing of Islam invigorated the Islamic movement.,Hazrat Ali (RA),Hazrat Umar (RA),Hazrat Hamza (RA),Hazrat Abu Bakr (RA),C
1502,Who was called Abul Bashar Sani?,Hazrat Adam (A.S.),Hazrat Nuh (A.S.),Hazrat Ibrahim (A.S.),Hazrat Musa (A.S.),B
1503,"During the Orthodox Caliphate, who had the longest tenure?",Hazrat Ali (RA),Hazrat Uthman (RA),Hazrat Umar (RA),Hazrat Abu Bakr Siddique (RA),B
1504,Who is called Jadd-ul-Anbiya?,Hazrat Ishaq (A.S.),Hazrat Yaqoob (A.S.),Hazrat Yousaf (A.S.),Hazrat Ibrahim (A.S.),D
1505,How many articles were in the Charter of Madinah?,Fifty,Forty-seven,Fifty-eight,None of these,B
1506,The Battle of Talas in 751 AD was a significant encounter between the Abbasid Caliphate and the:,Tang Dynasty of China,Byzantine Empire,Ghaznavids,Khazars,A
1507,"In which battle was Hazrat Khalid bin Waleed given the title ""Sword of Allah""?",Battle of Tabuk,Battle of Mu'tah,Battle of the Trench (Khandaq),Battle of Uhud,B
1508,The Islamic calendar is based on which type of year?,Solar,Lunar,Luni-Solar,Gregorian,B
1509,How many verses were revealed in the first revelation?,Five,Seven,Three,Four,A
1510,How many times does the word 'jihad' appear in the Quran?,30 times,37 times,41 times,40 times,B
1511,Which Prophet was put in the fire?,Prophet Ibrahim AS,Prophet Noah AS,Prophet Loot AS,None of these,A
1512,The Hijri calendar was started by,Hazrat Umar (R.A.),Hazrat Usman,Hazrat Ali (R.A.),None of these,A
1513,Hajj was made compulsory in,8 A.H.,9 A.H.,10 A.H.,None of these,B
1514,Who took the message of the Holy Prophet (PBUH) to the Egyptian King?,Hazrat Ubayy ibn Ka'b (R.A.),Hazrat Amr ibn al-As (R.A.),Hazrat Umayr ibn Umayyah (R.A.),Hazrat Hatib ibn Abi Balta'ah (R.A.),D
1515,"'In the 10th Nabawi year, a very dear and near uncle of the Holy Prophet (PBUH) died. What was his name?",Hazrat Hamza (R.A.),Hazrat Abu Talib (R.A.),Hazrat Zubair (R.A.),Hazrat Abbas (R.A.),B
1516,"The Day of Ashura, on the 10th of Muharram, commemorates the event of:",Prophet Musa (AS) and the Israelites being saved from Pharaoh,The birth of the Prophet (PBUH),The first revelation,The Battle of Badr,A
1517,"The ""Code of Hammurabi"" is an ancient legal code from which civilization, located in modern-day Iraq?",Egyptian,Roman,Greek,Babylonian,D
1518,Mention the number of Takbirs in Salat al-Janazah.,Four,Five,Six,Seven,A
1519,In whose house did the Holy Prophet (PBUH) stay in Quba?,Kulthum ibn al-Hadam,Ayyub Ansari,Sa'd ibn Mu'adh,Sa'd ibn Ubadah,A
1520,The following prophet was the maternal grandfather of Hazrat Ayyub (AS):,Hazrat Harun (AS),Hazrat Lut (AS),Hazrat Musa (AS),None of these,B
1521,"In how many years, months, and days was the Holy Qur'an revealed?","22 years, 5 months, and 14 days","22 years, 6 months, and 17 days","22 years, 7 months, and 18 days","22 years, 8 months, and 12 days",A
1522,The Treaty of Hudaybiyyah was signed in:,5th Hijrah,6th Hijrah,7th Hijrah,8th Hijrah,B
1523,The mention of the noble character (Uswah-e-Hasanah) of the Prophet PBUH is in:,Surah Baqarah,Surah- Al Ahzab,Surah Al-maida,None of these,B
1524,"The ""Naqshbandiyya"" is a major Sufi order known for its practice of:",Whirling dance,Vocal dhikr,Silent dhikr (remembrance),Extreme asceticism,C
1525,Namaz-e-Istisqa is a prayer for:,The blessing of God,Pardon,Rain,Sleep,C
1526,The Adhan was started in:,1 A.H.,2 A.H.,3 A.H.,4 A.H.,A
1527,Which son of Suhayl ibn Amr came to the Muslim camp during the writing of the Treaty of Hudaybiyyah but was returned to the Quraysh?,Abu Jandal ibn Suhayl (RA),Uthman ibn Suhayl (RA),Usamah ibn Suhayl (RA),Karash ibn Suhayl (RA),A
1528,Which Surah is recommended to be recited on Fridays?,Surah Yaseen,Surah Al-Kahf,Surah Al-Waqi'ah,Surah Ar-Rahman,B
1529,What is the most important event of the sixth Hijrah?,The Prohibition of wine,The Treaty of Hudaybiyyah,The Battle of Ahzab,The Mithaq-e-Madinah,B
1530,"When a Sahabi did something and Holy Prophet (PBUH) did not say anything upon it, this Hadith Sharif is called:",Hadees-e-Qudsi,Hadees-e-Taqriri,Hadees-e-Marfu,None of these,B
1531,"The ""Shia"" sect's name is a shortening of ""Shi'at Ali,"" which means:",The Family of Ali,The Followers of Ali,The Party of Ali,The Successors of Ali,C
1532,"Aisha (RA), Muawiya (RA), Talha (RA), and Zubayr (RA) demanded retribution for the martyrdom of:",Ali (RA),Uthman (RA),Umar (RA),Hamza (RA),B
1533,Give the name of the Umayyad Caliph whose four sons also became Caliphs after him.,Marwan Bin Hakam,Ibrahim Bin Walid,Abdul Malik,Walid-II,C
1534,What is the date of the martyrdom of Ali (RA) in the Hijri calendar?,"21st Ramadan, 40 AH","21st Muharram, 40 AH","25th Ramadan, 41 AH","25th Muharram, 41 AH",A
1535,The conquest of Egypt was initiated and led by the Muslim general:,Sa'd ibn Abi Waqqas (RA),Khalid ibn al-Walid (RA),Amr ibn al-As (RA),Abu Ubaidah ibn al-Jarrah (RA),C
1536,Kitab-ul-Asar compiled by:,Imam Shafi'i (RA),Imam Malik (RA),Imam Muhammad (RA),Imam Abu Hanifa (RA),D
1537,What was the immediate cause of the Battle of Mu'tah?,Martyrdom of Ja'far (RA),Martyrdom of Zayd bin Harithah (RA),The killing of the Prophet's envoy,Martyrdom of Abdullah bin Rawaha (RA),B
1538,Which of the following prophets was bestowed with kingship by Allah?,Hazrat Noah (A.S.),Hazrat Dawood (A.S.),Hazrat Younas (A.S.),Hazrat Ibrahim (A.S.),B
1539,Zam Zam is the spring of water that emerged from beneath the feet of Hazrat Ismaeel (A.S.). What is the meaning of Zam Zam?,Al-Shafa,Stop stop,flow flow,Al-Rahmat,B
1540,"Name the Salat in which verses of the Holy Qur'an are not recited, and this Salat does not have any Sajdah.",Salat al-Kusuf,Salat at-Tasbih,Salat al-Janazah,None of these,C
1541,Where did the Quraysh of Makkah migrate to in the summer?,Syria,Egypt,Yemen,None of these,A
1542,What do you call a Muslim who saw the Holy Prophet (PBUH) and then expired as a Muslim?,Sahabi,Tabi'i,Ansar,Taba Tabi'i,A
1543,Which book was compiled by Ahmad Bin Shoaib (RA)?,Bukhari Sharif,Muslim Sharif,Tirmizi Sharif,None of these,D
1544,"The Islamic financial instrument representing ownership in a portfolio of assets, similar to a stock, is called:",Takaful,Riba,Sukuk,Mudarabah,C
1545,The first Ghazwa in Islam in which Muslims fought?,Ghazwa Abwa,Ghazwa Badr,Ghazwa Uhad,None of these,B
1546,"The ""Hadith of Gabriel"" (Hadith Jibril) provides the foundational definitions for Islam, Iman, and:",Sharia (Law),Taqwa (Piety),Ihsan (Excellence),Fiqh (Jurisprudence),C
1547,"The ""Damascus Document"" is an important text associated with which ancient Jewish sect?",Sadducees,Pharisees,Essenes (Qumran community),Zealots,C
1548,The conquest of Jerusalem by the Muslims first occurred in 637 AD under the caliphate of:,Umar (RA),Abu Bakr (RA),Uthman (RA),Ali (RA),A
1549,"Who is called ""Saqi Zamzam"" (The Giver of Zamzam Water), a title inherited by his clan?",Hazrat Abbas (RA),Hazrat Hamza (RA),Hazrat Mu'adh ibn Jabal (RA),Hazrat Muawiyah (RA),A
1550,The Sasanian dynasty ruled over:,Cyprus,Iran,Tajikistan,Azerbaijan,B
1551,"Along with Abdullah, which foster sister(s) of Muhammad (PBUH) embraced Islam?",Unaysah,Shayma,Both of these,None of these,C
1552,What was the name of the foster sister of the Holy Prophet (PBUH)?,Hazrat Salma (R.A.),Hazrat Ruqaiyyah (R.A.),Hazrat Mariah (R.A.),Hazrat Sheema (R.A.),D
1553,What was the name of the Prophet's (PBUH) son with his wife Maria al-Qibtiyya?,Qasim,Abdullah,Al-Tahir,Ibrahim,D
1554,The events of Sabbath and Mount Tur are associated with which prophet?,Prophet Isa (A.S),Prophet Yaqub (A.S),Prophet Musa (A.S),None of these,C
1555,The gathering at Arafat is held on:,On 8 Dhul Hijjah,On 9 Dhul Hijjah,On 10 Dhul Hijjah,On 12 Dhul Hijjah,B
1556,What is meant by Khums?,One-sixth,One-fifth,One-fourth,One-third,B
1557,The name of the grandfather of Muhammad (PBUH) was:,Abdul Uzza,Wahb ibn Abd Manaf,Amr ibn Umro,Abdul Muttalib,D
1558,Ameen-ul-Ummah' was the title of:,Hazrat Ali,Hazrat Hamza,Hazrat Abu Ubaidah ibn al-Jarrah,Hazrat Abu Hurairah,C
1559,"Whom did the Prophet (PBUH) give command of the left wing of the army, ordering him to enter Makkah from the north during the conquest?",Hazrat Ali (RA),Hazrat Umar (RA),Hazrat Khalid ibn al-Walid (RA),Zubayr ibn al-Awwam (RA),D
1560,How many Sunnah acts are there in Hajj?,Six,Three,"Numerous, with no fixed number",One,C
1561,How many obligations or Farz are in Wudu?,Three,Five,Six,Four,D
1562,"A ""Sariyya"" is a military expedition that was:",Fought during a sacred month,Led by the Prophet Muhammad (PBUH),Not personally led by the Prophet Muhammad (PBUH),A naval battle,C
1563,Rights of Parents' are mentioned in which Surah of the Holy Quran?,Surah Ahzab,Surah Luqman,Surah Maryam,Surah Al-Ma'idah,B
1564,Name the personality after whom Muslims started praying in the Ka'bah after embracing Islam.,Hazrat Hamza (RA),Hazrat Ali (RA),Hazrat Usamah (RA),Buraydah Aslami,A
1565,"The social system of ""Jizya"" was a tax levied on non-Muslims in exchange for:",Exemption from military service and state protection,The right to trade,The right to build temples,Permission to travel,A
1566,To which prominent tribe did Qusayy ibn Kilab belong?,Bani Asad,Quraysh,Tamim,Qais,B
1567,"The Islamic principle of ""'Ismah"" refers to the doctrine of:",The finality of Prophethood,The oneness of God,The infallibility of Prophets,The justice of the Companions,C
1568,"The ""Ghulams"" were slave-soldiers who formed the military backbone of which Persian dynasty?",Buyid,Ghaznavid,Samanid,Saffarid,C
1569,Who was/were killed by a dreadful earthquake?,People of Sodom,People of Gomorrah,Both of these,None of these,C
1570,"The Quranic phrase ""Fi jeediha"" means:",Around her neck,Around her feet,In her hands,In her heart,A
1571,Ziarat-e-Tawaf is:,Farz,Wajib,Nafli,None of these,A
1572,When did Hazrat Ja'far ibn Abi Talib (R.A.) come back to Medina?,5 A.H.,6 A.H.,7 A.H.,8 A.H.,C
1573,"Who died in the 10th year of Prophethood in Ramadan, and three days after his death, Hazrat Khadijah (R.A.) also died?",Abu Talib,Abu Abbas,Abu Hamza,Abu Sufiyan,A
1574,Who was the father of Umar (RA)?,Khattab ibn Nufayl,Abu Quhafah,Affan ibn Abi al-'As,Abu Talib,A
1575,Who bought the Well of Ruma and dedicated it for the use of the Muslims?,Umar (RA),Abu Bakr (RA),Ali (RA),Uthman (RA),D
1576,What was the title of Hazrat Moosa (A.S.)?,Khalil-ullah,Zabih-ullah,Habib-ullah,Kalim-ullah,D
1577,Which warrior from the confederates fell into the ditch and died while trying to cross it on his horse?,Dirar ibn Al-Khattab,Amr ibn Abd Wudd,Nawfal ibn Abdullah,Ubaydah ibn Sa'id,C
1578,Which of these is NOT one of the five pillars of Islam?,Zakat (Charity),Salah (Prayer),Jihad,Hajj (Pilgrimage),C
1579,The Ten Commandments are associated with which religion?,Islam,Christianity,Judaism,Religion of Ibrahim (A.S),C
1580,What is the real name of the great scholar Shah Waliullah Dehlawi?,Qutb al-Din Ahmad,Ahmad Shah,Ayyub Ali,None of these,A
1581,Where was Ali (RA) born?,"Inside the Kaaba, Makkah",Masjid an-Nabawi,Masjid Quba,None of these,A
1582,The Prophet (PBUH) ordered the digging of a trench on the border of:,Madinah,Iraq,Kuwait,Yemen,A
1583,Hazrat Yusuf (AS) was thrown into a well by his brothers. What was his age at that time?,10 years,15 years,20 years,30 years,B
1584,Name the person whose house became the center of the preaching of Islam.,Hazrat Abu Bakr (RA),Hazrat Usman (RA),Hazrat Arqam (RA),Hazrat Talha (RA),C
1585,How many mosques are named in the Holy Qur'an?,2,3,4,5,D
1586,Name the first Muslim ruler who established a navy.,Hazrat Umar (RA),Hazrat Uthman (RA),Hazrat Ali (RA),Hazrat Ameer Muawiyah (RA),B
1587,In which year did the Battle of Uhud take place?,4 AH,5 AH,2 AH,3 AH,D
1588,"The ""Alhambra"" palace is a famous example of Islamic architecture in which city?",Granada,Cordoba,Seville,Toledo,A
1589,"Who is traditionally credited with giving the name ""Ahmed"" to the Prophet (PBUH)?",Abd al-Muttalib,Abu Talib,Abdullah,Amina (RA),D
1590,Which prophet was given power over the Jinn?,Hazrat Moosa (A.S.),Hazrat Eesa (A.S.),Hazrat Sulayman (A.S.),No one,C
1591,Name the fifth Kalimah.,Kalimah-e-Tauheed,Kalimah-e-Tamjeed,Kalimah-e-Shahadat,Kalimah-e-Istighfar,D
1592,"What is the meaning of the name of Allah ""Ar-Rafi""?",The Abaser,The Exalter,The Expander,None of these,B
1593,A battle in which the Holy Prophet (PBUH) did not participate is known as:,Ghazwa,Sariyah,Jizya,Al-Fai',B
1594,The first child who accepted Islam was:,Hazrat Abu Bakr (RA),Hazrat Umar (RA),Hazrat Usman (RA),Hazrat Ali (RA),D
1595,"In the 5th year of Prophethood, in the month of Rajab, where did the Holy Prophet (PBUH) order his companions to migrate?",Medina,Habsha,Kufa,Basra,B
1596,'The ring of the Holy Prophet (PBUH) was made by:,Sa'd bin Abi Waqqas,Abu Ayyub Ansari,Ya'la bin Umayyah,Uthman bin Affan,C
1597,The teeth of the Holy Prophet (SAW) were martyred in the Battle of:,Badr,Hunain,Uhad,Khandaq,C
1598,"According to the Qur'an, which sin is declared as 'Zulm-un-Azim'?",Hypocrisy,Shirk,Lying,None of these,B
1599,Hazrat Umar (RA) accepted Islam after being influenced by which Surah?,Surah Al-Mulk,Surah Ta-Ha,Surah Muhammad,None of these,B
1600,How many years did Harun al-Rashid reign?,20 years,21 years,22 years,23 years,D
1601,"The ""Takbir"" in Salah refers to the saying of:",Alhamdulillah (Praise be to God),Subhan'Allah (Glory be to God),Allahu Akbar (God is the Greatest),La ilaha ill'Allah (There is no god but God),C
1602,"What is the meaning of the name of Muhammad (PBUH), ""Mansur""?",The Victorious,The Helper,The Preacher,The Hafiz,A
1603,Which part of Zakat is not collected if it falls in:,Already paid,Arrears,Paid,None of the above,B
1604,How many Muslims were martyred in Ghazwa Badr?,10,14,18,20,B
1605,"How many verses of ""Sajdah"" (prostration) are there in the Holy Quran?",12,14,15,10,B
1606,The longest Surah in the Holy Qur'an is ______.,Surah Al-Imran,Surah Al-Baqarah,Surah Al-Falaq,Surah An-Nisa,B
1607,Meaning of Al-Wahid:,The Noble,The Unique,The Alive,The Powerful,B
1608,"The ""Hafs an Asim"" is the most common `qira'at` (method of recitation) of the Quran in:",Sudan,North Africa,The majority of the Muslim world,The Canary Islands,C
1609,Who martyred Hamza (RA) in the Battle of Uhud?,Washi ibn Harb,Utbah,Sa'd,None of these,A
1610,"One who tries to struggle against his self, i.e., evil self, is called a ______.",Mujahid,Shaheed,Ghazi,Mujtahid,A
1611,The sermon delivered by the Prophet (PBUH) on his final Hajj is known as:,The Madinah Charter,The Farewell Sermon (Khutbatul Wada),The Pledge of Aqabah,The Hudaybiyyah Treaty,B
1612,Who was appointed as custodian of the Bayt al-Mal by Hazrat Umar (R.A.)?,Abdullah ibn Arqam (R.A.),Abdullah ibn Umar (R.A.),Abdullah ibn Masud (R.A.),Abdullah ibn Zubayr (R.A.),C
1613,Hazrat Yusuf (AS) and Hazrat Ya'qub (AS) met each other after a period of ______.,20 years,30 years,40 years,50 years,C
1614,Ashab al-Sabt means:,Jews,Christians,Muslims,Sabians,A
1615,What do you understand by Jacob?,Hazrat Yaqoob (A.S.),Hazrat Younas (A.S.),Hazrat Ibrahim (A.S.),Hazrat Ishaq (A.S.),A
1616,"The legal category ""Mandub"" or ""Mustahabb"" refers to an act that is:",Disliked but not forbidden,Obligatory,"Recommended and rewarded, but not obligatory",Forbidden,C
1617,Caliph Al-Mansur (Abbasid) was the brother of:,Abu Haider,Abu Ja'far,Al-Saffah,None of these,C
1618,Which Roman governor ordered the execution of Hazrat Isa (AS)?,Theodore,Pontius Pilate,Herod,None of these,B
1619,Name the first one whose expression of pride was liked by the Holy Prophet (PBUH).,Abu Darda,Abu Umar,Abu Nasir,Abu Dajanah,D
1620,"What is meant by the name of Muhammad (PBUH), ""Mahdi""?",The Leader,The Rasool,Well-Guided,The Intercessor,C
1621,Sihah al-Sittah is a term used for the:,Five authentic books of Hadith,Six authentic books of Hadith,Seven authentic books of Hadith,None of these,B
1622,The administration of which of the Rightly Guided Caliphs is often considered the most exemplary model?,Abu Bakr al-Siddiq (RA),Umar (RA),Uthman (RA),Ali (RA),B
1623,Mina lies between ______.,Arafat and Makkah,Arafat and Madinah,Jeddah and Ta'if,Makkah and Jeddah,A
1624,"On the Day of Judgment, the first question will be about:",Fast,Zakat,Namaz,None of these,C
1625,Which companion was appointed to collect the agricultural tax from the Jews of Khyber?,Abdullah ibn Rawaha (RA),Abdullah ibn Ma'az (RA),Abdullah ibn Abdullah (RA),Abdullah ibn Khaleeq (RA),A
1626,For how many days did the Holy Prophet (PBUH) stay at Quba?,10 days,12 days,13 days,14 days,D
1627,"Before Damascus, which major city was the capital of the Muslim Empire?",Baghdad,Madina,Kufa,Jerusalem,C
1628,Identify the number of Surahs in the Holy Qur'an which are named after various prophets.,4,6,8,9,B
1629,When did the tragic event of Hazrat Usman's martyrdom take place?,"18th of Dhu al-Hijjah, 35 A.H.","19th of Dhu al-Hijjah, 35 A.H.","20th of Dhu al-Hijjah, 35 A.H.","21st of Dhu al-Hijjah, 35 A.H.",A
1630,Who added the second Adhan for Friday prayers?,Hazrat Abu Bakr (RA),Hazrat Umar (RA),Hazrat Uthman (RA),Hazrat Ali (RA),C
1631,Which is the shortest Surah of the Al-Quran?,Surah Al Naas,Surah Al Kausar,Surah Al Asr,None of these,B
1632,"""Almanfoosh"" ka matlab bataein.",Dhangi Hui,Rang Barangi,Dabai Hui,Uri Hui,A
1633,Which person is remembered as the teacher of Madinah?,Ibn Abbas (RA),Hazrat Uthman (RA),Mus'ab ibn Umayr (RA),None of these,C
1634,Which Sahabi was the first scribe of the revelation?,Hazrat Zayd bin Harithah (R.A.),Hazrat Khalid bin Sa'id (R.A.),Hazrat Abu Bakr (R.A.),None of these,B
1635,Who is the angel who guards the gates of Hell?,Rizwan,Malik,Israel,None of these,B
1636,Which is the last Holy Book?,The Qur'an,The Injeel,The Zabur,The Torah,A
1637,How many categories of Zakat recipients are there?,Six,Eight,Ten,None of these,B
1638,Name the first wife of Hazrat Ibrahim (A.S.).,Hazrat Sarah,Hazrat Hajar,Hazrat Asiya,None of these,A
1639,The Banu Abbasid caliphate ended in which Hijri year?,650 Hijri,656 Hijri,660 Hijri,666 Hijri,B
1640,The Master of Hazrat Bilal (R.A.) during embracing Islam was:,Abu Jahal,Oqbah bin Mueet,Abu Sufiyan,Ummaiya bin Khalf,D
1641,"The ""Muwahhidun,"" meaning ""the Unitarians,"" is the name the followers of which dynasty used for themselves?",Fatimid,Almoravid,Almohad,Mamluk,C
1642,Surah Waqiah is also called:,Surah Al-Ghani,Saloos-ul-Qur'an,Qalb-e-Qur'an,Surah Afzal,A
1643,Name the father of Hazrat Yousaf (A.S.) who lost his eyesight in the memory of Hazrat Yousaf (A.S.).,Hazrat Ishaq (A.S.),Hazrat Ismaeel (A.S.),Hazrat Yaqoob (A.S.),Hazrat Moosa (A.S.),C
1644,What is the Nisab of Zakat for silver in the subcontinent's traditional measurement?,40 Tolas,50 Tolas,50.5 Tolas,52.5 Tolas,D
1645,Quran Majeed mein nafs ki kitni qisamain bayan hui hain?,Paanch,Teen,Chaar,In mein se koi nahi,B
1646,In whose house was the Prophet Muhammad (PBUH) born?,Hazrat Abu Talib,Sha'ab Abi Talib,Hazrat Abdullah,None of these,A
1647,Which was the biggest idol that was fixed on the roof of the Ka'bah?,Hubal,Wud,Manat,Ummi,A
1648,Ghazwa-e-Tabuk was fought between Muslims and the,Jews,Romans,Quraysh,Egyptians,B
1649,What was the name of the foster sister of the Holy Prophet (S.A.W.)?,Hazrat Shima (R.A.),Hazrat Mariah (R.A.),Hazrat Asma (R.A.),Hazrat Amarah (R.A.),A
1650,"How many times is the word ""Bismillah"" repeated in the Quran?",110,113,115,114,D
1651,"The concept of ""Tawhid"" in Islam primarily refers to:",The absolute oneness and indivisibility of God,The prophethood,The final judgment,The belief in angels,A
1652,Hazrat Isa (AS) was the cousin of ______.,Hazrat Zakariya (AS),Hazrat Yahya (AS),Hazrat Yunus (AS),Hazrat Lut (AS),B
1653,With which Surah does the Holy Qur'an open?,Al-Baqarah,Al-Falaq,Al-Fatihah,An-Nisa,C
1654,What do you understand by 'Al-Fay'?,Lands cultivated by Muslims,"Lands conquered by Muslims, which became the property of the Islamic state",Lands cultivated by non-Muslims,All of the above,B
1655,"The ""Almohad Caliphate"" collapsed and was replaced in North Africa and Spain by several successor states, including the:",Ayyubid Sultanate,Fatimid Caliphate,Marinid Sultanate,Umayyad Emirate,C
1656,In which battle did a piercingly cold wind help scatter the enemy forces?,Battle of Ahzab (The Ditch),Battle of Badr,Battle of Uhud,Battle of Hunayn,A
1657,"The ""Mutazilite"" view on the attribute of speech of God was that the Quran is:",Both created and eternal,Eternal and uncreated,Created,A metaphorical expression,C
1658,The surname of the mother of Hazrat Abu Bakr (RA) was:,Ummul Khair (RA),Umme Salma (RA),Ummul Bashar (RA),All of these,A
1659,Fatrat al-Wahi means the:,End of Wahi,Start of Wahi,Temporary pause or cessation in revelation,None of these,C
1660,In which Surah of the Holy Quran is there mention of Zulqarnain?,Surah Al-Baqarah,Surah Al-Mujadala,Surah Al-Imran,Surah Al-Kahf,D
1661,"In Surah Kahf, a dog is also mentioned with Ashab-e-Kahf. What is the name of the dog?",Qitmir,Qahoor,Qitala,Qitmaar,A
1662,To whom did the Holy Prophet (PBUH) give the title of Ameen-ul-Ummah?,Hazrat Anas ibn Malik,Hazrat Kulthum ibn al-Hadam,Hazrat Zubair ibn Awwam,Hazrat Abu Ubaidah ibn al-Jarrah,D
1663,"The Ash'ari school of theology was founded by Abu al-Hasan al-Ash'ari, who was initially",follower of which school? Mu'tazila,Hanbali,Shafi'i,Zahiri,A
1664,What is meant by Yawm al-Azim?,Greatest Day,Known Day,Doomsday,Gathering Day,A
1665,Interest was prohibited in which Hijrah?,5th,4th,8th,9th,C
1666,"The ""Sujud"" (prostration) in the daily prayers is mentioned how many times in one Rak'ah?",Three times,Once,Twice,Four times,C
1667,"In the science of Hadith, a Hadith whose chain ends at a Tabi'i is called what?",Hadith Marfūʻ,Hadith Maqtu,Hadith Mawquf,None of these,B
1668,"The ""Wailing Wall"" or ""Western Wall"" in Jerusalem is considered the holiest site for prayer by followers of which faith?",Islam,Christianity,Judaism,Samaritanism,C
1669,"After sleeping for 100 years, he woke up again:",Hazrat Uzair (AS),Hazrat Musa (AS),Hazrat Salih (AS),Hazrat Imran (AS),A
1670,Who was the female companion that famously defended the Prophet (PBUH) with a sword in the Battle of Uhud?,Umm Ammarah (Nusaybah bint Ka'ab),Fatimah (RA),Safiyyah (RA),Umm Salama (RA),A
1671,"How many primary, obligatory sermons (Khutbas) are delivered as a core rite of Hajj?",Two,Four,Three,One,D
1672,The event where the moon was split in two is mentioned in which Surah?,Al-Qamar,Al-Isra,Al-Najm,Al-Haqqah,A
1673,Ushr is mentioned in the Holy Quran indirectly:,One time,Two times,Three times,None of the above,B
1674,Name the honoured angelic messenger who brought revelations.,Izra'il (AS),Jibra'il (AS),Israfil (AS),Mika'il (AS),B
1675,The Holy Prophet (PBUH) died on the day of ______.,Friday,Saturday,Monday,Tuesday,C
1676,How many Surahs in the Quran are named after Prophets?,2,3,6,None of these,C
1677,"The famous ""Umayyad Mosque"" of Damascus was built on the site of a former:",Roman Temple,Synagogue,Zoroastrian Temple,Christian Basilica dedicated to John the Baptist,D
1678,Which pillar of Islam is declared as an armor?,Salat,Soam,Zakat,Hajj,B
1679,Which prophet was known as Solomon?,Hazrat Sulayman (A.S.),Hazrat Haroon (A.S.),Hazrat Noah (A.S.),Hazrat Luut (A.S.),A
1680,"How many Heads of ""Zakat"" are there in Islam?",6,8,10,12,B
1681,Whom did Abu Bakr send as commander to suppress Talha?,Khalid bin Waleed (RA),Abu Ubaidah (RA),Mu'adh (RA),None of these,A
1682,Approximately how many miles from Makkah is Arafat located?,Seven mi,Nine mi,Twelve mi,Ten mi,B
1683,He would have been a prophet if I were not the last one. The Prophet (PBUH) said this about:,Hazrat Abu Bakr (RA),Hazrat Umar (RA),Hazrat Uthman (RA),Hazrat Ali (RA),B
1684,A person who reads the Kalima of Islam verbally and calls himself Muslim but disbelieves it heartily is called a:,Disbeliever,Kafir,Hypocrite,None of these,C
1685,Aap (SAW) ka naam Ahmed kis Surah mein aaya hai?,Surah Muhammad (SAW),Surah As-Saff,Surah Al-Baqarah,In mein se koi nahi,B
1686,"The ""Idrisid"" dynasty was the first Shia dynasty to rule independently in which modern- day country?",Iran,Egypt,Morocco,Yemen,C
1687,'Pupil of Hazrat Abu Hurairah (R.A.):,Hazrat Ali (R.A.),Hazrat Hammam ibn Munabbih (R.A.),Hazrat Abdur Rahman bin Awf,Hazrat Sa'd bin Abi Waqqas,B
1688,The Jewish tribe expelled from Medina after Badr was:,Banu Qurayza,Banu Nadir,Banu Qaynuqa,Banu Shutayba,C
1689,When was Muhammad (PBUH) born?,20th April,21st April,22nd April,23rd April,A
1690,The key of the Kaaba is traditionally held by which tribe?,Bani Hashim,Bani Shaiba,Bani Quraysh,None of these,B
1691,Gharimeen means:,Poverty-ridden,Debt-ridden,Mentally disabled,None of the above,B
1692,"The meaning of the name of Allah ""As-Samad"" is:",The Eternal,The Hidden,The Last,The One,A
1693,Ghazwa-e-Badr occurs in which Hijri:,2 Hijri,3 Hijri,4 Hijri,5 Hijri,A
1694,"The ""Giralda"" is the famous bell tower of the Seville Cathedral, which was originally a minaret built by which dynasty?",Nasrid,Umayyad,Almohad,Almoravid,C
1695,What is the total number of all prophets?,124000,224000,324000,None of these,A
1696,Which Ayat of the Holy Quran is the longest in Surah Al-Baqarah?,Ayat 286,Ayat 282,Ayat 256,None of these,B
1697,Name the first Shaheed who neither offered any prayer nor kept any fast:,Hazrat Sa'd ibn Abi Waqqas (R.A.),Hazrat Ma'adh ibn Abi Waqqas (R.A.),Hazrat Usayrim ibn Abd al-Ashhal (R.A.),Hazrat Usayrim ibn Abdullah (R.A.),C
1698,The number of Makki surahs in the Holy Qur'an is 86 and the number of Madani surahs in the Holy Qur'an is:,26,32,28,30,C
1699,Name the pillars of Islam in proper order.,"Shahadatayn, Salat, Zakat, Soam, and Hajj","Salat, Soam, Hajj, Zakat, and Shahadatayn","Shahadatayn, Salat, Soam, Zakat, and Hajj","Shahadatayn, Salat, Zakat, Hajj, and Soam",A
1700,"The term ""Islam"" means:",Submission,Peace,Fortitude,Thankfulness,A
1701,Which companion of the Prophet (PBUH) was awarded the title 'the Lion of Allah?,Hazrat Abu Bakr R.A.,Hazrat Umar Farooq R.A.,Hazrat Usman R.A.,Hazrat Ali R.A.,D
1702,Which among the four Pious Caliphs of Islam had the longest reign?,Hazrat Abu Bakr (R.A.),Hazrat Umer (R.A.),Hazrat Usman (R.A.),Hazrat Ali (R.A.),C
1703,The Nisab of Zakat is ________.,52 and 1 by 2 tolas silver or 7 and 1 by 2 tolas gold,53 and 1 by 2 tolas silver or 10 tolas gold,52 and 1 by 2 tolas silver or 7 tolas gold,None of these,A
1704,How many miles from Mina is Muzdalifah located?,Two mi,Three mi,Five mi,Six mi,B
1705,When was Rabia Basri born?,80 AH,85 AH,95 AH,100 AH,C
1706,Which two companions had the issue of *li'aan* (mutual cursing) during the Prophet's time?,Awaimir Ajlani and Hamnah bint Jahsh,Awaimir Ajlani and Hassan bin Thabit,Hilal bin Umayyah and Hassan bin Thabit,None of these,A
1707,The Islamic calendar starts from:,Ghazwa-e-Badr,Ghazwa-e-Tabook,Hijrat-e-Madina,Sulah Hudaibiya,C
1708,Adi ibn Hatim al-Ta'i embraced Islam in:,3 A.H.,9 A.H.,6 A.H.,11 A.H.,C
1709,"The famous Sufi order ""Qadiriyya"" is named after its founder:",Ahmad al-Rifa'i,Baha-ud-Din Naqshband,Abd al-Qadir al-Jilani,Jalal ad-Din Rumi,C
1710,Who was the commander of the infidels in Ghazwa Uhud?,Abu Jahl,Wahshi,Abu Sufyan,None of these,C
1711,"The name ""Gabriel"" is the anglicized form of which angel's name?",Israfil,Mika'il,Izra'il,Jibra'il,D
1712,Into how many provinces did Hazrat Umar (R.A.) divide the Islamic Empire?,15,12,10,8,C
1713,Salat-e-Kusuf is performed on the occasion of ________.,Solar eclipse,Lunar eclipse,Famine,Death,A
1714,Battle of Trench occurred in:,3 Hijri,4 Hijri,5 Hijri,7 Hijri,C
1715,Hazrat Umar (RA) was killed by a Persian prisoner of war named:,Mughira,Firoz,Hormuzan,None of these,B
1716,Which of the following was/were conquered during the reign of Hazrat Umar (R.A.)?,Qisarya,Egypt,Iskandariya,All of these,D
1717,How many times did the Prophet Muhammad (PBUH) perform Umrah?,One,Two,Three,Four,D
1718,Who narrated the most Ahadith?,Hazrat Abu Huraira (R.A.),Hazrat Abu Bakar (R.A.),Hazrat Ali (R.A.),None of these,A
1719,"A Hadith that is narrated by a large number of people at every stage of its chain, making its Wronghood impossible, is called:",Mutawatir,Ahad,Mashhur,Sahih,A
1720,"While practiced by the Prophet (PBUH), the consultative body (Shura) became a foundational system of governance during the era of the:",Prophethood,Rightly Guided Caliphate,Umayyad Caliphate,Abbasid Caliphate,B
1721,"After the siege of Banu Qaynuqa, on whose persistent intercession did the Prophet (PBUH) spare their lives and exile them instead?",Ubadah ibn al-Samit (RA),Sa'd ibn Mu'adh (RA),Abdullah ibn Ubayy,None of these,C
1722,Ushr is levied on:,Agriculture,Land,Property,All of these,A
1723,"Why was the Ghazwa al-Sawiq known by this name, as ""Sawiq"" means ""flour""?",Abu Sufyan's men dropped sacks of flour to lighten their load while fleeing,The Muslims faced a shortage of flour during this Ghazwa,Abu Sufyan stole flour from the Muslims,None of these,A
1724,"The River Nile was declared ""Sayyid-ul-Anhar"" (Chief of Rivers) by Caliph:",Abu Bakr (RA),Umar (RA),Uthman (RA),Ali (RA),B
1725,The first Surah that was revealed completely was:,Alaq,Asr,Fatihah,Ghashiya,C
1726,Which Prophet (AS) was a carpenter by profession?,Hazrat Musa (AS),Hazrat Isa (AS),Hazrat Zakariya (AS),Hazrat Yusuf (AS),C
1727,The only Sahabi who became a Muslim without seeing the Prophet (PBUH) is:,Abdur-Rahman,Qasim Bukhari,Uwais al-Qarani,Usman Karni,C
1728,How many times has the Quran stressed about Salaat (prayers)?,160,614,700,None of these,D
1729,Which incident took place on 24th September 622 AD in the life of Prophet Muhammad (SAW)?,He migrated to Madina,He fell ill,He was attacked,He was stopped from traveling,A
1730,Who was the commander in the Battle of Mu'tah?,Hazrat Abu Bakr Siddiq (RA),Hazrat Umar ibn Khattab (RA),Hazrat Zaid ibn Harithah (RA),Hazrat Khalid ibn Walid (RA),C
1731,The last Surah in the Holy Qur'an is ______.,Surah Yasin,Surah An-Nas,Surah Al-Falaq,None of these,B
1732,Which of the following was a mystic?,Shah Jahan,Dara Shikoh,Aurangzeb Alamgir,None of these,B
1733,Which Prophet is called Father of Muslims:,Hazrat Adam AS,Hazrat Ibrahim AS,Hazrat Musa AS,Hazrat Isa AS,B
1734,Alexandria is the major seaport of:,Jordan,Iraq,Egypt,Iran,C
1735,"The ""Assassins"" (Hashashin) were a militant offshoot of which sect, operating from mountain fortresses like Alamut?",Kharijite,Twelver Shia,Nizari Isma'ili,Qarmatian,C
1736,Name the first major liar who announced a false prophethood.,Abu Jahl,Musaylimah Kazzab,Ibn Muljam,Suraqa bin Malik,B
1737,On what occasion was the Holy Prophet (PBUH) gifted with Salat?,Meesaq-e-Madinah,Hijrah to Madinah,Mi'raj Sharif,None of these,C
1738,A verse of the Holy Quran mentions which companion by name?,Sa'd,Zayd,Uthman,Mu'adh,B
1739,Name the second Kalimah.,Kalimah-e-Tamjeed,Kalimah-e-Tauba,Kalimah-e-Shahadat,Kalimah-e-Tayyaba,C
1740,Fi Sabilillah is a category of Zakat recipients which means:,For the cause of Allah,The poor,The needy,Those in debt,A
1741,The only one of the first four Caliphs to die of natural causes was:,Ali (RA),Uthman (RA),Umar (RA),Abu Bakr (RA),D
1742,Name the brother of Hazrat Yusuf (A.S.) to whom Hazrat Yusuf (A.S.) disclosed that he was his lost brother.,Hazrat Daniyal (A.S.),Hazrat Luqman (A.S.),Hazrat Binyamin (A.S.),Hazrat Dhul-Qarnayn (A.S.),C
1743,"How many angels, known as the Kiraman Katibin, permanently record a person's deeds?",Three,Two,Six,None of them,B
1744,"Among the following prophets, whose nation was awarded with Mano-Salwa?",Hazrat Isa AS,Hazrat Musa AS,Hazrat Yaqoob AS,Hazrat Haroon AS,B
1745,"The ""Mihrab"" in a mosque was first institutionalized during the reign of the Umayyad Caliph:",Muawiya I,Abd al-Malik,Al-Walid I,Umar II,C
1746,A person who assumes Ihram with the intention of performing only Hajj is called a:,Qarin,Mufrid,Mutamatti',None of them,B
1747,"After the 'Battle of the Camel,' Caliph Ali (RA) changed his capital from Madinah to:",Basra,Kufa,Makkah,None of these,B
1748,Which Tawaf is also known as Tawaf al-Rukn (a pillar of Hajj)?,Tawaf al-Yamani,Tawaf al-Ifadah,Tawaf al-Shawt,None of these,B
1749,"Abdullah ibn Ubayy, the leader of the hypocrites, deserted the Muslim army in the Battle of:",Badr,Uhud,Sawiq,None of these,B
1750,Taurat kis paighambar par naazil hui?,Hazrat Ibrahim Alaihissalam,Hazrat Musa Alaihissalam,Hazrat Sulaiman Alaihissalam,Hazrat Dawood Alaihissalam,B
1751,To which part of the world did Allah send Hazrat Nuh (A.S.)?,Iraq,Palestine,Egypt,Israel,A
1752,Which Ghazwa was fought primarily against a confederation of Arab tribes?,Tabuk,Hunayn,Al-Ghaba,Khyber,B
1753,"In the recitation of the Holy Quran, there are how many occasions when Sajdah (prostration) is obligatory for Muslims?",9,12,14,None of these,C
1754,Shawwal is which month of the Islamic calendar?,10th,9th,7th,8th,A
1755,"Which night's ""Ibadah"", during the month of Ramadan, is considered better than the ""Ibadah"" of a thousand months?",Lailat-ul-Qadr,Shab-e-Barat,Shab-e-Miraj,None of these,A
1756,Which Islamic month is considered a sacred month (Ashhur al-Hurum)?,Ramadan,Rajab,Safar,Sha'ban,B
1757,When did the Battle of Uhud take place?,"On 7th Shawwal, 3 AH","On 8th Rabi-ul-Awwal, 3 AH","On 9th Rabi-ul-Awwal, 3 AH","On 10th Rabi-ul-Awwal, 3 AH",A
1758,In which Surah of the Qur'an is Bismillah repeated twice?,Surah al-Tawbah,Surah Baqarah,Surah al-A'raf,Surah al-Naml,D
1759,Sheikh Ahmad of Sirhind was given the title of Mujaddid Alf-Sani by:,Shah Waliullah,Allama Iqbal,Maulana Abdul Hakeem,Abul-Fazl,C
1760,"Give the name of who compiled the first work of Hadith ""Sahifa-e-Sadiqa"".",Hazrat Abu Bakr (RA),Imam Muslim (RA),Hazrat Abu Hurairah (RA),None of these,D
1761,_________ was the magician from Prophet Musa's people who led the nation to idolize the calf.,Suitable,Samiri,Monk,None of these,B
1762,Who confined the recitation of the Qur'an to the style of the Quraysh tribe?,Hazrat Usman (R.A.),Hazrat Abu Bakr (R.A.),Hazrat Umar Farooq (R.A.),Hazrat Ali (R.A.),A
1763,"The ""Taj Mahal"" was built by the Mughal emperor Shah Jahan as a mausoleum for his wife:",Jahanara Begum,Nur Jahan,Mumtaz Mahal,Roshanara Begum,C
1764,"The name ""Muhammad"" (SAW) has been mentioned in the Qur'an:",Two times,Four times,Six times,Seven times,B
1765,Whom did the Quraysh send to negotiate with the Prophet (PBUH) when the Muslim army was encamped at Marr al-Zahran?,Utbah ibn Rabi'ah,Suhail ibn Amr,Abu Sufyan,Budayl ibn Warqa,C
1766,"The second pledge of Aqabah, which included an oath of protection, involved how many people from Madinah?",73 men and 2 women,12 men,About 50 people,100 men,A
1767,Who was called Sword of Allah?,Hazrat Umar (R.A),Hazrat Ali (R.A),Hazrat Khalid bin Walid (R.A),None of these,C
1768,Hazrat Ibrahim's (AS) grave is found in:,Saudi Arabia,Iraq,Syria,Palestine,D
1769,The Battle of the Camel (Jang-e-Jamal) was fought near which city?,Damascus,Basra,Kufa,Madinah,B
1770,Who was the founder of Hadis school of Kufa:,Hazrat Abdullah Bin Masood RA,Hazrat Abdullah Bin Umar RA,Hazrat Abai Bin Kaab RA,All of these,A
1771,"After the martyrdom of Ja'far (RA) in the Battle of Mu'tah, who took command of the Muslim army?",Abdullah ibn Rawaha (RA),Zayd ibn Harithah (RA),Sa'd (RA),Abu Ubaidah ibn al-Jarrah (RA),A
1772,"During the Battle of Banu Qurayza, which companion was appointed as the arbitrator by the Jewish tribe?",Hazrat Abu Bakr Siddiq (RA),Hazrat Sa'd ibn Mu'adh (RA),Hazrat Khalid ibn Walid (RA),Hazrat Ali ibn Abi Talib (RA),B
1773,Give the fundamental beliefs of Islam in the proper order.,"Tauheed, Risalat, Malaika, Alhami Kutub, and Akhirah","Tauheed, Malaika, Risalat, Alhami Kutub, and Akhirah","Tauheed, Risalat, Alhami Kutub, Akhirah, and Malaika","Malaika, Risalat, Akhirah, Alhami Kutub, and Tauheed",A
1774,Which punishment was introduced by Hazrat Umar (R.A.)?,Cutting Hand,Imprisonment,Cutting Fingers,All of these,B
1775,Khalilullah is the title of:,Hazrat Musa (AS),Hazrat Nuh (AS),Hazrat Ibrahim (AS),None of these,C
1776,"The ""Salat al-Istikharah"" is a prayer performed to:",Thank Allah for a blessing,Ask for rain,Seek guidance from Allah in a decision,Repent for sins,C
1777,Which Surah was the last to be revealed?,An-Nas,Al-Falaq,Al-Alaq,An-Nasr,D
1778,The Holy Prophet (SAW) mentioned as the Last Prophet in which Surah of the Holy Quran?,Surah Ahzab,Surah Muhammad,Surah Al Imran,Surah Al Baqarah,A
1779,Tawaf-e-Ziyarat is:,Wajib,Farz,Nafil,None of these,B
1780,How many days did Hazrat Younis remain in the abdomen of a fish?,30 days,40 days,60 days,None of these,B
1781,Muzdalifah is located between:,Makkah and Medina,Makkah and Ta'if,Mina and Arafat,Arafat and Jamarat,C
1782,Who was the first Islamic ruler to organize and mint a standardized Islamic currency (dinar and dirham)?,Muawiya I,Umar ibn al-Khattab,Abd al-Malik ibn Marwan,Harun al-Rashid,C
1783,In which battle was the first Adhan (call to prayer) given?,Battle of Badr,Battle of Uhud,Battle of Khandaq,None of these,A
1784,The gathering on Arafat during Hajj is on:,9th Dhu al-Hijjah,3rd Ramadan,2nd Safar,18th Shawwal,A
1785,The social boycott of Banu Hashim took place in the ______ year of Prophethood (Nabvi).,6th,7th,8th,None of these,B
1786,"The ""Kutubiyya Mosque,"" with its famous minaret, is a landmark in which Moroccan city?",Casablanca,Fez,Marrakesh,Rabat,C
1787,Which Surah is known as Arus al-Qur'an?,Ar-Rahman,Al-Alaq,Al-Baqarah,Al-Asr,A
1788,The Holy Prophet (PBUH) lived for ___ years in Madinah.,8,9,10,None of these,C
1789,Who was a good player of the flute?,Hazrat Yahya (AS),Hazrat Dawud (AS),Hazrat Idris (AS),Hazrat Uzair (AS),B
1790,Which prophet earned his living by making wallets?,Hazrat Dawud (AS),Hazrat Hud (AS),Hazrat Sulayman (AS),Hazrat Yahya (AS),A
1791,How many verses were revealed in the first wahy?,Four,Five,Six,Seven,B
1792,Whose nation was destroyed by a rain of stones?,Hazrat Hud (AS),Hazrat Lut (AS),Hazrat Salih (AS),Hazrat Ibrahim (AS),B
1793,What is located between Arafat and Makkah?,Muzdalifah,Marwa,Mina,Safa,C
1794,The real name of Hazrat Abu Bakar (R.A) was:,Ahmad,Haris,Abdullah,none of these,C
1795,"The ""Twelver"" branch is the largest branch of which sect of Islam?",Kharijite,Sunni,Shia,Ibadi,C
1796,Which young companion was allowed to fight at Uhud after proving he was stronger than another youth who had already been permitted?,Samurah ibn Jundab,Samurah ibn Aqeel,Samurah ibn Ja'far,Samurah ibn Hamza,A
1797,Who was the companion that sowed discord between the Banu Qurayza and the Quraysh to the Muslims' advantage?,Nu'aym ibn Mas'ud (RA),Na'im ibn Azer (RA),Na'im ibn Uthman (RA),Na'im ibn Utbah (RA),A
1798,Name the first woman who was brought up in an Islamic manner from childhood under the care of her Muslim parents.,Hazrat Ayesha (RA),Hazrat Khadijah (RA),Hazrat Fatima (RA),Hazrat Zainab (RA),A
1799,"What is the meaning of the word ""Quran""?",That which is beautiful,That which is the greatest,That which is pure,That which is to be recited,D
1800,The duty of Hazrat Israfil is ______.,In charge of protection and also to bring rains,To blow the trumpet on the Day of Judgment,In charge of taking the life of living creatures,None of these,B
1801,What was the approximate age of Uthman (RA) at the time of his martyrdom?,63 years,12 years,80-82 years,3 years,C
1802,Who was the first wife of the Holy Prophet (PBUH)?,Aisha (RA),Khadijah (RA),Hafsa (RA),None of these,B
1803,What is Wuquf-e-Arafat?,The stay in the plain of Arafat,Offering of prayers,The stay at Mina,The stay at Haram,A
1804,"Hujjaj stay at Mina for one day, the second day at Arafat, and on the final day, encampment is done for a night at Muzdalifah; it is called ________.",Jamarat,Wuquf,Sa'i,Tawaf,B
1805,The Holy Prophet (PBUH) had ___ daughters.,2,3,4,None of these,C
1806,How many miles away from Mina is Arafat located?,Six miles,Seven miles,Eight miles,Nine miles,A
1807,Zakat finds its emphasis both from the:,Quran and Sunnah,Quran and Sufi tradition,Only Sunnah,None of the above,A
1808,"Which Surah of the Quran contains ""Bismillah"" twice?",Al-Nahl,Al-Naml,Al-Ahzab,Al-Nur,B
1809,Hazrat Usman (RA) belonged to which tribe?,Banu Adi,Umayyad,Hashim,None of these,B
1810,Which event marks the beginning of Islamic Hijri calendar:,At the conquest of Makkah,Holy Prophet SAW Hijrat to Madina,At the Birth of Holy Prophet SAW,At the time of Sulah Hudaibia,B
1811,Which gift was given by Allah to the Holy Prophet (SAW) during Mi'raj?,Roza,Nimaz,Hajj,None of these,B
1812,Name the second wife of Hazrat Ibrahim (A.S.).,Hazrat Asiya (A.S.),Hazrat Sarah (A.S.),Hazrat Hajar (A.S.),Hazrat Quturah (A.S.),C
1813,The mountains would break by the miracle of:,Hazrat Yusuf (AS),Hazrat Yaqub (AS),Hazrat Ishaq (AS),Hazrat Yahya (AS),B
1814,What is the first authentic and comprehensive book of Tafsir bil-Ma'thur (exegesis based on narrations)?,Tafsir Ibn Jarir al-Tabari,Tafsir Ibn Kathir,Tafsir Al-Kashshaf,None of these,A
1815,Which companion was in charge of the treasury (Bayt al-Mal) during the caliphate of Abu Bakr (RA)?,Abu Ubaidah ibn al-Jarrah,Abd al-Rahman ibn Awf,Bilal ibn Rabah,Anas ibn Malik,A
1816,"During the reign of Hazrat Abu Bakr Siddique, which tribe refused to pay Zakat?",Banu Nadir,Khazraj,Banu Tamim,Apostates,C
1817,Which prophet of Allah is called Abu al-Bashr?,Hazrat Ibrahim (A.S.),Holy Prophet (PBUH),Hazrat Adam (A.S.) رشبلا وبا,Hazrat Moosa (A.S.),C
1818,"The name of the tribe of Hazrat Haleema Saadia, the foster mother of Holy Prophet PBUH, was:",Banu Tamim,Banu Adi,Banu Saad,None of these,A
1819,When was Cyprus conquered:,25 Hijri,27 Hijri,28 Hijri,None of these,C
1820,"Etymologically, the term ""Jibril"" is related to the meaning of:",Servant of God,Trusted Spirit,Trusted Soul,Trusted One,A
1821,Who was the first slave to embrace Islam?,Usamah ibn Zayd (RA),Bilal Habshi (RA),Ammar ibn Yasir (RA),Zayd ibn Harithah (RA),D
1822,"In Islamic finance, ""Takaful"" is a system of:",Leasing,Interest-free banking,Islamic insurance based on mutual cooperation,Venture capital,C
1823,The Hadith comprising the wording of Allah is called?,Taqriri,Qawli,Qudsi,None of these,C
1824,"The epithet of Umar (RA), meaning ""the one who distinguishes between right and wrong,"" is:",Al-Farooq,Al-Siddiq,Al-Tahir,Al-Tayyab,A
1825,Dalil al-Khitab (argument from context) is a principle of interpretation in:,Tafsir,Aqidah,Usul al-Fiqh,Hadith Science,C
1826,What is the name of the valley where pilgrims performing Hajj stay overnight on the 8th of Dhul Hijjah?,Arafat,Mina,Muzdalifah,Batha,B
1827,"The ""Khedivate,"" which ruled Egypt and Sudan, was an autonomous vassal state of which empire?",French Empire,British Empire,Ottoman Empire,Persian Empire,C
1828,"The famous ""Hanging Gardens of Babylon"" are located in modern-day:",Syria,Iran,Iraq,Egypt,C
1829,Which are the mosques that are mentioned in the Qur'an?,Masjid al-Haram,Masjid al-Dirar and Masjid Quba,Masjid al-Nabawi and Masjid al-Aqsa,All of the above,D
1830,Najashi became Muslim at the hand of:,Hazrat Jafar,Usman,Saad bin Ubada,None of these,A
1831,Qurbani (Holy Slaughtering) is performed during Hajj at:,Arafat,Mina,Muzdalifah,Safa,B
1832,"The famous Islamic philosopher known in the West as ""Averroes"" who wrote ""The Incoherence of the Incoherence"" is:",Ibn Rushd,Ibn Sina,Al-Ghazali,Al-Kindi,A
1833,The companion who was martyred at the Battle of Yamama and was the brother of Caliph Umar (RA) was:,Abdullah ibn al-Khattab,Abd al-Rahman ibn al-Khattab,Nu'man ibn al-Khattab,Zayd ibn al-Khattab,D
1834,The Jamarat which is near the Masjid al-Khayf in Mina is called:,Jamarat al-Wusta,Jamarat al-Aqaba,Jamarat al-Sughra,Jamarat al-Awwal,A
1835,"According to Hadith, maintaining good relations with neighbors is a sign of what?",Sign of faith,Sign of beauty,Sign of wisdom,None of these,A
1836,Hazrat Khalid Bin Waleed accepted Islam in which Hijri year?,6 Hijri,7 Hijri,8 Hijri,None of these,C
1837,"What is the meaning of the name of Allah ""Al-Hadi""?",The Guide,The Light,The Incomparable,None of these,A
1838,Syria was conquered in 636 A.D. What was the year in Hijrah?,12 Hijrah,13 Hijrah,14 Hijrah,15 Hijrah,D
1839,Which pillar of Islam is the key to paradise?,Hajj,Roza,Salat,Zakat,C
1840,Muzdalifah is located between:,Makkah and Medina,Makkah and Taif,Mina and Arafat,Arafat and Taif,C
1841,"After Aminah's death, who brought Muhammad (PBUH) from Abwa to Makkah?",Umm Ayman,Halimah Saadia,Abu Talib,Hazrat Hamza,A
1842,Ur is located in:,Hijaz,Jerusalem,Yemen,Mesopotamia,D
1843,In which year did Islam start to spread in Medina?,10th year of Prophethood,11th year of Prophethood,12th year of Prophethood,13th year of Prophethood,C
1844,Imam Ahmad ibn Hanbal was the founder of which school of law?,The Fourth School,The Hanbali school,The Zahiri school,The Jariri school,B
1845,What is the meaning of Quran?,He read,He collected together,He recited,All of them,D
1846,How many times the word 'Qul' has been repeated in the Holy Quran?,332,432,532,632,A
1847,The first migration (Hijrah) of Muslims was to which land?,Madinah (Yathrib),Abyssinia (Ethiopia),Syria,Yemen,B
1848,Which famous Ghazwa is mentioned in Surah Al-Imran?,Badr,Uhud,Khandaq,None of these,B
1849,Name the person who first translated the Holy Quran into Persian:,Abdullah Yusuf,Shah Waliullah,Abu'l-Fazl,None of these,B
1850,Al-Qalaa was the name of a sword given to which companion in the Battle of Badr?,Al-Miqdad ibn 'Amr (RA),Ali (RA),Hamza (RA),Mus'ab (RA),A
1851,Which Umm-ul-Momineen died last?,Hazrat Safia (RA),Hazrat Ayesha (RA),Hazrat Umm Salma (RA),Hazrat Javeria (RA),C
1852,"The ""Ibadis"" are a branch of Islam, distinct from Sunni and Shia, which is predominant in which country?",Libya,Yemen,Oman,Algeria,C
1853,Ghazwa Abwa is also known as ______.,Ghazwa Waddan,Ghazwa,Ghazwa Uhud,Ghazwa Badr,A
1854,The cover of the Ka'aba is called:,Bourda,Kiswa,Al-Katfia,Sajjada,B
1855,When does a Haji travel to Mina?,2nd Dhul-Hijjah,5th Dhul-Hijjah,8th Dhul-Hijjah,9th Dhul-Hijjah,C
1856,"What does ""Shawt"" mean in the context of Tawaf?",Each of the seven circuits around the Kaaba,The Farewell Tawaf,The Arrival Tawaf,None of these,A
1857,"How many times has the word ""Ahmed"" (SAW) appeared in the Holy Quran?",1,2,3,4,A
1858,"From 40 to 120 sheep, Zakat will be:",One sheep,Two sheep,Three sheep,None of the above,A
1859,"What is the meaning of the name of Allah, Al-Jaleel?",The Evolver,The Sublime One,The Compeller,The Source of Peace,B
1860,Which Prophet of ALLAH had the minimum age?,Hazrat Ibraheem (A.S),Hazrat Muhammad (S.A.W),Hazrat Musa (A.S),Hazrat Eesa (A.S),D
1861,How many years after the birth of Muhammad (PBUH) did Hazrat Aminah (R.A.) die?,Six years,Seven years,Nine years,Ten years,A
1862,Manna and Salwa were provided to the Bani Israel in which place?,The Valley of Sinai,The Valley of Elah,The Valley of Jezreel,None of these,A
1863,Al-Aqidah al-Tahawiyyah is a famous and widely accepted classical text summarizing the creed of which theological school?,Zaydi Shia,Mu'tazili,Maturidi and Ash'ari (Sunni),Kharijite,C
1864,Whom did Hazrat Umar (RA) appoint as commander-in-chief after removing Hazrat Khalid bin Waleed (RA)?,Hazrat Abu Ubaidah bin Al-Jarrah (RA),Hazrat Ali (RA),Hazrat Usama bin Zaid (RA),Hazrat Saad bin Abi Waqqas (RA),A
1865,"Name the fundamental pillar of Islam, which is often mentioned in the Holy Quran along with Salat.",Hajj,Jihad,Zakat,None of these,C
1866,Who was the first standard-bearer (flag holder) in Islam?,Hazrat Hamza,Hazrat Mus'ab bin Umair,Hazrat Ali,None of these,A
1867,"The ""Miraj"" part of the Night Journey refers to the Prophet's (PBUH):",Migration to Madinah,Journey from Makkah to Jerusalem,Ascension through the seven heavens,Retreat to the cave of Hira,C
1868,What was the religion of the forefathers of the Holy Prophet (SAW)?,Idolatry,Din-e-Ibrahimi,Hinduism,Buddhism,B
1869,"To whom did Allah say: ""I am going to appoint a vicegerent on Earth""?",From the angels,From the jinn,From the Prophets,From humans,A
1870,"The ""Kissing of the Hajr e Aswad"" during Tawaf is called:",Sa'ee,Mabroor,Istilam,Shawt,C
1871,"The ""Battle of Ajnadayn"" was one of the first major pitched battles between the Rashidun Caliphate and the:",Ghassanid Arabs,Sasanian Army,Byzantine Army,Visigoths,C
1872,Bait-ul-Maqdas was conquered during the period of Hazrat Umar,in 12 A.H.,in 16 A.H.,in 18 A.H.,in 20 A.H.,B
1873,Through which door did the Holy Prophet (PBUH) customarily enter the Masjid an- Nabawi?,Bab al-Rahmah,Bab al-Jibril,Bab al-Abu Bakr,Bab al-Nisa,A
1874,"What is the innermost, open area around the Kaaba where Tawaf is performed called?",Mataf,Arafat,Ihram,Makkah,A
1875,When did the Battle of Tabuk occur?,In 8 AH,In 9 AH,In 7 AH,In 10 AH,B
1876,In which Hijri year did Jihad become mandatory for Muslims?,In 1 AH,In 2 AH,In 3 AH,In 4 AH,B
1877,How many Manazil (stages) does the Quran contain for recitation purposes?,8,7,9,12,B
1878,Which prophet manufactured defensive armour?,Hazrat Younas (A.S.),Hazrat Sulayman (A.S.),Hazrat Yaqub (A.S.),Hazrat Dawood (A.S.),D
1879,The nation of Thamud was preached to by:,Hazrat Yaqub (AS),Hazrat Salih (AS),Hazrat Ibrahim (AS),Hazrat Uzair (AS),B
1880,"Name the companion who got the title Dhush-Shahadatain, about whom Hazrat Muhammad (S.A.W.) said his testimony was equal to that of two persons:",Hazrat Hudhayfah ibn al-Yaman (R.A.),Hazrat Khuzaymah ibn Thabit (R.A.),Hazrat Ammar ibn Yasir (R.A.),Hazrat Ubayy ibn Ka'b (R.A.),B
1881,The first revelation came to the Holy Prophet (PBUH) in the:,Hira Cave,Thaur Cave,Dar-ul-Arqam,Masjid Al-Aqsa,A
1882,What was a title of Ali (RA)?,Farooq,Haydar-e-Karrar,Siddique,Ghani,B
1883,Name the uncle(s) of Muhammad (PBUH) who embraced Islam.,Hazrat Hamza (R.A.),Hazrat Abbas (R.A.),Both of these,None of these,C
1884,During which Prophet's era did the original Kaaba disappear due to the flood?,Prophet Musa's (AS),Prophet Nuh's (AS),Luqman's (AS),Prophet Idris's (AS),B
1885,By what collective name did pre-Islamic Arabs recall their famous battle days in their poetry?,Ayyam al-Arab,Fijar al-Arab,Harb al-Arab,None of these,A
1886,Name the first person who declared his conversion to Islam emphatically.,Hazrat Ali (R.A.),Hazrat Abu Bakr (R.A.),Hazrat Usman (R.A.),Hazrat Umar (R.A.),D
1887,Which year is called the Year of Sorrow?,9th Nabawi,10th Nabawi,11th Nabawi,12th Nabawi,B
1888,When does a pilgrim performing Hajj typically travel to Mina to spend the day and night?,2nd Dhul-Hijjah,5th Dhul-Hijjah,8th Dhul-Hijjah,9th Dhul-Hijjah,C
1889,The Holy Prophet (PBUH) made his first journey to Syria at the age of:,12,15,16,18,A
1890,Which noble personality was born in the 4th year of Hijrah?,Imam Hasan (AS),Imam Husayn (AS),Abdullah bin Abbas (RA),None of these,B
1891,What was the age of Ali (RA) at the time of his death?,61 years,63 years,65 years,70 years,A
1892,How many essential beliefs are there in Iman-e-Mufassal?,5,9,7,11,C
1893,Which of the following events occurred during the Ghazwa of Banu Mustaliq?,The incident of Ifk concerning Aisha (RA),The revelation of the ruling on Tayammum,Both of these,None of these,B
1894,Between which tribes was the War of Dahis and al-Ghabra fought?,Tamim and Thaqif,Abs and Dhubyan,Quraysh and Asad,None of these,B
1895,Who was sent to explain the difference between jihad and miracles?,Hazrat Hanzala (RA),Hazrat Jibreel (AS),Harut and Marut,None of these,C
1896,Which prayer starts from twilight and ends before dawn?,Fajr,Tahajjud,Chasht,None of these,B
1897,Which Surah was recited by the Holy Prophet (SAW) at the time of migration:,Surah Rehman,Surah Hujrat,Surah Nasr,Surah Yaseen,D
1898,What is meant by *Nafs al-Lawwama* (the reproaching soul)?,The soul inclined towards sin,The soul inclined toward the world,The reproaching soul,None of these,C
1899,Who admired Muslims on the collection of Ahadith?,Hitti,Sprenger,Nicholson,None of these,B
1900,"All of the Prophet's (PBUH) children, except for his son Ibrahim, were from which wife?",Khadijah (RA),Aisha (RA),Maymunah (RA),Zaynab (RA),A
1901,What is the Islamic term for a binding contract of marriage?,Nikah,Mahr,Walima,Talaq,A
1902,Kitab al-Athar is a Hadith collection compiled by:,Imam Abu Hanifah (RA),Imam Shafi'i (RA),Imam Malik (RA),Imam Ahmad ibn Hanbal (RA),A
1903,"The ""Al-Attarin Madrasa"" and ""Bou Inania Madrasa"" are masterpieces of Marinid architecture in which city?","Tunis, Tunisia","Cairo, Egypt","Fez, Morocco","Granada, Spain",C
1904,Hazrat Nuh (AS) remained in the boat for about six months. Where did his boat stop?,India,Turkey,Syria,Saudi Arabia,B
1905,The Jamia Mosque of Damascus was built by:,Hazrat Amir Muawiyah (RA),Waleed bin Abdul Malik,Marwan,None of these,B
1906,The following prophet suffered from blindness in his old age:,Hazrat Yunus (AS),Hazrat Ishaq (AS),Hazrat Ismail (AS),Hazrat Yaqub (AS),D
1907,"Which Surah contains the ""Verse of the Throne"" (Ayat al-Kursi), considered one of the greatest verses in the Quran?",Al-Nisa,Aal-Imran,Al-Baqarah,Al-Ma'idah,C
1908,"Who was the companion known as the ""Spokesperson of the Ansar""?",Hassan ibn Thabit,Sa'd ibn Mu'adh,Thabit ibn Qays,Sa'd ibn Ubadah,C
1909,Muzdalifah is located between:,Arafat and Makkah,Makkah and Madinah,Mina and Arafat,Mina and Makkah,C
1910,How many miles away from Mina is Muzdalifah located?,Four,Three,Two,One,B
1911,Hazrat Sulayman (AS) founded the following mosque:,Al-Aqsa,Al-Qurtuba,Blue Mosque,Masjid Hanifia,A
1912,Which creation is described as being absolutely obedient to Allah's commands?,Angels,Jinns,Shayateen,Human beings,A
1913,What is the term for someone who abandons their faith?,Apostate,Apostate,Hypocrite,None of these,A
1914,For how many years did Prophet Muhammad (S.A.W.) (Khatam-un-Nabiyyin) remain under the care of his grandfather?,2 years,3 years,4 years,6 years,A
1915,The Zakat and Ushr Ordinance was promulgated on:,on 21st April 1979,on 20th June 1980,on 29th June 1981,on 30th June 1981,B
1916,Who was the first male martyr in Islam?,Hamza (RA),Sumayyah (RA),Ammar (RA),Yasir (RA),D
1917,"The concept of ""Wahdat al-Wujud"" (Unity of Being) is most famously associated with which Sufi philosopher?",Rumi,Al-Ghazali,Ibn Arabi,Al-Jilani,C
1918,"The Ottoman practice of collecting a ""boy tax"" to recruit for the Janissary corps was known as:",Devshirme,Jizya,Timar,Millet,A
1919,In which Surah was the command to preach Islam first given?,Surah An-Nasr,Surah Al-Furqan,Surah Yaseen,None of these,D
1920,Which prophet had the knowledge of understanding the conversation of birds?,Hazrat Sulayman (A.S.),Hazrat Luqman (A.S.),Hazrat Dawood (A.S.),None of these,A
1921,Hypocrites of Madinah built contrary to Masjid-e-Nabawi:,Masjid-e-Harrain,Masjid-e-Aqsa,Masjid-e-Dharaar,Masjid-e-Ubayye,C
1922,Which of the following was/were the children of Hazrat Nuh (A.S.)?,Sam,Ham,Yafith,All of these,D
1923,Which Surah is called the 'Heart of the Quran?,Surah Muhammad,Surah Al-Rahman,Surah Yasin,None of these,C
1924,The first mosque of Islam is _____.,Masjid-e-Haram,Masjid-e-Nabawi,Masjid-e-Qiblatain,Masjid-e-Quba,D
1925,Who first of all verified the Holy Prophet (PBUH) as a prophet?,Hazrat Khadijah (RA),Warqa bin Nawfal,Hazrat Abu Bakr (RA),Hazrat Ali (RA),B
1926,What are the different names used for Satan or the Devil in the Qur'an?,Iblees and Mardood,Iblees and Ash-Shaytan,Mardood and Ash-Shaytan,Iblees and Mal'oon,B
1927,When did the Hijra start?,on the 12th Rabi-ul-Awwal of the 13th year of Nabvi,on the 12th Rabi-ul-Awwal of the 12th year of Nabvi,on the 12th Rabi-ul-Awwal of the 14th year of Nabvi,on the 12th Rabi-ul-Awwal of the 10th year of Nabvi,A
1928,When was Rabia Basri born?,50 Hijri,95 Hijri,112 Hijri,100 Hijri,B
1929,The book of narrations written by Abdullah ibn Amr (RA) is known as:,Al-Sahifah al-Sadiqah (The Truthful Scroll),Ahadith al-Sadiqah,Sahifah Abdullah,Sahih Ahadith,A
1930,How many Ayats are regarding Ushr?,3,4,5,6,B
1931,Ameen al-Ummah is the title of Hazrat:,Ammar ibn Yasir (R.A.),Salman al-Farsi (R.A.),Abu Ubaidah ibn al-Jarrah (R.A.),Abu Sa'id al-Khudri (R.A.),C
1932,Name the first Muslim who migrated to Madinah.,Hazrat Abu Salamah (RA),Hazrat Bilal (RA),Hazrat Talha (RA),Hazrat Ja'far Tayyar (RA),A
1933,Which angel is in charge of bringing rain and sustenance by Allah's command?,Jibra'il (AS),Izra'il (AS),Israfil (AS),Mika'il (AS),D
1934,On which occasion did Salat become an obligation (Farz)?,Miraj,Migration,Boycott,Visit to Ta'if,A
1935,What is the meaning of Iman-e-Mufassal?,The belief in brief,The belief in detail,The belief in all things,The belief in uncertain things,B
1936,Which angel is appointed for providing food?,Hazrat Jibril (A.S),Hazrat Israfil (A.S),Hazrat Mikail (A.S),Hazrat Izrail (A.S),C
1937,The first Ghazwa of Islam is:,Abwa,Badr,Uhud,Tabook,A
1938,The voluntary prayer performed shortly after sunrise is called:,Zuhr,Ishraq,Chasht,None of these,B
1939,The great mosque of Damascus was built by:,Muawiyah,Waleed I,Umar II,None of these,B
1940,Which is the greatest of all sins according to the Holy Prophet (SAW)?,Lie,Shirk,Backbiting,Flattering,B
1941,Fateh Makkah occurred in:,3 Hijri,5 Hijri,8 Hijri,None of these,C
1942,Which prophetic agreement is called the world's first written constitution?,Misaq-e-Madina,Mawakhat-e-Madina,Sulah-e-Hudaybiyyah,None of these,A
1943,What is the name of the Hadith collection compiled by Imam Malik?,Muwatta,Bukhari,Jami,None of these,A
1944,"In Islamic law, a marriage to a woman who is already married is considered:",Sahih (valid),Fasid (irregular),Batil (void),Makruh (disliked),C
1945,Zunnorain is the title of:,Hazrat Abu Bakr (RA),Hazrat Umar (RA),Hazrat Usman (RA),None of these,C
1946,What was the real name of Abu Ubaidah bin Al-Jarrah?,Abdullah bin Abi Quhafa,Qasim bin Abdullah,Aamir bin Abdullah,None of these,C
1947,Where was Hazrat Yusuf (A.S.) settled?,Syria,Egypt,Palestine,Israel,B
1948,When was the Qiblah changed?,in the 2nd Hijri,in the 3rd Hijri,in the 4th Hijri,in the 1st Hijri,A
1949,"The ""Aqiqah"" is the Islamic tradition of sacrificing an animal to celebrate:",Eid al-Fitr,A wedding,The birth of a child,A successful harvest,C
1950,Which Ghazwa was fought primarily against the Byzantine (Roman) Empire?,Tabuk,Mu'tah,Khyber,Hunayn,A
1951,Who delivered the fatal blows to Abu Jahl at the Battle of Badr?,Mu'adh and Mu'awwidh (RA),Abdullah ibn Mas'ud (RA),Ali (RA),Uthman (RA),B
1952,The first Masjid (Mosque) of Islam that was built by the Holy Prophet (SAW) was:,Masjid-e-Nabawi,Masjid Al-Aqsa,Masjid Al-Haram,Masjid Quba,D
1953,Who was the first woman to be martyred in the cause of Islam?,Khadijah (RA),Sumayyah bint Khabbat (RA),Fatimah (RA),Aisha (RA),B
1954,Which angel is appointed for providing food?,Hazrat Jibra'il (A.S.),Hazrat Israfil (A.S.),Hazrat Mika'il (A.S.),Hazrat Izra'il (A.S.),C
1955,"Which companion is known as ""Dhul-Nurayn"" (The Possessor of Two Lights)?",Abu Bakr (RA),Uthman ibn Affan (RA),Ali ibn Abi Talib (RA),Talha ibn Ubaydullah (RA),B
1956,Approximately how many years ago did Prophet Ibrahim (AS) and Isma'il (AS) rebuild the Holy Ka'ba?,4000,3500,5000,4500,A
1957,What was the original (real) name of Abu Jahl?,Amr ibn Hisham,Omar bin Hisham,Salam bin Hakam,Amr bin Ummayah,A
1958,What was the age of Prophet Muhammad (PBUH) when he married Hazrat Sawdah (R.A.)?,49 Years,50 Years,53 Years,57 Years,B
1959,"The Islamic legal principle of ""Urf"" refers to:",Public interest,Scholarly consensus,Custom or convention of a society,Analogical reasoning,C
1960,"The legal term ""Mahr"" refers to the:",Mandatory bridal gift from husband to wife,Wedding feast,Marriage contract,Witness of marriage,A
1961,"The book of Hadith, ""Al-Sahifa al-Sadiqa,"" is narrated by whom?",Muhammad ibn Ya'qub,Abdullah ibn Amr (RA),Muhammad ibn Babawayh,None of these,B
1962,When did the truce of Hudaibiyah take place?,in the 6th Hijri,in the 7th Hijri,in the 5th Hijri,in the 4th Hijri,A
1963,The splitting of the moon occurred in,Madinah,Makkah,Mina,None of these,C
1964,What was the significant event of 27 Rajab of the 11th year of Prophethood?,Miraj,Migration,Boycott,Pledge of Aqaba,A
1965,Sulayman ibn al-Ash'ath is the name of Imam Abu Dawood. Who was Ahmad ibn Shu'ayb?,Imam Bukhari,Imam Nasa'i,Ibn Majah,None of these,B
1966,"Al-Muwatta contained 1,720 ahadith. Earlier, this number was 10,000, which was reduced by the author. Who was the compiler of Al-Muwatta?",Imam Ja'far al-Sadiq,Imam Shafi'i,Imam Malik ibn Anas,Imam Abu Hanifa,C
1967,"In Islamic law, ""Ghasb"" refers to the act of:",Fraud,Theft,Usurpation or wrongfully seizing property,Bribery,C
1968,Which title was given to Uthman (RA) due to his generosity?,Al-Farooq,Al-Ghani,Al-Siddiq,Al-Amin,B
1969,"What does ""Musaharat"" refer to in Islamic jurisprudence?",Relations dealing with Arab Muslims,Relations by marriage (in-laws),Relations dealing with non-Muslims,None of these,B
1970,"The ""Jizya"" tax was typically levied on:",Muslim farmers,All non-Muslims including women and children,Able-bodied adult non-Muslim men,Traders and merchants,C
1971,Munh bolay betay ka zikr Quran Pak ki kis Surah mein aaya hai?,Surah Al-Ahzab,Surah Al-Baqarah,Surah Quraish,In mein se koi nahi,A
1972,At which occasion did Salat become an obligation (Farz)?,Miraj,Migration,Boycott,Visit to Taaif,A
1973,Where did the confederate armies encamp during the Battle of the Ditch?,On the side of Mount Sal' in Madinah,On the outskirts of Madinah,On the side of Mount Ail in Madinah,On the side of Mount Zuhraf in Madinah,B
1974,"The literal meaning of ""Hajj"" is:",To make a pilgrimage,The will to visit,A holy journey,To go around the Kaaba,A
1975,The heads of Zakat are:,Eight,Nine,Seven,Five,A
1976,"The ""first Hijrah"" (migration) in Islamic history was to:",Ta'if,Madinah (Yathrib),Abyssinia (modern Ethiopia),Yemen,C
1977,Khateeb al-Anbiya (The Orator of the Prophets) is a title of:,Hazrat Idrees (AS),Hazrat Ibrahim (AS),Hazrat Yaqoob (AS),Hazrat Shu'ayb (AS),D
1978,"In the Battle of the Ditch, how many Muslims were martyred and how many confederates were killed?","6 Muslims martyred, 3 confederates killed","8 Muslims martyred, 6 confederates killed","6 Muslims martyred, 8 confederates killed","5 Muslims martyred, 5 confederates killed",C
1979,Into how many parts is the Holy Qur'an divided?,Ten,Thirty,Twenty-five,Twenty,B
1980,By which name is the Cave of Hira now called?,Jabal al-Noor,Jabal al-Muqaddas,Jabal Hira,Jabal Thawr,A
1981,''Kiramin Katibin'' means what?,Two writers,Wise writer,Illustrious Writer,None of these,C
1982,The number of muslims in the battle of Uhud?,700,1000,10000,3000,A
1983,Which companion was sent by the Prophet (PBUH) to teach the Quran to the people of Madinah before the Hijrah?,Zayd ibn Thabit (RA),Abdullah ibn Mas'ud (RA),Mus'ab ibn Umayr (RA),Ubayy ibn Ka'b (RA),C
1984,Name the place where the Holy Prophet (PBUH) went for the first time from Medina.,Widdan,Wida,Kufa,Basra,A
1985,The stone mentioned in the Holy Quran is:,Coral,Sapphire,Diamond,All of the above,A
1986,"The ""Hamasah"" and ""Diwan"" are famous collections of:",Historical accounts,Legal maxims,Arabic poetry,Sufi sayings,C
1987,"The Islamic legal principle that ""custom is authoritative"" (`al-'adah muhakkamah`) is used as a source of law primarily by which school?",Shafi'i,Hanbali,Zahiri,Hanafi and Maliki,D
1988,The surname of Muhammad (PBUH) was:,Abu-ul-Ibrahim,Abu-al-Qasim,Abu-ul-Tahir,None of these,B
1989,The Jamia Mosque of Damascus was built by ______.,Hazrat Amir Mu'awiyah (RA),Walid ibn Abd al-Malik,Marwan,None of these,B
1990,The only Sahabi mentioned by name in the Holy Quran is:,Hazrat Abu Bakr (RA),Hazrat Zayd ibn Thabit (RA),Hazrat Zayd ibn Harithah (RA),Hazrat Uthman Ghani (RA),C
1991,Surah Saba is a:,Makki Surah,Madani Surah,Iraqi Surah,Makki and Madani Surah,A
1992,For how long did Prophet Muhammad (PBUH) receive the revelation of the Qur'an in Madinah?,10 years,8 years,11 years,7 years,A
1993,How many angels helped the Muslims in the Battle of Badr?,700,1000,3000,5000,C
1994,Identify the Muslim ruler who instituted the Islamic calendar from the year of the Holy Prophet's Migration to Madina.,Hazrat Abu Bakr (R.A.),Hazrat Umar (R.A.),Abdul Malik Bin Marwan,None of these,B
1995,The total number of mujahideen in the army of Ghazwa Badr was ______.,210,313,380,413,B
1996,Who is considered the father of the Silsila Chishtiya?,Hazrat Khwaja Moinuddin Chishti (RA),Hazrat Nizamuddin Aulia (RA),Hazrat Abdul Qadir Jilani (RA),Hazrat Ali Hijvaeri (RA),A
1997,In which Surah are the commandments for the obligation of Hajj found?,Surah Al-Mu'minun,Surah Aal-e-Imran,Surah Al-Baqarah,Surah Al-Jumu'ah,B
1998,When did the War of Qadisiyyah start?,"Muharram, 14 A.H.","Safar, 14 A.H.","Ramadan, 14 A.H.","Rajab, 14 A.H.",A
1999,"The ""Fajr"" prayer consists of how many obligatory (Fard) Rak'at?",Three,Four,Two,One,C
2000,"The ""Sanusi"" order was a religious and political movement that resisted colonial rule in which country?",Egypt,Algeria,Sudan,Libya,D
2001,Who cured the victims of leprosy as a miracle?,Hazrat Idris (AS),Hazrat Isa (AS),Hazrat Yahya (AS),Hazrat Musa (AS),B
2002,When did the Battle of Badr take place?,1 AH,2 AH,3 AH,None of these,B
2003,Who was leading the enemy cavalry in the Battle of Uhud?,Khalid ibn al-Walid,Abu Sufyan,Abu Jahl,Abu Lahab,A
2004,Hazrat Yusuf (AS) was the son of:,Hazrat Ishaq (AS),Hazrat Yaqub (AS),Hazrat Ismail (AS),Hazrat Lut (AS),B
2005,"The great book ""Al-Itqan fi Uloom al-Quran"" was composed by:",Muhammad Ali-al-Sabuni,Muhammad Hussain Zahid,Imran Ghazali,Jalal al-Din Suyuti,D
2006,How many Ayat al-Sajdah are in the Qur'an?,16,14,18,20,B
2007,The Holy Quran was first compiled during the caliphate of:,Hazrat Abu Bakr (R.A.),Hazrat Umar (R.A.),Hazrat Usman (R.A.),Hazrat Ali (R.A.),A
2008,Dhu al-Nun is the title of:,Hazrat Usman (R.A),Hazrat Ali (R.A),Hazrat Yunus (R.A),Hazrat Idris (R.A),C
2009,Sadaqat al-Fitr was proclaimed in the year:,2 A.H.,3 A.H.,4 A.H.,5 A.H.,A
2010,"Which companion of the Prophet (PBUH) was awarded the title of ""The Sword of Allah""?",Hazrat Abu Bakar RA,Hazrat Ali RA,Hazrat Khalid Bin Waleed RA,Hazrat Abuzar Ghaffari RA,C
2011,Had-e-Qazf aur zina ka zikr kis surat mein aaya hai?,Surah Al-Baqarah,Surah Noor,Surah Al-Ma'idah,In mein se koi nahi,B
2012,What is the number of Ramadan in the Islamic Calendar?,8th,9th,10th,11th,B
2013,How much Ushr is paid when a crop is destroyed in a disaster?,Half of Ushr paid,2/3 of Ushr is paid,No Ushr is paid,None of the above,C
2014,"The ""Treaty of Adrianople"" marked a significant loss of territory in Europe for which Islamic empire?",Ottoman Empire,Mughal Empire,Safavid Empire,Umayyad Caliphate,A
2015,Which prophet is titled Khaleelullah?,Hazrat Moosa (A.S.),Hazrat Idrees (A.S.),Hazrat Ibrahim (A.S.),None of these,C
2016,"Which Mother of the Believers is known as ""Umm-ul-Masakeen"" (Mother of the Poor)?",Sayyidah Zaynab bint Jahsh (RA),Sayyidah Zaynab bint Khuzaymah (RA),Sayyidah Hafsah bint Umar (RA),None of these,B
2017,Whom did Umar (RA) appoint as the custodian of the Bayt al-Mal (Public Treasury)?,Abdullah ibn al-Arqam,Abu Ubaidah ibn al-Jarrah,Abdullah ibn Masud,Sa'd ibn Abi Waqqas,C
2018,What was the age of Hazrat Ibrahim (A.S.) when Hazrat Isma'il (A.S.) was born?,86 years,88 years,90 years,None of these,A
2019,What is necessary before reciting the Holy Qur'an?,Attention,Ta'awwudh (seeking refuge),Wudu (ablution),All of these,D
2020,The title of Miftah-ul-Khayr was of the Abbasid caliph:,Waleed I,Mamun,Mamun,Waleed III,B
2021,Christians believe in:,Oneness,Duality,Trinity,None of these,C
2022,"The ""Circle of Justice"" is a political theory that connects just rule to economic prosperity, often associated with:",Pre-Islamic Persian statecraft,The Quran,The writings of Ibn Khaldun,Ottoman legal codes,A
2023,Which of the following are the names of major Jewish tribes of Madinah?,"Banu Qaynuqa, Banu Nadir, Banu Qurayza",All tribes,None,"Banu Aws, Banu Khazraj",A
2024,In which year of Prophethood did most of the Muslims migrate to Medina?,11th,12th,13th,14th,C
2025,Who was the first Caliph of Islam?,Hazrat Abu Bakr (R.A.),Hazrat Umar (R.A.),Hazrat Usman (R.A.),Hazrat Ali (R.A.),A
2026,Name the first scribe of the wahi in Makkah.,Hazrat Abu Bakr (R.A.),Hazrat Usman (R.A.),Shurahbil ibn Hasanah Kindi,None of these,A
2027,"Who was the Persian Sasanian king (Chosroes) to whom the Prophet (PBUH) sent an envoy, and who tore the letter?",Shapur I,Yazdegerd III,Khosrow II,Kavad I,C
2028,Where was the first Wahi revealed?,Cave of Thawr,Cave of Hira,Cave of Safa,Cave of Marwa,A
2029,"During the migration from Makkah to Madinah, the Holy Prophet (PBUH) and Hazrat Abu Bakr Siddique (R.A.) took shelter in the",Cave of Hira,Dar-e-Arqam,Cave of Thawr,Holy Kaaba,A
2030,The people of which country were the first to request Ali (RA) to accept the office of Caliph after the assassination of Uthman (RA)?,Egypt,Syria,Iran,Iraq,A
2031,"The ""Dome of the Rock"" is located in which city?",Makkah,Jerusalem (Al-Quds),Madinah,Damascus,B
2032,Ghaseel al-Malaika (The one washed by the Angels) is the title of which companion?,Abu Talha (RA),Abu Dujana (RA),Sa'd (RA),Hanzala ibn Abi Amir (RA),D
2033,The Battle of Qadisiyyah was fought between Muslims and Persians in,Rajab 14 Hijri,Shawwal 14 Hijri,Muharram 14 Hijri,None of these,C
2034,Salat-e-Khusuf is performed on the occasion of ________.,Drought,Lunar eclipse,Solar eclipse,Earthquake,B
2035,Who was the first apostate self-proclaimed prophet:,Aswad Ansi,Musaylimah al-Kazzab,Tulayha,None of the above,A
2036,Who had Bait al-Maqdis constructed with the help of jinns?,Hazrat Sulaiman (AS),Hazrat Khidr (AS),Hazrat Ibrahim (AS),None of these,A
2037,Zakat was made obligatory in:,2 Hijri,5 Hijri,9 Hijri,None of the above,A
2038,What are the different names used for Satan or the Devil in the Qur'an?,Iblis and Mardud,Iblis and al-Shaytan,Mardud and al-Shaytan,Iblis and Mal'un,B
2039,"In the context of the Quran, the ""Seven Oft-Repeated Verses"" (al-Sab' al-Mathani) is another name for:",The opening verses of Al-Baqarah,Ayat al-Kursi,The last three Surahs,Surah Al-Fatiha,D
2040,How many camels of Hadi were there with the Holy Prophet (PBUH) in Hajjat-ul-Wida?,70,85,90,100,D
2041,The commander of the Muslim Army in the Battle of Qadisiya was,Hazrat Amr ibn al-Aas,Hazrat Saad bin Abi Waqas,Hazrat Muawiyah,Hazrat Khalid bin Waleed,B
2042,Six additional Takbeers are offered in which of the following prayers?,Eid Prayer,Jummah Prayer,Funeral Prayer,All of these,A
2043,Which Prophet is called Naji-Ullah?,Hazrat Yahya (AS),Hazrat Nooh (AS),Hazrat Idrees (AS),Hazrat Moosa (AS),B
2044,After how many months of the Hijrah to Medina were the orders for the change of Qibla received?,15 months,17 months,19 months,20 months,B
2045,"What is the meaning of the name of Muhammad (PBUH), ""Bashir""?",The Messenger of Good News,The Prophet,The Illuminating,The True Friend,A
2046,Roza became obligatory in which Hijri?,2 Hijri,3 Hijri,4 Hijri,5 Hijri,A
2047,"What is the literal meaning of ""Qiyas"" as a source of Islamic law?",Consensus,Analogical Reasoning,Tradition,Revelation,B
2048,The legal term for the bridal gift given by the groom to the bride at the time of marriage is:,Walima,Nikah,Mahr,Sadaq,C
2049,Which is the most important belief in Islam after Tauheed?,Belief in the Holy Prophet (SAW),Belief in Akhirah,Prophethood,Belief in Angels,C
2050,On which date did the Prophet (PBUH) enter Makkah victoriously during the conquest?,"19th of Ramadan, 8 AH","20th of Ramadan, 8 AH","10th of Muharram, 8 AH","27th of Rajab, 8 AH",B
2051,The famous companion Salman al-Farsi (RA) was originally from which land?,Syria,Persia (Iran),Abyssinia,Rome,B
2052,Name the Kalimah which is recited in a funeral procession.,Shahadat,Tamjeed,Tauheed,Tayyaba,A
2053,The splitting of the moon occurred in:,Mina,Makkah,Madinah,Ta'if,B
2054,The number of categories of people who are entitled to receive Zakat is:,6,7,8,9,C
2055,Who freed Hazrat Bilal (RA) from slavery?,Hazrat Umar (RA),Hazrat Usman (RA),Hazrat Ali (RA),None of these,D
2056,The funds from Zakat cannot be used for:,Madrasah (school),Mosque construction,Hospital,None of these,B
2057,To which valley did Prophet Musa take his people to escape Pharaoh?,Valley of Jabal,Valley of Sinai,Valley of Toor,None of these,B
2058,"What does the term ""Taqleed"" mean in Islamic jurisprudence?",Independent reasoning,Following a qualified jurist or school of thought,Scholarly consensus,Interpretation of the Quran,B
2059,What type of location is Badr?,A village,A valley,A mountain,An island,B
2060,Name the foster mother(s) of the Holy Prophet (SAW)?,Hazrat Halima (RA),Hazrat Sobia (RA),Hazrat Khola (RA),All of them,A
2061,Namaz-e-Kasoof is offered at the time of:,Solar eclipse,Lunar eclipse,Earthquake,Heavy rain,A
2062,What is the meaning of Al-Ahzab?,The Allies,The Rebels,Day of Judgement,None of these,A
2063,The last advice of the Holy Prophet (PBUH) was about:,Salat,Rights,Men,Women,A
2064,Which Prophet's people were destroyed by an earthquake?,The people of Madyan (Shu'ayb AS),The people of 'Ad (Hud AS),The people of Thamud (Salih AS),The people of Nuh (AS),C
2065,What is the meaning of Shahadat?,Penitence,Testimony,Glorification,Repudiation of infidelity,B
2066,"The ""Babur-nama,"" the autobiography of the first Mughal emperor Babur, was originally written in which language?",Persian,Arabic,Urdu,Chagatai Turkic,D
2067,"The ""Talbina"" is a porridge made from barley that is recommended in the Sunnah for:",The pre-dawn meal in Ramadan,Celebrations,Grief and illness,Breaking the fast,C
2068,"The ""Gulistan"" and ""Bustan"" are famous works of poetry and prose written by the Persian poet:",Rumi,Hafiz,Ferdowsi,Saadi Shirazi,D
2069,What was the approximate composition of the 313 Muslims in the Battle of Badr?,200 Ansar & 113 Muhajirun,~230+ Ansar & ~80+ Muhajirun,150 Ansar & 163 Muhajirun,300 Ansar & 13 Muhajirun,B
2070,"During the Battle of the Ditch, who was in the fort guarding the Muslim women and children?",Sa'd ibn Ubadah (RA),Hassan ibn Thabit (RA),Umar ibn al-Khattab (RA),Abdullah ibn Rawahah (RA),B
2071,How many years after the birth of Muhammad (PBUH) did Hazrat Aminah (R.A.) die?,Six years,Seven years,Nine years,Ten years,A
2072,Who were the three pagan champions that dueled the Muslims at the start of the Battle of Badr?,"Utbah ibn Rabi'ah, Shaybah ibn Rabi'ah, Walid ibn Utbah",All pagan champions,None,"Abu Jahl, Abu Sufyan, Walid",A
2073,How many stages (manazil) are in the Holy Quran?,6,7,8,None of these,B
2074,Who was the first Katib-e-Wahi?,Hazrat Ali (RA),Hazrat Sharjeel (RA),Hazrat Abu Hurairah (RA),Hazrat Umar (RA),B
2075,"According to Shah Waliullah, what is the primary function of the Qur'an?",Subject (under authority),Mu'tazilah,Reminder of Allah,None of these,C
2076,"The ""Tariqa Muhammadiyya"" was a reform movement in 18th-century India, influenced by the teachings of:",Ahmad Sirhindi,Akbar the Great,Aurangzeb,Shah Waliullah Dehlawi,D
2077,What was the name of the nation of Prophet Salih?,Nation of Thamud,Nation of 'Aad,Nation of Nuh,None of these,A
2078,"Who said, ""He who hates Umar, hates me, and he who loves Umar, loves me""?",Abu Bakr (RA),The Holy Prophet (PBUH),Uthman (RA),Ali (RA),B
2079,Where did Mamun establish an observatory?,Baghdad,Shammasiyah,Damascus,Isfahan,B
2080,Makkah was conquered in which Hijri year?,5 AH,10 AH,2 AH,8 AH,D
2081,The Holy Prophet's (PBUH) name Ahmad is mentioned in which Surah?,As-Saff,As-Saba,Al-Qamar,Al-Qalam,A
2082,Which companion led the first expedition (sariyya) sent out from Madinah?,Sa'd ibn Abi Waqqas (RA),Ubaydah ibn al-Harith (RA),Hamza ibn Abd al-Muttalib (RA),Abdullah ibn Jahsh (RA),C
2083,Which is the second pillar of Islam?,Tawhid,Salat,Zakat,Sawm,B
2084,In which year did Tayammum become obligatory?,5 A.H.,3 A.H.,2 A.H.,1 A.H.,A
2085,What is the meaning of Yawm at-Talaq?,Resurrection Day,Judgment Day,Gathering Day,Trumpet Day,C
2086,Hajj al-Akbar (The Greater Pilgrimage) refers to:,A vast Hajj,The annual Hajj performed on its set days,The first Hajj in Islam,None of these,B
2087,Which Surah is called Umm-ul-Kitab?,Yasin,Ar-Rahman,Al-Fatihah,Al-Baqarah,C
2088,Who led the funeral prayer of Hamza (RA) after the Battle of Uhud?,Hazrat Abu Bakr (RA),Hazrat Umar (RA),The Holy Prophet (PBUH),Hazrat Ali (RA),C
2089,"The ""Idrisid"" dynasty was founded by Idris I, a descendant of:",Abbas ibn Abd al-Muttalib,Husayn ibn Ali (RA),Hasan ibn Ali (RA),Umar ibn al-Khattab (RA),C
2090,What was the name of the boat of Hazrat Nuh (A.S.)?,Mem,Bohr,Ark,Saan,C
2091,What is the second pillar of Islam?,Salat,Sawm,Hajj,Zakat,A
2092,Abdullah bin Ubayy was a:,Hypocrite,Christian,Jew,Great leader,A
2093,What is the code of law for the Islamic way of life which Allah has revealed for mankind and commanded us to follow called?,Qiyas,Shariah,Ijma,Ijtihad,B
2094,What was the religion of the majority of the Arabs before Islam?,Buddhism,Jewish,Idolatry,Christianity,C
2095,The Fifth Caliph of Islam was:,Hazrat Abdur Rahman,Hazrat Umar ibn Abd al-Aziz,Hazrat Anas ibn Malik,None of these,B
2096,Name the first Muslims who faced the first-ever ordinance of Qadhf.,Hassan ibn Thabit,Mistah ibn Uthatha,Hamnah bint Jahsh,All of these,D
2097,Hazrat Ali (R.A.) was martyred in which month?,Rajab,Safar,Ramzan,Zi Qa'ad,C
2098,Which of the following Prophets (AS) is known as Safiullah?,Hazrat Ibrahim (AS),Hazrat Adam (AS),Hazrat Yunus (AS),None of the above.,B
2099,How many prayers were led by Hazrat Abu Bakr Siddiq (R.A.) during the days of illness of the Holy Prophet Muhammad (S.A.W.)?,Fourteen,Fifteen,Sixteen,Seventeen,D
2100,"The story of Harut and Marut, two angels sent as a trial, is mentioned in which Surah?",Al-Baqarah,Al-Ma'idah,Al-An'am,Al-A'raf,A
2101,To which events are Sabt and Raf-e-Toor related?,Nation of Ibrahim,Nation of Shoaib,Nation of Musa,Nation of Nuh,C
2102,"Ibn al-Haytham, known in the West as Alhazen, made significant contributions to the field of:",Medicine,Astronomy,Optics,Mathematics,C
2103,Which is the first source of Shariah?,The Holy Qur'an,The Sunnah of the Holy Prophet (SAW),Both of them,None of them,A
2104,"Which Surah is often called ""the mother of the Quran"" (Umm al-Quran)?",Al-Fatiha,Al-Baqarah,Al-Ikhlas,Yaseen,A
2105,Risala Roohi Sharif was written by?,Sultan Bahu RA,Lal Shahbaz Qalandar RA,Syed Ahmad Sultan RA,Baba Farid RA,A
2106,Who is the Christian-turned-Muslim writer of the biography 'Muhammad: His Life Based on the Earliest Sources?,Karen Armstrong,Martin Lings,William Montgomery Watt,Reza Aslan,B
2107,Who wrote the treaty of Hudaybiyyah?,Hazrat Umar (RA),Hazrat Ali (RA),Suhail ibn Amr,None of these,B
2108,How many people did Hazrat Umar (RA) appoint in the council (shura) at the time of his passing?,Four,Five,Six,None of these,C
2109,Who is the greatest angel according to the teachings of Islam?,Hazrat Mikail (AS),Hazrat Izra'il (AS),Hazrat Jibra'il (AS),Hazrat Israfil (AS),C
2110,Which profession did the Holy Prophet first adopt?,Gardening,Sailing,Trade,Shepherding,D
2111,"The ""Minaret of Jam"" is a remote and well-preserved 12th-century minaret in which modern-day country?",Uzbekistan,Iran,Afghanistan,Turkmenistan,C
2112,The compiler of the Al-Kafi is Abu Jaafar Ya'qoob Al-Kaleni. When he died?,in 339 A.H.,in 340 A.H.,in 341 A.H.,in 342 A.H.,A
2113,Hazrat Musa (AS) married the daughter of the Prophet:,Hazrat Yusha (AS),Hazrat Shu'ayb (AS),Hazrat Ismail (AS),Hazrat Uzair (AS),B
2114,What was the real name of the King of Egypt?,Jareeh ibn Matee,Jareeh-ibn-Maqqooas,Jareeh ibn Jarrah,Jareeh ibn Hahwaa,A
2115,What is the literal meaning of Nabi?,A person who behaves nicely,A person who acts according to Shariah,A person who conveys the message of Allah,A person who believes in the unity of Allah,C
2116,The Battle of Qadisiyyah was fought between Muslims and Persians in:,Rajab 14 Hijri,Shawal 14 Hijri,Muharram 14 Hijri,None of these,D
2117,"After the martyrdom of Zayd ibn Harithah (RA) in the Battle of Mu'tah, who took command of the Muslim army?",Usamah ibn Zayd (RA),Khalid ibn al-Walid (RA),Ali ibn Abu Talib (RA),Ja'far ibn Abi Talib (RA),D
2118,Who were Muhammad ibn Abi Bakr and Muhammad ibn Abi Hudhayfa in relation to the caliphate of Uthman (RA)?,They were among the rebels/dissenters,They were his strongest supporters,They were neutral,None of these,A
2119,Kitab al-Umm is the foundational text of which school of Islamic law?,Shafi'i,Hanafi,Maliki,Hanbali,A
2120,"The ""Naskh"" style of calligraphy, known for its clarity and readability, was standardized by the Abbasid vizier:",Yaqut al-Musta'simi,Al-Farahidi,Ibn al-Bawwab,Ibn Muqlah,D
2121,Hazrat Yusuf (AS) was put into jail by the king of Egypt. He remained behind bars for:,2 years,5 years,7 years,12 years,B
2122,How many Muslims participated in the Ghazwa Badr?,82,76,313,None of these,C
2123,"The ""Wahhabi"" movement, a puritanical reform movement, was founded by Muhammad ibn Abd al-Wahhab in the 18th century in the:",Hijaz region,Yemen,Oman,Najd region of Arabia,D
2124,"What is meant by the name of Allah, ""Al-Mu'id""?",The Truth,The Trustee,The Restorer,None of these,C
2125,When were the primary verses on the Law of Inheritance revealed?,In 3 AH,In 4 AH,In 5 AH,In 6 AH,B
2126,Where does a Haji go after performing Sa'i?,Safa,Mina,Arafat,Muzdalifah,B
2127,Who had written Ihya al-Ulum?,Imam Ghazali,Ibn Khaldun,Shah Wali Ullah,Sheikh Ismael,A
2128,Which among the following is called Umm-ul-Masakeen?,Zainab bint Khuzaymah,Zainab bint Jahsh,Hazrat Ayesha RA,Hazrat Khadija RA,A
2129,How many days did the confederate tribes lay siege to Madinah during the Battle of the Ditch?,40 days,10 days,Approximately two to three weeks,Over a month,C
2130,The companion who was sent to Yemen and famously asked by the Prophet (PBUH) how he would judge matters was:,Anas ibn Malik,Abdullah ibn Mas'ud,Zayd ibn Thabit,Mu'adh ibn Jabal,D
2131,Which prophet's law do the Jews follow?,Hazrat Isa (A.S.),Hazrat Musa (A.S.),Hazrat Dawood (A.S.),Hazrat Yusuf (A.S.),B
2132,Hazrat Hafsa (RA) was the daughter of which companion?,Hazrat Abu Bakr (RA),Hazrat Umar (RA),Hazrat Uthman (RA),None of these,B
2133,The conqueror of Central Asia was:,Khalid ibn al-Walid,Qutayba ibn Muslim,Muhammad bin Qasim,None of these,B
2134,When did the event of the social boycott of Banu Hashim take place?,in the 8th year of Nabvi,in the 5th year of Nabvi,in the 6th year of Nabvi,in the 7th year of Nabvi,D
2135,Who accompanied the Holy Prophet (SAW) in the migration to Madina?,Hazrat Abu Bakr (RA),Hazrat Ali (RA),Hazrat Usman (RA),Hazrat Umar (RA),A
2136,"The ""Waqf"" of Abu Talhah, a garden named Bairuha, was one of the first and most famous charitable endowments in Islam.",It was a different garden,Wrong,Right,It was Waqf of another companion,C
2137,Hazrat Haroon (A.S) and Hazrat Musa (A.S) were:,Brothers,Prophets,Contemporaries,All of these,D
2138,Which Surah was recited by the Holy Prophet (SAW) at the time of Hijrah?,Ar-Rahman,Yasin,Al-Ikhlas,Al-Fatihah,B
2139,When was the Charter of Medina made?,1st Year of Hijrah,2nd Year of Hijrah,3rd Year of Hijrah,4th Year of Hijrah,A
2140,Name the wife of the Holy Prophet (SAW) who was titled Umm-ul-Masakeen.,Hazrat Umm Habiba (RA),Hazrat Umm Salma (RA),Hazrat Zainab Bint Khuzayma (RA),Hazrat Zainab bint Jahsh,C
2141,Hazrat Muhammad (PBUH) gave the key of Bait-Ullah back to:,Hazrat Ali (R.A),Usman bin Talha (R.A),Hazrat Usman (R.A),None of these,B
2142,"The ""Waqfiyya"" is the legal document that:",Records a court's judgment,Certifies a marriage,Establishes a charitable endowment (Waqf),Details the terms of a loan,C
2143,The Badshahi Mosque of Lahore was built by ______.,Akbar,Shah Jahan,Jahangir,Aurangzeb,D
2144,"Which companion famously raced his horse against the Prophet's (PBUH) camel, Qaswa?",Miqdad ibn Amr,Abu Qatadah,Salama ibn al-Akwa,Zubayr ibn al-Awwam,C
2145,Ushr collection in its first form is preferred on:,Cash,Product,Bonds,None of the above,B
2146,A journey to Makkah with the intention of worship on specific dates is called:,Sacrifice,Hajj,Travel,Umrah,B
2147,Hazrat Yaqub aur Hazrat Ayub mein kya rishta tha?,Baap beta,Damad susar,Chacha bhatija,In mein se koi nahi,B
2148,"The ""Battle of the Chains"" was one of the first battles fought by Khalid ibn al-Walid against the:",Ghassanid Arabs,Byzantine Roman Empire,Sasanian Persian Empire,Apostate tribes,C
2149,Name the Book that was revealed to Hazrat Dawood (A.S.).,Injeel,Torait,Zaboor,None of these,C
2150,"What does the idiom ""aasmaan tootna"" (sky falling) mean?",Sudden brightness/light,Falling stars,Calamity strikes,None of these,C
2151,The main Hajj sermon is delivered in the:,Masjid Al Haram,Al-Mash'ar Al-Haram,Plain of Arafat,None of these,C
2152,'Which Caliph (Khaleefa-e-Rashid) died a natural death?,Hazrat Ali (R.A.),Hazrat Umar (R.A.),Hazrat Abu Bakr (R.A.),Hazrat Usman (R.A.),C
2153,"Prostration is obligatory in the Holy Quran, for how many times?",13,14,18,20,B
2154,The largest number of 'Ahadith' were reported by:,Sayyidah Ayesha (RA),Hazrat Abu Hurairah (RA),Hazrat Ali (RA),Hazrat Anas ibn Malik,B
2155,"The ""House of Wisdom"" (Bayt al-Hikmah) in Baghdad was a major center for the:",Training of soldiers,Collection of taxes,Minting of currency,Translation of Greek and Persian texts into Arabic,D
2156,Who was the first host of the Holy Prophet (PBUH) when he arrived in Madinah?,Abu Ayyub al-Ansari (RA),Kulthum ibn al-Hidm (RA),Abdullah ibn Amr (RA),Sa'd ibn Khuzaymah (RA),A
2157,Which mosque was demolished by the Prophet (PBUH)?,Quba,Harmain,Nabawi,Dirar,D
2158,The total number of Makki Surahs is,80,86,88,92,B
2159,Name the first Sahabi who called the Adhan.,Ali (RA),Bilal (RA),Umar (RA),Zayd (RA),B
2160,What is meant by Allah's attribute Al-Bari?,The Generous,The Maker,The Glorious,The Aware,B
2161,Mina lies between ________.,Arafat and Makkah,Arafat and Madina,Jeddah and Ta'if,Makkah and Jeddah,A
2162,"Which companion of the Prophet (PBUH) was awarded with the title ""The Lion of Allah""?",Hazrat Ali Al-Murtaza (R.A),Hazrat Khalid bin Waleed (R.A),Hazrat Ma'az bin Jabal (R.A),Hazrat Hamza bin Abdul Muttalib (R.A),A
2163,Takhayyur is a legal principle allowing a person to:,Combine two prayers,Postpone a religious duty,Choose a ruling from another school of law,Perform Hajj by proxy,C
2164,What was the name of Abu Sufyan's daughter who married the Prophet (SAW)?,Maymunah,Umm Salamah,Umm Habibah,None of these,C
2165,"The ""Avesta"" is the primary collection of sacred texts of which religion?",Zoroastrianism,Christianity,Buddhism,Hinduism,A
2166,Hajar-e-Aswad's direction is toward the ______ corner of the Kaaba.,East,West,North,South,A
2167,"The Mughal Emperor who attempted to synthesize Islam and Hinduism into a new faith called ""Din-i-Ilahi"" was:",Shah Jahan,Aurangzeb,Akbar,Jahangir,C
2168,What is the other name for the Battle of Ahzab?,Battle of Badr,Battle of Tabuk,Battle of the Trench,None of these,C
2169,The authentic book of Ahadith is:,Sahih Bukhari,Sahih Muslim,Both A & B,None of these,C
2170,Which stone of the Kaaba's wall is kissed by pilgrims?,Hajr-e-Abyad,Hajr-e-Aswad,Hajr-e-Khas,Hajr-e-Haram,B
2171,"The scholar known as ""Hujjat al-Islam"" (The Proof of Islam) is:",Al-Ghazali,Ibn Taymiyyah,Ibn Khaldun,Al-Shafi'i,A
2172,Which Caliph established Kufa as the capital of the caliphate?,Ali (RA),Uthman (RA),Abu Bakr (RA),Umar (RA),A
2173,Whom did the young companions Mu'adh and Mu'awwidh fatally wound at the Battle of Badr?,Abu Lahab,Utbah,Shaiba,Abu Jahl,D
2174,Where do pilgrims spend the night after the Day of Arafat during Hajj?,Makkah,Arafat,Hateem,Muzdalifah,D
2175,The pillars of Islamic Civilization are,"Justice, Truth, and Education","Salat, Sawm, Zakat, and Hajj","Brotherhood, Justice, and Truth",None of these,C
2176,Name the sacred area around Makkah.,The Haram,Jamarat,Ihram,Arafat,A
2177,"The ""Salat al-Witr"" is a prayer that is considered ""Wajib"" (necessary) by which school of law?",Shafi'i,Maliki,Hanafi,Hanbali,C
2178,"After performing Sa'i, what is the next step for a pilgrim completing an Umrah?",Go to Mina,Cut or shave the hair (Halq/Taqsir),Perform Tawaf al-Wada',Go to Muzdalifah,B
2179,How many years did it take for the complete revelation of the Qur'an?,"23 years, 5 months, and 14 days","24 years, 5 months, and 14 days","22 years, 5 months, and 14 days","21 years, 5 months, and 14 days",C
2180,Who were Ashaab-e-Suffah?,Ansar (RA) who stayed near the Masjid-e-Nabvi,Muhajirs (RA) who stayed near the Masjid-e-Nabvi,Muhajirs (RA) who stayed near the Masjid-e-Quba,Ansar (RA) who stayed near the Masjid-e-Quba,B
2181,Who was the Umayyad prince that escaped the Abbasid Revolution and established a new dynasty in Spain?,Abd al-Rahman I,Abd al-Malik,Hisham II,Al-Hakam II,A
2182,Who raised the flag in a Ghazwa for the first time?,Hazrat Hamza (RA),Hazrat Abu Salamah (RA),Hazrat Umar (RA),Hazrat Sa'd ibn Mu'adh (RA),A
2183,Who is called Najiyyullah?,Hazrat Musa (AS),Hazrat Isa (AS),Hazrat Nuh (AS),None of these,C
2184,How many Surahs in the Quran are named after cities?,One,Two,Three,Five,A
2185,The total number of Ghazwas is:,'13,'23,'27,'29,C
2186,The act of circling the Kaaba by pilgrims is called:,Sa'i,Tawaf,Rami,Wuquf,B
2187,Which companion's house served as the first center for the secret preaching of Islam in Makkah?,Al-Arqam ibn Abi al-Arqam (RA),Abu Bakr (RA),Khadijah (RA),Ja'far ibn Abi Talib (RA),A
2188,Who formed a society called Ahl al-Hadith to collect traditions?,Imam Shafi'i,Imam Bukhari,Imam Malik ibn Anas,Imam Abu Muhammad,C
2189,The pilgrimage rite of animal sacrifice is performed in commemoration of the trial of:,Adam (AS),Musa (AS),Isma'il (AS),Prophet Ibrahim (AS),D
2190,Hazrat Ayyub (AS) was famous for his quality of:,Sympathy,Patience,Generosity,None of these,B
2191,Hazrat Umar's (RA) tenure of Khilafat was ______?,4 years 5 months,5 years 5 months,10 years 6 months,12 years 5 months,C
2192,Name the first Muslim who was fully satisfied in the matter of Sulh al-Hudaybiyyah.,Hazrat Usman (R.A.),Hazrat Abu Bakr (R.A.),Hazrat Ali (R.A.),Hazrat Talha (R.A.),B
2193,The first residential university where the faculty of the Qur'an was established for the first time is:,Masjid-e-Quba,Masjid-e-Bilal,Masjid-e-Aqsa,Masjid-e-Nabawi,D
2194,"Among the following battles, the maximum number of Huffaz-e-Quran were martyred in:",Jang-e-Khandaq,Jang-e-Uhad,Jang-e-Yamama,None of these,C
2195,Who was the adopted son of the Holy Prophet (PBUH)?,Ibn-e-Hashim,Saad bin Abi Waqas,Zayd ibn Harithah,Uqba bin Nafi,C
2196,"During the Miraj, the Holy Prophet Muhammad (SAW) met with _____ on the seventh sky?",Hazrat Adam (A.S),Hazrat Moses (A.S),Hazrat Ibrahim (A.S),Hazrat Idress (A.S),C
2197,Who gave Hajr-e-Aswad to Hazrat Ismaeel (A.S) during the rebuilding of the House of Allah?,Hazrat Adam (A.S),Hazrat Jibrael (A.S),Hazrat Ibrahim (A.S),None of these,B
2198,When was fasting made obligatory?,on 10th of Sha'ban 2 A.H.,on 10th of Sha'ban 3 A.H.,on 10th of Sha'ban 4 A.H.,on 10th of Sha'ban 5 A.H.,A
2199,"The Mongol Ilkhanate ruler who officially converted to Islam, paving the way for the Islamization of Persia's Mongol elite, was:",Genghis Khan,Hulagu Khan,Ghazan Khan,Timur,C
2200,"The term ""Waqf"" in Islamic law refers to:",An endowment made for charitable or religious purposes,An inheritance share,An obligatory charity,A business partnership,A
2201,Which was the last Ghazwa in which the Holy Prophet (PBUH) participated?,Ghazwa-e-Hunayn,Ghazwa-e-Tabuk,Ghazwa-e-Khandaq,None of these,B
2202,"A ""Hadith Mawdu'"" is a term used for a Hadith that is:",Fabricated,Weak,Sound,Authentic,A
2203,In which Surah of the Holy Quran is the name Dhulqarnain mentioned?,Surah Al-Mujadila,Surah Al-Kahf,Surah At-Tahrim,Surah Al-Hamd,B
2204,"The pledge taken under a tree at Hudaybiyyah, after the rumor of Uthman's (RA) death, is called:",Bay'at al-Ridwan (The Pledge of God's Pleasure),Bay'at al-Uthman,Covenant of Hudaibiyyah,None of these,A
2205,Who gave the Hajr-e-Aswad (Black Stone) to Prophet Isma'il (AS) during the rebuilding of the Kaaba?,Prophet Adam (AS),Angel Jibra'il (AS),Prophet Ibrahim (AS),None of these,B
2206,The three stone pillars that are stoned during Hajj are called:,Jamarat,Rami,Wuquf,Sa'i,A
2207,What was the Kunya (teknonym) of Umar (RA)?,Abu Amir,Abu Hafs,Both of these,None of these,B
2208,Who confined the recitation of the Qur'an to the style of the Quraysh tribe?,Hazrat Usman (RA),Hazrat Abu Bakr (RA),Hazrat Umar Farooq (RA),Hazrat Ali (RA),A
2209,Where was Hazrat Yaqoob (A.S.) born?,Iraq,Palestine,Egypt,Syria,B
2210,The legal term for an item borrowed for use is:,Wadiah,Amanah,Ariyah,Qard,C
2211,Who was/were the pioneer(s) of the hadith school of Basra?,Imam Zuhri,Imam Hasan al-Basri,Both of these,None of these,C
2212,Abraha was the king of which country?,Iraq,Yemen,Kufa,None of these,B
2213,Who was bestowed with the title of Al-Rashid by Al-Mahdi?,Harun,Mansur,Ameen,Mamun,A
2214,Which of the following two books is called 'Sahihain'?,"Sahih al-Bukhari, Ibn Majah","Sahih al-Bukhari, Sahih Muslim","Sahih al-Bukhari, Sunan Abi Dawood","Muwatta, Ibn Majah",B
2215,The Holy Prophet (PBUH) delivered his farewell sermon at Arafat on:,8th Zul-Hajj,10th Zul-Hajj,9th Zul-Hajj,11th Zul-Hajj,C
2216,What was the first capital of the Islamic caliphate?,Makkah,Madinah,Ta'if,Khyber,B
2217,The official seal of the Prophet (PBUH) was kept in the custody of:,Ali (RA),Qays (RA),Bilal (RA),Hudhayfah ibn al-Yaman (RA),D
2218,"Where was the king Bukht Nasr, who destroyed the Temple of Solomon, from?",Egypt,Babylon,Hijaz,Iraq,B
2219,"The Holy Prophet (PBUH) sent whom as the leader of 3,000 companions to the Battle of Mu'tah?",Sa'd ibn Abi Waqqas (RA),Zayd ibn Harithah (RA),Abd al-Rahman ibn Awf (RA),Abu Ubaidah (RA),B
2220,Who was the first prominent leader of Makkah to embrace Islam on the eve of the conquest?,Abu Dujanah,Abu Darda,Abu Umayr,Abu Sufyan,D
2221,Makkah was conquered in:,5 A.H.,10 A.H.,2 A.H.,8 A.H.,D
2222,"The city of Cordoba, a major cultural and intellectual center, flourished under Islamic rule in which region?",Al-Andalus (Spain),Persia,North Africa,Anatolia,A
2223,Hazrat Yusuf (AS) was put into jail by the king of Egypt. He remained behind bars for ______.,2 years,5 years,7 years,12 years,B
2224,Name the third Kalimah.,Kalimah-e-Tayyaba,Kalimah-e-Salis,Kalimah-e-Tamjeed,Kalimah-e-Shahadat,C
2225,Which Mosque was ordered by Allah to be destroyed?,Kafiroon,Zirar,Mushrikoon,None of these,B
2226,Name the first couple who migrated in the way of Allah.,Hazrat Ali and Hazrat Fatima (RA),Hazrat Muhammad (PBUH) and Hazrat Khadijah (RA),Hazrat Uthman (RA) and Hazrat Ruqayyah (RA),Hazrat Uthman and Hazrat Zainab (RA),C
2227,Ashab al-Sabt (People of the Sabbath) is a Quranic term referring to:,A group of Jews who violated the Sabbath,Christians,Muslims,Sabians,A
2228,Who was the first person to declare his conversion to Islam openly and emphatically at the Kaaba?,Umar (RA),Ali (RA),Uthman (RA),Abu Bakr (RA),A
2229,"But verily, over you are protectors, kind and honorable, writing down (your deeds). This Quranic verse refers to:",The Angels,The Prophets,The Jinn,All of them,A
2230,In which month is Hajj performed?,Zil-Hajj,Zi-Qa'ada,Safar,Muharram,A
2231,Which is the first and the most ancient mosque according to the Qur'an?,Ka'bah,Al-Aqsa,Nabawi,None of these,A
2232,What title was given to Abu Bakr (RA) as the first Caliph?,Khalifat Rasul Allah (Successor to the Messenger of Allah),Amir al-Mu'minin,Both,None of these,A
2233,"The ""Asma'iyyat"" and ""Mufaddaliyyat"" are famous collections of:",Pre-Islamic poetry,Legal rulings,Historical chronicles,Sufi aphorisms,A
2234,Name the father of Hazrat Yusuf (A.S.) who lost his eyesight in memory of Hazrat Yusuf (A.S.).,Hazrat Ishaq (A.S.),Hazrat Ismail (A.S.),Hazrat Ya'qub (A.S.),Hazrat Musa (A.S.),C
2235,Ashab al-Akhdoor se murad kya hai?,Jang mein shamil honay walay,Mushkil mein kaam anay walay,Khai khodnay walay,In mein se koi nahi,C
2236,Halimah Sadia (R.A.) took care of the Prophet (PBUH) for,4 Years,5 Years,6 Years,7 Years,C
2237,Who was the first woman to migrate to Madinah?,Layla bint Abi Hathmah,Fatimah bint al-Khattab (RA),Umm Salama (RA),Asma bint Abi Bakr (RA),C
2238,Where did the Muslim army first meet the Byzantine army before withdrawing to Mu'tah?,In the village of Masharif,In the village of Qurait,In the village of Ma'ab,In the village of Moab,A
2239,"Which Prophet was given the book of ""Injeel"" (Gospel)?",Prophet Musa (AS),Prophet Isa (AS),Prophet Dawud (AS),Prophet Ibrahim (AS),B
2240,What was the age of Hazrat Ibrahim (A.S.) when Hazrat Ismaeel (A.S.) was born?,86 years,88 years,90 years,None of these,A
2241,"The Quranic term ""Taqwa"" is best translated as:",Faith,Worship,Love,God-consciousness or piety,D
2242,Who formed a society called Ahl-e-Hadith to collect traditions?,Imam Shafi'i,Imam Bukhari,Imam Malik ibn Anas,Imam Abu Muhammad,C
2243,"The ""Mihrab"" of the Great Mosque of Cordoba is renowned for its intricate:",Marble latticework,Wooden carvings,Mosaic artwork,Calligraphic tiles,C
2244,"The ""Shatt al-Arab"" is a river formed by the confluence of the:",Jordan and Yarmouk rivers,Nile and Atbara rivers,Tigris and Euphrates rivers,Indus and Jhelum rivers,C
2245,Who was the Byzantine Emperor to whom the Prophet Muhammad (PBUH) sent a letter inviting him to Islam?,Justinian I,Constantine XI,Heraclius,Theodosius II,C
2246,Muzdalifah is located between ______.,Mina and Arafat,Arafat and Makkah,Muzdalifah and Hijaz,Makkah and Madinah,A
2247,The original name of Imam Bukhari is:,Saeed B. Hatem,Ali B. Zaid,Ismail,Muhammad ibn Ismail,D
2248,Hazrat Aminah (R.A.) suggested the name 'Ahmad' for Muhammad (PBUH). What does 'Ahmad' mean?,Appreciated,Loved,One who appreciates,One who is loved,C
2249,In which Hijri year did the Battle of Khandaq take place?,4 Hijri,5 Hijri,6 Hijri,7 Hijri,B
2250,Bayt al-Ateeq (The Ancient House) is a name used in the Quran for the:,Kaaba,Madinah,Masjid al-Nabawi,None,A
2251,'Name the first person to whom Prophet Hazrat Muhammad (PBUH) informed about the first Wahi?,Hazrat Abu Talib (R.A.),Hazrat Khadija (R.A.),Waraqah ibn Nawfal (R.A.),None of these,B
2252,"'Hazrat Amina (R.A.), mother of Hazrat Muhammad (SAW), belonged to which tribe?",Banu Umayyah,Banu Khuzaymah,Banu Asad,Bani Zuhrah,D
2253,Which Prophet was titled Zabihullah?,Hazrat Ibrahim (A.S),Hazrat Isma'il (A.S),Hazrat Ishaq (A.S),Hazrat Noah (A.S),B
2254,Which of the following is a very famous student of Hazrat Dawood (A.S.)?,Hazrat Luut (A.S.),Hakeem Luqman,Hazrat Younas (A.S.),None of these,B
2255,How many Ayat-e-Sajdah are in the Holy Qur'an?,14,16,12,7,A
2256,"The ""Adab"" genre of literature in the Islamic world focused on:",Theological debate,Legal theory,"Etiquette, refinement, and belles-lettres",Historical chronicles,C
2257,Pinpoint the very first convert to Islam among the following pious personalities:,Hazrat Abu Bakr (May Allah Bless Him),Hazrat Ali (May Allah Bless Him),Hazrat Khadija (May Allah Bless Him),Hazrat Zaid Bin Harith (May Allah Bless Him),C
2258,How many Muhajirun were martyred in the Battle of Badr?,8,6,10,4,B
2259,"To whom did the Holy Prophet (PBUH) award his sword, Zulfiqar?",Hamza (RA),Ali ibn Abi Talib (RA),Abbas (RA),Sa'd (RA),B
2260,During which prayer did the change of Qibla happen?,Asr,Zuhr,Maghrib,Isha,B
2261,"The ""Battle of Yarmouk"" was the decisive victory that led to the Muslim conquest of:",Persia,Egypt,Syria (the Levant),North Africa,C
2262,Which prophet has been called Dhun-Nun in the Holy Qur'an?,Hazrat Yusuf (AS),Hazrat Yunus (AS),Hazrat Isa (AS),Hazrat Ibrahim (AS),B
2263,How many Salats were made obligatory during the Miraj?,5,7,9,11,A
2264,"Which two Surahs are called ""Mauzatain""?",Surah Al-Baqarah and Surah Aal-e-Imran,Surah Al-Falak and Surah An-Naas,Surah Al-Ahzab and Surah Al-Feel,None of these,B
2265,In which Surah of the Holy Quran is the word ALLAH mentioned in every verse?,Surah Muhammad,Surah Al-Mujadila,Surah Ikhlas,None of these,B
2266,Who preserved the verses and chapters of the Holy Qur'an under the instructions of the Holy Prophet (SAW)?,Hazrat Zayd ibn Thabit (RA),Hazrat Bilal ibn Rabah (RA),Hazrat Abu Hurairah (RA),Hazrat Ali ibn Abi Talib (RA),A
2267,"Before Islam, the worship of which idol was considered a part of the Hajj rituals by some tribes?",Lat,Manat,Uzza,Hubal,C
2268,Name the first slave who was freed at the time of Prophethood and accepted Islam.,Hazrat Bilal ibn Rabah al-Habashi (RA),Hazrat Zayd ibn Harithah (RA),Hazrat Salman Farsi (RA),None of these,B
2269,Sahifa Hammam ibn Munabbih was found by:,Mufti Muhammad Abduh,Rashid Rida,Dr. Hamidullah,None of these,C
2270,The master of Bilal (RA) at the time he embraced Islam was:,Abu Jahl,Umayyah ibn Harb,Abu Lahab,Umayyah ibn Khalaf,D
2271,Name the son of Hazrat Ya'qub (A.S.) whose offspring are the Jews:,Tibrani,Yahuda,Ishaq (A.S.),Yusuf (A.S.),B
2272,How many Surahs does the Qur'an contain?,124,109,114,220,C
2273,"According to a Hadith, the most beloved places to Allah are the:",Eidgahs,Bazaars,Mosques,Homes,C
2274,"The Ayyubid dynasty, founded by Salahuddin, was of what ethnic origin?",Turkish,Arab,Kurdish,Persian,C
2275,"Imam Shafi'i took the office of ""Religious Judgment"" at the age of:",13 years,14 years,20 years,15 years,D
2276,What is the meaning of Muhammad (PBUH)?,The Praised One,The Messenger,The Prophet,The Sun,A
2277,Who was the mother of Ali (RA)?,Fatimah bint Asad (RA),Salma bint Sakhar (RA),Halimah bint Hashim (RA),None of them,A
2278,"During Hajj, the ritual of symbolically stoning the pillars is known as:",Tawaf,Sa'ee,Rami,Wuquf,C
2279,"The first written constitution of the world, the Charter of Madinah, had how many articles?",47 articles,57 articles,63 articles,103 articles,A
2280,Which act nullifies fasting (Sawm) intentionally?,Sleeping during the day,Eating or drinking deliberately,Using Miswak,Taking a bath,B
2281,"In the Battle of Khyber, the Jewish warrior Marhab was killed by:",Hazrat Ali (R.A.),Hazrat Abdullah Ansari (R.A.),Hazrat Muhammad ibn Maslamah (R.A.),Hazrat Ja'far ibn Abi Talib (R.A.),A
2282,The first Umayyad Caliph was:,Al-Mughira,Muawiyah,Yazid,None of these,B
2283,"Who is known as ""Abul Bashar al-Thani"" (The Second Father of Mankind)?",Ibrahim (AS),Shees (AS),Adam (AS),Nuh (AS),D
2284,The first great Arab alchemist was:,Ibn Sina,Jabir ibn Hayyan,Al-Razi,Yahya ibn Mansur,B
2285,For approximately how many years was Umar (RA) the Caliph?,9 years,10 years,11 years,12 years,B
2286,"The companion known for his deep knowledge of halal and haram, about whom the Prophet said ""The most knowledgeable of my Ummah in halal and haram is..."" was:",Abdullah ibn Mas'ud,Anas ibn Malik,Abu Dharr al-Ghifari,Mu'adh ibn Jabal,D
2287,When was the Qiblah changed?,1 Hijri,2 Hijri,3 Hijri,4 Hijri,B
2288,What are the names of the angels associated with magic?,Jibra'il and Mika'il,Harut and Marut,Israfil and Jibra'il,None of these,B
2289,The first Umayyad Caliph in Spain was:,Abd al-Rahman I,Abd al-Rahman III,Abd al-Rahman II,None of these,A
2290,"The Quranic phrase ""Fal ya'budu"" means:",They worshipped,You all worshipped,So let them worship,All of these,C
2291,The conquest of Transoxiana (Mawarannahr) was largely achieved by the Umayyad general:,Musa ibn Nusayr,Muhammad ibn Qasim,Qutayba ibn Muslim,Uqba ibn Nafi,C
2292,"The ""Night of Power,"" Laylat al-Qadr, is believed to occur in the last ten odd nights of which month?",Ramadan,Shawwal,Sha'ban,Rajab,A
2293,Which of the following wives of the Holy Prophet (PBUH) gained the title of the 'Mother of the Poor'?,Hazrat Khadijah (RA),Hazrat Zaynab bint Khuzaymah (RA),Hazrat Aishah (RA),Hazrat Maymunah (RA),B
2294,The real name of Imam Bukhari is,Muhammad ibn Ismail,Muhammad ibn Ishaq,Numan ibn Thabit,None of these,A
2295,Imam Bukhari was born in:,194 AH,180 AH,190 AH,210 AH,A
2296,The Tulunids and Ikhshidids were two short-lived dynasties that ruled independently in which region?,Spain,Persia,Egypt,Transoxiana,C
2297,The first Jumma was offered by Muslims in which region?,Makkah,Taif,Madinah,None of these,C
2298,"In Fiqh, preferring one Qiyas (analogical reasoning) over another for a better outcome is called:",Muhsin,Istihsan,Ihtimam,None of these,B
2299,"Who is reported to have said that Hajj is the ""Jihad of every old person, child, and woman""?",Hazrat Ali (RA),Hazrat Umar (RA),The Prophet Muhammad (PBUH),Imam Malik,C
2300,"Which night's ""Ibadat"", during the month of Ramadan, is considered better than ""Ibadat"" of a thousand months?",Lailat-ul-Qadr,Shab-e-Baraat,Shab-e-Miraj,None of these,A
2301,Who adopted the title of Ameer-ul-Momineen for the first time?,Hazrat Abu Bakr (RA),Hazrat Umar (RA),Waleed bin Abdul Malik,Hazrat Ali (RA),B
2302,Who was the sister of Hazrat Umar (RA) who had accepted Islam before him and played,role in his conversion? Hazrat Ayesha (RA),Hazrat Fatima bint al-Khattab(RA),Hazrat Zainab (RA),Hazrat Ruqqaya (RA),B
2303,When did Abraha launch an attack on the Kaaba?,in 570 A.D.,in 571 A.D.,in 572 A.D.,in 573 A.D.,A
2304,Hazrat Ali (R.A.) was martyred in,35 Hijri,40 Hijri,45 Hijri,50 Hijri,B
2305,What is the name of the Hadith which is according to the Holy Quran and reason?,Hadith Sahih,Hadith Qauli,Hadith Mashhur,'Hadith Mawdu',A
2306,"Which surah starts without ""Bismillah""?",Al-Baqarah,Al-Tawbah,Al-Nisa,Al-Mujadila,B
2307,Shaddad was the famous king of:,Banu Israel,Banu Thamud,Banu 'Ad,Banu Hud,C
2308,"The Prophet said that an accepted Hajj (Hajj Mabrur), free from sin, is rewarded with:",Paradise,Money,Bounties,Blessings,A
2309,"The meaning of the name of Allah ""Al-Basit"" is:",The Expander,The Finder,The Last,The First,A
2310,In which city is the Cave of Thawr located?,Ta'if,Makkah,Medina,Kufa,B
2311,She was the wife of Hazrat Ibrahim (AS) and the daughter of the pharaoh of Egypt:,Hazrat Sarah,Hazrat Hajar,Hazrat Safiyyah,Hazrat Maymunah,B
2312,How many times has the Qur'an stressed about Salat or Namaz (prayers)?,600,720,750,700,D
2313,Who was the first person to add dots (I'jam) to the Quranic script to differentiate letters?,Abu al-Aswad al-Du'ali,Al-Hajjaj ibn Yusuf,Yahya ibn Ya'mar and Nasr ibn Asim,Al-Farahidi,C
2314,Which Ghazwa was fought against the tribes of Banu Salba and Banu Muharab?,Ghatfan,Al-Ghaba,Aam al-Fath,Fura,A
2315,"At the time of Hijrat to Medina, when Muakhat was concluded, who became the brother of Hazrat Abu Ayyub al-Ansari?",Hazrat Ali (R.A.),Hazrat Zaid bin Thabit (R.A.),Hazrat Mus'ab bin Umair (R.A.),None of the above,C
2316,"The ""Jami' al-Quran"" (Compiler of the Quran) is a title most famously associated with:",Ali (RA),Sa'd (RA),Mas'ud (RA),Uthman (RA),D
2317,Where was Hazrat Yahya (A.S.) buried?,Hijaz,Iran,Syria,Iraq,C
2318,"The longest Ayah (verse) of the Holy Quran, the Verse of the Loan (Ayat al-Dayn), is in which Surah?",Al-Ma'arij,Al-Haqqah,Al-Baqarah,Al-Takwir,C
2319,The Battle of Mu'tah took place in which Hijri year?,7 AH,6 AH,8 AH,5 AH,C
2320,Which tribe did Hassan bin Thabit belong to?,Banu Khazraj,Banu Sa'd,Banu Tamim,Banu Aws,A
2321,Which of the following tribes is the offspring of Hazrat Ismaeel (A.S.)?,Bani Ummaya,Quraish,Aad,All of these,B
2322,Which child of Hazrat Muhammad (S.A.W.) passed away first?,Hazrat Ibrahim R.A.,Hazrat Qasim R.A.,Hazrat Ruqqaya R.A.,Hazrat Fatima R.A.,B
2323,Where were the manuscripts of Abu Hurairah found?,From Iran,From Afghanistan,From Turkey,From Makkah and Madinah,D
2324,How many mosques are mentioned in the Qur'an?,3,5,10,15,B
2325,"What is the meaning of the word ""Qur'an""?",That which is read,Beautiful,Sacred,Greatest,A
2326,"Which companion famously narrated the Hadith, ""Actions are but by intentions""?",Aisha (RA),Abu Hurairah (RA),Umar ibn al-Khattab (RA),Anas ibn Malik (RA),C
2327,Which was the court language of Caliph Abd al-Malik?,Syrian,Arabic,Hebrew,All of the above,B
2328,Zakat in terms of importance in the Islamic pillars stands:,3rd,4th,5th,6th,A
2329,Which prophet is famously known by the title 'Sahib-ul-Hoot?,Hazrat Nuh (AS),Hazrat Yunus (AS),Hazrat Dawud (AS),None of these,B
2330,Adam' is a word from which language?,Hindi,Persian,Syriac,Arabic,C
2331,"The ""Ikhwan"" was a militant religious army that helped which ruler establish his kingdom?",Gamal Abdel Nasser of Egypt,King Faisal of Iraq,Ibn Saud of Saudi Arabia,Reza Shah of Iran,C
2332,Hazrat Muhammad (SAW) went to Syria with Abu Talib at the age of:,12 years,15 years,24 years,35 years,A
2333,On what occasion are all the Kalimahs recited by a Muslim?,Birth,Death,Migration,Nikah,D
2334,What is the act of shortening one's prayer on a journey called?,Nafil,Wajib,Sunnah,Qasr,D
2335,"The ""Millet system"" of the Ottoman Empire allowed religious minorities to:",Govern their own communities under their own laws,Serve in the military,Pay a lower rate of tax,Hold the highest offices of state,A
2336,Who pulled the two links of the Prophet's (PBUH) helmet out of his cheek with his teeth during the Battle of Uhud?,Abu Ubaidah ibn al-Jarrah (RA),Abu Hudhayfah (RA),Abu Bakr (RA),Umar (RA),A
2337,Which companion was the standard-bearer for the Muhajirun at the conquest of Makkah?,Sa'd ibn Abi Waqqas,Ali ibn Abi Talib,Zubayr ibn al-Awwam,Abu Ubaidah ibn al-Jarrah,C
2338,Name the first Muslim in Madinah who wrote the Wahi.,Hazrat Abu Salamah (RA),Hazrat Abdullah bin Umar (RA),Hazrat Ubayy ibn Ka'b (RA),Hazrat Zayd ibn Harithah (RA),C
2339,In which year was Umar (RA) martyred?,In 643 AD,In 644 AD,In 645 AD,In 666 AD,B
2340,Name the first liar who announced a false prophethood:,Ibn-e-Maljam,Sajah,Musaylimah Kazzab,None of these,C
2341,How many periods are referred to for the collection of ahadith?,3,4,5,6,B
2342,For how many years did the Grandfather of the Holy Prophet assume responsibility for him?,6 years,8 years,2 years,None of these,C
2343,Name the fourth Kalimah.,Kalimah-e-Tauheed,Kalimah-e-Shahadat,Kalimah-e-Tauba,Kalimah-e-Tamjeed,A
2344,Who was the Ayyubid Sultan who recaptured Jerusalem from the Crusaders in 1187?,Salahuddin al-Ayyubi,Nur al-Din Zangi,Al-Kamil,Al-Adil,A
2345,"Which companion did the Prophet (PBUH) send to the Quraysh to convey their peaceful intentions at Hudaybiyyah, whose camel was slain by them?",Kharash ibn Umayyah,Kharash ibn Hassan,Kharash ibn Utbah,Kharash ibn Abdullah,A
2346,When did Muhammad (PBUH) make his second business trip to Syria?,12th year of the Elephant,15th year of the Elephant,20th year of the Elephant,24th year of the Elephant,D
2347,Salat-e-Khusoof is performed on the occasion of a,Drought,Flood,Lunar eclipse,Earthquake,C
2348,Which is the longest Surah in the Qur'an?,Surah Al-Baqarah,Surah An-Nisa,Surah Al-Imran,Surah Al-An'am,A
2349,The city of Basra was inhabited in the reign of:,Hazrat Abu Bakr (R.A.),Hazrat Umar Farooq (R.A.),Hazrat Usman Ghani (R.A.),Hazrat Ali Al-Murtaza (R.A.),B
2350,"Wahshi, the killer of Hamza, was a slave of whom?",Jubayr bin Mut'im,Harb Wahshi,Musaylimah the Liar,None of these,A
2351,Kitab al-Athar was compiled by:,Imam Abu Hanifa (R.A.),Imam Shafi'i (R.A.),Imam Malik (R.A.),Imam Hanbal (R.A.),A
2352,"The ""Book of Healing"" (Kitab al-Shifa) is a major philosophical and scientific encyclopedia written by:",Ibn Rushd,Al-Ghazali,Ibn Sina,Al-Farabi,C
2353,Who adopted the title of Amir al-Mu'minin for the first time?,Hazrat Abu Bakr (RA),Hazrat Umar (RA),Walid ibn Abd al-Malik (RA),Hazrat Ali (RA),B
2354,"Which Prophet's people were destroyed by a ""furious wind"" (Rih al-Sarsar)?",People of 'Ad,People of Thamud,People of Madyan,People of Lut,A
2355,How many Mustahab in Wudu are there?,Six,Four,Five,Seven,C
2356,"The Prophet's (PBUH) letter to the governor of Egypt, Muqawqis, was delivered by which companion?",Abdullah ibn Hudhafah,Dihyah al-Kalbi,Hatib ibn Abi Balta'ah,Amr ibn Umayyah,C
2357,"When the army of the Pharaoh was pursuing the Israelites, Hazrat Musa (AS) crossed the following sea:",The Mediterranean Sea,Red Sea,Dead Sea,Black Sea,B
2358,What was the approximate age of Umar (RA) when he accepted Islam?,33,27,39,35,C
2359,What was the name of Hazrat Khadijah's (RA) servant who went with the Prophet (PBUH) for trade?,Ink,Maisarah,Wada'at,None of these,B
2360,For which companion was the pledge of Bay'at al-Ridwan taken?,Ali (RA),Uthman (RA),Umar (RA),Abu Bakr (RA),B
2361,"The ""Mihrab"" and ""Minbar"" in a mosque were innovations that became common during which period?",Umayyad,Rashidun,Abbasid,Prophetic,A
2362,How many times did the mother of Hazrat Ismaeel (A.S.) run from the hill of Safa to Marwa in search of water?,5,6,7,8,C
2363,In which Hijri year was Hajj made compulsory?,In 8 AH,In 9 AH,In 10 AH,In 11 AH,B
2364,In which Surah the Tauba of three Sahaba is mentioned who lagged behind in the Battle of Tabuk?,Al-Namal,Al-Baqrah,An-Nissa,Al-Tauba,D
2365,What was the name of Hazrat Umar's (R.A.) sister who had embraced Islam along with her husband?,Fatimah (R.A.),Atiqah (R.A.),Kulthum (R.A.),Salma (R.A.),A
2366,Which Salah (prayer) is specifically performed during a time of fear or war?,Salat al-Khawf,Salat al-Istisqa,Salat al-Wusta,None of these,A
2367,Which of the following books is called Umm-us-Sahihain?,Sahih al-Bukhari,Muwatta Imam Malik,Sahih Muslim,Sunan Ibn Majah,A
2368,In which war did Muhammad (PBUH) take part in the early days of his life?,Harb-e-Fijar,Harb-e-Qais,Harb-e-Basoos,None of these,A
2369,The commander of the Muslim army in the Battle of Qadisiyyah was:,Amr ibn al-As,Sa'd ibn Abi Waqqas,Muawiyah,Khalid ibn al-Walid,B
2370,"Who are the ""Sahibayn""?",Abu Hanifa and Abu Yusuf,Abu Hanifa and Imam Shaybani,Abu Yusuf and Imam Shaybani,Abu Hanifa and Imam Shafi'i,C
2371,What is a Hadith called that is narrated by a Tabi'i?,Maqtu' Hadith,Marfu' Hadith,Mauquf Hadith,Fabricated (Mawdu') Hadith,A
2372,The real name of Imam Bukhari was:,Muhammad bin Isma'il (R.A),Nu'man bin Thabit (R.A),Abdullah bin Auf (R.A),Abdur-Rahman (R.A),A
2373,Zakat is also called ________.,Pure act,Poor rate,Extra-spending,Help of the poor,B
2374,How many Surahs begin with the disjointed letters (Huroof-e-Muqatta'at)?,25,26,28,29,D
2375,"Which companion was known for his extreme generosity in trade, famously donating a huge caravan for the poor?",Abd al-Rahman ibn Awf,Uthman ibn Affan,Talha ibn Ubaydullah,Zubayr ibn al-Awwam,A
2376,"The ""Fatiha"" is the opening chapter of the Quran. What is the last chapter?",Al-Falaq,Al-Ikhlas,Al-Nas,Al-Masad,C
2377,The Battle of Hattin in 1187 was a decisive victory for Salahuddin al-Ayyubi against the:,Mongol Empire,Byzantine Empire,Crusader States,Seljuk Sultanate,C
2378,"Hazrat Sarah (RA), the wife of Hazrat Ibrahim (AS) and the mother of Hazrat Ishaq (AS), was the sister of Prophet:",Hazrat Hud (AS),Hazrat Lut (AS),Hazrat Uzair (AS),Hazrat Ibrahim (AS),B
2379,The heads of Zakat are mentioned in which Surah?,Surah al-Tawbah,Surah al-Baqarah,Surah Yaseen,None of these,A
2380,Ushr on irrigated land is:,5 percent,10 percent,3 percent,None of the above,A
2381,What is the name of the oldest and biggest mosque?,Masjid Quba,al-Haram Mosque,Masjid Nabvi,None of these,B
2382,How many saraya were sent by the Holy Prophet (PBUH) in 1 A.H.?,1,2,3,4,A
2383,When was Hajj made compulsory?,in the 9th Hijri,in the 10th Hijri,in the 11th Hijri,in the 8th Hijri,A
2384,Syria was conquered in 633 A.D. What was the year in A.H.?,12 A.H.,13 A.H.,14 A.H.,15 A.H.,B
2385,"In Usul al-Fiqh, ""Dalalat al-Alfaz"" is the study of:",The objectives of Sharia,The reliability of narrators,The implications and meanings of words in legal texts,The history of law,C
2386,Bani Israel jis bichray ki pooja karte thay us ki awaaz kis se milti thi?,Gaye ki,Bel ki,Ghode ki,Gadhe ki,B
2387,"The ""Barmakids"" were a powerful Persian family that served as influential viziers during the early era of which caliphate?",Abbasid,Umayyad,Fatimid,Seljuk,A
2388,Name the son of Hazrat Ya'qub (A.S.) whose offspring are the Jews.,Tibrani,Yahuda,Ishaq,None of these,B
2389,When did the Prophet (PBUH) purchase the camel named Qaswa?,At the time of Hijrah to Madinah,Battle of Badr,Battle of Tabuk,None of these,A
2390,Who was the first commander of the Muslim army?,Hazrat Ali (RA),Hazrat Hamza (RA),Hazrat Umar (RA),Hazrat Sa'd (RA),B
2391,Which Kalimah should be recited after Wudu?,Kalimah-e-Shahadat,Kalimah-e-Tamjeed,Kalimah-e-Tayyaba,Bismillah,A
2392,Who first raised a sword in the way of Islam?,Hazrat Sa'd ibn Mu'adh (RA),Hazrat Zubayr ibn al-Awwam (RA),Hazrat Ja'far ibn Abi Talib (RA),Hazrat Hamza (RA),B
2393,Imam Abu Hanifa is associated with which book?,Kitab al-Athar,Muqaddimah,Musnad,None of these,A
2394,Name the Prophet who was a contemporary of Hazrat Ibrahim (A.S.):,Hazrat Lut (A.S.),Hazrat Hud (A.S.),Hazrat Idris (A.S.),Hazrat Ishaq (A.S.),A
2395,The word Namaz is repeated for how many times in the Holy Quran?,700 times,600 times,500 times,800 times,C
2396,Which Ghazwa is mentioned in Surah Al-Imran?,Khaybar,Khandaq,Uhud,None of these,C
2397,Which Jewish tribe was the first to break their treaty with the Prophet (PBUH) in Madinah?,Banu Qaynuqa,Banu Nadir,Banu Qurayza,Banu Mustaliq,A
2398,What was the name of the foster sister of the Holy Prophet (PBUH)?,Salmah (RA),Ruqayyah (RA),Mariah (RA),Shayma (RA),D
2399,Hazrat Aminah (R.A.) died in,Madinah,Abwa,Makkah,None of these,B
2400,Which city was the capital of the Islamic Caliphate under Ali ibn Abi Talib (RA)?,Damascus,Madinah,Kufa,Basra,C
2401,The first Surah in the Holy Qur'an is ______.,Surah Al-Fatihah,Surah Al-Baqarah,Surah Al-Imran,Surah Al-Ikhlas,A
2402,The Adhan was started in:,1 A.H.,2 A.H.,3 A.H.,4 A.H.,A
2403,"The legal term ""Khul'"" refers to a divorce initiated by the:","Judge, due to a fault","Husband, revocably","Wife, in return for compensation to the husband","State, for apostasy",C
2404,The number of Madni Surah in Holy Quran is:,28,86,82,68,A
2405,Who was the Imam of the funeral prayer of the Holy Prophet (PBUH)?,Hazrat Abu Bakr (R.A.),Hazrat Umar (R.A.),Hazrat Ali (R.A.),Nobody (funeral prayer was offered individually),D
2406,In which Surah and Ayat of the Qur'an has Prophet Muhammad (PBUH) been named 'Ahmad'?,"Surah al-Saff, Ayat 8","Surah al-Saff, Ayat 12","Surah al-Saff, Ayat 4","Surah al-Saff, Ayat 6",D
2407,The Zabur (Psalms) was revealed to which Prophet?,Prophet Isa (AS),Prophet Dawud (AS),Prophet Musa (AS),None of these,B
2408,Which animal was one of the signs of Allah during the time of Hazrat Saleh (A.S.) that came out from a mountain?,Pony,Horse,She-camel,Goat,C
2409,What are the two most important types or kinds of Ayat (verses) found in the Qur'an?,Muhkamat and Mutashabihat,Farz and Sunnah,Muhkamat and Mutashabihat,Muhkamat and Mutebilah,A
2410,The Quba Mosque has been mentioned in which Surah?,Surah al-Tawbah,Surah Al-Imran,Surah Al-Dhuha,Surah Al-Muzzammil,A
2411,Where is Imam Abu Hanifa buried?,Makkah al-Mukarramah,Madina Munawwarah,Baghdad,None of these,C
2412,The largest army that ever marched out of Madinah consisted of ______.,"10,000 men","30,000 men","40,000 men","45,000 men",B
2413,"Name the nephew of Hazrat Ibrahim (A.S.), who was also a prophet and was brought up in the house of Hazrat Ibrahim (A.S.).",Hazrat Lut (A.S.),Hazrat Yunus (A.S.),Hazrat Nuh (A.S.),Hazrat Salih (A.S.),A
2414,"Where did Abraha's men build a rival church, ordering Arabs to perform pilgrimage there instead of the Kaaba?","In Sana'a, Yemen",Makkah,Ta'if,Madinah,A
2415,"The Ottoman legal code, the ""Mejelle,"" was the first attempt to codify which school of Islamic law?",Shafi'i Fiqh,Maliki Fiqh,Hanafi Fiqh,Hanbali Fiqh,C
2416,Hazrat Younus AS remained in the abdomen of fish for how many days.,20,30,40,50,C
2417,Who was riding with the Prophet (SAW) on the camel while entering Makkah during the Conquest?,Imam Hasan (AS),Imam Husayn (RA),Usamah bin Zaid (RA),None of these,C
2418,How many ahadith did Hazrat Abu Hurairah narrate?,5000,5374,5474,6000,B
2419,How many Mosques are named in the Quran?,3,4,5,None of these,C
2420,"The ""Nasrid"" dynasty was the last Muslim dynasty to rule in Spain, from their capital in:",Seville,Cordoba,Granada,Toledo,C
2421,"What is the date of ""Yaum al-Arafat"" (The Day of Arafat)?",8th Dhul-Hijjah,11th Dhul-Hijjah,10th Dhul-Hijjah,9th Dhul-Hijjah,D
2422,Name the first foster mother of Muhammad (PBUH).,Hazrat Halimah,Hazrat Thawbah,Hazrat Khawlah,None of these,B
2423,"The ""Al-Azhar"" Mosque, which later became a major university, was founded in Cairo by which dynasty?",Mamluk,Ayyubid,Fatimid,Ottoman,C
2424,A land tax imposed on non-Muslim cultivators and landlords was known as:,Jizya,Kharaj,Khums,None of these,B
2425,"What is meant by the name of Muhammad (PBUH), ""Shafi""?",The Guided,The Frightener,The Intercessor,The Inviter,C
2426,"The purpose of testing, according to the Holy Quran, is",Patience,Learning,Abstaining,None of these,A
2427,"In the Battle of Uhud, which companion asked for permission to fight his own pagan father but was advised against it by the Prophet (PBUH)?",Hazrat Abu Dujanah (RA),Hazrat Abu Hanzala (RA),Hazrat Abu Hurairah (RA),Hazrat Abu Ubaidah ibn al-Jarrah (RA),D
2428,"Which city is called ""Umm al-Qura"" (The Mother of Cities)?",Madinah,Makkah,Baghdad,Ta'if,B
2429,"After the Treaty of Hudaybiyyah, which companion fled from Makkah and was initially returned, but then escaped and formed a group at Al-Is?",Abu Hudhayfah (RA),Abu Jandal (RA),Abu Basir (RA),Abu Ikrimah (RA),C
2430,Who was the head of the committee for the compilation of the Quran (Tadween-e- Quran)?,Zayd ibn Thabit (RA),Harith (RA),Both a and b,None of these,A
2431,The Ottoman Sultan who conquered Constantinople in 1453 was:,Mehmed II (The Conqueror),Suleiman the Magnificent,Bayezid I,Selim I,A
2432,Who was the first commander of a Muslim army sent for an expedition?,Ali (RA),Hamza (RA),Umar (RA),Sa'd (RA),B
2433,Surah Al Kausar is the shortest Surah of the Holy Quran. The number of its verses is:,Three,Four,Five,Less than three,A
2434,Mention the famous City/Cities of Hijaz:,Makkah,Madinah,Ta'if,All of these,D
2435,How many surahs are there in the Qur'an named after Prophets?,3,4,5,6,D
2436,"The ""Treaty of Deul"" was signed between the forces of Muhammad bin Qasim and the ruler of Sindh, named:",Prithviraj Chauhan,Raja Jaipal,Raja Dahir,Rana Sanga,C
2437,Which are the mosques that are mentioned in the Qur'an?,Masjid-ul-Haram,Masjid-ul-Dirar & Masjid Quba,Masjid-ul-Nabawi & Masjid-ul-Aqsa,All of the above,D
2438,The kunya (patronymic surname) of Muhammad (PBUH) was:,Abu al-Ibrahim,Abu al-Qasim,Abu al-Tahir,None of these,B
2439,When did the Holy Prophet (SAW) go to perform Hajj?,10th Hijri,9th Hijri,11th Hijri,8th Hijri,A
2440,The interval between the first and the second revelation was:,2 years and six months,3 years and six months,1 year and six months,Six months,A
2441,In which category of creation does Iblees (Satan) belong?,Angels,Jinn,Humans,Animals,B
2442,Name the wife of Abu Jahl who used to throw garbage on the Holy Prophet (PBUH) whenever he passed by her house.,Umm Hind,Umm Hasana,Umm Uqbah,Umm Jamil,D
2443,The word Jihad means:,To insist,To find,To strive,To reach,C
2444,"What is the real meaning of ""Qiyas""?",Thinking,Searching,Judging,Consensus,C
2445,"The book of Hadith, Al-Muwatta, was compiled by:",Imam Abu Hanifa (R.A),Imam Malik (R.A),Imam Shafi (R.A),None of these,B
2446,Who was the first child to embrace Islam?,Zayd ibn Harithah (RA),Ali ibn Abi Talib (RA),Abdullah ibn Umar (RA),Abdullah ibn Zubayr (RA),B
2447,What was the real name of the Queen of Sheba?,Sarah,Bilqis,Hajrah,None of these,B
2448,"The ""Thuluth"" script is a style of Arabic calligraphy known for its:",Angular form,Use in early Qurans,Small size for daily use,"Large, cursive style often used for architectural inscriptions",D
2449,In which month of 2 AH was the Ghazwa of Widdan (Al-Abwa) fought?,Dhul-Hijjah,Safar,Rajab,Ramadan,B
2450,Name the brother of Hazrat Yousaf (A.S.) to whom Hazrat Yousaf (A.S.) disclosed that he was his lost brother.,Hazrat Daniyal (A.S.),Hazrat Luqman (A.S.),Hazrat Binyamin (A.S.),Hazrat Dhul-Qarnayn (A.S.),C
2451,"Besides humans, which is another order of creation with free will?",Angels,Jinn,Animals,Plants,B
2452,Two Angels are appointed to each person. One of them maintains the good deeds and the other one records evil deeds. These two angels are known as ________.,Kiraman Katibeen (AS),Farishtain (AS),Munkar and Nakeer (AS),None of them,A
2453,Mention the month of 1 A.H. when Aishah (R.A.) came to the house of the Holy Prophet (PBUH).,Ramadan,Shawwal,Muharram,Zil-Hajj,B
2454,"The ""Mihrab"" in a mosque indicates the:",Direction of prayer (Qibla),Place for the sermon (Minbar),Courtyard,Ablution area,A
2455,Which wife of the Prophet (PBUH) was the daughter of Umar ibn al-Khattab (RA)?,Aisha (RA),Hafsa (RA),Sawda (RA),Zaynab (RA),B
2456,Imam Al-Nasai was born in:,212 Hijri,214 Hijri,216 Hijri,None of these,B
2457,Who was the writer of Asar-us-Sanadid?,Sir Syed Ahmad Khan,Abul Kalam Azad,Choudhry Rahmat Ali,Allama Iqbal,A
2458,Which caliph died a natural death?,Hazrat Usman (R.A),Hazrat Ali (R.A),Hazrat Abu Bakr (R.A),Hazrat Umar (R.A),C
2459,Iraq was conquered in the period of,Abu Bakr (R.A.),Umar (R.A.),Usman (R.A.),None of the above,B
2460,How many sacred months (Ashhur al-Hurum) are there in Islam?,4,6,7,2,A
2461,Who started compulsory collection of Zakat?,Bhutto,Zia-ul-Haq,Musharraf,All of the above,B
2462,Which Christian leader was killed by Khalid ibn al-Walid's forces in the Syrian campaign?,Malik ibn Harith,Malik ibn Raflah,Malik ibn Qurtah,Malik ibn Shaybah,A
2463,In which night was the Qur'an revealed?,Shab-e-Miraj,Lailat-ul-Qadr,Lailat-ul-Aroos,Shab-e-Barat,B
2464,"Tafsir al-Tabari, also known as ""Jami' al-Bayan,"" is one of the most comprehensive early works of:",Quranic exegesis,History,Hadith collection,Jurisprudence,A
2465,The formation of the Shura (consultative council) depended on Muhajirun and partially on:,Munafiqeen,Ansar,Khawarij,Emigrants,B
2466,What is the keynote of fasting?,Self-control,Self-discipline,a and b,Selflessness,C
2467,"Tafsir al-Kashshaf, a linguistically detailed commentary on the Quran, is known for its author's theological leanings towards:",Sufism,Ash'arism,Mu'tazilism,Athari creed,C
2468,The religious book(s) of Buddhism are:,Vinaya Pitaka,Sutta Pitaka,Abhidhamma Pitaka,All of these,D
2469,From where are pebbles for throwing at Shaitan picked up?,Mina,Hateem,Arafat,Muzdalifah,D
2470,The second important step of Hajj after Wuquf is ________.,Sa'i,Tawaf,Rami,Sacrifice,B
2471,Which Surah of the Quran is regarded as 1 by 3rd of the Quran?,Al-Fatihah,Al-Baqarah,Al-Ikhlas,None of these,C
2472,"Which angel is in charge of provisions, rain, and other natural phenomena?",Israfil (AS),Mika'il (AS),Jibra'il (AS),Izra'il (AS),B
2473,Al-Mufassal are the Surahs of the Quran that generally have:,100 or more verses,Short chapters generally starting from Surah Qaf (50) with fewer than 100 verses,50 or more verses,More than 200 verses,B
2474,Under which king was Prophet Musa (AS) raised?,Nimrod,Qarun,Pharaoh,None of these,C
2475,"Who fought against his father, Abu Bakr (RA), on the side of the pagans in the Battle of Badr before later accepting Islam?",Abd al-Rahman ibn Abi Bakr,Muhammad ibn Abi Bakr,Hisham ibn Malik,None of these,A
2476,Ghazwa Uhud was fought in the year ______.,in 580 AD,in 600 AD,in 625 AD,in 630 AD,C
2477,Which nation was destroyed by stone rain?,Hazrat Loot (A.S.),Hazrat Hood (A.S.),Hazrat Abar (A.S.),Hazrat Shoaib (A.S.),A
2478,What is the rate of Ushr on the produce of artificially irrigated land?,45672,45677,45667,45662,B
2479,The Muslim army comprising forty thousand men rallied at Yarmuk under the leadership of:,Khalid ibn al-Walid (R.A.),Abu Ubaidah (R.A.),Hazrat Ali (R.A.),Hazrat Jarrar (R.A.),A
2480,What is the compulsory tax on the produce of agricultural lands?,Ushr,Poll tax,Zakat,Poor tax,A
2481,How many Surahs in the Qur'an have titles named after different Prophets?,6,7,8,5,A
2482,Hazrat Muhammad ne rehlat se qabl konsi namaz ki imamat karwayi?,Namaz Zuhr,Namaz Asr,Namaz Maghrib,Namaz Isha,C
2483,"Who suggested the name ""Ahmad"" for the Holy Prophet (PBUH)?",Hazrat Abd al-Muttalib,Hazrat Abu Talib,Hazrat Aminah (R.A.),Hazrat Hamza (R.A.),C
2484,Which of the following was made obligatory on the Miraj?,Quran,Order to pay Zakat,5 prayers,Fasting in Ramadan,C
2485,Which is believed to be the first Ghazwa of Islam?,Abwa,Badr,Uhud,None of these,A
2486,"What does the Quran call the most severe sin, ""Zulm-e-Azeem"" (the greatest injustice)?",Murder,Shirk (Polytheism),Infanticide,None of these,B
2487,"""He would have been a prophet if I were not the last one,"" the Prophet (PBUH) said this about ______.",Hazrat Abu Bakr (RA),Hazrat Umar (RA),Hazrat Uthman (RA),Hazrat Ali (RA),B
2488,In which year did the tragedy of Karbala take place?,55 AH,61 AH,63 AH,65 AH,B
2489,The Mosque of the Prophet (PBUH) was damaged due to fire in the reign of:,Hazrat Amir Muawiyah (RA),Waleed bin Abdul Malik,Al-Musta'sim Billah,Mamun-ur-Rashid,C
2490,"If a person's deeds hold him back, then:",He fell short in his deeds,Its attribution cannot take him forward,Consider the family background,None of these,B
2491,Bait-ul-Maqdis was conquered during Hazrat Umar's period in:,12 A.H.,16 A.H.,18 A.H.,20 A.H.,B
2492,To which prophet was the Zabur revealed?,Hazrat Dawud (A.S.),Hazrat Musa (A.S.),Hazrat Isa (A.S.),Hazrat Idris (A.S.),A
2493,Al-Bidaya wa-n-Nihaya is a book by:,Ibn Tabari,Ibn Kathir,Ibn Sina,None of these,B
2494,"The ""Qarmatians"" were a radical offshoot of which branch of Islam?",Isma'ili Shia,Sunni,Twelver Shia,Kharijite,A
2495,Who first gave a royal gift to the Holy Prophet (SAW)?,Ruler of Iran,Abul Hakam,Najashi,Abu Sufyan,C
2496,"Which is the most repeated verse, repeated 31 times, in the Holy Qur'an?",Fabi-ayyi ala-i Rabbikuma tukazziban,Haza min Fadli Rabbi,Fasabbih bismi Rabbik al-'Azim,None of them,A
2497,In which battle did Abdullah bin Ubayy withdraw with his soldiers?,Ghazwa Badr,Ghazwa Uhud,Ghazwa Hunayn,None of these,B
2498,On which night was the Qur'an revealed?,Shab-e-Miraj,Shab-e-Barat,Shab-e-Shawal,Laylat al-Qadr,D
2499,How many Muslims were martyred in the Battle of Uhud?,60,50,80,70,D
2500,Tax collected from prisoners is called ____.,Fidiya,Jiziya,Ashar,None of these,B
2501,Who established the city of Kufa as a garrison city?,Abu Bakr (RA),Umar (RA),Uthman (RA),Ali (RA),B
2502,"The ""Treaty of Tudmir"" was a pact that granted autonomous rule to a Visigothic count in which region?",Southeastern Spain (Murcia),Southern France,Sicily,Crete,A
2503,The Zakat month starts and ends:,Ramadan and Sha'ban,Muharram and Dhu al-Hijjah,Rabi al-Awwal and Rabi al-Thani,None of the above,A
2504,The Battle of Yamama was fought in the era of?,Hazrat Abu Bakr (RA),Hazrat Umar (RA),Hazrat Uthman (RA),None of these,A
2505,The name of the cover of the Kaaba is ____:,Burdah,Kiswah,Al-Katif,Sajjadah,B
2506,Warqah ibn Nawfal was a ______.,Christian of Makkah,Person who later embraced Islam,Follower of the religion of Hazrat Ibrahim (AS),Jew of Khaybar,C
2507,Hajj is the fifth and last act of worship prescribed by Islam. What is the literal meaning of Hajj?,To will or desire to visit,To walk briskly,To purify oneself,Holy journey,A
2508,The Prophet (PBUH) made Hazrat Mu'adh ibn Jabal the Governor of:,Kufa,Makkah,Madinah,Yemen,D
2509,Jihad was made obligatory in,2 A.H.,3 A.H.,4 A.H.,None of these,A
2510,"The city of ""Ghazni,"" capital of the Ghaznavid Empire, is located in modern-day:",Uzbekistan,Iran,Pakistan,Afghanistan,D
2511,Baba Farid belongs to which Sufi order?,Suharwardia,Chishtia,Naqshbandi,Qadria,B
2512,Who woke up again after sleeping for 100 years?,Hazrat Uzair (A.S.),Hazrat Salah (A.S.),Hazrat Musa (A.S.),Hazrat Imran (A.S.),A
2513,Who was Ameen-ul-Ummat?,Hazrat Usman (RA),Hazrat Ali (RA),Hazrat Abu Ubaidah bin Jarrah (RA),None of these,C
2514,Which Caliph started the Hijri calendar?,Hazrat Abu Bakr (RA),Hazrat Umar (RA),Hazrat Usman (RA),Hazrat Ali (RA),B
2515,"The Prophet (PBUH) once said, ""If there were to be a prophet after me, it would have been..."":",Umar ibn al-Khattab (RA),Abu Bakr (RA),Ali (RA),Uthman (RA),A
2516,"Which expedition is also known as ""Jaysh al-Usrah"" (the Army of Difficulty)?",Battle of Tabuk,Battle of Khyber,Ghazwa Badr,None of these,A
2517,"The punishment for adultery (`zina`) for an unmarried person, according to the Sunnah, is:",60 lashes,50 lashes,70 lashes,100 lashes,D
2518,"The pre-Islamic Arab distress call, ""Ya Sabahaho,"" means:",Good morning,Good Morning declaration,"Oh, the morning calamity!",Wishing good morning,C
2519,Who was the leader of the hypocrites who suggested the Muslims should stay within Madinah to fight the Battle of Uhud?,Abdullah ibn Ubayy,Abdullah ibn Hassan,Abdullah ibn Ateeq,Abdullah ibn Ja'far,A
2520,Who wept so much over the destruction of his nation that he went blind?,Hazrat Lut (AS),Hazrat Shu'ayb (AS),Hazrat Hud (AS),Hazrat Uzair (AS),B
2521,Qurbani is made during Hajj at:,Arafat,Mina,Muzdalifah,Safa,B
2522,Who first proposed the name of Abu Bakr (RA) for the Caliphate at Saqifah Bani Sa'idah?,Umar (RA),Talha (RA),Zubayr (RA),Ali (RA),A
2523,When does a Haji travel to Mina?,on the 2nd Zil-Hajj,on the 5th Zil-Hajj,on the 8th Zil-Hajj,on the 9th Zil-Hajj,C
2524,When did the Hijri calendar begin?,17 Hijri,16 Hijri,15 Hijri,None of these,A
2525,In which Surah of the Holy Quran Bismillah is added twice?,Surah Baqarah,Surah Namal,Surah Yaseen,None of these,B
2526,The Islamic conquest of Sindh in 712 AD was led by which Umayyad general?,Muhammad ibn Qasim,Qutayba ibn Muslim,Musa ibn Nusayr,Tariq ibn Ziyad,A
2527,"Which country is called the ""Land of Prophets""?",Palestine,Saudi Arabia,Iraq,None of these,A
2528,Masarif-e-Zakat are in which surah?,Surah Maidah,Surah Tawbah,Surah Baqarah,None of the above,B
2529,"The Kaaba is a cubical structure, and its door is on which wall?",Eastern wall,Northern wall,Western wall,Southern wall,A
2530,"The concept of ""Hisbah"" in classical Islamic society refers to the duty of:",Leading the prayer,Collecting Zakat,Commanding right and forbidding wrong,Market supervision and regulation,D
2531,"The ""Almoravid"" dynasty originated from a religious reform movement among which people?",Turkish tribes of Central Asia,Arab tribes of Yemen,Berber tribes of the Sahara,Persian nobles of Khorasan,C
2532,In which Surah of the Holy Quran is it mentioned that the number of months is twelve?,Al-Imran,Al-Baqarah,At-Tawbah,Al-Anfal,C
2533,Who was the first to collect and compile ahadith at Basra?,Imam Zohri (R.A.),Imam Hasan al-Basri,Imam Nasa'i (R.A.),None of these,A
2534,The scholar Ibn al-Nafis is famous for being the first to describe:,The process of distillation,The laws of optics,Pulmonary circulation of blood,The use of algebra in geometry,C
2535,Which Mediterranean island was famously conquered by the Muslim navy during the rule of Uthman (RA)?,Rhodes,Sicily,Malta,Cyprus,D
2536,How many Ruku' are there in the Qur'an?,500,540,558,549,C
2537,The Ghazwa of Banu Nadir took place in which month and year?,"Rabi' al-Thani, 4 AH","Moharram, 4 AH","Rabi' al-Awwal, 4 AH","Safar, 4 AH",C
2538,Safi-Ullah is the title of,Hazrat Idrees (A.S.),Hazrat Nuh (A.S.),Hazrat Adam (A.S.),Hazrat Musa (A.S.),C
2539,"The Battle of Manzikert in 1071, a Seljuk victory over the Byzantines, was led by Sultan:",Tughril Beg,Malik-Shah I,Alp Arslan,Sanjar,C
2540,The literal meaning of Sawm is:,To seek,To stop,To purify,To allow,B
2541,The prayer for rain is called:,Salat al-Istisqa,Salat al-Kusuf,Salat al-Ishraq,None of these,A
2542,What is the literal meaning of Islam?,to bow down the neck,to have safety,to obey,All of them,D
2543,"In the context of Hajj, what is ""Rami""?",Circling the Kaaba,The act of stoning the pillars (Jamarat),Walking between Safa and Marwa,Shaving the head,B
2544,After whose martyrdom in the Battle of Uhud did Hazrat Ali (RA) carry the flag?,Hazrat Hamza,Hazrat Mus'ab bin Umair,Hazrat Sharjeel,None of these,A
2545,"What is the semi-circular, low-walled area adjacent to the Kaaba called?",Hateem,Multazam,Mawaqeet,Makkah,A
2546,Salat was made obligatory in which Nabawi year?,7th Nabawi,8th Nabawi,9th Nabawi,10th Nabawi,D
2547,Which Caliph increased the salaries of officers and the armed forces?,Abd al-Rahman ibn Awf (RA),Umar (RA),Ali (RA),Uthman (RA),D
2548,How many times is Hazrat Jibrael (A.S.) mentioned in the Qur'an?,7,3,5,6,B
2549,How many prayers did the Prophet Muhammad (PBUH) have to offer collectively (qada) because of the Battle of the Ditch?,3 prayers,6 prayers,"4 prayers (Zuhr, Asr, Maghrib, Isha)",7 prayers,C
2550,Which of the following has been called 'Jihad-e-Akbar' by the Holy Prophet (PBUH)?,The struggle against the devil,The struggle against the visible enemy,The struggle against one's self,Uttering the word of truth in the face of a tyrannical ruler,C
2551,Who was the first key holder of Bayt al-Maqdis among the Rightly Guided Caliphs?,Hazrat Uthman (RA),Hazrat Ali (RA),Hazrat Abbas (RA),Hazrat Umar (RA),D
2552,In which Hijri year was the Treaty of Hudaybiyyah signed?,7 AH,6 AH,5 AH,8 AH,B
2553,The first Azan was called out in?,1 A.H.,2 A.H.,3 A.H.,5 A.H.,A
2554,The book in which the biographies of the narrators of Hadith are given is _______?,Musnad,Asma al-rijal,Kitab al-Tarikh,All of these,B
2555,Which pillar of Islam is declared as an Armour?,Salat (Prayers),Soam (Fasting),Zakat,Hajj,B
2556,"The verse of the Qur'an says: ""Do not abandon justice even if…""",It is your brother,It is a close relative,It is your friend,None of these,B
2557,Who was the first male Shaheed (martyr) of Islam?,Hazrat Suhaib Rumi (R.A.),Hazrat Harith ibn Halah (R.A.),Hazrat Zayd ibn Harithah (R.A.),Hazrat As'ad bin Zurarah (R.A.),B
2558,"The ""Timurid Empire,"" founded by Timur (Tamerlane), had its capital in which city?",Herat,Bukhara,Samarkand,Isfahan,C
2559,"What is the minimum amount of wealth upon which Zakat becomes due, known as?",Waqf,Nisab,Sadaqah,Jizya,B
2560,"During which period was the ""Bayt al-Hikmah"" (House of Wisdom) founded?",The Abbasid Period,The Umayyad Dynasty,The Fatimid Dynasty,The Mughal Empire,A
2561,Whom did the Holy Prophet (PBUH) declare as his brother during the Mawakhat (Brotherhood) in Madinah?,Abu Bakr (RA),Ali ibn Abi Talib (RA),Uthman (RA),Umar (RA),B
2562,When was the Qibla changed in Islam?,in 2 A.H.,in 3 A.H.,in 4 A.H.,None of these,A
2563,Name the Surah that mentions the rights of parents?,Surah Ahzab,Surah Luqman,Al-Maeda,Al-Mudassar,B
2564,"In Islamic architecture, the ornate, honeycomb-like vaulting often found in domes and portals is known as:",Iwan,Mihrab,Mashrabiya,Muqarnas,D
2565,Jami' al-Qur'an is a title for:,Hazrat Ali,Hazrat Sa'd,Hazrat Usman,Hazrat Mas'ud,C
2566,The number of Prophets whose names are in the Holy Qur'an is ______.,10,25,35,37,B
2567,Who was the first poet to be rewarded by the Holy Prophet (PBUH) for his poetry?,Abu Jandal,Ka'b bin Zuhayr,Usamah bin Zayd,Malik bin Dinar,B
2568,How many mosques are named in the Holy Quran?,2 mosques,3 mosques,4 mosques,5 mosques,D
2569,Who saw the palaces of Caesar and Khosrow at night on the birth of Muhammad (PBUH)?,Abdul Muttalib,Halimah Saadia,Thawbah,Hazrat Aminah,D
2570,"Where is Jabal al-Rahmah, the place where the Prophet (PBUH) delivered his last address, located?",Arafat,Mina,Muzdalifah,Safa,A
2571,Who was the first major liar to claim Wrong prophethood during the life of the Prophet (PBUH)?,Abu Jahl,Musaylimah al-Kadhdhab,Ibn Muljam,Suraqa bin Malik,B
2572,The title of Hazrat Yaqoob (A.S.) was:,Saif,Israel,Safiullah,None of these,B
2573,What was the total number of people in the second migration to Abyssinia?,101,56,None,23,A
2574,Which was the second major Ghazwa of Islam?,Badr,Uhud,Khandaq,Khyber,B
2575,"In Surah Al-Kahf, which animal is mentioned along with the Ashaab-e-Kahf?",Dog,Cat,Horse,Woodpecker,A
2576,Hazrat Usman (R.A.) died in,655 A.D.,656 A.D.,657 A.D.,None of these,B
2577,Quran Pak ki aakhri wahi ke katib kon thay?,Hazrat Abi bin Ka'ab Ansari,Hazrat Umar,Hazrat Abu Hurairah,Hazrat Abdullah bin Mas'ood,A
2578,"What is meant by the name of Allah ""Al-Bari""?",The Evolver,The Merciful,The Opener,The Honourer,A
2579,"The Islamic legal maxim ""Ad-dararu yuzal"" means:",Certainty is not removed by doubt,Custom is authoritative,Acts are judged by intentions,Harm must be eliminated,D
2580,What was the color of the flag when the Holy Prophet entered Makkah after his victory over Makkah?,Green,Saffron,White,Red,C
2581,"Which companion of the Prophet (PBUH) was given the title ""The Keeper of the Prophet's Secret""?",Abu Ubaidah ibn al-Jarrah (RA),Hudhayfah ibn al-Yaman (RA),Abdullah ibn Mas'ud (RA),Anas ibn Malik (RA),B
2582,Which Holy Book is called the Gospel?,The Torah,The Zabur,The Injeel,The Qur'an,C
2583,What was the duration of the caliphate of Ali (RA)?,5 years & 10 months,4 years & 9 months,8 years & 8 months,None of these,B
2584,Which tribes left a large amount of booty at Dhat al-Riqa?,Banu Lihyan,Banu Muharib and Banu Tha'laba,Both of these,None of these,A
2585,"The ""Battle of Zallaqa"" (Sagrajas) in 1086 was a major victory for the Almoravids against the:",Byzantine Empire,Norman kingdom of Sicily,Christian kingdom of Castile,Crusader army,C
2586,What is Ushr?,1 by 10th of the produce of agriculture,1 by 5th of precious stones,1 by 10th of the whole property,None of them,A
2587,"The long interval between wahis, which means the wahi has been stopped, is called:",Fatrat-ul-Wahi,Iqra-tul-Wahi,Ishra-tul-Wahi,None of these,A
2588,How many Muslim women participated in the Battle of Uhud?,10,12,14,18,B
2589,Who was the Prophet's deputy in Madinah during the Tabuk expedition?,Ali (RA),Umar (RA),Abu Bakr (RA),Uthman (RA),A
2590,What was the name of the Prophet's (PBUH) she-camel upon which he delivered his Farewell Sermon?,Qaswa,Qiswa,Jabal,Zulfiqar,A
2591,What is an authentic Hadith called?,Sahifah,Sahih,Musnad,Sadiqah,B
2592,Talmud is a book of which religion:,Muslims,Jews,Christian,None of these,B
2593,Which two groups are mentioned in Surah Al-Anfal?,Arabs and non-Arabs,Disbelievers and hypocrites,Muslims and Jews,Abu Sufyan and Abu Jahl,D
2594,What is meant by Wuquf-e-Arafat?,The stay in the plain of Arafat,The offering of prayers in Arafat,The reciting of Talbiyah in Arafat,The reciting of Kalimahs in Arafat,A
2595,Khateeb-ul-Anbiya is the title of:,Hazrat Ibrahim (AS),Hazrat Yaqoob (AS),Hazrat Shoaib (AS),Hazrat Idrees (AS),C
2596,Salat-e-Istisqa is performed on the occasion of ________.,Shortage of rain,Solar eclipse,Fear,War,A
2597,Who was the first 'Hafiz' of the Qur'an?,Hazrat Usman (R.A.),Hazrat Muhammad (PBUH),Hazrat Ali (R.A.),Hazrat Abu Bakr (R.A.),B
2598,A Hadith Qudsi is a saying in which the Prophet (PBUH) narrates a message directly from:,Allah Almighty,Angel Jibril,His own reasoning,Another Prophet,A
2599,"The ""Zakat al-Fitr"" is a charity given at the end of which Islamic month?",Dhul-Hijjah,Shawwal,Ramadan,Muharram,C
2600,Which prophet is known as Joseph?,Hazrat Yaqoob (A.S.),Hazrat Ayyub (A.S.),Hazrat Yousaf (A.S.),Hazrat Younas (A.S.),C
2601,Which Surah was the first to be revealed?,Al-Alaq,Al-Fatihah,Al-Baqarah,None of them,A
2602,Name the first person who received three blows from arrows during prayer but did not discontinue his prayer.,Hazrat Haram ibn Milhan (RA),Hazrat Abbad ibn Bishr (RA),Hazrat Mu'adh ibn Jabal (RA),Hazrat Sa'd ibn Mu'adh (RA),B
2603,A person who denies a fundamental and well-known tenet of Islam is referred to as a:,Kafir (disbeliever),Fasiq (sinner),Munafiq (hypocrite),Murtad (apostate),A
2604,Which among the following is written by Hazrat Ali Hujwiri?,Kashf al-Mahjoob,Kashf al-Mahboob,Kashf al-Maujood,None of the above,A
2605,Who was the chief scribe of 'Wahi' (revelation) in Madinah?,Abdullah ibn Mas'ud (RA),Zayd ibn Thabit (RA),Mu'awiya ibn Abi Sufyan (RA),Ubayy ibn Ka'b (RA),B
2606,"The Samanid dynasty, known for its patronage of Persian language and culture, ruled from which city?",Bukhara,Isfahan,Shiraz,Samarqand,A
2607,"In the incident of Bir Ma'unah, all the Muslim missionaries were martyred except:",Ka'b ibn Zayd (RA),Amr ibn Umayyah al-Damri (RA),Both of these,None of these,B
2608,From where is the word Ijtihad derived?,Jihad,Mujtahid,Hidayat,Juhd,D
2609,Hazrat Musa (A.S) crossed the:,Red Sea,Black Sea,Caspian Sea,Atlantic Sea,A
2610,Where was Ali (RA) murdered?,In the mosque of Kufa,Makkah,Ta'if,Najd,A
2611,Name the surah that was revealed to the Holy Prophet (PBUH) in the form of the first wahi.,Falaq,Alaq,Hashr,Kawthar,B
2612,Ijma is the consensus of the Islamic community on some point of ______.,Difference,Law,Reference,Opinion,B
2613,Alam Nashrah ki tarkeeb ka mafhoom hai:,Khullam Khulla,Posheeda,Par Asrar,Andazan,A
2614,Who was called the 'Conqueror of Egypt'?,Sa'd ibn Abi Waqqas,Amr ibn al-As,Khalid ibn al-Walid,Muhammad bin Qasim,B
2615,In which Ghazwa were three successive Muslim commanders martyred?,Tabuk,Mu'tah,Hunayn,Ta'if,B
2616,"The best-known work of the ""Musnad"" type of Hadith collection is the Musnad of:",Imam Ahmad ibn Hanbal,Imam Malik,Imam Abu Hanifa,Imam Shafi'i,A
2617,Prophet Muhammad (PBUH) was born about how many years after Prophet Ibrahim (AS)?,"3,000 years","Approximately 2,500 years","2,000 years","4,000 years",B
2618,To whom from Banu Qurayza did the Jews turn for arbitration during the siege?,Abu Lubaba (RA),Sa'd ibn Mu'adh (RA),Ali (RA),Hudhayfah (RA),B
2619,The siege of Damascus occurred on:,on 15th March 634,on 21st August 634,on 10th December 634,None of these,B
2620,Which prophet first laid the foundation of Masjid-e-Aqsa?,Hazrat Ibrahim (A.S.),Hazrat Dawood (A.S.),Hazrat Younas (A.S.),Hazrat Sulayman (A.S.),A
2621,The book revealed to Hazrat Daud (A.S.) was?,Zaboor,Taurat,Quran,Injeel,A
2622,What is the meaning of I'tikaf?,Ablution,Prostration,Seclusion,None of them,C
2623,"Which Sahabi dedicated the water well, purchased from Jews, for the Muslims?",Hazrat Abu Bakar RA,Hazrat Umar RA,Hazrat Usman RA,Hazrat Ali RA,C
2624,"Which Surah of the Holy Quran is known as its ""heart""?",Al-Fatiha,Yaseen,Al-Rahman,Al-Mulk,B
2625,Which pillar of Islam was made obligatory in the 9th year of Hijra?,Salah,Sawm,Zakat,Hajj,D
2626,"The battles of Banu Qaynuqa, Banu Nadir, Banu Qurayza, and Khyber were fought against:",Jewish tribes,Christians,Pagans,Zoroastrians,A
2627,"The Quranic word ""Hamala"" means:",To carry (a burden),To drop,To take off,None of these,A
2628,"Among the women, after Hazrat Khadija (R.A.), who embraced Islam?",Ummay Aiman (R.A.),Buraida Salmi (R.A.),Lababa bint-e Haris (R.A.),Hazrat Safia (R.A.),C
2629,What is the meaning of Iman-e-Mujammal?,The belief in detail,The belief in known things,The belief in brief,The belief in unknown things,C
2630,"The ""Muqaddimah,"" a pioneering work in sociology and historiography, was written by:",Ibn Khaldun,Al-Tabari,Al-Masudi,Ibn Athir,A
2631,Name the Prophet who introduced the science of astronomy.,Hazrat Idrees (A.S.),Hazrat Eesa (A.S.),Hazrat Moosa (A.S.),Hazrat Luut (A.S.),A
2632,Hazrat Imam Tirmidhi was a student of:,Imam Bukhari,Imam Abu Dawood,Imam Nasa'i,Imam Muslim bin Hajjaj,A
2633,How many miles away from Madinah is Badr located?,40 mi,80 mi,120 mi,160 mi,B
2634,The third Ashra (last days of Ramadan) is known as:,Days of Mercy,Days of Forgiveness,Days to seek refuge from Hellfire,None of these,C
2635,Whose police force was first set up to maintain law and order in the Islamic state during the Caliphate of?,Hazrat Abu Bakr (R.A),Hazrat Umar (R.A),Hazrat Usman (R.A),Hazrat Ali (R.A),B
2636,Hazrat Abu Bakr (RA) died on which day?,Monday,Tuesday,Wednesday,Friday,A
2637,How long did Prophet Muhammad (PBUH) receive the revelation of the Qur'an in Madinah?,10 years,8 years,11 years,7 years,A
2638,Who is referred to in the Qur'an as Ar-Ruh?,Hazrat Mikail (AS),Hazrat Izra'il (AS),Hazrat Israfil (AS),Hazrat Jibra'il (AS),D
2639,How many Hajj did the Holy Prophet perform in his life?,1,4,10,15,A
2640,The year of Imam Abu Hanifa's birth is,in 696 A.D.,in 692 A.D.,in 698 A.D.,in 699 A.D.,D
2641,The period of rule of the rightly guided caliphs is:,25 years,30 years,33 years,37 years,B
2642,When the truce of Hudaibiya took place:,3 Hijri,4 Hijri,5 Hijri,6 Hijri,D
2643,The first group to break away from the main body of Muslims after the Battle of Siffin was the:,Kharijites,Ansar,Shiites,Sufis,A
2644,"The Islamic legal principle of ""Sadd al-Dhara'i"" means:",Blocking the means to evil,Juristic preference,Presumption of continuity,Public interest,A
2645,"Which act of worship is often called ""Hajj-e-Asghar"" (the minor pilgrimage)?",Umrah,Sa'i,Tawaf,Travel to Madinah,A
2646,Which city served as the first capital of the Abbasid Caliphate before the founding of Baghdad?,Basra,Damascus,Kufa/Anbar,Harran,C
2647,Who dug the grave of the Holy Prophet (PBUH)?,Hazrat Abu Zubair (R.A.),Hazrat Abu Talha Ansari (R.A.),Hazrat Aws (R.A.),Hazrat Abu Saleh (R.A.),B
2648,How many surahs of the Quran are on the names of animals?,Two,Six,Four,none of these,B
2649,How many times is the Night Journey (Isra) explicitly mentioned in the Quran?,Twice,Once (in Surah Al-Isra),Three times,It is not mentioned,B
2650,Fatwa Qazi Khan is an authentic Fatwa of:,Fiqh Hanbali,Fiqh Maliki,Fiqh Shafi'i,Fiqh Hanafi,D
2651,Hazrat Muhammad (PBUH) went to Syria with Hazrat Abu Talib at the age of:,12 years,15 years,18 years,21 years,A
2652,Which among the following is the Rukn-e-Azam of Hajj?,Stay at Mina,Sacrifice,Throwing pebbles at Satan,Wuquf-e-Arafat,D
2653,____ was the first Muslim who used zero.,Al-Biruni,Al Khwarizmi,Ibn Haitham,None of these,B
2654,Ghaseel al-Malaika is the title of:,Hazrat Abu Talha (R.A.),Hazrat Abu Dujanah (R.A.),Hazrat Hanzalah (R.A.),None of these,C
2655,How many times is the word 'Muhammad' mentioned in the Quran?,1,2,3,4,D
2656,How many Ghazwat are mentioned in the Holy Qur'an?,10,12,15,16,B
2657,The incident of Mi'raj (the Night Journey) is discussed in which Surah?,Al-Baqarah,Al-Isra,Al-Tawbah,Yunus,B
2658,At whose request did Hazrat Abu Bakr (RA) entrust the task of compilation of the Holy Qur'an to Zayd ibn Thabit (RA)?,Hazrat Ali (RA),Hazrat Umar (RA),Hazrat Uthman (RA),Hazrat Abbas (RA),B
2659,"The Great Mosque of Samarra in Iraq is famous for its unique spiral minaret, known as the:",Malwiya Tower,Qutub Minar,Giralda,Hassan Tower,A
2660,"The 'Cave of Hira', where the Prophet Muhammad (PBUH) received the first revelation, is located on which mountain?",Mount Safa,Jabal al-Nour,Mount Uhud,Mount Thawr,B
2661,What was the name of the Prophet's (PBUH) paternal grandfather?,Abd al-Muttalib,Abu Talib,Abdullah,Hashim,A
2662,Who developed algebra?,Muhammad ibn Musa al-Khwarizmi,Ibn Sina,Euclid,Jabir ibn Hayyan,A
2663,How many companions were with the Prophet (PBUH) at the start of the Battle of Uhud?,313,1000,700,1500,B
2664,The school of Islamic theology that emphasizes reason and was officially sponsored by Caliph al-Ma'mun is the:,Mu'tazila school,Ash'ari school,Maturidi school,Athari school,A
2665,Muhammad (PBUH) was titled as:,Al-Sadiq,Al-Amin,Both of these,None of these,C
2666,Bayt-e-Rizwan took place in which Hijrah?,5th,6th,7th,8th,B
2667,"While many scholars were pressured during the ""Mihna,"" which major Imam is most famous for his steadfast refusal to accept the Mu'tazili doctrine of a created Quran, leading to his imprisonment and torture?",Imam al-Shafi'i,Imam Malik,Imam Abu Hanifa,Imam Ahmad ibn Hanbal,D
2668,"The Battle of the Bridge (Yawm al-Jisr) was a Sasanian victory against the Muslim army during the early conquest of Persia, led by:",Abu Ubaid al-Thaqafi,Sa'd ibn Abi Waqqas,Muthanna ibn Haritha,Khalid ibn al-Walid,A
2669,"Which country is known as the ""Land of Prophets""?",Iraq,Iran,Palestine,Syria,C
2670,"The book ""Khilafat o Malukiyat"" (Caliphate and Kingship) was written by:",Dr. Abdul Qasim Majreeti,Allama Iqbal,Abul A'la Maududi,Shah Waliullah,C
2671,"The ""Treaty of Nöteborg"" in 1323 established a border between Sweden and which republic, affecting Muslim traders in the region?",Republic of Genoa,Republic of Venice,Novgorod Republic,Hanseatic League,C
2672,The Battle of the Trench was fought in which Hijrah:,3 Hijri,4 Hijri,5 Hijri,7 Hijri,C
2673,Muhammad (PBUH) was ____ years old when his mother Hazrat Aminah died.,6,5,4,7,A
2674,"What is the meaning of the term ""Prophet""?",Messenger,Scholar,Teacher,Leader,A
2675,Which is the most famous compilation in Musnad?,Musnad of Imam Malik,Musnad of Imam Abu Hanifa,Musnad of Imam Ahmad ibn Hanbal,Musnad of Imam Shafi'i,C
2676,Who offered the khutbah of the nikah of Muhammad (PBUH) and Hazrat Khadijah (R.A.)?,Abu Talib,Hamza ibn Mutlib,Abbas ibn Mutlib,None of these,A
2677,"The science of astronomy, writing with a pen, sewing, and making weapons were first done by:",Hazrat Idrees (AS),Hazrat Adam (AS),Hazrat Uzair (AS),None of these,A
2678,Which Prophet is mentioned in the Quran as being raised from the dead by Allah to demonstrate His power?,Dhul-Kifl (Ezekiel),Ilyas (Elijah),Uzair (Ezra),Yusha (Joshua),C
2679,Who compiled Hazrat Abu Hurairah's (RA) fatawa?,Taqi al-Din al-Subki,Hazrat Salman Farsi (RA),Hazrat Mus'ab Bin Umair (RA),Hammam ibn Munabbih,D
2680,The name of the Holy Prophet has been mentioned ___ times in the Holy Quran.,8,6,3,None of these,D
2681,The capital of the Umayyad Caliphate was?,Baghdad,Cairo,Damascus,None of these,C
2682,Ilm al-Jadal is the Islamic science of:,Alchemy,Astrology,Dialectics and debate,Dream interpretation,C
2683,What is the literal meaning of Shariah?,"A clear, straight path",Instructions to follow,Making new laws,Obeying the elders,A
2684,Qazaf is ____.,Clause in Islam,Constitutional law,Shariat Law,None of these,C
2685,In which surah of the Holy Quran has Allah promised to protect the Holy Quran?,Surah Al-Anfal,Surah Al-Ma'idah,Surah Al-Hijr,Surah Al-Baqarah,C
2686,The Zakat and Ushr Ordinance was introduced in:,1990,1980,1984,1987,B
2687,The ring of the Holy Prophet (PBUH) was made by:,Sa'd bin Abi Waqqas,Abu Ayyub Ansari,Ya'la bin Umayyah,Uthman bin Affan,C
2688,"After the Treaty of Hudaybiyah, to whom was the first letter sent with the message of Allah?",Hercules,Chosroes,Negus,None of these,A
2689,Who was the best Qari among the companions of the Holy Prophet?,Ubayy ibn Ka'b (R.A.),Zayd ibn Thabit (R.A.),Abu Hurairah (R.A.),None of these,A
2690,"In which Para of the Holy Quran is ""Surah Al-Momin"" located?",24,26,28,23,A
2691,"In Madinah, during the Prophet's (PBUH) time, Banu Qurayza, Banu Nadir, and Banu Qaynuqa were three tribes of the:",Muslims,Christians,Jews,None of these,C
2692,Who built the first structure of the Holy Ka'ba?,Hazrat Adam (AS),Hazrat Isma'il (AS),Hazrat Ibrahim (AS),Hazrat Musa (AS),A
2693,Huzoor ke chacha Hazrat Abbas ki namaz-e-janaza kis ne parhai thi?,Hazrat Abu Bakr,Hazrat Umar,Hazrat Usman,Hazrat Ali,C
2694,Hazrat Abu Bakr (R.A.) died in,632 A.D.,633 A.D.,634 A.D.,None of these,C
2695,Name the mosque situated in Mina.,Al-Masjid an-Nabawi,Masjid al-Khayf,Masjid Quba,Masjid al-Haram,B
2696,The incident where the Prophet (PBUH) received a pledge of allegiance under a tree at Hudaybiyyah is known as:,Bay'at al-Harb,Bay'at al-Aqabah,Bay'at al-Ridwan,Bay'at al-Nasr,C
2697,Name the battle in which Hazrat Khalid bin Walid (RA) participated for the first time.,Badr,Khyber,Mu'tah,Khandaq,C
2698,Which prophet had to commit a murder at the age of 30?,Hazrat Isa (AS),Hazrat Musa (AS),Hazrat Yahya (AS),Hazrat Ibrahim (AS),B
2699,Alif Lam Meem se Quran Majeed mein kitni suratain shuru hoti hain?,Chaar,Chai,Aath,In mein se koi nahi,B
2700,The Holy Book of the Jews is the ______.,Injeel,Zabur,Torah,None of these,C
2701,What was the duration of the caliphate of Uthman (RA)?,10 years,12 years,15 years,18 years,B
2702,The Nisab for Zakat on Gold is?,5 tola,7 ½ tola,52 ½ tola,None of these,B
2703,"Which companion was absent during the Pledge of Ridwan, for whom the Prophet (PBUH) placed his own hand as a substitute?",Uthman (RA),Umar (RA),Abu Bakr (RA),Ali (RA),A
2704,Who ordered the preparation of a standard edition of the Qur'an?,Hazrat Uthman (RA),Hazrat Umar (RA),Hazrat Abu Bakr (RA),Hazrat Ali (RA),A
2705,Masjid-e-Hanif is located in:,Mina,Makkah,Madinah,Muzdalifah,A
2706,The Pious Caliphate (Khilafah Rashidun) lasted for approximately:,25 years,35 years,30 years,20 years,C
2707,The book 'Al-Risalah' was written by:,Imam Malik (RA),Imam Ahmad ibn Hanbal (RA),Imam Shafi'i (RA),None of these,C
2708,There is no reward for an accepted Hajj (Hajj Mabrur) except Paradise. What is this?,A Hadith of the Prophet (PBUH),A Quranic Ayah,A Sunnah,All of them,A
2709,"Among the following prophets, whose nation was awarded with ""Mann-o-Salwa""?",Hazrat Daud,Hazrat Isa,Hazrat Musa,Hazrat Yunus,C
2710,"What does ""Maslahah Mursalah"" (public interest) mean as a source of Islamic law?",Consensus,Unrestricted Public Interest,Analogy,Juristic Preference,B
2711,"Who was given the title of the ""Speaker of the Prophets""?",Hazrat Hud (A.S),Hazrat Zakariya (A.S),Hazrat Shoaib (A.S),Hazrat Ibraheem (A.S),C
2712,"The ""Hashimiyya"" movement was an early Shia group that played a key role in the:",Qarmatian revolt,Fatimid rise to power,Abbasid Revolution,Zaydi imamate,C
2713,In which country is Adam's Peak located?,Sri Lanka,India,Syria,Israel,A
2714,"The change of the Qibla was ordered in Masjid-e-Banu Salama, later known as Masjid- e-Qiblatain. In which month of 2 A.H. did this happen?",Ramadan,Sha'ban,Muharram,Safar,B
2715,Name the Mosque which was famous for the change of Qiblah.,Masjid-e-Qiblatain,Masjid-e-Nabvi,Masjid-e-Quba,None of them,A
2716,Hazrat Talha embraced Islam in the 1st year of Prophethood. What title did the Holy Prophet (PBUH) give to him?,Siddique,Tayyab,Farooq,Fayyaz,D
2717,Who was/were the leader(s) of the Hadith school of Madinah?,Hazrat Abu Hurairah (R.A.),Hazrat Abdullah ibn Umar (R.A.),Hazrat A'ishah (R.A.),All of these,D
2718,Which prophet was sent to Banu 'Ad?,Hazrat Sulayman (A.S.),Hazrat Ilyas (A.S.),Hazrat Ibrahim (A.S.),Hazrat Hud (A.S.),D
2719,Who is in charge of rain?,Hazrat Jibra'il (AS),Hazrat Izra'il (AS),Hazrat Mikail (AS),Hazrat Israfil (AS),C
2720,The Battle of Harra was a tragic event where an Umayyad army quelled a rebellion in which city?,Madinah,Kufa,Makkah,Basra,A
2721,The name of which Sahabi has been mentioned in the Holy Quran?,Hazrat Umair (R.A.),Hazrat Zayd ibn Harithah (R.A.),Hazrat Zayd ibn Thabit (R.A.),None of these,B
2722,What was the age of Prophet Muhammad (PBUH) when the Qur'an was first revealed to him through Hazrat Jibra'il (A.S.)?,30 years,40 years,42 years,41 years,B
2723,Which wife of Abu Sufyan incited the pagans for revenge after the Battle of Badr?,Hind bint Utbah,Ramla,Habibah,Hibah,A
2724,Which among the following was written by Shah Waliullah:,Nahj-ul-Balagha,Hujjatullah al-Baligha,Sirat-ul-Mustaqeem,None of the above,B
2725,Which Prophet is mentioned most frequently in the Quran?,Hazrat Musa (AS),Hazrat Ibrahim (AS),Hazrat Isa (AS),Hazrat Muhammad (PBUH),A
2726,"A person who combines Hajj and Umrah, assuming Ihram for both at the Meeqat, is called a:",Mutamatti',Qarin,Mufrid,None of them,B
2727,"The legal term for a marriage that is invalid (e.g., marrying a fifth wife) is:",Batil,Sahih,Fasid,Makruh,A
2728,What was the relation between Prophet Isma'il (A.S.) and Prophet Ishaq (A.S.)?,Father-Son,Brothers,Grandfather and Grandson,None of these,B
2729,"The philosophical concept of ""Emanation,"" where existence proceeds from a ""First Cause,"" is central to the thought of:",Al-Farabi,Al-Ghazali,Ibn Khaldun,Ibn Taymiyyah,A
2730,The Holy Quran was famously translated into Persian by:,Syed Ahmed,Shah Waliullah,Shah Abdur Rahim,Shah Ismail,B
2731,Name the plain where Hazrat Adam (AS) and his wife were reunited after years of wanderings.,Arafat,Muzdalifah,Mina,Hateem,A
2732,In how much time was the Holy Qur'an revealed?,"22 years, 5 months, and 14 days","23 years, 5 months, and 12 days","22 years, 3 months, and 22 days","21 years, 5 months, and 12 days",A
2733,The Holy Book Zabur is also called:,Psalms,Saheefa,Testament,Old Testament,A
2734,The Holy Qur'an was revealed from ________.,from 607 to 630 AD,from 610 to 632 AD,from 608 to 633 AD,from 609 to 632 AD,B
2735,Name the mosque where almost seventy prophets are buried.,Masjid-ul-Nabawi,Masjid-ul-Aqsa,Masjid-ul-Haram,Masjid-ul-Khayf,D
2736,Which companion's name is mentioned in the Quran?,Hazrat Bilal (RA),Hazrat Zaid bin Harithah (RA),Hazrat Anas (RA),None of these,B
2737,"The ""Bay'at al-Ridwan"" (Pledge of the Tree) was taken for the martyrdom of which companion?",Ali (RA),Uthman (RA),Umar (RA),Hamza (RA),B
2738,From where does the Tawaf (circumambulation) begin?,The Hateem,A Shawt,The Hajr-e-Aswad (Black Stone),The Haram,C
2739,"Hazrat Ibrahim (A.S.) died in Hebron, which is located in:",Egypt,Makkah,Jerusalem,Syria,C
2740,Where did the election of Abu Bakr (RA) as the first Caliph take place?,At Saqifah Bani Sa'idah,In the Kaaba,In Masjid an-Nabawi,None of these,A
2741,Splitting of the moon occurred in:,Arafat,Mina,Muzdalifa,Ka'aba,B
2742,Which nation is considered the biggest opponent of Jibreel (AS)?,Hindus,Majoosi,Christians,Jews,D
2743,The first Islamic flag was given to Hazrat Hamza. What was its color?,Green,White,Red,Black,B
2744,Arba'in is a book of Hadith in which there are:,40 Ahadith,50 Ahadith,30 Ahadith,20 Ahadith,A
2745,Sahib al-Sirr (The Keeper of the Secret) is the nickname of:,Hudhayfah ibn al-Yaman (RA),Uqba (RA),Sa'd (RA),None of these,A
2746,Allah ne kis qoum ko un ke gunahon samait samandar mein gharq kar diya?,Firaun ki qoum,Namrood ki qoum,Shamr ki qoum,In mein se koi nahi,A
2747,The city of Baghdad was founded on the banks of which river?,Tigris,Euphrates,Nile,Jordan,A
2748,What is a collector of Zakat called who is appointed by the state in an Islamic government?,Jasim,Jabbi,Jasrah,Goliath,B
2749,The Islamic philosopher Al-Kindi is often referred to as:,The Philosopher of the Arabs,The Second Teacher,The Proof of Islam,The Master of Physicians,A
2750,At what place do pilgrims offer two Rak'at Nafl after Tawaf?,Mina,Maqam Ibrahim,Muzdalifah,Arafat,B
2751,Which article of the Constitution of 1973 is related to the affairs of Zakat?,31,35,76,123,A
2752,The Angel who will blow the trumpet on the Day of Resurrection is ________.,Hazrat Israfil (AS),Hazrat Jibra'il (AS),Hazrat Izra'il (AS),None of them,A
2753,The Umayyads developed important centers of shipbuilding in:,Syria,Alexandria,Spain,Egypt,B
2754,For how many years was the War of Dahis and al-Ghabra fought?,50 years,40 years,30 years,20 years,B
2755,"Name the woman, after Hazrat Khadija (R.A.), who embraced Islam:",Umm Ayman,Lubaba bint Harith,Buraydah Aslami,Hazrat Sumayyah,B
2756,In which month of the Islamic Calendar was Hazrat Umar martyred?,Muharram,Safar,Dhu al-Hijjah,None of these,A
2757,Which daughter of Hazrat Abu Bakar (RA) became the wife of the Holy Prophet (SAW)?,Hazrat Sauda (RA),Hazrat Ayesha (RA),Hazrat Zainab (RA),None of these,B
2758,Prophet Idris (Enoch) is praised in the Quran for being a man of truth and being raised to a:,High station,Royal throne,Mountain top,Distant land,A
2759,"The ""Nasiriyya,"" a Sufi order and zawiya in Tamegroute, is a famous center of learning in:",Tunisia,Algeria,Libya,Morocco,D
2760,Abu Jahl (Amr ibn Hisham) was killed in which ghazwa?,Ghazwa-e-Abwa,Ghazwa-e-Badr,Ghazwa-e-Uhud,None of the above,B
2761,"The ""Fall of Baghdad"" to the Mongols, which ended the Abbasid Caliphate, occurred in which year?",1453 AD,1099 AD,1258 AD,1291 AD,C
2762,Hazrat Harith ibn Umayr (R.A.) took the message of the Holy Prophet (PBUH) to:,The King of Egypt,The King of Jordan,The King of Palestine,The King of Syria,D
2763,Prophet Zakariyya's (AS) supplication for a child is mentioned in detail in which Surah?,Maryam,Al-Baqarah,Aal-Imran,Al-Anbiya,A
2764,Ali ibn Abi Talib (RA) was martyred in the ____ Hijrah.,36,38,40,None of these,C
2765,"'Which Surah is called ""Bab-ul-Quran""?",Surah Kausar,Surah Ikhlas,Surah Fatiha,None of these,C
2766,Where did the first wife of Hazrat Ibrahim (A.S.) reside?,Palestine,Egypt,Syria,Israel,A
2767,"The practice of raising the hands for ""Qunut"" supplication in the Fajr prayer is a standard practice in which Fiqh school?",Hanbali,Hanafi,Shafi'i,Zahiri,C
2768,For how many years did Hazrat Muhammad (PBUH) live in Makkah?,53 years,60 years,65 years,40 years,A
2769,What were the names of the angels associated with magic?,Jibreel and Mikaeel,Harut and Marut,Israfeel and Jibreel,None of these,B
2770,"In which Hijri year were the battles of Ghatafan, Uhud, Hamra al-Asad, and Banu Nadir fought?",In 1 AH,In 3 AH,In 2 AH,In 4 AH,B
2771,Name the first written constitution of the world.,Treaty of Hudaybiyyah,Misaq-e-Madinah,Khutbah Hajjat-ul-Wada,None of these,B
2772,"Which Caliph added the words ""As-salatu Khayrun Minan-Nawm"" in the Adhan?",Abu Bakr (R.A.),Hazrat Umar (R.A.),Hazrat Usman (R.A.),Hazrat Ali (R.A.),B
2773,Into which category of creature does the Qur'an put 'Iblees'?,Malaika,Fire,Angel,Jinn,D
2774,In which Hijri year was the obligation of Zakat revealed?,12 AH,10 AH,2 AH,9 AH,D
2775,Iraq came under the Muslim dynasty during the reign of:,Hazrat Abu Bakr (R.A.),Hazrat Umar (R.A.),Hazrat Usman (R.A.),Hazrat Ali (R.A.),B
2776,Whom did Allah give leave to try to tempt mankind?,Iblees (Satan),Jinns,Angels,All of them,A
2777,Which companions of the Holy Prophet (Peace Be Upon Him) were included in the scribes of revelation?,Hazrat Zaid Bin Sabit (RA),Hazrat Abdullah Bin Masood (RA),Hazrat Usman (RA),All of these,D
2778,How many Muslims participated in the Battle of Badr?,1313,666,500,313,D
2779,What do you understand by David?,Hazrat Dawood (A.S.),Hazrat Yaqoob (A.S.),Hazrat Younas (A.S.),Hazrat Yousaf (A.S.),A
2780,What is the second Ashra of Ramazan called?,Ashra-e-Rehmat,Ashra-e-Maghfirat,Ashra-e-Najat-e-Naar-e-Jahannam,All of them,B
2781,How many archers were posted by the Prophet (PBUH) to protect the mountain pass at Uhud?,150,250,200,50,D
2782,'Maseeh ul Islam' is the title of:,Hazrat Abu Talha (R.A.),Hazrat Abu Zar Ghaffari (R.A.),Hazrat Ali (R.A.),None of these,D
2783,The philosophical school that sought to harmonize Greek philosophy with Islamic teachings was known as:,Falsafa,Kalam,Sufism,Mu'tazilism,A
2784,Masjid-e-Quba is also known as:,Masjid-ul-Taqwa,Masjid-al-Haram,Masjid-ul-Aala,Masjid-ul-Namra,A
2785,Wuzu and Tayammum are mentioned in which Surah of the Holy Quran:,Surah Rehman,Surah Toba,Surah Noor,Surah Maida,D
2786,What is Arafat?,Plain,Mountain,Forest,Desert,A
2787,"Al-Dhahabi's famous multi-volume work, ""Mizan al-I'tidal,"" is a critical study of:",Legal maxims,Quranic commentators,Hadith narrators (`Ilm al-Rijal`),Historical events,C
2788,"The ""Qarmatian"" revolt in the 10th century was infamous for its sacking of Makkah and the theft of the:",Golden door of the Kaaba,Key of the Kaaba,Black Stone (Hajr-e-Aswad),Station of Ibrahim,C
2789,Makkah was conquered in the ______.,8th Hijrah,9th Hijrah,10th Hijrah,12th Hijrah,A
2790,In which year did wudu become obligatory?,4 Hijrah,5 Hijrah,2 Hijrah,1 Hijrah,B
2791,"What is another meaning of ""Ahzab"" besides ""allies""?",Confederates,Trench,Ditch,Calamity,A
2792,Who started the system of the Islamic calendar?,Hazrat Umer,Hazrat Ali,Hazrat Hamza,None of these,A
2793,"Which of the following actions, if missed without a valid excuse, invalidates the Hajj?",Cutting nails before entering Ihram,The Wuquf at Arafat,Wearing stitched clothing for men during Ihram,Fasting on the Day of Arafat for pilgrims,B
2794,Who was appointed by the Holy Prophet (SAW) to write down the revelation?,Hazrat Abdullah ibn Mas'ud (RA),Hazrat Ali ibn Abi Talib (RA),Hazrat Zayd ibn Thabit (RA),Hazrat Sa'id ibn Zayd (RA),C
2795,The first pillar of Islam is:,Namaz (Salah),Roza (Sawm),Hajj,None of these,C
2796,Who was the first male Shaheed (martyr) of Islam?,Hazrat Shoaib Rumi (R.A.),Hazrat Hamza (R.A.),Hazrat Harith bin Halla (R.A.),Hazrat Zaid bin Harith (R.A.),C
2797,Through whom was the Qur'an revealed?,Angel Jibra'il,Angel Israfil,Angel Mika'il,None of these,A
2798,Which brother of Ali (RA) was taken prisoner in the Battle of Badr?,Aqeel,Abbas,Abu al-Aas,None of them,A
2799,"Ifrad, ""Qiran,"" and ""Tamattu"" are the three types of:",Hajj,Salah,Zakat,Sawm,A
2800,She was alive at the time of the Karbala tragedy:,Hazrat Aishah (RA),Hazrat Hafsah (RA),Hazrat Maymunah (RA),Hazrat Umm Salamah (RA),D
2801,Ghazwa-e-Badr occurs in which Hijri:,2 Hijri,3 Hijri,4 Hijri,5 Hijri,A
2802,Which Muslim captive at al-Raji was sold to the Quraysh and martyred in Makkah?,Zayd ibn al-Dathinnah,Talha (RA),Khubayb ibn Adiy,Uthman (RA),C
2803,Hazrat Ayyub (AS) was famous for his quality of ______.,Sympathy,Patience,Generosity,None of these,B
2804,Hazrat Ishaq was the father of:,Hazrat Yaqoob (A.S.),Hazrat Yahya (A.S.),Both of these,None of these,A
2805,"The ""Takbirat al-Ihram"" is the opening ""Allahu Akbar"" which:",Is said before prostration,Ends the prayer,Initiates the state of prayer (Salah),Is recited during the call to prayer,C
2806,The first revelation came to the Holy Prophet (PBUH) in the:,Hira Cave,Thaur Cave,Dar-ul-Arqam,Masjid Al-Aqsa,A
2807,"Where is ""Qadam Gah of Mola Ali (R.A)"" located?","Hyderabad, Sindh",Bibi Pak Daman (Lahore),Peshawar,None of these,A
2808,Which companion offered to donate one thousand camels and seventy horses for the Tabuk expedition?,Uthman (RA),Abu Bakr (RA),Umar (RA),Ali (RA),A
2809,Name the fundamental pillar of Islam which was made Fard in 9 AH.,Salat,Sawm,Zakat,Hajj,D
2810,In which Holy Book(s) is the name 'Ahmad' of Muhammad (PBUH) mentioned?,Holy Qur'an,Injeel,Both of these,None of these,C
2811,"The ""Fatwa-i-Alamgiri,"" a comprehensive compilation of Hanafi law, was commissioned by which Mughal emperor?",Shah Jahan,Akbar,Aurangzeb Alamgir,Jahangir,C
2812,Name the plain where Hazrat Adam (AS) and his wife were reunited after years of wandering.,Arafat,Muzdalifah,Mina,Hateem,A
2813,Masjid-e-Aqsa is located in the old city of?,Jerusalem,Gaza,Ramallah,None of these,A
2814,In which direction from Madinah is Mount Uhud located?,North,West,East,South,A
2815,Who was the first Commander-in-Chief of the Islamic Army?,Hazrat Hamza ibn Abdul Muttalib (RA),Hazrat Sa'd ibn Abi Waqqas (RA),Hazrat Ali ibn Abi Talib (RA),None of these,A
2816,The Seljuk Turks were instrumental in defeating which group at the Battle of Manzikert in 1071?,Byzantine Empire,Fatimids,Ghaznavids,Crusaders,A
2817,Hazrat Bilal (R.A) was a slave and his master was:,Umayyah bin Khalaf,Umayyah bin Jahim,Umayyah bin Jahash,Umayyah bin Thaqif,A
2818,Which prophet was titled Khalifa-tul-Ard after Hazrat Adam (A.S.)?,Hazrat Sulayman (A.S.),Hazrat Younas (A.S.),Hazrat Idrees (A.S.),Hazrat Dawood (A.S.),D
2819,"The ""Mamluk"" Sultanate of Egypt was overthrown in 1517 by the invading forces of the:",Timurids,Safavid Empire,Ottoman Empire,Portuguese,C
2820,Masjid Zu Qiblatain is situated in which city?,Madinah,Makkah,Taif,Jabal-e-Noor,A
2821,Who was the first Muhajir of Madinah?,Hazrat Abu Salamah (RA),Hazrat Zayd ibn Harithah (RA),Hazrat Usamah ibn Zayd (RA),Hazrat Abu Hurairah (RA),A
2822,Fi riqab means:,To liberate slaves,To help the prisoner,Both A and B,None of above,C
2823,What was the first Surah revealed in the Qur'an?,Surah Al-Fatiha,Surah Al-Alaq,Surah Al-Baqarah,Surah Al-Ikhlas,B
2824,Prophet Yahya (John the Baptist) was the son of which Prophet?,Prophet Zakariyya (AS),Prophet Ilyas (AS),Prophet Isa (AS),Prophet Ishaq (AS),A
2825,Yaum al-Arfa is another name for which day?,9th Dhul-Hijjah,Waquf-e-Arafat,Yaum-e-Mina,Waquf-e-Mina,A
2826,Who gave the idea to dig a ditch around the city of Madinah?,Hazrat Umar (RA),Hazrat Salman al-Farsi (RA),Hazrat Ali (RA),Hazrat Khalid ibn al-Walid (RA),B
2827,Uzza was the name of:,A specific goddess of the Quraysh,Honour and respect,Name of a tree,Name of a snake,A
2828,The real name of Abu Jahl was:,Haris bin Hasham,Amr ibn Hisham,Zain bin Hasham,None of these,B
2829,When did the Battle of Ahzab take place?,in 2 AH,in 3 AH,in 4 AH,in 5 AH,D
2830,"In the Muslim world, which country has the highest per capita income?",UAE,Saudi Arabia,Turkey,Qatar,D
2831,What is the name of the dowry (mahr) that is to be paid immediately after marriage?,Mahr Mu'ajjal (Prompt Dowry),Mahr Fidya,Mahr Muqaddar,Ghair Mu'ajjal (Deferred Dowry),A
2832,Upon which tribe and its descendants is Zakat prohibited?,Banu Hashim,Banu Quraysh,Banu Nadir,None of these,A
2833,The longest Ayat of the Quran is ____ of Surah Al-Baqarah.,Ayat 282,Ayat 284,Ayat 286,None of these,A
2834,Masjid-ul-Khayf is located in:,Muzdalifah,Safa,Mina,Marwa,C
2835,Name the Ghazwa in which the Muslims came back without a fight:,Mu'tah,Makkah,Tabuk,Khaybar,C
2836,What was the name of Imam Bukhari (R.A)?,Muhammad bin Ismail,Muhammad Ismail,Muhammad Ibrahim,Ismail bin Ibrahim,A
2837,Who is the angel who stands guard at the door of Hell (Gatekeeper of Jahannam)?,Maalik,Sabeel,Israfeel,Rizwan,A
2838,The nation of Thamud was preached to by,Hazrat Yaqub (A.S.),Hazrat Salih (A.S.),Hazrat Ibrahim (A.S.),Hazrat Uzair (A.S.),B
2839,Holy Prophet (PBUH) was born in:,570 AD,571 AD,572 AD,573 AD,A
2840,"The ""Sultanate of Malacca"" was a key center for the spread of Islam in which region?",East Africa,West Africa,Southeast Asia (Malay Archipelago),The Balkans,C
2841,The incident of the Prophet (PBUH) receiving revelation while covered in a cloak is associated with the name of which Surah?,Al-Muddaththir,Al-Muzzammil,Al-Fatiha,Al-Alaq,A
2842,The meaning of Khawarij is,Dishonest,Rebels,Unique,None of these,B
2843,When did Uthman (RA) die?,"On June 17, 656 AD","On June 17, 657 AD","On June 17, 658 AD","On June 17, 659 AD",A
2844,What was the original color of the Hajr-e-Aswad (The Black Stone)?,White,Blue,Black,Red,A
2845,Who led the funeral prayer of Umar (RA)?,Suhayb al-Rumi (RA),Talha (RA),Zubayr (RA),Ali (RA),A
2846,The Dome of the Rock (Qubbat al-Sakhrah) in Jerusalem was built during the reign of which Umayyad Caliph?,Abd al-Malik ibn Marwan,Muawiya I,Al-Walid I,Umar ibn Abd al-Aziz,A
2847,Whom do you understand by Joseph?,Hazrat Ya'qub (A.S.),Hazrat Ayyub (A.S.),Hazrat Yunus (A.S.),Hazrat Yusuf (A.S.),D
2848,"The ""Risala"" of Imam Shafi'i is considered the first systematic work on the topic of:",Usul al-Fiqh (Principles of Jurisprudence),Theology,Islamic History,Sufism,A
2849,The famous Battle of Tours (or Poitiers) in 732 AD halted the Umayyad expansion into which European country?,Germany,Italy,France,England,C
2850,The only Surah of the Holy Qur'an which is not started with 'Bismillah' is ______.,Surah Al-Ahzab,Surah At-Tawbah,Surah Al-Jinn,None of these,B
2851,Name the first person who laid down his life in the way of Allah in Masjid-e-Haram.,Abu Dharr al-Ghaffari (RA),Abu Salamah (RA),Suwayd ibn Samit (RA),Harith ibn Abi Hala (RA),D
2852,The 'House of Wisdom' (Bayt al-Hikmah) was established by which Abbasid Caliph?,Harun al-Rashid,Al-Ma'mun (formal establishment and expansion),Al-Mansur,Al-Mutawakkil,B
2854,How many companions accompanied the Prophet (PBUH) in the Khyber expedition?,1600,1800,1400,1200,
2855,What is the primary purpose of Sawm (Fasting) as mentioned in the Holy Quran?,Shukr (Gratitude),Taqwa (God-consciousness),Sabr (Patience),None of these,B
2856,What is the threshold (nisab) of Zakat?,7.5 tola gold (approx.),52.5 tola silver,7.5 tola gold / 52.5 tola silver,None of them,B
2857,What does Sahih mean?,Authentic,TRUE,Right,Exact,A
2858,Where is Masjid al-Aqsa located?,Makkah al-Mukarramah,Madinah al-Munawwarah,Palestine,None of these,C
2859,Abdullah ibn Ubayy was a ______.,Hypocrite,Christian,Jew,Great leader,A
2860,Which companion was the first to be buried in the Jannat al-Baqi' cemetery in Madinah?,Uthman ibn Maz'un (RA),Sa'd ibn Mu'adh (RA),Abd al-Rahman ibn Awf (RA),Abu Salama (RA),A
2861,"What is the name of the well from which the Prophet's ring fell, located near Masjid Quba?",Well of Aris,Well of Ruma,Well of Zamzam,Ha' Ghars,A
2862,Name the place of birth of Hazrat Eesa (A.S.).,Bait-ul-Maqdis,Baitullah,Medina,Bethlehem,D
2863,Which of the following is known as Yawm-ul-Furqan?,Battle of Badr,Battle of the Trench,Both A & B,None of these,A
2864,Who mutilated the body of Hamza (RA) after the Battle of Uhud?,Umm Hakim,Hind bint Utbah,Bint Shaibah,None of them,B
2865,How many times in the Qur'an is the Prophet Muhammad (PBUH) addressed as Yaa Ayyuhan Nabiy?,11,14,20,17,A
2866,"The ""Regency of Algiers"" was a state in North Africa that was nominally a province of the:",French Empire,Spanish Empire,Ottoman Empire,Mamluk Sultanate,C
2867,In which Hijri year was the Battle of the Ditch (Khandaq) fought?,In 6 AH,In 5 AH,In 7 AH,None of these,B
2868,The Holy Prophet (PBUH) delivered his farewell sermon at Arafat on ______.,on 8th Dhul-Hijjah,on 10th Dhul-Hijjah,on 9th Dhul-Hijjah,on 11th Dhul-Hijjah,C
2869,Name the fundamental pillar of Islam which was made Farz in 9 AH.,Salat,Soam,Zakat,Hajj,D
2870,Hazrat Muhammad (Peace Be Upon Him) wrote letters to kings in which year:,5 AH,6 AH,7 AH,8 AH,C
2871,The Battle of Khandaq is also called the Battle of the Ditch and the Battle of:,The Allies (Ahzab),The Confederates,Both are correct,None of these,A
2872,Identify the seventh month of the Islamic calendar:,Rabi-us-Sani,Jamadi-ul-Awwal,Rajab,Shaaban,C
2873,How long did Prophet Muhammad (PBUH) receive the revelation of the Qur'an in Makkah?,15 years,16 years,13 years,12 years,C
2874,"In which category does ""Iblees"" lie?",Angel,Jinn,Human,Animal,B
2875,What is the object of Salat?,To provide benefits to all humanity,To circulate wealth equally among Muslims,To define those acts which are related only to man and Allah,To develop solidarity and unity among Muslims,C
2876,To which clan of the Quraysh did Uthman (RA) belong?,Banu Umayyah,Banu Hashim,Banu Zuhra,None of them,A
2877,Which Caliph standardized the script and text of the Quran and sent official copies to major Islamic centers?,Uthman (RA),Abu Bakr (RA),Umar (RA),Ali (RA),A
2878,Kitab al-Ahwal by Bosworth Smith is a book about:,A. J. Wensinck,Lesley Hazleton,Shanal and Mysticism,Politics and Matter,B
2879,Which relative(s) of the Holy Prophet (PBUH) embraced Islam just before the conquest of Makkah?,Abu Sufyan ibn al-Harith,Abdullah ibn Abi Umayyah,Both of these,None of these,B
2880,He was the first to revolt against Akbar's Deen-e-Ilahi:,Hazrat Mujaddid Alf-Sani,Hazrat Shah Waliullah,Khwaja Baqi Billah,None of these,A
2881,"The famous ""Fatimid"" library in Cairo, which was one of the greatest of its time, was called:",Bayt al-Ilm (House of Knowledge),Khizanat al-Kutub (Treasury of Books),Dar al-Hikmah (House of Wisdom),Dar al-Ilm (House of Knowledge),C
2882,Which wife of the Prophet PBUH was named Ramla (RA)?,Hazrat Umm Habibah (RA),Hazrat Safiyyah (RA),Hazrat Umm Salamah (RA),Hazrat Hafsa (RA),A
2883,"The ""Zahirite"" school of law, founded by Dawud al-Zahiri, is known for its strict adherence to the:",Literal meaning of the texts,Consensus of scholars,Public interest,Analogical reasoning,A
2884,"In Fiqh, a ""wakil"" is a person appointed as a(n):",Guardian,Judge,Agent or representative,Trustee,C
2885,"The Battle of Nahawand, known as the ""Victory of Victories"" for the Muslims, was fought against which empire?",Byzantine,Sasanian (Persian),Roman,Ghassanid,B
2886,In which Hijri year was the siege of Ta'if laid?,In 9 AH,In 8 AH,In 7 AH,In 10 AH,B
2887,When did Hazrat Ume Kalsoom (R.A.) die?,628 AD,630 AD,631 AD,None of these,B
2888,Which Sahabi first suggested the Adhan?,Hazrat Umar (R.A.),Hazrat Abu Bakr (R.A.),Hazrat Usman (R.A.),None of these,A
2889,In how many sheets is a Muslim female coffined/wrapped?,1,2,3,5,D
2890,What is the relationship between Jabal al-Nour and the Cave of Hira?,Jabal al-Nour is inside the Cave of Hira,The Cave of Hira is on Jabal al-Nour,They are two separate mountains,Jabal al-Nour is another name for the cave,B
2891,To which tribe did Hazrat Khalid ibn al-Walid (R.A.) belong?,Banu Umayyah,Banu Asad,Banu Makhzum,Banu Zuhra,C
2892,Hazrat Musa Alaihissalam ki parwarish kis ke ghar hui?,Firaun (Ramses II),Ramses II,Ramses IV,In mein se koi nahi,A
2893,How much Zakat is required from an owner of 5 to 24 camels?,One sheep for every five heads,One camel on every 10 heads,One she-camel on every 10 heads,None of the above,A
2894,Who was buried at night out of fear of attacks from the rebels?,Uthman (RA),Abu Bakr (RA),Ali (RA),Umar (RA),A
2895,Ijma is one of the types of ______.,Ijtihad,Sect,Qiyas,Law,A
2896,Which book was written by Hazrat Ali (RA):,Nahjul Balagha,Kashf al-Mahjub,Kitab al-Athar,Raheeq Al Makhtoom,A
2897,Ghazwa Badr is also named in the Quran as:,Yaum al-Furqan (The Day of Criterion),Yaum al-Ahzab,Yaum al-Fath,None of these,A
2898,What was the kunya (teknonym) of Uthman (RA)?,Abu Amr,Abu Turab,Abu Hurairah,Abu Abdullah,A
2899,Asbab al-Nuzul refers to the science of knowing the:,Grammar of the Quran,The reasons for the revelations,The abrogated verses,The order of the Surahs,B
2900,Mann-o-Salwa was sent down to the followers of which Prophet?,Prophet Isa (Jesus),Prophet Ibrahim (Abraham),Prophet Musa (Moses),None of these,C
2901,Which companion was named Abdul-Ka'bah during the Age of Ignorance (Jahiliyyah)?,Hazrat Abu Bakr Siddiq (RA),Hazrat Umar bin Khattab (RA),Hazrat Uthman bin Affan (RA),Hazrat Ali bin Abi Talib (RA),B
2902,"During the migration from Makkah to Madinah, the Holy Prophet (PBUH) and Hazrat Abu Bakr Siddique (RA) took shelter in the:",Cave of Hira,Dar al-Arqam,Cave of Thawr,Holy Ka'bah,C
2903,What is the literal meaning of Hajar Al-Aswad?,White stone,Green stone,Red stone,Black stone,D
2904,How many Ghazwas (battles in which the Prophet PBUH participated) are there in Islam?,20,12,27,4,C
2905,Traditions (hadith) narrated by only a single individual in each stage of the chain are called:,Unknown,Isolated (Ahad),Well-known (Mashhur),Continuous (Mutawatir),B
2906,Who was said to be the first one to recite the Holy Quran openly in Haram-e-Makkah?,Hazrat Umar (R.A.),Hazrat Zaid bin Thabit (R.A.),Hazrat Abdullah bin Masood (R.A.),Hazrat Usman (R.A.),C
2907,Who among the following belongs to the Ashra Mubashra?,Khalid Bin Waleed,Abdullah bin Umar,Hazrat Talha,Anas bin Malik,C
2908,What happened to Uthman (RA) when he entered Makkah as an envoy before the Treaty of Hudaybiyyah?,He was protected by Aban ibn Talha,He was protected by Abu Sufyan,He was detained by the Quraysh,He immediately returned to the Muslim camp,C
2909,Who is the relative of the Prophet Muhammad (PBUH) whose name is mentioned in the Qur'an?,Abd al-Muttalib,Abu Lahab,Hazrat Hamza,None of these,B
2910,A verse of the Holy Qur'an indicates the name of:,Hazrat Usman,Hazrat Mu'adh,Hazrat Sa'd,Hazrat Zayd,D
2911,"The name of the wife of ""Abu Jahal"" was?",Ume-e-Jamil,Ume-e-Kalsoom,Ume-e-Fazal,None of these,D
2912,The wife of the Prophet (PBUH) who was the daughter of his chief adversary Abu Sufyan was:,Juwayriyyah,Safiyyah,Umm Habibah (Ramla),Maymunah,C
2913,Who was the commander of the infidels in the Battle of Uhud?,Abu Lahab,Abu Sufyan,Abu Jahl,Utba,B
2914,The capital of the Umayyad Caliphate was located in:,Damascus,Baghdad,Kufa,Cairo,A
2915,The shortest Surah in the Holy Qur'an is ______.,Surah An-Nisa,Surah Al-Ahzab,Surah Al-Baqarah,Surah Al-Kawthar,D
2916,To which tribe did Halimah Sa'diyyah belong?,Banu Umayyah,Banu Sa'd,Banu Tamim,Banu Aws,B
2917,"Who suggested the name 'Muhammad' for the Holy Prophet (PBUH), which means 'the most praised'?",Hazrat Aminah (R.A.),Hazrat Abdullah (R.A.),Hazrat Abdul Muttalib,None of these,C
2918,What is the name of the father of Hazrat Umar (R.A)?,Khattab,Farooq,Abu Hafs,None of these,A
2919,Where is the grave of Hazrat Hud (A.S.) located?,Oman,Yemen,Hadhramaut,Palestine,C
2920,"What is the meaning of the name of Allah ""Al-Wali""?",Protecting Friend,Resurrector,The Witness,The Truth,A
2921,Which prominent companion returned from Abyssinia just as the Battle of Khyber was concluding?,Abbas (RA),Ja'far ibn Abi Talib (RA),Bilal (RA),Salman al-Farsi (RA),B
2922,"Who was the first person appointed as ""Amir-ul-Hajj"" (Leader of the Pilgrimage)?",Abu Bakr (RA),Ali (RA),Uthman (RA),Umar (RA),A
2923,"The ""Canon of Medicine"" (Al-Qanun fi'l-Tibb), a highly influential medical encyclopedia, was written by:",Ibn Sina (Avicenna),Al-Razi,Ibn al-Haytham,Al-Zahrawi,A
2924,"In ibadaat, name the first thing that was made obligatory after Prophethood.",Namaz,Roza,Zakat,Hajj,A
2925,The period from 256 to 194 Hijri belongs to whom?,Imam Ahmad bin Hanbal,Imam Shafi'i,Imam Bukhari,None of these,C
2926,Which companion of the Holy Prophet (SAW) is included among the ten scribes of revelation?,Hazrat Usman RA,Hazrat Zaid Ibn Sabit RA,Hazrat Abdullah Bin Masood RA,Hazrat Umar RA,B
2927,How many non-Muslims (Kuffar) were killed in Ghazwa-e-Badr:,50,80,70,None of these,C
2928,Which Prophet's nation was destroyed by a rain of clay stones?,Hazrat Lut (A.S),Hazrat Noah (A.S),Hazrat Yaqoob (A.S),Hazrat Adam (A.S),A
2929,To whom did the Holy Prophet (PBUH) assign the command to lay siege to Banu Qurayza?,Umar (RA),Ali (RA),Uthman (RA),None of these,A
2930,"The word ""Rukha"" in the Quran refers to a:","Soft, gentle wind or breeze",Dream,Aspiring,None of these,A
2931,In which battle did Allah help the Muslims by sending sleep and rain?,Battle of Badr,Battle of Uhud,Battle of Khandaq,None of these,A
2932,The fountain of ______ metal flowed for Hazrat Sulayman (AS) as a miracle.,Copper,Gold,Silver,Iron,A
2933,Which of the following punishments was introduced by Hazrat Umar (R.A) during his caliphate?,Flogging,Exile,Capital Punishment,Cutting off hands,B
2934,Congregational Tarawih prayer was formally established during the reign of:,Abu Bakr (RA),Umar (RA),Uthman (RA),Ali (RA),B
2935,"The ""Al-Hakim Mosque,"" notable for its unique minarets, was built in Cairo under which caliphate?",Ayyubid,Mamluk,Ottoman,Fatimid,D
2936,Surah al-Fatihah is also called:,Umm al-Kitab,Umm al-Qur'an,Asas al-Qur'an,All of these,D
2937,The smallest number of verses in a Surah is ______.,Two,Six,One,Three,D
2938,The Battle of Kosovo in 1389 was a pivotal event in the Ottoman conquest of:,Anatolia,Egypt,Syria,The Balkans,D
2939,When did the Tabuk expedition take place?,In 9 AH,In 8 AH,In 10 AH,In 11 AH,A
2940,The meaning of 'Aalim'e barzakh' is:,After Birth,After Death,Before Birth,None of these,B
2941,What is the meaning of Qur'an?,He read,He collected together,He recited,All of them,D
2942,What is called something that provides benefit?,Sustenance,Charity (spending in the way of Allah),Interest (riba),None of these,B
2943,Jadd al-Anbiya (Grandfather of the Prophets) is a title given to which Prophet?,Prophet Ibrahim (AS),Prophet Adam (AS),Prophet Muhammad (PBUH),Prophet Isma'il (AS),A
2944,The Nisab of Zakat in gold is:,18 Tolas,24 Tolas,7 ½ Tolas,35 Tolas,C
2945,When was Zakat made compulsory?,5 AH,3 AH,2 AH,None of these,C
2946,The overnight stay of pilgrims at Muzdalifah is known as:,Wuquf,Mabeet,Rami,Sa'i,B
2947,Who was the commander of the Muslim army in the Battle of Qadisiyyah?,Hazrat Khalid bin Waleed,Hazrat Saad bin Abi Waqqas,Hazrat Ali,Hazrat Ikrimah,B
2948,"To whom did the Holy Prophet (PBUH) advise, ""Whenever you are in danger, you will not use your sword in your defense""?",Ali (RA),Uthman (RA),Abu Bakr (RA),Umar (RA),B
2949,"The ""Khutbah al-Hajah"" is a sermon recommended by the Sunnah to be recited at the beginning of a:",Meal,Journey,Marriage contract or important speech,Battle,C
2950,Youm-ul-Furqan kis ghazwa ko kehtay hain?,Ghazwa Badr,Ghazwa Ahzab,Ghazwa Uhud,In mein se koi nahi,A
2951,"In the Islamic political system, the concept of sovereignty belongs to:",Parliament,Majlis-e-Shoora,The Khalifa,None of these,D
2952,How many days were spent digging the trench for the Battle of Khandaq?,15,20,6,5,C
2953,The Christian pilgrims from which city were allowed by the Prophet (PBUH) to stay and pray in the Masjid an-Nabawi?,Riyadh,Ta'if,Najran,None of these,C
2954,Who established Arabic as the official language of the Muslim world?,Abdul Malik ibn Marwan,Sayyiduna Umar ibn Abdul Aziz,Sayyiduna Abu Bakr (Radi-Allahu anhu),Sayyiduna Umar ibn Khattab (Radi-Allahu anhu),A
2955,How many fundamental pillars (Arkan-e-Islam) of Islam are there?,Three,Five,Two,Four,B
2956,The Holy Book revealed to Hazrat Dawud (AS) is the ______.,Injeel,Tawrat,Zabur,None of these,C
2957,"The ""Diwan,"" an office for managing state revenue and military stipends, was formally established by:",Caliph Uthman (RA),Caliph Abu Bakr (RA),Caliph Umar ibn al-Khattab (RA),Caliph Ali (RA),C
2958,"The ""Baridis"" were officials in the Abbasid Caliphate responsible for the:",Judiciary,Treasury,Postal and intelligence service,Provincial governance,C
2959,Which holy book is referred to as the Old Testament by Christians?,Zabur (Psalms),Tawrat (Torah),Injeel (Gospel),Quran,B
2960,In which Hijri did Hazrat Muhammad (SAW) perform Hajj?,in 1st Hijri,in 9th Hijri,in 10th Hijri,in 8th Hijri,C
2961,"In the Qur'an, Hazrat Jibrael (A.S.) is also referred to as:",Ar-Ruh,Ruh-al-Qudus,Ruh-al-Ameen,All of these,D
2962,Which Companion was among the Ashrah Mubasharah (ten promised Paradise)?,Salman al-Farsi (RA),Sa'd bin Abi Waqqas (RA),Hamzah (RA),None of these,B
2963,What is the meaning of Zakat?,To grow,To justify,To purify,All of the above,C
2964,Who was the first host of the Holy Prophet (PBUH) in Madinah?,Hazrat Abu Ayyub al-Ansari (R.A.),Hazrat Abu Dujana (R.A.),Hazrat Abu Sufyan (R.A.),Hazrat Khalid ibn al-Walid (R.A.),A
2965,How many obligatory (Fard) acts of Hajj are there?,One,Three,Seven,Four,B
2966,During which Caliph's reign did the Battle of the Camel take place?,Ali (RA),Umar (RA),Uthman (RA),Abu Bakr (RA),A
2967,"Which companion did the Prophet (PBUH) send to destroy the idol ""al-Uzza"" after the conquest of Makkah?",Amr ibn al-As (RA),Ali ibn Abi Talib (RA),Khalid ibn al-Walid (RA),Sa'd ibn Zayd (RA),C
2968,"The ""Barbary Pirates"" who operated from North Africa were part of which Islamic empire's sphere of influence?",Almohad Caliphate,Mamluk Sultanate,Ottoman Empire,Marinid Sultanate,C
2969,Which bird informed Hazrat Sulayman (A.S.) about the glorious kingdom of Yemen?,Sparrow,Pigeon,Parrot,Hoopoe,D
2970,"The ""Iddah"" period for a widowed woman is:",Three months,Three menstrual cycles,Four months and ten days,"Until she gives birth, if pregnant",C
2971,Room ka kuan kis sahabi ne kharid kar waqf kiya?,Hazrat Abu Bakr Siddiq,Hazrat Umar,Hazrat Usman,Hazrat Ali,C
2972,Who from the Banu Nadir embraced Islam during the siege?,Yamin ibn Umayr,Abu Sa'd ibn Wahb,Both of these,None of these,B
2973,When was Siyam (fasting) of Ramadan ordered?,2 AH,3 AH,5 AH,None of these,A
2974,Who was the leader of the Quraysh army at the Battle of Uhud?,Ikrimah ibn Abi Jahl,Abu Jahl,Abu Sufyan,Khalid ibn al-Walid,C
2975,"The famous scholar and traveler who wrote the ""Rihla"" covering his extensive journeys across the Islamic world was:",Al-Masudi,Ibn Khaldun,Ibn Battuta,Yaqut al-Hamawi,C
2976,Ushr is levied on?,Agriculture,Land,Property,All of these,A
2977,To which clan of Quraish did Hazrat Aminah (R.A.) belong?,Banu Asad,Banu Saad,Banu Umayyah,Banu Zuhrah,D
2978,Who is called Khalifa-e-Salih?,Hazrat Abu Bakr (R.A.),Hazrat Usman (R.A.),Hazrat Umar (R.A.),Hazrat Umar ibn Abd al-Aziz (R.A.),D
2979,Name the Prophet who invented soap.,Hazrat Salih (AS),Hazrat Nuh (AS),Hazrat Zakariya (AS),None of these,A
2980,Salat al-Jumu'ah became obligatory before the Hijrah. Who was the Imam of the first Salat al-Jumu'ah?,The Holy Prophet (PBUH),Hazrat Abu Bakr (R.A.),Hazrat Zubair (R.A.),Hazrat Mus'ab ibn Umayr (R.A.),D
2981,Which of the following statements is Right regarding the Ghazwa of Khandaq?,"The Prophet (PBUH) called Salman al-Farsi ""one of the people of the house"" (Ahl al- Bayt)","The Prophet (PBUH) called Zubayr ibn al-Awwam his ""disciple"" (Hawari)",Both of these,None of these,D
2982,Who led the Muslim conquest of Spain during the Umayyad era?,Mahmud Ghaznavi,Tariq ibn Ziyad,Musa ibn Nusayr,None of these,B
2983,How many Umrahs did the Holy Prophet (PBUH) perform in his life?,One,Two,Four,None of these,C
2984,How many prayers were led by Hazrat Abu Bakr during the life of the Holy Prophet?,10,17,19,20,B
2985,Istanbul is the new name of:,Rome,Constantinople,Iraq,Athens,B
2986,"The garden of ""Fadak"" was bestowed upon the Holy Prophet (PBUH) as:",Fay (land acquired without fighting),Booty,Gift,Loan,A
2987,Name the member of Ashab al-Suffa who narrated the most Ahadith.,Abdullah ibn Mas'ud (RA),Abu Hurayrah (RA),Abdullah ibn Umar (RA),Abdullah ibn Abbas (RA),B
2988,In which Hijri year were the battles of Dumat al-Jandal and the Ditch (Ahzab) fought?,In 3 AH,In 5 AH,In 4 AH,In 6 AH,B
2989,The nation of Thamud was associated with which prophet?,Prophet Salih (AS),Prophet Nuh (AS),Prophet Lut (AS),None of these,A
2990,During which caliphate was the punishment for drinking alcohol (lashes) prescribed?,During the caliphate of Siddiq (Abu Bakr),During the caliphate of Farooq (Umar),During the caliphate of Uthman,During the caliphate of Marwan,B
2991,The first Caliph of the Abbasid dynasty was:,Abu al-Abbas al-Saffah,Al-Mansur,Al-Mahdi,Harun al-Rashid,A
2992,"What is the rate of Zakat on silver, gold, and currency?",2 percent,1 and 1 by 2 percent,2 and 1 by 2 percent,2.25 percent,C
2993,"From where is the word ""Zakat"" derived?",Zakariya,Tazkiya,Zaka,None of them,B
2994,The Prophet's stamp comprises these words:,"Allah, Rasool, Muhammad","Muhammad, Rasool, Allah","Rasool, Muhammad, Allah","Rasool, Allah, Muhammad",B
2995,The Charter of Madinah was concluded in,1 Hijrah,2 Hijrah,6 Hijrah,7 Hijrah,A
2996,The city of Fustat (Old Cairo) in Egypt was founded by:,Sa'd ibn Abi Waqqas (RA),Amr ibn al-As (RA),Khalid ibn al-Walid (RA),Muawiya ibn Abi Sufyan (RA),B
2997,When were the five Salats declared compulsory?,in 10th Nabawi,in 11th Nabawi,in 12th Nabawi,in 13th Nabawi,A
2998,The Earth and the Heavens were created by Allah in:,Five days,Six days,Seven days,Eight days,B
2999,"After the Battle of the Ditch, the Banu Qurayza tribe agreed to abide by the decision of:",Sa'd ibn Abi Waqqas (RA),Sa'd ibn Mu'adh (RA),Suhayl ibn Amr,None of these,B
3000,The time period of Hisham ibn Abd al-Malik was:,15 years,19 years,22 years,None of these,B
3001,Namaz-e-Istasqa is offered for:,Better crops,Rain,Peace,End of war,B
3002,The teeth of the Holy Prophet (SAW) were martyred in the Battle of:,Badr,Hunayn,Uhud,Khandaq,C
3003,Where was Hazrat Isa (A.S.) born?,Cairo,Jenin,Bethlehem,Saudi Arabia,C
3004,Sa'd ibn Mu'adh (R.A.) was the first person who was:,Appointed as head of the Bait al-Mal,Appointed as governor,Appointed as Hakam,None of these,C
3005,In which battle was Zaid martyred?,Battle of Tabuk,Battle of Mu'tah,Battle of Hunayn,None of these,B
3006,How many obligatory (Fard) types of Tawaf are there in Hajj?,Three,Two,One (Tawaf al-Ifadah),"None, all are Sunnah",C
3007,Hazrat Haleema ka talluq kis qabeela se tha?,Banu Asad,Banu Quraysh,Banu Hawazin,In mein se koi nahi,C
3008,The compilation of the Quran into a single book (Mus'haf) was completed during the caliphate of:,The Prophet (PBUH),Uthman (RA),Abu Bakr (RA),Ali (RA),B
3009,How many Ghazwat are mentioned in the Holy Qur'an?,14,11,16,12,D
3010,Which companion died from the effects of poisoned meat given after the conquest of Khyber?,Bishr ibn Utbah,Bishr ibn al-Bara',Harith ibn Hisham,Bishr ibn al-Bara',D
3011,"A religious duty that is obligatory upon the Muslim community as a whole, but is fulfilled if a sufficient number perform it, is called:",Fard al-Kifayah,Fard al-Ayn,Sunnah Mu'akkadah,Wajib,A
3012,Safiullah is the title of:,Hazrat Idrees (A.S.),Hazrat Noah (A.S.),Hazrat Adam (A.S.),Hazrat Moosa (A.S.),C
3013,"The first of the five major legal maxims in Islamic jurisprudence, ""Al-Umoor bi Maqasidiha,"" means:",Certainty is not removed by doubt,Hardship begets facility,Acts are judged by their intentions,Harm must be eliminated,C
3014,What was the name of Hazrat Halimah's (R.A) tribe?,Banu Hashim,Banu Taim,Banu Saad,None of these,C
3015,Who was said to be the first one to recite the Qur'an openly in Makkah?,Hazrat Umar (RA),Hazrat Zayd ibn Thabit (RA),Hazrat Abdullah ibn Mas'ud (RA),Hazrat Uthman (RA),C
3017,"What is the real name of the Holy Prophet's (PBUH) uncle, Hazrat Abu Talib:",Abd-e-Manaf,Abdullah,Abd-e-Kaab,None of these,A
3018,What was the original name of Abu Jahl?,Amr ibn Hakam,Amr ibn Hisham,Salam ibn Hakam,None of these,B
3019,How many witnesses are needed for financial transactions in Islam?,Two men,Three men,Two men and two women,None of these,A
3020,When was a treaty made between Ali (RA) and Muawiya (RA)?,In 38 AH,In 40 AH,In 41 AH,In 44 AH,B
3021,The Mughal emperor who commissioned the construction of the Badshahi Mosque in Lahore was:,Aurangzeb,Shah Jahan,Akbar,Jahangir,A
3022,Battle of Trench was fought in which Hijri:,2 A.H,6 A.H,5 A.H,7 A.H,C
3023,How many types of Hajj are there (in terms of intention)?,Two,Three,Four,Five,B
3024,"The famous ""Blue Mosque"" is located in which city?",Istanbul,Cairo,Isfahan,Samarqand,A
3025,Name the first person who laid down his life in the way of Allah.,Hazrat Harith ibn Abdullah (R.A.),Hazrat Harith ibn Khaleeq (R.A.),Hazrat Harith ibn Hala (R.A.),Hazrat Harith ibn Abd-ur-Rahman (R.A.),C
3026,How many mosques are named in the Holy Qur'an?,2,3,4,5,D
3027,"The concept of ""Fana"" in Sufism refers to the:",Spiritual state of contemplation,Perpetual remembrance of God,Annihilation of the self in God,A rank of sainthood,C
3028,Who built a dam to protect Madinah from floods?,Abd al-Rahman ibn Awf (RA),Uthman (RA),Ali (RA),Umar (RA),B
3029,How many Madani Surahs are in the Qur'an?,22,32,28,34,C
3030,How many Surahs are titled with the names of prophets?,4,5,6,None of these,C
3031,Who was the last prophet of Bani Israel?,Prophet Isa (A.S),Prophet Musa (A.S),Hazrat Khidr (A.S),Prophet Yaqub (A.S),A
3032,"After their surrender, the men of Banu Qurayza were placed under the custody of which companion?",Sa'd ibn Mu'adh,Muhammad ibn Maslamah,Ali ibn Abi Talib,Zubayr ibn al-Awwam,B
3033,Which Ghazwa is mentioned in Surah Al-Imran?,Khyber,Khandaq,Uhad,Badr,C
3034,To which tribe did Halimah Sa'diyah (R.A.) belong?,Bani Hawazin,Bani Asad,Bani Tameem,Bani Hashim,A
3035,What was the name of Imam Bukhari (R.A.)?,Muhammad bin Ismaeel,Muhammad Ismaeel,Muhammad Ibraheem,Ismaeel bin Ibraheem,A
3036,A battle in which the Holy Prophet (PBUH) participated is known as:,Sa'i,Sariyya,Ghazwa,None of these,C
3037,Whose birth year is 150 AH when Imam Abu Hanifa RA died?,Imam Malik RA,Imam Shafi RA,Imam Hanbal RA,None of these,B
3038,How many infidels fought against the Muslims in the Battle of Badr?,1000,10000,500,600,A
3039,"As a result of Hazrat Zakariya's (AS) prayer, the following prophet was born:",Hazrat Isa (AS),Hazrat Yahya (AS),Hazrat Imran (AS),Hazrat Uzair (AS),B
3040,"What does ""Taraweeh"" mean?",To stand,To sit,To rest,To pray,C
3041,Yaum al-Nahr (The Day of Sacrifice) is on which date?,7th Dhul-Hijjah,9th Dhul-Hijjah,10th Dhul-Hijjah,None of these,C
3042,Who was the first female market administrator appointed by Umar (RA)?,Hafsa bint Harun,Al-Shifa' bint Abdullah,Rabia bint Abdullah,None of these,B
3043,"Which Surah is known as the ""Chapter of Divorce""?",Al-Baqarah,Al-Nisa,Al-Talaq,Al-Ma'idah,C
3044,How many Manzils are there in the Qur'an?,7,8,4,9,A
3045,For how many years did Hazrat Muhammad (S.A.W.) (Khatam-un-Nabiyyin) remain under the care of his grandfather?,2 years,3 years,4 years,6 years,A
3046,Who was the first one to embrace Islam in the land of Yemen?,Hazrat Zubayr ibn Kalib (RA),Hazrat Awais Qarni (RA),Hazrat Abu Musa al-Ash'ari (RA),None of them,A
3047,In which Hijri year did the Conquest of Makkah and the Battle of Hunayn occur?,In 8 AH,In 9 AH,In 10 AH,In 6 AH,A
3048,"Which prophet is known as ""Shaikh-al-Anbiya""?",Hazrat Adam (A.S.),Hazrat Ibrahim (A.S.),Hazrat Noah (A.S.),Hazrat Dawood (A.S.),C
3049,Who introduced pause marks in the Holy Quran?,Umar bin Abdul Aziz,Hajjaj bin Yusuf,Imam Jafar Sadiq,None of these,B
3050,The produce of which land is exempted from Zakat:,1/2 acre,1/4 acre,2 acres,None of the above,B
3051,The police force was first set up to maintain law and order in the Islamic state during the Caliphate of,Hazrat Abu Bakr (R.A.),Hazrat Umar (R.A.),Hazrat Usman (R.A.),Hazrat Ali (R.A.),B
3052,When was the Battle of Siffin fought?,In 657 AD,In 567 AD,In 756 AD,In 576 AD,A
3053,In which Surah of the Holy Quran has Hajj been commanded?,Surah Fatihah,Surah Baqarah,Surah Rahman,Surah Fath,B
3054,To whom was the Injeel revealed?,Hazrat Musa (AS),Hazrat Muhammad (SAW),Hazrat Isa (AS),Hazrat Dawood (AS),C
3055,"Name the first martyred woman of Islam, mother of Ammar, who was martyred by the attack of Abu Jahl.",Labeebah,Huba,Sumayyah,None of these,C
3056,Muhammad (PBUH) was born on Monday. Name the street of Makkah where Muhammad (PBUH) was born.,Sooq al-Feel,Sooq Al-Quraish,Sooq Al-Layl,Sooq Al-Tibri,C
3057,Who purchased the well of Ruma and declared it as a Trust?,Hazrat Abu Bakr (RA),Hazrat Usman (RA),Hazrat Ali (RA),None of these,B
3058,What is the real name of Imam ibn Taymiyyah?,Tahfiz-ud-Din,Tamim-ud-Din,Taqi-ud-Din,None of these,C
3059,Where is the Jannat al-Mu'alla graveyard located?,Madina,Makkah,Kufa,Basra,B
3060,What is Hazrat Adam's title?,Abu al-Bashar,Abu al-Nabi,Abu al-Adam,Abu al-Anbiya,A
3061,"What is the meaning of the name of Muhammad (PBUH), ""Rasool""?",The Messenger,The Leader,The Illuminating,None of these,A
3062,What is the meaning of Fiqh?,Obeying,Following,Understanding,Manipulation,C
3063,Who was the first person of Madinah to embrace Islam?,Hazrat Nafees (RA),Hazrat Suwayd ibn as-Samit (RA),Hazrat Abu Ayyub (RA),Hazrat Abdullah (RA),B
3064,The Hanbali school of law is named after its founder:,Malik ibn Anas,Abu Hanifa,Ahmad ibn Hanbal,Muhammad ibn Idris al-Shafi'i,C
3065,Which Prophet first laid the foundation of Masjid-e-Aqsa?,Hazrat Ibrahim (A.S),Hazrat Dawood (A.S),Hazrat Younas (A.S),Hazrat Sulaiman (A.S),A
3066,Who founded the school of Dars-e-Nizami in the Indo-Pak subcontinent?,Mulla Umar,Mulla Nizam-ud-Din,Farid-ud-din Attar,None of these,B
3067,The heads of Zakat are:,Seven,Eight,Nine,Ten,B
3068,Surah Bara'at (The Declaration of Dissociation) is another name for which Surah?,Surah Ibrahim,Surah al-Tawbah,Surah Yaseen,None of these,B
3069,"In which battle was Khalid ibn al-Walid (RA) awarded the title ""Saif-ullah"" (The Sword of Allah) by the Prophet (PBUH)?",Hunayn,Tabuk,Mu'tah,Khyber,C
3070,Who belonged to Banu Zuhra?,Hazrat Khadijah (R.A.),Al-Zubayr ibn al-Awwam,Both of them,None of these,A
3071,Name the first slave who embraced Islam.,Zayd ibn Harithah (RA),Bilal ibn Rabah (RA),Mus'ab ibn Umayr (RA),None of these,B
3072,Abu Jahl was killed in the Battle of:,Bdr,Hunayn,Uhud,Khandaq,A
3073,What caused the Battle of Mu'tah?,The murder of an Islamic ambassador,Killing of a Muslim woman,Killing of Muslim traders,Killing of a Muslim governor,A
3074,What was the first mosque constructed by the Holy Prophet (PBUH) after his migration to Madinah?,The Quba Mosque,The Nimrah Mosque,The Nabawi Mosque,The Zarar Mosque,A
3075,Bayt al-Hikmah was a:,Translation bureau,Observatory,Medical university,None of these,A
3076,What number of Caliph was Umar ibn al-Khattab (RA)?,First Caliph,Second Caliph,Third Caliph,Fourth Caliph,B
3077,"The ""Isma'ili"" branch of Shia Islam believes in a continuous line of Imams descended from Isma'il ibn Ja'far, who was the eldest son of:",Ali ibn Abi Talib (RA),Hasan ibn Ali (RA),Husayn ibn Ali (RA),Imam Ja'far al-Sadiq,D
3078,Tawaf al-Ifadah is what component of Hajj?,Nafl (Optional),Wajib (Required),Fard (Obligatory),Sunnah,C
3079,Which is the smallest Jamarat (pillar to be stoned)?,Jamarat al-Wusta,Jamarat al-Sughra,Jamarat al-Awwal,Jamarat al-Aqaba,B
3080,'Name the slave of Hazrat Khadija (R.A.) who accompanied the Holy Prophet (SAW) on a Syria business tour:,Utba,'Mus'ab,Maysarah,None of these,C
3081,To which tribe did Imam Shafi'i belong?,Banu Quraysh,Banu Adi,Banu Umayyah,None of these,A
3082,What is the literal meaning of Qiyas?,Thinking,Searching,Judging,Independent decision,C
3083,"Name the first ghazwa, which is also called Ghazwa al-Abwa.",Badr,Waddan,Al-Asad,Banu Nadir,B
3084,Name the person condemned by name in the Holy Quran by the Holy Prophet (PBUH).,Abu Jahl,Abu Lahab,Ubayy ibn Khalaf,None of these,B
3085,What is Tahleel?,Recitation of the 4th Kalima,Recitation of the 3rd Kalima,Recitation of the 5th Kalima,Recitation of the 1st Kalima,D
3086,The legal concept allowing a jurist to choose the more lenient ruling among valid opinions is known as:,Rukhsah,Talfiq,Takhayyur,Istihsan,D
3087,"In Islamic eschatology, the ""Dajjal"" is the figure of the:",The return of Jesus,The Mahdi,Antichrist or Wrong messiah,The beast of the earth,C
3088,The Islamic calendar was standardized to begin with the month of Muharram during the caliphate of:,Uthman (RA),Abu Bakr (RA),Umar ibn al-Khattab (RA),Ali (RA),C
3089,Umar (RA) divided the Islamic Empire into how many major provinces for administrative purposes?,5,12,8,4,C
3090,How many Umrahs were performed by the Holy Prophet (PBUH)?,4,5,6,7,A
3091,"In Sufi terminology, a miracle performed by a saint (`wali`) as a sign of divine favor is called a:",Mu'jizah,Barakah,Irhas,Karamah,D
3092,Whom did the Prophet (SAW) marry in the 4th Hijri year?,Zaynab,Maria,Maymunah,None of these,D
3093,What was the title of Hazrat Ayesha (RA)?,Tahira,Siddiqa,Umm-ul-Masakeen,All of them,B
3094,From where is the Sa'i (walking between the two hills) commenced?,From Safa,From al-Multazam,From the Haram,From Marwa,A
3095,In how much time was the Holy Qur'an revealed?,22 years 5 months and 14 days,23 years 5 months and 12 days,22 years 3 months and 22 days,21 years 5 months and 12 days,A
3096,How many years did Prophet Muhammad (SAW) spend in Makkah after Prophethood?,13,10,5,None of these,A
3097,Abraha al-Ashram was the:,King of Syria,King of Oman,King of Iraq,King of Yemen,D
3098,Name the foster mother(s) of Muhammad (PBUH).,Hazrat Halimah (R.A.),Hazrat Thawbah,Hazrat Khawlah (R.A.),All of these,D
3099,Hazrat Muhammad PBUH ki seerat par pehli kitaab kaun si hai?,Seerat-e-Muhammadi,Seerat-e-Rasool Arabi,Seerat-e-Nabi,In mein se koi nahi,C
3100,Who killed Abd al-Rahman ibn Muljam (the assassin of Ali RA)?,Hussain (RA),Hassan (RA),Abu Musa (RA),Aqeel (RA),B
3101,The Hijri calendar was started during the reign of:,Hazrat Abu Bakr (RA),Hazrat Umar (RA),Hazrat Uthman (RA),Hazrat Ali (RA),B
3102,The first Nimaz-e-Janazah performed by the Holy Prophet (PBUH) was that of which Sahabi?,As'ad ibn Zurarah,Sumayyah bint Khabbat,Yasir ibn Amir,Al-Harith ibn Abi Hala,A
3103,The number of Madni Surah in Holy Quran is:,28,86,82,68,A
3104,Kaleemullah is the title of:,Hazrat Adam (AS),Hazrat Musa (AS),Hazrat Isa (AS),None of these,B
3105,Name the first authority for the compilation of Ahadith.,Imam Malik,Imam Bukhari,Imam Ahmad,Imam Abu Hanifa,A
3106,"The theological school of ""Qadariyyah"" held the belief in:",The createdness of the Quran,Absolute predestination,Complete human free will (Qadr),Postponement of judgment,C
3107,What was the relationship between Prophet Musa (AS) and Prophet Shu'ayb (AS)?,Friend,Father-in-law and Son-in-law,Brothers-in-law,None of these,B
3108,"In Islam, there is a close relation between:",Politics and Matter,World and Politics,Shariat and mysticism,Politics and Shariat,D
3109,The second source of Islamic law is,Quran,Ijma,Hadith,All of these,C
3110,How many articles are in Iman?,6,10,11,12,A
3111,Who was the first scribe of Wahi among the Prophet's companions?,Abu Bakr Siddiq (RA),Zayd ibn Thabit (RA),Ubayy ibn Ka'b (RA),Abdullah ibn Sa'd (RA),B
3112,Which Prophet is mentioned in the Quran the most times?,Hazrat Isa (AS),Hazrat Ibrahim (AS),Hazrat Musa (AS),Hazrat Lut (AS),C
3113,Name the first person who accepted the incident of Mi'raj as true.,Umm Hani (R.A.),Hazrat Khadijah (R.A.),Hazrat Aishah (R.A.),Hazrat Abu Bakr (R.A.),D
3114,How many times is Salat mentioned in the Holy Quran?,690,700,730,None of these,D
3115,Which companion was given the task of learning the Hebrew/Syriac language?,Zayd ibn Thabit (RA),Abdullah ibn Amr (RA),Anas ibn Malik (RA),Salman al-Farsi (RA),A
3116,The Prophet Muhammad's (PBUH) lineage can be traced back to Prophet Ibrahim (AS) through his son:,Prophet Ishaq (AS),Prophet Lut (AS),Prophet Ya'qub (AS),Prophet Isma'il (AS),D
3117,Name the valley near Medina where the Holy Prophet (PBUH) reached after an 8-day journey.,Kufa,Quba,Basra,Yathrib,B
3118,Who delivered the final blow to Abu Jahl after he was mortally wounded at Badr?,Abdullah ibn Mas'ud (RA),Umar (RA),Ali (RA),Abu Bakr (RA),A
3119,"The ""Shaduf"" and ""Saqiyah"" were innovations related to:",Calligraphy and paper-making,Astrolabes and navigation,Irrigation and water-raising techniques,Surgical instruments,C
3120,Imam Ghazali (RA) passed away in which Hijri year?,500 Hijri,503 Hijri,505 Hijri,510 Hijri,C
3121,"Which Caliph was nicknamed ""al-Farooq"" (The one who distinguishes between right and wrong)?",Uthman (RA),Abu Bakr (RA),Umar ibn al-Khattab (RA),Ali (RA),C
3122,How many Para (parts) are there in the Qur'an?,40,15,30,33,C
3123,"The Quranic word ""Tadleel"" means:",To lead astray,To go properly,To go on the right path,None of these,A
3124,To whom did the Holy Prophet (SAW) go after the revelation of the first Wahy?,Hazrat Khadija (RA),Warqa bin Nofal,Hazrat Abu Bakr (RA),Hazrat Ali bin Abu Talib (RA),A
3125,"The ""Khedive"" was a title used by the rulers of which country from 1867 to 1914?",Morocco,Tunisia,Egypt,Libya,C
3126,How many Masarif of Zakat are mentioned in the Holy Quran?,6,7,8,9,C
3127,The type of Shirkatul-milk is:,Shirkatul Aqd,Shirkatul Risala,Shirkatul Eco,None of these,D
3128,A category of Hadith compilation where traditions are grouped into chapters according to their subject matter is known as:,Musnad,Musannaf,Jami',Sunan,B
3129,Which Surah is called the heart of the Holy Quran?,Surah Rehman,Surah Yasin,Surah Naml,Surah Baqarah,B
3130,Which of the noble wives (Ummahat-ul-Momineen) passed away in 63 Hijri?,Hazrat Juwayriya,Hazrat Umm Habibah,Hazrat Umm Salamah,Hazrat Hafsa,C
3131,Hazrat Umar (R.A.) belonged to which family of the Quraysh?,Aad,Aws,Khazraj,Adi,D
3132,With which prophet is the miracle of the dromedary associated?,Hazrat Nuh (A.S.),Hazrat Shees (A.S.),Hazrat Ayyub (A.S.),Hazrat Salih (A.S.),D
3133,Which Prophet is known as Zun-Nun?,Hazrat Younas (A.S),Hazrat Shoaib (A.S),Hazrat Zul-Kifl (A.S),None of these,A
3134,Who was the first male convert to Islam?,Abu Bakr (R.A.),Hazrat Ali (R.A.),Hazrat Usman (R.A.),None of these,A
3135,A Hadith whose text (`matn`) contradicts the Quran or established facts is considered:,Hasan (Good),Sahih (Authentic),Shadhdh or Munkar (Anomalous or Denounced),Da'if (Weak),C
3136,What is the literal meaning of Ijma?,Cooperate with one another,Meeting occasionally,Making new decisions,Uniting in opinion,D
3137,Name the Umm-ul-Momineen who narrated maximum ahadith?,Hazrat Ayesha Siddiqa RA,Hazrat Zainab RA,Hazrat Hafsa RA,None of these,A
3138,The Charter of Medina was made in:,The 1st Year of Hijrah,The 2nd Year of Hijrah,The 3rd Year of Hijrah,The 4th Year of Hijrah,A
3139,"What is the literal meaning of ""Dhikr"" (remembrance)?","Chanting ""Allah, Allah"" (remembrance of Allah)",Remembering Allah abundantly,To remember,None of these,C
3140,Who was the leader of the infidels in the Battle of Uhud?,Abu Jahl,Abu Sufyan,Abu Lahab,None of these,B
3141,"Which Umayyad Caliph is known for his piety and is often called the ""Fifth Rightly Guided Caliph""?",Umar ibn Abd al-Aziz,Yazid I,Abd al-Malik ibn Marwan,Hisham ibn Abd al-Malik,A
3142,Which prophet is called Shaykh al-Anbiya?,Hazrat Nuh (A.S.),Hazrat Idris (A.S.),Hazrat Shees (A.S.),Hazrat Ibrahim (A.S.),A
3143,"According to some scholars like Shah Waliullah, the number of abrogated (mansukh) Quranic verses is:",Over 100,None,5,20,C
3144,Who was the commander of infidels in the battle of Ditch (Khandaq)?,Abu Sufyan,Abu Jahl,Abu Lahb,Utba,A
3145,"What is the meaning of the name of Muhammad (PBUH), ""Mujtaba""?",The Constant,The Helper,The Selected,The Reason,C
3146,How many gods do Sikhs believe in?,One,Two,Three,None of these,A
3147,Which Sahabi suggested digging a trench in battle?,Salman Farsi,Abu Dharr al-Ghifari,Zayd ibn Harithah,Ibn Abi'l-Arqam,A
3148,"The ""Tafsir al-Kashshaf"" is a famous commentary on the Quran from which theological perspective?",Mu'tazili,Ash'ari,Sufi,Athari,A
3149,"During the migration from Makkah to Madinah, the Holy Prophet (PBUH) and Hazrat Abu Bakr Siddiq (R.A.) took shelter in the:",Cave of Hira,Dar al-Arqam,Cave of Thawr,Holy Kaaba,C
3150,Who was called 'the kidnapper of the scholars'?,Harun-ur-Rashid,Mahmud Ghaznavi,Abu Jafar Mansur,Alamgir,B
3151,Name the person who got the status of a Sahabi without having seen the Holy Prophet (SAW).,Hazrat Awais Qarni (RA),Hazrat Zayd ibn Harithah (RA),Hazrat Abu Hanifa (RA),None of these,A
3152,Voluntary donations are called:,Booty,Bounties,Atiyyat,None of the above,C
3153,The oasis of Khyber is located approximately 150 km:,Near Syria,North of Madinah,East of Makkah,South of Jerusalem,B
3154,When was Zakat made compulsory?,in 5 AH,in 3 AH,in 4 AH,in 2 AH,D
3155,Hazrat Usman (R.A.) ruled for,"4 years, 3 months","10 years, 5 months",12 years,None of these,C
3156,"How many ahadith are there in the Musnad of Ahmad ibn Hanbal, of which 10,000 have occurred more than once?",40000,50000,60000,70000,A
3157,Who wrote the Treaty of Hudaybiyyah?,Uthman (RA),Ali (RA),Bilal (RA),Umar (RA),B
3158,Name the Sahabiyah who was the first one to be martyred in the history of Islam.,Hazrat Safiyyah (RA),Hazrat Umm Kulthum (RA),Hazrat Sumayyah (RA),Hazrat Juwayriyah (RA),C
3159,Laws about marriage are given in which surah?,As-Sajdah,Ahzab,An-Nisa,Al-Noor,C
3160,Surah al-Waqi'ah is also called:,Surah al-Ghani,Thuluth al-Qur'an,Qalb al-Qur'an,Surah Afzal,A
3161,Which wife of the Holy Prophet (SAW) was a great scholar?,Hazrat Hafsa,Hazrat Ayesha,Hazrat Khadijah,None of these,B
3162,"What is the meaning of the name of Muhammad (PBUH), ""Mustafa""?",The Chosen,The True Friend,The Guided,None of these,A
3163,Ramazan is the ________ month of the Islamic calendar.,9th,11th,10th,12th,A
3164,Which is the first collection of ahadith?,Al-Istibsar,Al-Kafi,Sahifah al-Sadiqah,None,C
3165,"After the Battle of Yarmuk, which was won by the Muslims, Khalid ibn al-Walid was removed by Caliph Umar (RA) from his supreme command. The new Supreme Commander was:",Amr ibn al-As (RA),Abu Ubaidah (RA),Sa'd ibn Abi Waqqas (RA),Hazrat Bilal (RA),B
3166,Name the person who was the first to translate the Holy Quran into Persian.,Shah Rafi-ud-Din,Shah Waliullah,Khalid ibn al-Walid,Mujaddid Alf-Sani,B
3167,"The ""Battle of Siffin"" ended with a controversial:",Decisive victory for Muawiya (RA),Decisive victory for Ali (RA),Arbitration (Tahkim),Treaty of surrender,C
3168,Tawaf al-Sadr (The Farewell Tawaf) is also called:,Tawaf al-Pukh,Tawaf al-Wada',Tawaf al-Qudum,Tawaf al-Ifadah,B
3169,Who was the first ambassador sent by the Prophet Muhammad (PBUH)?,Ja'far ibn Abi Talib (RA),Mus'ab ibn Umayr (RA),Abdullah ibn Hudhafah (RA),Zayd ibn Harithah (RA),B
3170,Who was the first person in Madinah to act as a scribe of Wahi (revelation)?,Abu Salama (RA),Abdullah ibn Umar (RA),Ubayy ibn Ka'b (RA),Zayd ibn Thabit (RA),D
3171,"Which angel is known as ""Malak al-Mawt"" (The Angel of Death)?",Izra'il (AS),Jibra'il (AS),Israfil (AS),None of them,A
3172,The name of Zakat is most often repeated with:,Sawm,Salat,Hajj,None of the above,B
3173,The Kaffarah for breaking a fast (Roza) is to keep _____ fasts for continuous days.,60,70,50,40,A
3174,"What, according to the Qur'an, is the root cause of evil?",Alcohol,Bribe,Theft,Adultery,A
3175,Who gave the news of the birth of Muhammad (PBUH) to Hazrat Abdul Muttalib?,Umm Habibah,Umm Ayman,Umm Jamil,Umm Tariq,B
3176,Which of the following according to the Holy Quran is an unpardonable sin?,Lie,Jealousy,Shirk,Theft,C
3177,"The ""Hanafi"" school of law is the official school of jurisprudence for which modern state?",Iran,Saudi Arabia,Pakistan and Turkey,Morocco,C
3178,The social and economic boycott of Banu Hashim by the Quraysh lasted for how many years?,Three years,One year,Two years,Four years,A
3179,"During Hajj, the gathering at Arafat occurred on what date?",8 Zil Haj,9 Zil Haj,10 Zil Haj,None of these,B
3180,The companion who suggested the excavation of a trench (`khandaq`) for the defense of Madinah was:,Abu Bakr al-Siddiq,Umar ibn al-Khattab,Ali ibn Abi Talib,Salman al-Farsi,D
3181,What is the meaning of Anfal?,The Mountain,The cattle,The Cow,Booty,D
3182,Qiyas essentially means to ______.,Use human reasoning to compare an existing situation with one for which legislation already exists,Make independent decisions,Judge carefully,Make new laws,D
3183,How many days before Eid was the order for Fitrana given in 2 A.H.?,5,10,15,2,D
3184,"The famous library of Alexandria was destroyed multiple times, with the final destruction often debated but occurring before the:",Establishment of the Ptolemaic dynasty,Roman conquest,Arab conquest of Egypt,Greek conquest,C
3185,Umrah can be performed at any time except for which specific days of Dhul-Hijjah?,From the 9th to the 13th,"From the 8th to the 13th (if performing Hajj, no separate Umrah)",From the 10th to the 12th,No restriction,B
3186,The title of Hazrat Ya'qub (A.S.) was:,Saif,Israel,Safi Allah,None of these,B
3187,The first major fitna (civil war) began with the assassination of which Caliph?,Uthman (RA),Umar (RA),Ali (RA),Abu Bakr (RA),A
3188,Which Surah is also called 'Ghafir' (The Forgiver)?,Al-Mu'minun,Al-Mu'min,Ha Mim as-Sajdah,Al-Mulk,A
3189,Ghazwa Tabuk was fought against the,Jews,Romans,Persians,None of these,B
3190,Which famous warrior was killed by Ali (RA) in a duel during the Battle of the Ditch?,Abu Jahl,Waleed ibn Utbah,Amr ibn Abd Wudd,Shaiba,C
3191,The Quba Mosque has been mentioned in the Qur'an in:,Surah al-Tawbah,Surah al-Anfal,Surah al-Muzzammil,Surah al-Duha,A
3192,Which of the following Prophets was the first who learned to write?,Ibrahim (AS),Idris (AS),Musa (AS),Harun (AS),B
3193,Who was the principal scribe of the Holy Qur'an?,Hazrat Abdullah ibn Mas'ud (RA),Hazrat Zayd ibn Thabit (RA),Hazrat Abu Bakr (RA),Hazrat Umar (RA),B
3194,Umm-ul-Masakeen (Mother of the Poor) was the title given to which wife of the Holy Prophet (PBUH)?,Sawda (RA),Zaynab bint Khuzaymah (RA),Safiyyah (RA),Zaynab bint Jahsh (RA),B
3195,In which fort did the powerful Jewish warrior Marhab reside during the Battle of Khyber?,The Fort of Na'im,The Fort of Zubayr,The Fort of Abi,The Fort of Zanar,A
3196,Zakat can be distributed among how many categories of people?,6,8,9,None of these,B
3197,"Who was a famous historian, jurist, philosopher, and politician?",Shams-ud-din Ibn Khallikan,Abd al-Rahman Ibn Khaldun,Abu Bakr Muhammad ibn Yahya,None of these,B
3198,Ghazwa Khaybar was fought between:,Muslims and Christians,Muslims and Jews,Muslims and non-Muslims of Madinah,Muslims and Hindus,B
3199,What is the wife's share in her deceased husband's inheritance if they have no children?,One-fourth,One-third,One-half,None of these,A
3200,Who tore away the letter (message) of Holy Prophet Muhammad (PBUH)?,Khusro Pervaiz,Al-Muqawqas,Najashi,None of these,A
3201,Which companion was tasked with compiling the Holy Quran into a single volume during the reign of Abu Bakr (RA)?,Zayd ibn Harithah,Zayd ibn Thabit,Hassan Ibn Thabit,None of these,B
3202,Which battle is referred to as Yaumul Furqan?,Badr,Uhad,Hunayn,None of these,A
3203,Which companion gave the final bath (ghusl) to the Prophet Muhammad (peace be upon him)?,Hazrat Abu Bakr Siddiq (RA),Hazrat Umar ibn Khattab (RA),Hazrat Uthman ibn Affan (RA),Hazrat Ali ibn Abi Talib (RA),D
3204,The two angels who record a person's good and evil deeds are known as:,Kiraman Katibin,Farishtain,Munkar and Nakeer,None of them,A
3205,The name of the bird which is mentioned twice in the Holy Qur'an:,Parrot,Eagle,Hud-hud,Sparrow,C
3206,The episode of the Hijrat is mentioned in Surah,Al-Tawbah,Al-Tariq,Yasin,Al-e-Imran,A
3207,"In Sufism, ""Tariqa"" literally means:",The Knowledge,The Truth,The Path,The Follower,C
3208,The famous philosopher Al-Kindi is known for his work in introducing and integrating which tradition into the Islamic world?,Persian mysticism,Indian mathematics,Chinese medicine,Greek and Hellenistic philosophy,D
3209,The minimum number of witnesses required for a valid marriage contract in most Sunni schools is:,Two male Muslims,One male Muslim,Four male Muslims,One male and two females,A
3210,When was Siyam of Ramazan ordered?,in 5 AH,in 7 AH,in 4 AH,in 2 AH,D
3211,The Battle of Ain Jalut in 1260 was a major turning point as the Mamluks defeated which invading force?,Mongols,Crusaders,Seljuks,Byzantines,A
3212,In which Hijri year did the conquest of Makkah take place?,7th Hijri,8th Hijri,9th Hijri,10th Hijri,B
3213,"What is the meaning of ""Zam Zam""?",To flow,To stop,To burst,To outflow,B
3214,What does Zam Zam mean?,Al-shafa,Al-rahmat,To flow,To stop,D
3215,Which of the following was restored during the reign of Umar Ibn-e-Abdul Aziz?,Khiraaj,Bait-ul-Maal,Jizya,None of these,B
3216,Which was the first capital of the Islamic Commonwealth?,Makkah,Madina,Ta'if,Khyber,B
3217,The book of narration which Abdullah ibn Amr ibn al-'As wrote is named ______.,Sahifah al-Sadiqah,Ahadith-e-Sadiqah,Sahifah-e-Abdullah,Sahih Ahadith,A
3218,On whom was Salat (formal prayer) made obligatory?,The Ummah of 5 Prophets,The Ummah of Prophet Muhammad (PBUH),Every Ummah since Prophet Adam,None of these,B
3219,"The first comprehensive mathematics textbook, ""The Compendious Book on Calculation by Completion and Balancing,"" was authored by:",Omar Khayyam,Al-Samaw'al,Al-Khwarizmi,Nasir al-din al-Tusi,C
3220,When did the five prayers become Farz?,in the 12th Nabvi,in the 10th Nabvi,in the 13th Nabvi,in the 11th Nabvi,B
3221,A person who is liable to pay Zakat is known as:,Sahib-e-Taufeeq,Sahib-e-Hisab,Sahib-e-Zakat,Sahib-e-Nisab,D
3222,The minimum number of verses in a Surah in the Holy Quran:,Is 2,Is 3,Is 5,Is 6,B
3223,"The ""Janissaries"" were an elite infantry unit that formed the household troops of the:",Mughal Emperors,Abbasid Caliphs,Ottoman Sultans,Fatimid Caliphs,C
3224,Name the first Sahabi who was martyred.,Hazrat Harith ibn Abi Hala (RA),Hazrat Sa'd ibn Abi Waqqas (RA),Hazrat Hamza (RA),Hazrat Usamah ibn Zayd (RA),A
3225,"In which Ghazwa did the Muslims gain a large area of land as booty, which was divided among the Muhajirun, making them financially independent?",Ghazwa Banu Nadir,Ghazwa Khyber,Ghazwa Uhud,Ghazwa Badr,A
3226,"Which Prophet is known as ""Shaikh-al-Anbiya""?",Hazrat Adam,Hazrat Ibrahim,Hazrat Nuh,Hazrat Dawood,C
3227,"Masjid-e-Nimra, where the Hajj sermon is delivered, is located in:",Mina,Muzdalifah,Arafat,None of these,C
3228,In which category does Iblees lie?,Angel,Jinn,Human being,Animal,B
3229,The first naval fleet in Islamic history was established during the caliphate of:,Uthman (RA),Umar (RA),Ali (RA),Muawiya I,A
3230,The Islamic theological school that took a middle path between the Mu'tazila and the literalists was the:,Qadariyyah school,Jabariyyah school,Ash'ari school,Murji'ah school,C
3231,"Which of the following countries is home to Najaf, a major pilgrimage site?",Saudi Arabia,Iraq,Iran,Pakistan,B
3232,"The ""Routledge Atlas of the Crusades"" details the military campaigns primarily between Christian Europe and:",The Mongol Empire,The Byzantine Empire,Various Islamic states,The Sasanian Empire,C
3233,Who commanded Prophet Ibrahim (AS) and Isma'il (AS) to rebuild the Holy Kaaba?,Allah,The Prophet Muhammad (PBUH),Prophet Adam (AS),Prophet Musa (AS),A
3234,The longest Surah of the Holy Qur'an is:,Al-Baqarah,Yasin,Al-Imran,Ar-Rahman,A
3235,It is the third source of Islamic Fiqh:,Quran,Ijma,Hadith,Ijtihad,B
3236,Which sea did Hazrat Musa (AS) cross?,Red Sea,Bering Sea,Mediterranean Sea,Black Sea,A
3237,Which prophet was titled Zabih Allah?,Hazrat Ibrahim (A.S.),Hazrat Ismail (A.S.),Hazrat Ishaq (A.S.),Hazrat Ya'qub (A.S.),B
3238,"The first person to be called ""Qari"" in the early Islamic community for his beautiful recitation was:",Salim Mawla Abi Hudhayfah,Ubayy ibn Ka'b,Abdullah ibn Mas'ud,Mu'adh ibn Jabal,A
3239,Who was the murderer of Umar (RA)?,Abu Lu'lu'a Firuz,A Persian slave,Both are correct,None of these,A
3240,Zulnoorain kis sahabi ko kaha jata hai?,Hazrat Abu Bakr Siddiq,Hazrat Umar,Hazrat Usman,Hazrat Ali,C
3241,In which Surah of the Holy Quran is there mention of Zulqarnain?,Surah Al Kahf,Surah Al Imran,Surah Al Baqarah,Surah Yaseen,A
3242,"The ""Millet System,"" allowing religious minorities self-governance, was a key administrative feature of which empire?",Mughal,Abbasid,Ottoman,Safavid,C
3243,When was Umar (RA) born?,In 583 AD,In 585 AD,In 581 AD,In 681 AD,A
3244,What was the name of the last Ghazwa fought by the Holy Prophet (PBUH)?,Ghazwa Hunayn,Ghazwa Tabuk,Ghazwa Khaybar,None of these,B
3245,Name the person who was the first Islamic commander.,Hazrat Talha ibn Zubair (R.A.),Hazrat Hamza Abd al-Muttalib(R.A.),Hazrat Salama al-Akwa (R.A.),None of these,B
3246,The Holy Prophet (S.A.W) was born in the month of:,Jamadi-ul-Awwal,Rabi-us-Sani,Jamadi-us-Sani,Rabi-ul-Awwal,D
3247,"The ""Batha Valley"" is situated in:",Makkah,Madinah,Egypt,Jordan,A
3248,Battle of Trench was fought in which Hijri:,2 A.H,6 A.H,5 A.H,7 A.H,C
3249,"The ""Kissing of the Hajr-e-Aswad"" is called:",Istelam,Saee,Mabroor,None of these,A
3250,Muzdalifah is located between ________.,Mina and Arafat,Arafat and Makkah,Muzdalifah and Hijaz,Makkah and Madina,A
3251,"The running between the two hills, Safa and Marwah, seven times is called:",Rami,Wuquf,Sa'ee,Tawaf,C
3252,"Who said the following about their assassin: ""Look after him, fetch him good food, and if I die then execute him in retaliation, and if I survive I shall see what should be done""?",Umar (RA),Ali ibn Abi Talib (RA),Uthman (RA),Hussain (RA),B
3253,In which year did the tragedy of Karbala take place?,55 Hijrah,61 Hijrah,63 Hijrah,65 Hijrah,B
3254,In which Surah is the punishment for slander (*Qadhf*) and adultery (*Zina*) mentioned?,Surah An-Nur,Surah Al-Ma'idah,Surah Al-Baqarah,Surah Al-Ahzab,A
3255,Maseeh-ul-Islam is the title of:,Hazrat Abuzar Ghaffari (RA),Hazrat Ali (RA),Hazrat Usman (RA),None of these,A
3256,How many Infidels were killed in Ghazwa Badr?,50,60,70,80,C
3257,The name Muhammad (SAW) has been mentioned in the Holy Quran only,Two times,Four times,Six times,Seven times,B
3258,Namaz-e-Istisqa is a prayer for ____?,Rain,Pardon,Sleep,Blessings,A
3259,Who was the first to offer prayer before martyrdom?,Hazrat Hamza (R.A.),Hazrat Talha (R.A.),Hazrat Zubair (R.A.),Hazrat Khubayb (R.A.),D
3260,Fitrat-ul-Wahi kisay kehte hain?,Pehli Wahi ko,Aakhri Wahi ko,Pehli aur Agli Wahi ke darmiyan ke waqt ko,In mein se koi nahi,C
3261,"When did the Holy Prophet (S.A.W.) perform ""Hajjat-ul-Wada"" (The Last Pilgrimage):-",612 A.D.,622 A.D.,632 A.D.,638 A.D.,C
3262,Name the angel who is also known as Malak-ul-Mawt (The Angel of Death).,Jibra'il (AS),Izra'il (AS),Mika'il (AS),Israfil (AS),B
3263,Which was introduced by Hazrat Umer (RA)?,Cut Hand,Imprisonment,Cut Fingers,All of these,B
3264,Hazrat Muhammad SAW ney kis Hijri saal mein Hajj ada kiya؟,7 Hijri,8 Hijri,9 Hijri,10 Hijri,D
3265,The history of the Quran's vocalization (Tashkil) is most famously associated with the grammarian:,Ibn Muqlah,Abu al-Aswad al-Du'ali,Al-Farahidi,Ibn al-Nadim,B
3266,What was the approximate age of Ali (RA) when he embraced Islam?,8 years,10 years,12 years,14 years,B
3267,Hazrat Salih (A.S.) was sent to:,Banu 'Ad,Banu Thamud,Banu Israel,None of these,B
3268,The Battle of Yamama was fought during the caliphate of Abu Bakr (RA) against:,The Byzantine Empire,The followers of Musaylimah al-Kadhdhab,The Persian Empire,The tribe of Banu Qurayza,B
3269,"The scholar known as ""Shaykh al-Islam"" who was a major influence on Salafism and Wahhabism is:",Ibn Taymiyyah,Al-Nawawi,Ibn Hajar al-Asqalani,Ibn Qayyim al-Jawziyya,A
3270,The real name of Ibn Taymiyyah is:,Zaki-ud-din,Taqi-ud-din,Naqi-ud-din,None of these,B
3271,The science of Quranic recitation with proper pronunciation and rules is called:,Tajwid,Tafsir,Tarteel,Tadwin,A
3272,Name the maternal grandmother of Muhammad (PBUH) whose real name was Barrah.,Umm Habibah,Umm Raqibah,Umm Hafsa,Umm Ahmad,B
3273,Surah Baqarah is called Sanam-ul-Qur'an. Which surah is called Qalb-e-Qur'an?,Yasin,Al-Mulk,Al-Fajr,Al-Alaq,A
3274,"At the event of Mi'raj, which ibadat became Farz?",Fast,Five prayers,Zakat,Jihad,B
3275,The students who used to sit at a place in Masjid al-Nabawi (SAW) are called:,Sahaba,Ashab al-Suffah,Ahbab-e-Muhammad (SAW),Righteous Sahaba,B
3276,The conquest of Makkah (Fath Makkah) occurred in which Hijri year?,In 6 AH,In 8 AH,In 7 AH,In 9 AH,B
3277,"The ""Jizyah"" tax was levied on non-Muslims in lieu of the obligation of:",Fasting in Ramadan,Performing Hajj,Military service and Zakat,Building their own places of worship,C
3278,The Holy Quran was first translated into which language in the Subcontinent?,Punjabi,Sindhi,Balochi,Pashto,B
3279,The battle in which the Holy Prophet (PBUH) did not participate is known as a,Ghazwa,Sariyah,Jizya,Fazeela,B
3280,The cover of the Kaaba is called,Kiswa,Buraq,Both A and B,None of these,A
3281,Hazrat Younas (A.S.) remained in the belly of the fish for:,20 days,30 days,40 days,50 days,C
3282,What is the literal meaning of the word Hajj?,The will to visit,To walk briskly,The holy journey,To go round Ka'ba,A
3283,Name the first adult male to embrace Islam.,Ali (RA),Abu Bakr (RA),Zayd ibn Harithah (RA),Warqa ibn Nawfal,B
3284,Whom did Hazrat Ali (RA) order to place diacritical marks (i'raab) on the Quran?,Hazrat Hasan (RA),Hazrat Hussain (RA),Hazrat Abu al-Aswad al-Du'ali (RH),None of these,B
3285,Hazrat Muhammad (SAW) gave the key of Baitullah permanently to:,Hazrat Usman Bin Talha (RA),Hazrat Abdullah Bin Aamir (RA),Hazrat Fazala Bin Abi Aamir (RA),Hazrat Khalid Bin Waleed (RA),A
3286,Which prophet of Allah is called Abu al-Bashar?,Hazrat Ibrahim (A.S.),The Holy Prophet (PBUH),Hazrat Adam (A.S.),Hazrat Musa (A.S.),C
3287,"Hazrat Amna (R.Anha), mother of the Holy Prophet, is buried in:",Makkah,Madinah,Abwa,Yathrib,C
3288,The Hajj pilgrims are required to wear Ihram at a place called:,Mina,Meeqat,Marwa,Arafat,B
3289,"In Khyber, who took charge of the Jewish forces after the death of Sallam ibn Mishkam?",Al-Harith ibn Abu Khola,Marhab,Al-Harith,Kinana ibn al-Rabi,A
3290,Who was the last Commander-in-Chief for Ghazwa-e-Mu'tah?,Hazrat Khalid ibn al-Walid (R.A.),Abdur Rahman ibn Awf (R.A.),Abdullah ibn Rawaha (R.A.),None of these,A
3291,Which of the Sufi silsilas welcomes all religious faiths and colors equally?,Suhrawardiyya,Chishti,Naqshbandiyya,Qadri,B
3292,Name the prophet who is known by the title of Israel.,Hazrat Ya'qub (AS),Hazrat Musa (AS),Hazrat Isa (AS),None of these,A
3293,Which of the following Surah in the Holy Quran is named after an insect?,Surah Al-Naml,Surah Al-Qadar,Surah Al-Falaq,Surah Al-Nas,A
3294,The name of Hazrat Bilal (RA) master was?,Abu Sufyan,Ummayyah bin Khalaf,Abu Jahl,Walid bin Mughira,B
3295,The first Mujaddid was Hazrat Umar ibn Abd al-Aziz. Who was the second one?,Ibn Taymiyyah,Imam Ghazali,Ahmad Sirhindi,Shah Waliullah,C
3296,How many foundational pillars of Islam are there?,3,4,5,None of these,C
3297,Which Prophet's name is mentioned most frequently in the Quran?,Adam (AS),Ibrahim (AS),Isa (AS),Musa (AS),D
3298,"When did the children of Madinah recite the famous ode ""Tala' al-Badru 'Alayna""?",Upon the arrival of the Holy Prophet (PBUH) in Madinah,After the fall of Makkah,After the victory of Ghazwa Hunayn,After the victory of Ghazwa Mu'tah,A
3299,Which companion of the Holy Prophet (SAW) started the Hijri Calendar?,Hazrat Abu Bakr (RA),Hazrat Umar (RA),Hazrat Usman (RA),None of these,B
3300,"How many Surahs in the Quran begin with the ""Huroof al-Muqatta'at"" (disjointed letters)?",20 Surahs,9 Surahs,19 Surahs,29 Surahs,D
3301,On which day does Wuquf-e-Arafat (standing at Arafat) take place?,8th of Dhul-Hijjah,9th of Dhul-Hijjah,10th of Dhul-Hijjah,11th of Dhul-Hijjah,B
3302,When did the Holy Prophet (PBUH) offer his first Jumu'ah Prayer?,in 1 Hijri,in 2 Hijri,in 3 Hijri,None of the above,A
3303,When was the final and complete prohibition of wine revealed?,During the Ghazwa of Uhud,"Around 4 AH, after the Battle of the Ditch",Before the Hijrah,During the Conquest of Makkah,B
3304,Which is the third primary source of Islamic Jurisprudence?,Quran,Ijma,Qiyas,Hadith,B
3305,The name of the cover of Kaaba is ''''?,Bourda,Kiswa,Al-Katif,Sajjeda,B
3306,Umm ul-Qura kisay kehte hain?,Madina ko,Makkah ko,Taif ko,In mein se koi nahi,B
3307,Name the youngest son of Hazrat Dawood (A.S.).,Hazrat Ayyub (A.S.),Hazrat Yaqoob (A.S.),Hazrat Sulayman (A.S.),Hazrat Younas (A.S.),C
3308,For how many years did the reign of the Rightly Guided Caliphs last?,30 years,22 years,14 years,None of these,A
3309,Name the first written constitution of the world:,Treaty of Hudaybiyyah,Mithaq-i-Madinah (Charter of Madinah),Khutbah Hajjat-ul-Wida (Sermon of the Farewell Pilgrimage),None of these,B
3310,The first residential university where the faculty of the Qur'an was established for the first time is:,Masjid Quba,Masjid Bilal,Masjid al-Aqsa,Masjid al-Nabawi,D
3311,The River Nile was declared as Sayyid al-Anhar by:,Hazrat Abu Bakr (R.A.),Hazrat Umar (R.A.),Hazrat Usman (R.A.),Hazrat Ali (R.A.),B
3312,Quran hakeem ne kis fail ko qatl se bhi zyada shadeed qarar diya hai?,Muhaarba,Zina,Fitna o fasad,Talaaq,C
3313,"In the Quran, the Ten Commandments are named as:",Awamir-i-Ashara,Ashra al-Mubashara,Ashra al Muajaz,None of these,A
3314,"Who added the words ""As-salatu khayrun min an-nawm"" in the Fajr Adhan?",Hazrat Abu Bakr (RA),Hazrat Umar (RA),Hazrat Uthman (RA),Hazrat Ali (RA),B
3315,When did Hajj become obligatory?,on 10 Zil Hajj,in 9th Hijri,in 10th Hijri,None of these,B
3316,"In which period of Hadith compilation were the names, activities, and characters of 150,000 transmitters checked?",1st,2nd,3rd,None,C
3317,"He would have been a prophet, if I were not the last one, the Holy Prophet (PBUH) said this about:",Hazrat Abu Bakr (RA),Hazrat Umar (RA),Hazrat Usman (RA),Hazrat Ali (RA),B
3318,Which Prophet of ALLAH had the minimum age?,Hazrat Ibraheem (A.S.),Hazrat Muhammad (S.A.W.),Hazrat Musa (A.S.),Hazrat Eesa (A.S.),D
3319,Name the first Muslim among children.,Hazrat Zaid bin Sabit (RA),Hazrat Usamah bin Zaid (RA),Hazrat Ali (RA),Hazrat Qasim (RA),C
3320,Which companion is buried in Turkey?,Hazrat Abu Ayyub Ansari (RA),Hazrat Khalid bin Waleed (RA),Hazrat Abu Ubaidah bin Jarrah (RA),Hazrat Saad bin Abi Waqqas (RA),A
3321,Who had knowledge of the interpretation of dreams?,Hazrat Isa (AS),Hazrat Yusuf (AS),Hazrat Musa (AS),Hazrat Yunus (AS),B
3322,Imam-e-Dar-ul-Hijrat was the title of _____?,Imam Ahmad RA,Imam Malik RA,Imam Shafi RA,None of these,B
3323,Which prophet revived the dead by the will of Allah?,Hazrat Eesa (A.S.),Hazrat Moosa (A.S.),Hazrat Yaqoob (A.S.),Hazrat Yahya (A.S.),A
3324,Which companions stood guard to protect Uthman (RA) during the siege of his house?,All companions,A group of companions,Only Ali (RA),None,B
3325,"At the Conquest of Makkah, who reported back to the Quraysh, ""Nobody can face the huge army of Muhammad""?",Abu Sufyan (RA),Hamza (RA),Talha (RA),Umar (RA),A
3326,The compiler of Al-Kafi is Abu Ja'far Ya'qub al-Kulayni. When did he die?,329 A.H.,340 A.H.,341 A.H.,342 A.H.,A
3327,Total Musaraf-e-Zakat (heads of Zakat) are:,7,8,9,10,B
3328,How many Ahadith does the Musnad of Imam Ahmad ibn Hanbal contain?,30000,35000,40000,45000,C
3329,Which aunt of the Prophet (PBUH) killed a Jewish spy during the Battle of the Ditch?,Zaynab bint Abd al-Muttalib,Khola bint Abd al-Muttalib,Sawda bint Abd al-Muttalib,Safiyyah bint Abd al-Muttalib,D
3330,Who put circles for the first time in Quran-e-Pak?,Imam Malik (RA),Imam Shafi (RA),Hazrat Abu al-Aswad al-Du'ali (RA),All of these,C
3331,"How many Farz Raka'at does a Muslim offer on a journey instead of the four of Zuhr, Asr, and Isha prayers?",3,2,5,6,B
3332,Which Prophet is associated with the building of the great dam of Ma'rib in Yemen?,The people of Saba' (Sheba),Prophet Hud (AS),Prophet Salih (AS),Prophet Sulayman (AS),A
3333,Who punctuated the Holy Qur'an?,Hajjaj ibn Yusuf,Hazrat Usman (R.A.),Hazrat Ali (R.A.),None of these,A
3334,Which prophet's people faced the calamity of mosquitoes?,Hazrat Ibrahim (A.S.),Hazrat Ismail (A.S.),Hazrat Ishaq (A.S.),Hazrat Ya'qub (A.S.),A
3335,Riyad as-Salihin (Gardens of the Righteous) is a famous collection of hadith compiled by:,Imam al-Nawawi,Ibn Hajar,Al-Suyuti,Al-Dhahabi,A
3336,The number of respected months is:,Four,Six,Seven,Two,A
3337,The number of narrations of Hazrat Ayesha (R.A) is:,1630,2210,1286,583,B
3338,The Jewish people are traditionally considered the offspring of which son of Prophet Ya'qub (AS)?,Tibrani,Yahudha (Judah),Ishaq (AS),Yusuf (AS),B
3339,Which is the seventh month of the Islamic year?,Muharram,Shawwal,Rajab,Sha'ban,C
3340,"The Islamic term ""Riba al-Fadl"" refers to the prohibited exchange of:",A sale with uncertainty,A loan with interest,Unequal quantities of the same commodity,A futures contract,C
3341,The meaning of Jihad fi Sabilillah is ________.,Fighting for the country,Fighting in the way of Allah,Fighting for honor,Fighting with the enemy,B
3342,How many Holy Books are there?,Four,Six,Two,Eight,A
3343,Which place is the designated Meeqat for pilgrims coming from the direction of Najd?,Qarn al-Manazil,Al-Juhfah,Yalamlam,Dhat Irq,A
3344,"The ""Sujud al-Tilawah"" is the prostration performed when:",Thanking Allah for a blessing,Forgetting a step in prayer,Reciting or hearing specific verses of the Quran,Seeking guidance in a matter,C
3345,"The ""Alhambra Decree"" of 1492 in Spain ordered the:",Establishment of the Inquisition,Forced conversion of all non-Christians,Expulsion of Jews and Muslims,Destruction of all mosques,C
3346,Where were the first Ayat of the Qur'an revealed?,In the cave of Thawr,In the cave of Hira,In the house of Muhammad (PBUH),None of the above,B
3347,The last Ummayyad Caliph was:,Marwan II,Suleman,Hasham,Walid,A
3348,What is the literal meaning of Hajj?,Success,Will to visit,Standing,Purify yourself,B
3349,From where are pebbles for throwing at Shaitan picked up?,Mina,Hateem,Arafat,Muzdalifah,D
3350,What is the birth year of the Holy Prophet (PBUH)?,in 569 A.D.,in 570 A.D.,in 571 A.D.,None of these,B
3351,How many Surahs of Holy Quran start with Haroof-e-Muqataat?,29,31,23,27,A
3352,"The ""Day of Resurrection"" is referred to in the Quran as:",Yawm al-Din,Yawm al-Jumu'ah,Yawm al-Qiyamah,Yawm al-Arafah,C
3353,What was the name of the Prophet Muhammad's (PBUH) primary coat of mail that he wore in battles like Uhud?,Al-Samsam,Al-Rasub,Dhat al-Fudul,Al-Mikhdham,C
3354,Hazrat Abu Bakr (RA) died in:,10th Hijrah,11th Hijrah,13th Hijrah,15th Hijrah,C
3355,Which tribe broke its treaty and sided with the confederates during the Battle of the Ditch?,Banu Qurayza,Banu Khazraj,Banu Aws,Banu Mustaliq,A
3356,"The Quranic phrase ""a'tainaka"" means:",We have given you,He has given you,I have given you,They have given you,A
3357,Mina lies between:,Arafat and Makkah,Arafat and Madinah,Jeddah and Ta'if,Makkah and Jeddah,A
3358,The Holy Quran contains Makki and Madani Surahs. The Madani Surahs have a general emphasis on:,Ghazwat (Battles participated in or sanctioned by the Prophet (PBUH) and related legal/social injunctions),Laws of nature,The historical facts,None of these,A
3359,Which is the longest Surah of the Quran?,Al-Baqarah,Al-Imran,Al-Tawbah,Surah Yunus,A
3360,Who was killed by Hazrat Hamza in the Battle of Badr?,Utbah bin Rabi'ah,Shaibah,Abu Jahl,None of these,A
3361,"Who established the departments of education, jails, and police?",Hazrat Abu Bakr (R.A.),Hazrat Umar (R.A.),Hazrat Usman (R.A.),Hazrat Ali (R.A.),B
3362,The sermon given by a khatib before the Friday prayer is called a:,Khutbah,Tazkirah,Wa'z,Dars,A
3363,Who advised digging a trench to defend Madinah?,Abu Bakr (RA),Salman al-Farsi (RA),Umar (RA),Uthman (RA),B
3364,Name the person who waved the flag for the first time in Islamic history.,Hazrat Hamza (RA),Hazrat Ali (RA),Hazrat Usamah (RA),Buraydah Aslami,A
3365,Who was the first to levy Ushr on land?,Hazrat Abu Bakr (R.A),Hazrat Ali (R.A),Hazrat Usman (R.A),Hazrat Umar (R.A),D
3366,"Which companion was known as the ""Custodian of the Prophet's sandals""?",Bilal ibn Rabah,Anas ibn Malik,Abdullah ibn Mas'ud,Abu Hurairah,C
3367,The first month of the Islamic calendar is:,Muharram,Dhul-Hijjah,Safar,Rajab,A
3368,According to which companion's narration was the trench for the Battle of Khandaq dug in 20 days?,Musa ibn Umair (RA),No specific companion narration widely accepted,Mus'ab ibn Umayr (RA),Abdullah ibn Rawaha (RA),B
3369,When did Hazrat Usman (R.A.) become the third caliph of the Muslims?,"5th of Muharram, 23 A.H.","4th of Muharram, 24 A.H.","3rd of Muharram, 25 A.H.","2nd of Muharram, 26 A.H.",B
3370,How many miles away from Madinah is the mountain of Uhud located?,6 miles,12 miles,9 miles,4 miles,D
3371,With which prophet is the miracle of the dromedary associated?,Hazrat Noah (A.S.),Hazrat Shees (A.S.),Hazrat Ayyub (A.S.),Hazrat Saleh (A.S.),D
3372,How many Prophets are mentioned in the Holy Qur'an?,25,26,27,30,A
3373,"Name the she-camel of the Holy Prophet (PBUH), while sitting on which he delivered an address in the plain of Arafat.",Qaswa,Qiswa,Jabal,Zulfiqar,A
3374,The first battle in Islam fought with the Quraysh was:,Uhud,Badr,Khandaq,None of these,B
3375,The change of Qibla from Bait-ul-Muqaddas to Makkah took place in which Hijrah?,1st Hijrah,2nd Hijrah,3rd Hijrah,None of the above,B
3376,The Nisab of Zakat in silver is:,40 Tolas,50 Tolas,50 ½ Tolas,52 ½ Tolas,D
3377,The Treaty of Hudaybiyyah was signed in the ______.,5th Hijrah,6th Hijrah,7th Hijrah,8th Hijrah,B
3378,Name the angel who sometimes carried out Allah's punishment on disobedient nations.,Israfil (AS),Jibra'il (AS),Izra'il (AS),Mika'il (AS),B
3379,"For how many times is the name ""Ahmed"" mentioned in the Holy Quran?",11,17,1,13,D
3380,Hazrat Ali (R.A) was martyred in:,"Khayber, 40 Hijri","21 Ramazan, 40 Hijri","21 Shaban, 40 Hijri","17 Ramazan, 40 Hijri",B
3381,"Which Islamic month is it forbidden to start an optional fast in the second half of, according to some scholars?",Shawwal,Rajab,Sha'ban,Safar,C
3382,How many years did Prophet Muhammad (SAW) spend in Mecca after Prophethood?,13,10,5,None of these,A
3383,The longest Surah of the Qur'an is:,Surah al-Baqarah,Surah Al Imran,Surah al-Tawbah,Surah Yunus,A
3384,What was the real name of Hazrat Hud (A.S.)?,Abr,Aareesh,Akkana,'Ad,A
3385,Which is the longest Surah in the Qur'an?,Surah Al-Baqarah,Surah An-Nisa,Surah Al-Imran,Surah Al-An'am,A
3386,In which year did Umar (RA) embrace Islam?,610 AD,612 AD,614 AD,616 AD,D
3387,Who had first used the title Ameer-ul-Momineen?,Hazrat Umar (RA),Hazrat Abu Bakr (RA),Hazrat Usman (RA),Hazrat Ali (RA),A
3388,In which Surah Wuzu and Tayyummum are mentioned in the Holy Quran:,Surah Al Baqarah,Surah Al Maida,Surah Al Imran,Surah Al Nisa,B
3389,Who was the first ruler to give a royal gift to the Holy Prophet (PBUH)?,Ruler of Iran,Abul Hakam,The Negus (Najashi) of Abyssinia,Abu Sufyan,C
3390,What is the meaning of Anfal?,Goods,War booty (spoils of war),Virtue,None of these,B
3391,Which important incident took place just fifty days before the birth of Muhammad (PBUH)?,Incident of the Feel,Hilf al-Fudul,Fire in Ka'aba,None of these,A
3392,When did the Holy Prophet (SAW) go to perform Hajj?,in the 10th Hijri,in the 9th Hijri,in the 11th Hijri,in the 8th Hijri,A
3393,Who was the first Muslim ruler to establish a naval fleet?,Hazrat Umar (RA),Hazrat Ali (RA),Hazrat Amir Muawiya (RA),Hazrat Uthman (RA),D
3394,"Which location is also known as ""Mash'ar al-Haram"" (The Sacred Monument)?",Mina valley,Muzdalifah valley,Arafat valley,None of these,B
3395,Which Surah of the Quran-e-Karim refers to the conquests/travels of Zul-Qarnain?,Al-Kahf,Al-Isra,Al-Anbiya,Al-A'raf,A
3396,Which Angel is appointed to provide for food?,Hazrat Jibril (A.S),Hazrat Israfil (A.S),Hazrat Mika'il (A.S),Hazrat Izra'il (A.S),C
3397,"Who wrote the influential book ""Islam at the Crossroads""?",Muhammad Asad,Muhammad Ahmed,Muhammad Ibrahim,None of these,A
3398,In which graveyard was Uthman (RA) buried?,Jannat al-Baqi',Jannat al-Mu'alla,Makli,None of them,A
3399,What was the primary cause of the disappearance of the original Kaaba structure during the time of Prophet Nuh (AS)?,A great flood,A fire,An earthquake,None of these,A
3400,Which tax is received from income from town lands?,Kharaj,Fay,Ushr,Zakat,B
3401,Which Prophet's people were punished with a mighty cry (al-Sayhah)?,The people of Thamud (Salih AS),The people of 'Ad (Hud AS),The people of Madyan (Shu'ayb AS),The people of Sodom (Lut AS),A
3402,"The ""Fatwa-i-Jahandari"" by Ziauddin Barani is a work on:",Islamic jurisprudence,Sufi philosophy,The history of the Delhi Sultanate,Political theory and statecraft,D
3403,What is the number of the month of Ramadan in the Islamic Calendar?,8th,9th,10th,11th,B
3404,The Arafat gathering is held on:,8th Dhu al-Hijjah,9th Dhu al-Hijjah,10th Dhu al-Hijjah,12th Dhu al-Hijjah,B
3405,The first revelation to the Holy Prophet PBUH came in _______?,Cave of Thawr,Cave of Hira,Kaaba,Both A & C,B
3406,What is 'An-Naml'?,Ant,Bat,Lizard,None of these,A
3407,What is the old name of Makkah?,Waadi,Yathrib,Bakkah,None of these,C
3408,The method of 'Ablution' is in Surah,Al-Baqarah,Al-Noor,Al-Maidah,Al-Nisa,C
3409,"When Umar (RA) travelled to Jerusalem, whom did he leave as his deputy in Madinah?",Abu Bakr (RA),Uthman (RA),Sa'id ibn Zayd (RA),Ali (RA),D
3410,Thamud was the grandson of:,Idris (A.S.),Sam,'Ad,None of these,B
3411,Who is referred to in the Quran as Ruh-al-Amin (The Trustworthy Spirit)?,Israfil (AS),Jibra'il (AS),Mika'il (AS),Izra'il (AS),B
3412,Who were the Ashaab-e-Suffah?,Ansar (RA) who stayed near the Masjid-e-Nabawi.,Muhajireen (RA) who stayed near the Masjid-e-Nabawi.,Muhajireen (RA) who stayed near the Masjid-e-Quba.,Ansar (RA) who stayed near the Masjid-e-Quba.,B
3413,Name the first person whom Muhammad (PBUH) informed about the first wahi.,Hazrat Abu Talib (R.A.),Hazrat Khadijah (R.A.),Waraqah ibn Nawfal,None of these,B
3414,Name the first Jannati Shaheed who neither offered any prayer nor kept any fast.,Hazrat Sa'd ibn Mu'adh (RA),Hazrat Suwayd ibn Samit (RA),Hazrat Usayrim Bani Abd al-Ashhal (RA),Hazrat Haram ibn Milhan (RA),C
3415,What was the title of Hazrat Shu'aib (A.S.)?,Khatib-ul-Anbiya,Jadd-ul-Anbiya,Safi-ul-Anbiya,None of these,A
3416,What was the age of Hazrat Ibrahim (A.S.) when Hazrat Ismail was born?,86 years,88 years,90 years,95 years,A
3417,When was fasting made obligatory?,in 1 Hijri,in 2 Hijri,in 3 Hijri,in 4 Hijri,B
3418,Who was the first female false prophetess?,Hinza,Hiba,Sajah,None of these,C
3419,Name the first man to issue a regular order to collect and write down Ahadith.,Hazrat Umar ibn Abd al-Aziz (R.A.),Hazrat Usman ibn Affan (R.A.),Hazrat Umar ibn al-Khattab (R.A.),Hazrat Ali ibn Abi Talib (R.A.),A
3420,"The Quranic word ""hablu"" means:",Knot,Cloth,Rope,Shirt,C
3421,Who killed the she-camel against the will of God during the era of Hazrat Salih (A.S.)?,Bani Israel,Bani Aad,Bani Thamud,No one,C
3422,"The legal concept of ""Hibah"" refers to a:",Charitable endowment,Will or testament,Gift made during one's lifetime,Loan,C
3423,A person who performs prayer alone is called ________.,Maqtadi,Munfarid,Masbooq,Imam,B
3424,Hazrat Ali (R.A.) died in,659 A.D.,660 A.D.,661 A.D.,None of these,C
3425,In which Hijri year did the Battle of Khandaq take place?,4 Hijri,5 Hijri,6 Hijri,7 Hijri,B
3426,Who was the companion that the Prophet (PBUH) left in charge of Madinah during the Tabuk expedition?,Uthman (RA),Abu Bakr (RA),Ali ibn Abi Talib (RA),Abd al-Rahman ibn Awf (RA),C
3427,What is the first practical manifestation of faith?,Prayer,Zakat,Soam,Hajj,A
3428,Who is generally credited with introducing the vowel marks (tashkil) into the Arabic script?,Al-Farahidi,Abu al-Aswad al-Du'ali,Ibn Muqlah,Yahya ibn Ya'mar,A
3429,Who built the Kaaba first?,Hazrat Adam (A.S.),Hazrat Ibrahim (A.S.),Hazrat Ismail (A.S.),Angels,D
3430,The word 'Khatam-un-Nabiyyin' is mentioned in Surah,Ikhlas,Al-Baqarah,Al-Ma'idah,Al-Ahzab,D
3431,Muslims are described as the best of communities due to:,Justice,Moderation,Truthfulness,None of these,B
3432,Covers of Kaaba is called:,Kiswa,Baraq,Both A and B,None of these,A
3433,"The ""Battle of al-Qadisiyyah"" was commanded by which companion, leading to the conquest of Iraq?",Khalid ibn al-Walid,Amr ibn al-As,Abu Ubaidah ibn al-Jarrah,Sa'd ibn Abi Waqqas,D
3434,The Zaydi school of Shia Islam is most prevalent in which country?,Iraq,Iran,Yemen,Lebanon,C
3435,Abu Al-Arab kis Nabi ka laqab hai?,Hazrat Ibrahim,Hazrat Ismail,Hazrat Yaqub,In mein se koi nahi,B
3436,In which Hijri year were the battles of Banu Qurayza and Banu Lihyan fought?,In 6 AH,In 8 AH,In 7 AH,In 9 AH,A
3437,Which companion is among the Ashara Mubashshara (ten promised Paradise)?,Hazrat Sa'd bin Abi Waqqas (RA),Hazrat Mu'adh (RA),Hazrat Shurahbil bin Hasana (RA),None of these,A
3438,"What is the meaning of the name of Muhammad (PBUH), ""Aaqib""?",The Last,Victor,One who fascinates,The Inviter,B
3439,The police force was set up during the Caliphate of:,Hazrat Abu Bakr (RA),Hazrat Umar (RA),Hazrat Uthman (RA),Hazrat Ali (RA),B
3440,"In the Muslim world, which country has the highest per capita income?",UAE,Saudi Arabia,Turkey,Qatar,D
3441,Who was the third Caliph of Islam?,Ali (RA),Uthman (RA),Umar (RA),Abu Bakar (RA),B
3442,The method of ablution (Wudu) is mentioned in which Surah?,Al-Baqarah,Al-Ma'idah,Al-Nur,Al-Nisa,B
3443,Through which agency does Allah convey His revelations to the Prophets?,Angels,Jinns,Air,Electromagnetic Rays,A
3444,Who was the first prominent man to embrace Islam on the eve of the conquest of Makkah?,Abu al-Basir,Abu Sufyan,Amr ibn Salim,Utbah,B
3445,Name the first written constitution of the world.,The Treaty of Hudaibiyah,Meesaq-e-Madina,The Khutbah Hajjat-ul-Wida,None of them,B
3446,"The People of the Ditch (Ashab al-Ukhdud), mentioned in Surah Al-Buruj, were persecuted for their:",Belief in one God,Theft,Rebellion,Disrespect to the king,A
3447,Al-Adab al-Mufrad is a book on Islamic ethics and manners compiled by:,Imam al-Bukhari,Imam Muslim,Imam Tirmidhi,Imam Abu Dawood,A
3448,Which of the following wives of the Holy Prophet (PBUH) gained the title 'The Mother of the Poor'?,Hazrat Khadijah (R.A.),Hazrat Maymunah (R.A.),Hazrat Ayesha (R.A.),Hazrat Zaynab bint Khuzaymah (R.A.),D
3449,The prayer offered upon entering a mosque is called:,Salat al-Awwabin,Salat al-Duha,Tahiyyat al-Masjid,Salat al-Ishraq,C
3450,Which words of the Holy Qur'an are not explained by a common person?,Muqatta'at,Qamari,Shamsi,All of them,A
3451,Which animal was residing with the Ashab-e-Kahf?,Camel,Donkey,Dog,None of these,C
3452,Tafsir bil-Ra'y refers to the exegesis of the Quran based on:,Ijtihad (independent reasoning),Copying,Learning,Conveying,A
3453,The Battle of Uhud was fought in which Hijri year?,3 Hijri,2 Hijri,4 Hijri,None of these,A
3454,The largest army that ever marched out of Madinah consisted of:,"10,000 men","30,000 men","40,000 men","45,000 men",B
3455,Rihla is a genre of Arabic literature that focuses on:,History,Poetry,Travelogues,Philosophy,C
3456,Which place is the designated Meeqat for pilgrims coming from the direction of Syria?,Al-Juhfah,Yalamlam,Dhat Irq,Qarn al-Manazil,A
3457,"The fasting on the ""Day of Arafah"" (9th Dhul-Hijjah) is a highly recommended Sunnah for:",Everyone,Pilgrims at Arafat,Non-pilgrims,Only the people of Makkah,C
3458,Which Caliph was ruling when the Islamic calendar (Hijri) was officially established?,Umar (RA),Abu Bakr (RA),Uthman (RA),Ali (RA),A
3459,When did Hazrat Umar (RA) capture Jerusalem for the first time?,638 CE,640 CE,642 CE,None of these,A
3460,"Who first built the Kaaba, the House of Allah, in the universe?",Angels,Prophet Adam (AS),Prophet Ibrahim (AS),Prophet Isma'il (AS),A
3461,Name the Angels who are appointed to put questions to the dead in their graves.,Munkar and Nakeer (AS),Hazrat Jibra'il (AS),Hazrat Izra'il (AS),Hazrat Mikail (AS),A
3462,When did the caliphate of Hazrat Umar Farooq (RA) begin?,13 Hijri,14 Hijri,15 Hijri,16 Hijri,A
3463,What is the literal meaning of Hadith?,To inform,To instruct,A narration or saying,To prohibit,C
3464,Students who used to sit at a place in Masjid-e-Nabawi (PBUH) are called:,Sahaba,Ashab-us-Suffah,Ahbab-e-Muhammad (PBUH),Righteous Sahaba,B
3465,"The companion who was martyred while reciting the Quran in Makkah, becoming the first to do so publicly, was:",Yasir (RA),Khabbab ibn al-Aratt (RA),Abdullah ibn Mas'ud (RA),Bilal ibn Rabah (RA),C
3466,"The Ghazwa of Uhud is also known in some traditions by the events that occurred, not by a specific name like:",Furqan,Hamid,Rehmat,Hakeem,A
3467,Mustadrak al-Hakim was written by:,Ibn Taymiyyah,Muhammad Bin Abdullah Al-Hakim,Imam Ibn Hajar al-Asqalani,None of these,B
3468,"Which of the following Sufi saints belongs to the ""Chistiya order""?",Hazrat Baha-ud-Din Zakariya,Hazrat Shah Rukn-e-Alam,Hazrat Farid-ud-Din Ganjshakar,None of the above,C
3469,Riba in Islamic finance is broadly defined as:,Charity,Profit,Interest or usury,Trade,C
3470,How much is the rate of Ushr on the produce of land benefited by rain or some natural spring?,1 by 15,1 by 20,1 by 10,1 by 26,C
3471,Who is referred to in the Qur'an as Ruh-al-Ameen?,Hazrat Israfil (AS),Hazrat Jibra'il (AS),Hazrat Mikail (AS),Hazrat Izra'il (AS),B
3472,Which Sahabi went to Medina before Hijrah?,Hazrat Musab bin Umair (R.A.),Hazrat Abu Huraira (R.A.),Hazrat Abdullah bin Jabir (R.A.),Hazrat Saad bin Abi Waqas (R.A.),A
3473,What was the duration of Ali's (RA) caliphate?,4 years & 6 months,4 years & 8 months,3 years & 9 months,4 years & 9 months,D
3474,"What is the primary purpose of ""Ilm al-Rijal"" (The Science of Men)?",To verify the authenticity of Hadith by vetting narrators,To authenticate historical events,To document the character of the Sahabah,All of these,A
3475,What is the first Ashra (10 days) of Ramazan called?,Ashra-e-Maghfirat,Ashra-e-Rehmat,Ashra-e-Najat-e-Naar-e-Jahannam,All of them,B
3476,"Which Prophet is dignified with special title, ""Khalil-Ullah"" (Friend of God)?",Hazrat Adam (A.S),Hazrat Noah (A.S),Hazrat Ibrahim (A.S),Hazrat Esa (A.S),C
3477,Ashab-e-Kahf belonged to which country:,Iraq,Türkiye,Egypt,Syria,B
3478,Which book was revealed to Hazrat Isa (AS):,Taurat,Zaboor,Injeel,None of the above,C
3479,"The ""Muwafaqat"" is the magnum opus on Maqasid al-Shari'ah written by which great Islamic scholar?",Al-Shatibi,Ibn Taymiyyah,Al-Juwayni,Ibn Khaldun,A
3480,Name the first Umayyad Caliph.,Hazrat Ameer Muawiyah (RA),Hazrat Hasan (RA),Hazrat Zubayr (RA),Hazrat Yazid bin Muawiyah,A
3481,"The Prophet's stamp comprises three words: Allah, Rasool, Muhammad.",Right,Wrong,Partially Right,Not mentioned,A
3482,Who advised Abu Bakr (R.A.) to compile the Qur'an?,Hazrat Umar (R.A.),Hazrat Ali (R.A.),Hazrat Usman (R.A.),Hazrat Zayd (R.A.),A
3483,How many Mothers of the Believers were alive at the time of the Prophet's (PBUH) death?,6,5,7,None of these,D
3484,Which department became functional during the period of Hazrat Umar Bin Abdul Aziz?,Divan Kharaj,Bait-ul-Mal,Diwan Barid,None of these,D
3485,"In the science of Tafsir, ""Isra'iliyyat"" refers to narrations originating from:",Philosophical reasoning,Pre-Islamic poetry,Jewish and Christian sources,Scientific facts,C
3486,"When the Muslims reached Hudaybiyyah, who from the Khuza'ah tribe came to inquire about the Prophet's (PBUH) objective?",Khuzaifah ibn Warqa,Usamah ibn Warqa,Budayl ibn Warqa,None of these,C
3487,Which Prophet is mentioned in the Quran as having been taught the language of the birds?,Prophet Sulayman (AS),Prophet Dawud (AS),Prophet Musa (AS),Prophet Isa (AS),A
3488,The Islamic law of inheritance is systematically detailed in which Surah?,Al-Ma'idah (The Table Spread),Al-Baqarah (The Cow),Al-Nisa (The Women),Al-Anfal (The Spoils of War),C
3489,Which rite of Hajj is celebrated with animal sacrifice by Muslims throughout the world?,Rami,Eid al-Adha (Sacrifice),Jamarat,None of these,B
3490,"When did the Holy Prophet (PBUH) offer his last Hajj with 100,000 Sahaba?",8 A.H.,9 A.H.,10 A.H.,5 A.H.,C
3491,Hazrat Umar (RA) ruled for:,8 years,9 years,10 years and 5 months,12 years,C
3492,Name the sahabi (companion) whose house became the first Dar-ul-Tableegh for Muslims.,Hazrat Abu Bakr (R.A.),Hazrat Usman (R.A.),Hazrat Arqam Makhzoomi (R.A.),None of these,C
3493,"Where did Shaddad build the magnificent palace, the ""Garden of Iram""?",Near Babylon,Near Turkey,Near Cairo,Near Aden,D
3494,The place where Prophet Ibrahim (AS) stood while constructing the Kaaba is known as:,Maqam Ibrahim,Maqam Isma'il,Maqam Salam,Maqam Rasul,A
3495,"Which surah is called ""Umm-ul-Kitab""?",Surah Al-Baqarah,Surah Al-Fatihah,Surah Al-Qalam,Surah Yasin,B
3496,Why was a woman from the Banu Qurayza tribe executed along with the fighting men?,She killed Khallad ibn Suwayd with a millstone,She killed a Christian with a millstone,She killed a Jewish spy,None of these,A
3497,"The ""Saffarid"" dynasty, which briefly challenged the Abbasids, was founded in which region?",Syria,Egypt,Sistan (eastern Iran),North Africa,C
3498,Which Ayat of Surah Baqarah is the longest?,284,285,282,255,C
3499,"What does the Arabic word ""BAHIJ"" mean?",Night visitor,"Beautiful, delightful","Gentle, soft, delicate",None of these,B
3500,The smallest number of verses in a Surah is:,Two,Six,One,Three,D
3501,"After the Treaty of Hudaybiyyah, which tribe allied with the Muslims?",Banu Khuza'ah,Banu Adi,Banu Umayyah,Banu Bakr,A
3502,What is the 'iddah (waiting period) for a divorced woman who was not consummated?,Three months,Four months,No Iddah,None of these,C
3503,The first translation of the Quran into Latin was commissioned in the 12th century primarily to:,Facilitate trade,Spread Islam in Europe,Understand and refute Islam,Promote interfaith dialogue,C
3504,He was the youngest son of Hazrat Adam (AS):,Cain,Hazrat Shees,Hazrat Idrees,Hazrat Umar,B
3505,What was the verdict of the arbitrator Sa'd ibn Mu'adh for the treachery of Banu Qurayza?,Fighting men to be executed,Wealth to be confiscated as booty,Women and children to be taken captive,All of these,D
3506,Who is called Thani Ithnayn?,Hazrat Nuh (AS),Hazrat Abu Bakr (RA),Hazrat Yahya (AS),Hazrat Ibrahim (AS),B
3507,How many Surahs are there in the Qur'an?,120,115,99,114,D