Question_Number,Question,Option_A,Option_B,Option_C,Option_D,Correct_Answer
1,The severity of the 2005 Kashmir earthquake on the Richter scale was _________.,6.9,7.6,7.1,None of these,B
2,The national animal of Pakistan is the ____________.,Rabbit,Deer,Tiger,Markhor,D
3,The First Amendment to the Constitution of Pakistan was related to the __________.,Demarcation of the border of Pakistan,Declaration of Islam as a state religion,Both A and B,None of these,A
4,"The invader Amir Timur, also known as Tamerlane, reached Delhi in which year?",In 1399,In 1398,In 1412,In 1414,B
5,"After being deposed, Shah Jahan spent his last years under house arrest in which fort?",Red Fort,Agra Fort,Lahore Fort,Rohtas Fort,B
6,Jalal-ud-din Akbar was the son of _____________.,Nasir-ud-din Humayun,Shah Jahan,Jahangir,Babur,A
7,Who was the first Muslim king of India?,Muhammad Tughluq,Ibrahim Lodhi,Qutb-ud-din Aibak,Humayun,C
8,"The first US ambassador to Pakistan, Paul H. Alling, was appointed on:",on 10 August 1947,on 15 August 1947,on 20 September 1947,on 17 September 1947,C
9,ICT stands for _________.,Islamabad Capital Total,Islamabad City Tribes,Islamabad Capital Territory,Islamabad City Territory,C
10,Rohri is a city located in the district of:,"Lahore, Punjab","Sukkur, Sindh","Mardan, KPK",None of these,B
11,The Shakir Ali Museum is located in _________.,Lahore,Peshawar,Faisalabad,Islamabad,A
12,How many members were in the Simon Commission?,Five,Seven,Nine,Ten,B
13,When was Pakistan's first satellite Badr-I launched?,on 18 July 1990,on 1 June 1992,on 16 July 1990,on 12 July 1988,C
14,The first secretary of the All-India Khilafat Committee was _________.,Mohammad Ali Jauhar,Maulana Shaukat Ali,Maulana Hasrat Mohani,None of these,B
15,When did Taiwan separate from China?,1947,1949,1963,1977,B
16,State Bank of Pakistan was inaugurated on:,"on 17th August, 1947","on 14th December, 1947","on 10th January, 1948","on 1st July, 1948",D
17,The administrative headquarters of North Waziristan is __________.,Mir Ali,Datta Khel,Miranshah,Ghulam Khan,C
18,How is the President of Pakistan elected?,By the National Assembly,By the Senate,By Provincial Assemblies,"By the National Assembly, Senate, and Provincial Assemblies",D
19,Which is the second most beautiful capital in the world?,Paris,London,Bangkok,Islamabad,D
20,The Poona Pact was signed between Gandhi and which leader?,Jawaharlal Nehru,Dr. B. R. Ambedkar,Quaid-i-Azam,Maulana Azad,B
21,Who prepared the Nehru Report in the context of Delhi Proposal:,Jawaharlal Nehru,Motilal Nehru,Mahatma Gandhi,'Quaid-i-Azam,B
22,The M-8 Motorway runs from ________ to __________.,Ratodero to Karachi,Ratodero to Sukkur,Ratodero to Gwadar,None of these,C
23,The old city of Lahore had _______ gates.,9 gates,11 gates,13 gates,16 gates,C
24,Who becomes the acting President if the presidential seat becomes vacant in Pakistan?,The Chairman of the Senate,A person decided by the Federal Government,The Speaker of the National Assembly,A person chosen through polling in Parliament,A
25,The Aiwan-e-Sadr was completed in ____________.,In 1980,In 1988,In 1983,None of these,B
26,The Federal Public Service Commission (FPSC) is governed by the __________.,"FPSC Ordinance, 1977","FPSC Parliamentary Act, 1977","FPSC Ordinance, 1947","FPSC Act, 1926",A
27,Harappa near Sahiwal was the center of ______.,Greek civilization,Persian civilization,Muslim civilization,Indus Valley civilization,D
28,India is located on the _______ side of Pakistan.,North,West,East,South,C
29,Who was the first secretary-general of the Muslim League?,Nawab Mohsin-ul-Mulk,Sir Agha Khan,Maulana Muhammad Hussain Bilgrami,Syed Amir Ali,C
30,What is the length of the Pakistan-China border?,517 KM,579 KM,599 KM,617 KM,C
31,Mirani Dam is located on which river?,Bolan,Jhelum,Dasht,Hub,C
32,"In the Second Constituent Assembly elected in 1955, the Muslim League formed a coalition government with:",United Front,Noon Group,Independents,None of these,A
33,The first Population Census in Pakistan was conducted in:,in 1948,in 1950,in 1951,in 1953,C
34,The Arabian Sea lies in which direction of Pakistan?,North,West,South,None of these,C
35,Bradlaugh Hall has been the venue of some of the most important events in the history of Pakistan and India. In which city is it located?,Delhi,Dhaka,Shimla,Lahore,D
36,"The book 'Sawatiul Ilham', written by Abul Faid Faizi, is notable for what unique feature?",Written in Turkish,A critique of Akbar,"A poem of 60,000 couplets",Written without any dot,D
37,Pakistan became a member of the International Atomic Energy Agency (IAEA) in _________.,In 1949,In 1953,In 1957,In 1963,C
38,How many interim constitutions have been enforced in Pakistan's history?,1,2,3,4,C
39,Under whose Viceroyalty was the Vernacular Press Act passed in 1878?,Lord Lytton,Lord Lawrence,Lord Dalhousie,Lord Canning,A
40,The Jallianwala Bagh massacre in Amritsar took place on:,"on Apr 13, 19","on Apr 15, 19","on Apr 17, 19",None of these,A
41,What is the height of the Tirich Mir peak?,"7,708 m","7,350 m","7,870 m","7,140 m",A
42,When was the first session of the First Constituent Assembly of Pakistan held?,17386,17389,11-Aug-47,17393,B
43,In which year did the Supreme Court of Pakistan impose a ban on the Basant festival?,In 2004,In 2005,In 2007,In 2009,C
44,The national language of Pakistan is:,Urdu,English,Punjabi,None of these,A
45,Who made the August Offer?,Lord Linlithgow,Lord Wavell,Lord Irwin,None of these,A
46,"The ""Lahore Resolution"" was amended, and ""Pakistan"" was made an integral part of the League's objective, at the annual session of 1941 held in ___________.",Karachi,Lahore,Madras,None of these,C
47,India has constructed the Baglihar Dam on the __________ river.,Chenab,Indus,Sutlej,Jhelum,A
48,The first general elections in Pakistan were held in:,1950,1960,1970,1980,C
49,The first museum in Pakistan was established in Karachi on _________.,"On April 17, 1951","On April 17, 1950","On May 17, 1950","On April 25, 1950",B
50,How many points are included in the National Action Plan (NAP)?,10,15,20,30,C
51,Pakistan got the status of Test cricket playing nation in:,in 1952,in 1951,in 1953,in 1950,A
52,The largest lake in Jammu & Kashmir is __________.,Dal Lake,Nagin Lake,Wullar Lake,None of above,C
53,Who rejected the theory of composite nationalism advanced by the Indian National Congress?,Maulana Maududi,Allama Mashriqi,Hussain Ahmed Madni,Quaid-e-Azam,D
54,When did Pakistan conduct its first nuclear test?,1999,1998,1997,1996,B
55,Azad Kashmir Government was set up on:,"on 20th September, 1947","on 24th October, 1947","on 14th August, 1947",None of these,B
56,Which newspaper generally supported the Nehru Report?,Amrita Bazar Patrika,The Zamindar newspaper,The Hari newspaper,None,B
57,Ghazi Brotha Dam is located on which river?,Indus,Swat,Kabul,None of these,A
58,The total area cultivated in Pakistan is ________.,35 percent,45 percent,55 percent,25 percent,D
59,Satpara Lake is situated in _______.,Baltistan,Gilgit,Kaghan,Bolan Valley,A
60,Which Congress leader thought after the Lahore Resolution that partition was unavoidable?,Jawaharlal Nehru,Raj Gopal Acharya,Abdul Kalam Azad,Mahatma Gandhi,B
61,Tomb of Nur Jahan is located in:,Lahore,Kabul,Agra,Multan,A
62,When was the report of Simon Commission published?,"in May, 1930","in May, 1929","in June, 1929",None of these,A
63,In which city is the Military College of Engineering located?,Risalpur,Islamabad,Gujranwala,Sargodha,A
64,Which fund was established to counter the propaganda of the Indian National Congress post-1937 elections?,The Manshoor Fund,The Press and Propaganda Fund,The Dawn Fund and Trust,None of these,B
65,When does the Kharif crop season start and end?,from June to September,from October to May,from May to October,from January to October,C
66,Sindh was conquered by Muhammad bin Qasim in ____.,710 AD,711 AD,712 AD,None of these,C
67,India Wins Freedom was written by:,Nehru,Mountbatten,Abul Kalam Azad,None of above,C
68,The Lahore Resolution of 1940 is a landmark in Pakistan's history. What was the key demand presented in this resolution?,A demand for separate electorates for Muslims in a united India.,A proposal for a federal system with strong provincial autonomy within India.,The creation of independent states for Muslims in the North-Western and Eastern zones of India.,An immediate transfer of power from the British to the All-India Muslim League.,C
69,When were five districts separated from Punjab to form the North-West Frontier Province (NWFP)?,1901,1909,1932,1939,A
70,"In Pakistan's parliamentary system, the President is the ________.",Head of the State,Head of the Government,Head of the Parliament,None of these,A
71,"The ""Tiger of Mysore"" is called ____________.",Titu Mir,Nadir Shah,Tipu Sultan,None of these,C
72,The historical 'Purana Qila' near Delhi was constructed by which ruler?,Humayun,Babur,Akbar,Sher Shah Suri,D
73,The Objective Resolution was passed by the Constituent Assembly in:,on 7-Mar-49,on 12-Mar-49,on 23-Mar-49,None of these,B
74,The All Parties Conference regarding the freedom of India against British rule was made in:,1922,1924,1926,1928,D
75,"The Muslim League, Congress, and the Sikhs mutually agreed to which agreement with Lord Mountbatten?",Govt. of India Act 1935,Indian Independence Act 1947,Govt. of India Act 1919,Simla Agreement,B
76,"Who was nicknamed ""The Flying Horse""?",Asad Malik,Sami Ullah Khan,Jahangir Khan,None of these,B
77,When did the Constituent Assembly declare Urdu and Bengali as official languages?,on 3rd January 1954,on 23rd March 1956,on 25th February 1948,on 1st March 1962,A
78,Muhammad bin Qasim was recalled from his campaign by which Caliph in 715 AD?,Waleed bin Abdul Malik,Hisham bin Abdul Malik,Suleman bin Abdul Malik,Marwan II,C
79,Gomal Zam Dam is located in:,North Waziristan,Khyber Agency,South Waziristan,None of the above,C
80,The Government of India Act 1858 was passed on:,"on August 2, 1858","on September 2, 1858","on October 2, 1858","on November 2, 1858",A
81,What was the purpose of the Ilbert Bill introduced in 1883?,To increase British control,To give Indians and Europeans equal magistracy,To form the Indian National Congress,To abolish the British judiciary,B
82,Which regiment of the Pakistan Army has been awarded the maximum number of Nishan-e-Haider medals?,Baloch Regiment,The Punjab Regiment,Sindh Regiment,Frontier Force Regiment,B
83,Which one of the following is the oldest barrage on the Indus River?,Guddu Barrage,Sukkur Barrage,Ghulam Muhammad Barrage,Taunsa Barrage,B
84,"Before giving up singing, Junaid Jamshed was part of which music group?",Strings,Junoon,Vital Signs,Fuzon,C
85,Which was the first country to recognize Pakistan after its independence?,Egypt,Saudi Arabia,Indonesia,Iran,D
86,"How many members were in the first ""Constituent Assembly of Pakistan"" at its inception?",67,68,69,79,C
87,Balochistan has 7 divisions and ________ districts.,32,33,34,None of these,B
88,Why did the Simon Commission of 1927 fail?,It had no Indian members,Indians did not want a review of the Act of 1919,Its recommendation to abolish diarchy was rejected,None of these,A
89,Who was the governor of Sindh after Muhammad Bin Qasim?,Zaid bin Marwan,Yazid bin Muhallab,Abdullah bin Haris,None of these,D
90,The All India Muhammadan Educational Conference was established by:,Sir Syed Ahmad Khan,Allama Iqbal,Maulana Shaukat Ali,Syed Ahmad Shaheed,A
91,Sassi Punnu is a known legend of:,Punjabi,Sindhi,Pashto,Balochi,B
92,The University of Veterinary and Animal Sciences is located in _____________.,Lahore,Karachi,Hyderabad,Faisalabad,A
93,Mirpur Khas is famous for the cultivation of ___________.,Onions,Spinach,Mangoes,Potatoes,C
94,"When Abu ala Maududi was awarded death punishment by military court on"" Qadiani issue""?",In March 1953,In April 1953,In May 1953,None of these,C
95,Mughal emperor Akbar enforced Din-i-Ilahi in _____?,1580,1581,1582,None of these,C
96,Abdur Rahman Chughtai was famous in the field of:,Music,Painting,Construction,Science,B
97,"Minor crops, consisting of pulses, potatoes, onions, chilies, garlic, etc., account for approximately _______ of the value added in agriculture.",7 percent,10 percent,14 percent,18 percent,B
98,Where was the first central office of the Muslim League set up?,Kanpur,Aligarh,Lahore,Saharanpur,B
99,Where is the Kalash Valley located?,Khyber Pakhtunkhwa,Sindh,Balochistan,Punjab,A
100,"How many times has Pakistan won the ""Blind Cricket World Cup""?",0,1,2,3,C
101,The shortest-serving Governor in Sindh's history is _______.,Murad Ali Shah,Dr. Ishratul Ebad,Justice (R) Saeed-uz-Zaman Siddiqui,Khursheed Shah,C
102,Which crop is mostly cultivated on the soils of the Indus Delta?,Sugarcane,Rice,Maize,Beans,B
103,The Liaquat-Nehru Pact was announced at Delhi in:,in March 1950,in April 1950,in May 1950,in June 1950,B
104,Pakistan's first ambassador to the United States was:,M.A.H. Isphahani,Patras Bukhari,K.K. Aziz,None of these,A
105,___________ was the founder of the Slave dynasty.,Alauddin Khilji,Humayun,Qutubuddin Aibak,Aram Shah,C
106,The 1935 elections were held in how many provinces?,12,11,13,14,B
107,Silver fibre of Pakistan is __________.,Rice,Wheat,Cotton,Coal,C
108,"A British officer, recorded by ____________, noted in a gazette that no Muslim shall be given employment higher than that of a peon or junior clerk.",Majumdar,Hasan Isphani,Karamat Ali,None of these,B
109,Where did the Jallianwala Bagh tragedy take place?,Malabar,Amritsar,Lucknow,Madras,B
110,When did nationalization of industries and educational institutions take place in Pakistan?,in 1972,in 1971,in 1975,in 1977,A
111,The foundation stone of Quaid's Mausoleum was laid by?,Iskandar Mirza,Yahya Khan,Ayub Khan,Liaquat Ali Khan,C
112,In which year was Majlis-e-Shoora announced by Zia-ul-Haq?,in 1983,in 1981,in 1980,in 1988,B
113,Who succeeded Qutbuddin Aibak as the second sultan of the Slave dynasty?,Iltutmish,Aram Shah,Razia Sultana,Balban,B
114,The Battle of Plassey was fought in:,1657,1757,1857,1957,B
115,Which Tughluq ruler founded the fortified city of Tughluqabad?,Muhammad bin Tughluq,Firuz Shah Tughluq,Ghiyasuddin Tughluq,Nasiruddin Mahmud Shah,C
116,Constitutional accord was signed on:,in October 1972,in March 1972,in August 1972,in December 1972,A
117,What is the approximate length of the Durand Line?,2000 km,2252 km,1500 km,3000 km,B
118,The Lahore Resolution was supported from Sindh Province by:,G. M. Syed,Ayub Khuhro,Sir Abdullah Haroon,Pir Ilahi Bux,C
119,Which is the largest thermal power station in Pakistan?,Lakhra Thermal Power Station,Guddu Thermal Power Station,Jamshoro Thermal Power Station,Muzaffargarh Power Station,B
120,Who was the first President of the All-India Muslim League?,Sir Aga Khan,Nawab Waqar-ul-Mulk,Nawab Salimullah Khan,None of them,A
121,"The largest mosque in Pakistan, located in Islamabad, is called _________.",Shah Faisal Mosque,Badshahi Mosque,Garrison Mosque,None of them,A
122,Which newspaper did Maulana Muhammad Ali Johar issue in 1913?,Al-Hilal,The Comrade,Hamdard,Dawn,C
123,What percentage of the total area of Pakistan is covered with forests?,0.071,0.049,0.062,0.07,B
124,Which is the largest canal in Pakistan?,Rohri Canal,Nara Canal,Kirthar Canal,Dadu Canal,B
125,The Noor Mahal is located in ___________.,Bahawalpur,Multan,Khairpur,Sukkur,A
126,Ayub National Park is situated in _________.,Rawalpindi,Murree,ICT,None of them,A
127,Which Mughal king was a contemporary of Queen Elizabeth I of the UK?,Shah Jahan,Akbar,Jahangir,None of these,B
128,Who had the shortest tenure as president of Pakistan?,Iskander Mirza,Zulfikar Ali Bhutto,Fazal Ilahi Chaudhry,Muhammad Rafiq Tarar,B
129,What is the length of the M-8 Motorway (Ratodero-Gwadar)?,860 km,885 km,892 km,915 km,C
130,What is the main dispute between Pakistan and India?,Water,Border,Kashmir,None of these,C
131,Muhammad bin Tughluq died in ________.,In 1350 AD,In 1351 AD,In 1352 AD,In 1353 AD,B
132,The desert found in the province of Punjab is _________.,Sahara,Thar,Thal,Khara,C
133,When was Shah Wali Ullah born?,1700,1703,1707,None of these,B
134,Satyagraha was started by:,Jawaharlal Nehru,Jiv Shankar,Anil Shetty,Mohandas Karamchand Gandhi,D
135,When did Allama Iqbal become a member of the Punjab Legislative Council?,In 1925,In 1926,In 1927,In 1928,B
136,Bara Bagh Cemetery is located at:,Punjab,Sindh,KPK,Balochistan,D
137,Which country helped Pakistan to build the JF-17 Thunder?,U.S.A.,Russia,Canada,China,D
138,Which area has the biggest deposit of iron ore in Pakistan?,Koh-i-Sultan,Koh-i-Sulaiman,Kalabagh,Chitral,C
139,"In 1917, the Kheiri Brothers suggested a plan for the partition of India at the Socialist International conference held in __________.",Sweden,Netherlands,England,None,A
140,In which province or provinces were the first offices of the provincial ombudsman created?,Punjab,Sindh,Both of them,None of them,C
141,"In 1985, a Pakistani became the Secretary-General of the OIC. His name was:",Muneer Akram,Sharif ud Din Peerzada,Yaqub A. Khan,S.M. Zafar,B
142,Tipu Sultan had diplomatic relations with which French King?,Napoleon,Charles,Henry II,None of these,A
143,Which is the 5th most populous country in the world?,India,Pakistan,Brazil,None of them,B
144,"Who is the author of the book ""Struggle for Pakistan""?",Ayesha Jalal,K. K. Aziz,Shahid Rafique,None of these,A
145,Anjuman Himayat-e-Islam was founded in:,1899,1884,1895,1900,B
146,"The Famous Book ""The Daughter of the East"" is written by:",Benazir Bhutto,Ayesha Jalal,G Alana,K.K. Aziz,A
147,When was Muhammad Ali Jinnah called to the Bar?,"April 29, 1896","December 25, 1876","March 27, 1898","November 9, 1877",A
148,What was a major provision of the Morley-Minto Reforms of 1909?,The partition of Bengal,A separate electorate for Muslims,Limited suffrage for Indians,No representation for Indians in the Imperial Council,B
149,"""Sassi Punnhun"" is a love story of:",Siraiki,Punjabi,Sindhi,Pushto,C
150,How many gold medals did Pakistan win in the Commonwealth Games 2010 held in India?,1,2,3,4,B
151,The Aligarh Movement was started by?,Sir Syed Ahmad Khan,Syed Amir Ali,Altaf Hussain Hali,None of these,A
152,The Indus Valley Civilization was spread over ____________.,"Punjab, Sindh, Balochistan, and Afghanistan",Along the Indus River,"Punjab, Sindh, Bihar, Rajasthan, and Gujarat","Sindh, Punjab, Jammu and Kashmir, U.P., Rajasthan, and Gujarat",D
153,Simly Dam Lake is located near ________.,Mirpur,Attock,Islamabad,Hassan Abdal,C
154,"Under the ""Treaty of Allahabad,"" Shah Alam II got the districts of Kora & Allahabad and was also given an annual pension of 2.6 million rupees; in return for this favor, which areas were given to the British by Shah Alam?",Diwani of Bengal,Bihar,Orissa,All of these,D
155,Who was the first commissioner of Sindh?,M.A. Khuro,Charles Napier,Feroz Khan Noon,Ch. Ghulam Hussain,B
156,"The Kargha Buddha, a unique archaeological site, is located near ___________.",Gilgit,Thar,Cholistan,Umerkot,A
157,The Durand Line marks the border between ____.,Pakistan-Iran,Pakistan-China,Pakistan-Afghanistan,None of these,C
158,With which country did Pakistan sign a nuclear cooperation pact in 1986?,USA,Iran,China,USSR,C
159,The Act of 1935 consisted of how many sections?,280,300,321,355,C
160,The headquarters of the Pakistan Air Force is located in _________.,Islamabad,Rawalpindi,Peshawar,Karachi,A
161,Which US Ambassador died with General Zia-ul-Haq in the 1988 plane crash?,Arnold Raphel,James M. Langley,John M. Cabot,None of these,A
162,A Case of Exploding Mangoes is a comic novel written by which Pakistani writer?,K.K. Aziz,Altaf Gohar,Muhammad Hanif,None of these,C
163,Muhammad Tughluq shifted his capital from Delhi to ___________.,Lahore,Calcutta,Bombay,Daulatabad,D
164,The Badshahi Mosque in Lahore was built by Emperor ________ in 1673.,Akbar,Aurangzeb,Mahabat Khan,Shah Jahan,B
165,Mohsin Hamid is famous in which field?,English Fiction Writing,Weight Lifting,Athletics,Cricket,A
166,In which constitution was bicameralism introduced?,1956,1962,1973,None of these,C
167,______ is considered the engineering hub of Pakistan?,Lahore,Gujranwala,Sialkot,None of these,B
168,The longest railway platform in Pakistan is at _________.,Lahore Station,Karachi Station,Rohri Station,None of the Above,C
169,"Mohenjo-daro is a 4,500-year-old city of the ____________.",Taxila Civilization,Indus Valley Civilization,Both of them,None of them,B
170,Kunar River is also known as:,Swat River,Kabul River,Chitral River,Zhob River,C
171,Pakistan declared Islam as its state religion in:,1956,1962,1973,None of these,A
172,Tehzeeb-ul-Ikhlaq' is a journal written by:,Sir Syed Ahmad Khan,Shah Wali Ullah,Abul Kalam Azad,None of these,A
173,When Zulfikar Ali Bhutto lifted martial law and introduced a provisional constitution?,"On April 30, 1972","On April 20, 1972","On April 21, 1972",None of these,C
174,Abu-al-Fath Daud was the Ismaili ruler of __________.,Lahore,Multan,Sindh,Depalpur,B
175,The Brahmo Samaj was founded by __________.,Mahatma Gandhi,Raja Ram Mohan Roy,Sardar Patel,None of these,B
176,The Chairman of the National Accountability Bureau (NAB) is appointed by ____________.,The President,The Prime Minister,The Chief Justice,The Army Chief,A
177,The __________ Motorway connects the cities of Hyderabad and Karachi in the Sindh province.,M-1 Motorway,M-4 Motorway,M-5 Motorway,M-9 Motorway,D
178,"The city founded by Alexander in his horse's name, Bucephala, is now known as?",Uch Sharif,Pella,Phalia,Arore,C
179,Dr. Abdul Qadeer Khan did his Ph.D. from Leuven University of:,Holland,Austria,Hungary,Belgium,D
180,Who presided over the founding meeting of the AIML?,Nawab Salimullah Khan,Nawab Viqar-ul-Mulk,Sir Agha Khan,Maulana Muhammad Ali Johar,C
181,The Central Business District Development Authority built in Lahore at:,DHA Sector,Walton Road,Kot Lakhpat,None of these,B
182,A census in Pakistan is held after how many years?,5 years,10 years,15 years,3 years,B
183,The Muslim League delegation at the Simla Conference included:,Jinnah and Liaquat,Liaquat and Nazimuddin,Jinnah and Nazimuddin,"Jinnah, Liaquat, and Nazimuddin",D
184,Who was appointed the first secretary of the Board of Trustees of Aligarh College?,Syed Mahmud,Sir Syed Ahmad Khan,Hakeem Ajmal Khan,Nawab Viqar-ul-Mulk,B
185,EBDO was promulgated by Ayub Khan in 1959. What does EBDO stand for?,Elective Bodies Disqualification Order,Electoral Bodies Dissolution Order,Electoral Boundaries Delimitation Order,Elected Basic Democrats Order,A
186,"According to ______, Selfhood (Khudi) and Will are the fundamental realities of the universe.",Shah Waliullah,Allama Iqbal,Ibn-e-Khaldun,None of these,B
187,The Karachi Nuclear Power Plant (KANUPP) was built with the help of ________.,Canada,China,France,Germany,A
188,The emergence and development of Gwadar port has primarily promoted _____________.,Rural-urban migration,Urban-urban migration,Both A and B,None of these,B
189,When did Quaid-e-Azam return to India to reorganize the Muslim League?,in 1934,in 1935,in 1936,in 1937,D
190,The Indus Basin Treaty of 1960 between Pakistan and India is related to the ____ problem.,Border,Water,Refugees,None of these,B
191,In which year were the first general elections held under the 1973 Constitution?,in 1976,in 1977,in 1978,in 1975,B
192,The Pakistan National Movement was launched from England in 1933 by whom?,Maulana Muhammad Ali Johar,Syed Ameer Ali,Chaudhry Rehmat Ali,Allama Iqbal,C
193,The Elite Force Punjab was formed in_____________.,In 2001,In 1999,In 1998,In 2002,C
194,The Cabinet Mission came to India in the year:,1941,1943,1946,1947,C
195,When did Al-Biruni come to India?,In 1005,In 1016,In 1017,In 1018,C
196,The book Khutbat-e-Ahmadiyya was written by:,Sir Syed Ahmad Khan,Shah Waliullah,Altaf Hussain Hali,None of these,A
197,Muhammad Khan Junejo became Prime Minister of Pakistan in:,1985,1986,1987,1988,A
198,Faiz Ahmad Faiz was arrested in the Rawalpindi Conspiracy Case in:,1951,1952,1953,None of these,A
199,The first battle of Panipat was fought between ________.,Babur and Ibrahim Lodhi,Humayun and Sher Shah Suri,Akbar and Hemu,None of these,A
200,"In the 1973 constitution, what number of seats in the Senate was initially set?",45 seats,63 seats,87 seats,100 seats,D
201,The Badshahi Mosque of Lahore was built by Aurangzeb in ________.,In 1532,In 1630,In 1631,In 1673,D
202,The first published Urdu book is considered to be ________.,Pir-e-Kamil',Dah Majlis',Aab-e-Hayat',None of these,B
203,Mast Tawakali is the greatest Sufi poet of __________ language.,Sindhi,Saraiki,Balochi,Punjabi,C
204,The pivot point of Pakistan's foreign policy is:,Defense,Kashmir,Trade and Commerce,All of these,D
205,Zia-ul-Haq dismissed the government of Muhammad Khan Junejo in:,1982,1985,1988,None of these,C
206,The University of the Punjab in Lahore was established in _________.,In 1947,In 1905,In 1882,In 1884,C
207,The Shah Jahan Mosque is located in __________.,Thatta,Jacobabad,Sibi,Larkana,A
208,Which was the first country to recognize Pakistan as an independent state?,Iran,Türkiye,Afghanistan,Saudi Arabia,A
209,"According to past reports, approximately how many executioners were employed in Pakistan's jails?",3,5,7,9,A
210,"Which city of Pakistan is called ""Mini England""?",Chakswari,Dhirkot,Muzaffarabad,Mirpur,D
211,The Delhi proposals were presented by Quaid-e-Azam on:,on 15 January 1926,on 20 March 1927,on 10 May 1928,on 30 December 1929,B
212,The high culture of the Mughal court was overwhelmingly influenced by _________ traditions.,Central Asian,Arabian,Persian,None of these,A
213,Who was the first ruler of the Slave Dynasty?,Sultan Ghouri,Qutubuddin Aibak,Balban,None of these,B
214,What percentage of Kashmir is under the control of India?,0.25,0.35,0.45,0.55,D
215,The 'Pakistan Resolution 1940' was seconded from Sindh by:,Syed Zakir Ali,I.I. Chundrigar,Nawab Muhammad Ismail,Sir Abdullah Haroon,D
216,"The Battle of Plassey was fought on June 23, 1757, between the forces of Lord Clive and which ruler of Bengal?",Nawab Siraj-ud-Daula,Mir Jaffar,Muhammad Shah,Mir Qasim,A
217,Who murdered Sultan Jalaluddin Khalji to capture the throne of Delhi in 1296?,Alauddin,Kaimurs,Kaiqabad,Mubarak Khan,A
218,Which is one of the dominant sources of foreign exchange earnings for Pakistan?,Cement,Agriculture,The Textile Industry,Manufacturing,B
219,When was Liaquat Ali Khan assassinated in Rawalpindi?,"on 16 August, 1951","on 16 September, 1951","on 16 October, 1951","on 16 November, 1951",C
220,The Mughal king Babur originally came to India from ________.,Fergana,Khiva,Kabul,Seistan,A
221,Who was the founder of the Khilji Dynasty?,Alauddin Khilji,Jalaluddin Khilji,Rehmat Ullah Khilji,Feroz Khan Khilji,B
222,How many Muslims were members of the Nehru Commission?,One,Two,Three,None,B
223,The voter turnout was _______ percent in the 1993 general elections.,40.3,45.5,50.1,55.2,A
224,__________ was the first Commander-in-Chief of the Pakistan Navy.,Vice Admiral Haji Muhammad Siddique,Vice Admiral Afzal Rehman Khan,Rear Admiral James Wilfred Jefford,Admiral Zafar Mahmood Abbasi,C
225,Alexander founded the city Alexandria on the Indus at the junction of the Indus and which other river?ss,Hydaspes,Jhelum,Ravi,Acesines,D
226,"In which year was the Islamic scholar Sheikh Ahmad, known as Mujaddid Alf Sani, born in Sirhind?",In 1542,In 1556,In 1564,In 1582,C
227,Who introduced the Khaksar Movement?,Allama Iqbal,Allama Inayatullah Mashriqi,Maulana Muhammad Ali Johar,Ghazi Mustafa Kamal Pasha,B
228,The real name of Sultan Ghiyasuddin Balban was ____?,Ali Gurshasp,Ulugh Khan,Baha-ud-Din,Malik Firuz,C
229,Sir Abdullah Hussain Haroon belonged to:,Sindh,Balochistan,Kashmir,Punjab,A
230,"If there were one hundred Gandhis and two hundred Abdul Kalam Azads with the Muslim League but only one Muhammad Ali Jinnah with the Congress, India would have never been divided. Who said this?",Hector Bolitho,Sarojini Naidu,Vijayalakshmi Pandit,Penderel Moon,C
231,Which city was the central point of agitation against the Partition of Bengal?,Calcutta,Hyderabad,Lahore,Dhaka,B
232,Which city of Sindh is called the 'City of Mangoes'?,Sanghar,Mirpurkhas,Larkana,Hyderabad,D
233,India and Pakistan formed separate independent dominions on ____________.,"On August 10, 1947","On August 11, 1947","On August 12, 1947","On August 14, 1947",D
234,"Who was the son of Shah Waliullah, credited with the first translation of the Holy Quran into Urdu?",Shah Abdul Aziz,Shah Abdul Rahim,Qutbuddin Ahmad,Shah Ismail,A
235,How many police ranges are in KPK?,7,4,8,3,C
236,Which movement started in Bengal?,Quit India Movement,Non-Cooperation Movement,Khilafat Movement,None of these,D
237,"As per the Government of Indian Act 1858, the transfer of the control of the Government of Indian from the East Indian Company and assumption by the Crown was to be announced by Queen's Proclamation, which was accordingly read in a Darbar. Where",Calcuta,Delhi,Allahabad,None of these,C
238,What is the height of Broad Peak?,"8,126 meters","8,092 meters","8,075 meters","8,051 meters",D
239,"After the Lucknow Pact, who was given the title of ""Ambassador of Hindu-Muslim Unity""?",Mahatma Gandhi,Maulana Abul Kalam Azad,Muhammad Ali Jinnah,Sir Agha Khan,C
240,What was the real name of Sher Shah Suri?,Farid Khan,Hasan Sur,Todar Mal,Nizam Khan,A
241,Who was the first Viceroy of the subcontinent?,Lord Dalhousie,Lord Canning,Lord Mountbatten,Lord Curzon,B
242,Pakistan's strategic location is important for the:,Region,South Asia,World,None of these,C
243,Anjuman-e-Himayat Islami was established in?,in 1881,in 1885,in 1884,None of these,C
244,"History written by the Father of History, Herodotus, was on:",War,Society,Politics,None of these,A
245,Mirza Ghalib was born in:,Hafizabad,Delhi,Gujrat,Agra,D
246,The first international flight of PIA was taken on:,on 25 May 1953,on 7 June 1953,on 1 February 1955,on 17 June 1956,C
247,A total of __________ amendments to the 1973 Constitution have been passed by the Parliament.,21,23,25,26,D
248,What type of education was provided at MAO High School?,Western,Eastern,Modern,Modern & Eastern,D
249,Who proposed the named the All India Muslim League?,Nawab Saleem Ullah Khan,Maulana Ali Jauhar,Mohsin-ul-Mulk,Waqar-ul-Mulk,A
250,When were the Delhi Proposals presented?,1919,1922,1924,1927,D
251,Who was one of the founders of Nadwatul Ulema?,Maulana Maududi,Maulana Shibli Nomani,Allama Iqbal,Maulana Mahmood-ul-Hasan,B
252,When did the Jallianwala Bagh massacre take place?,7007,7043,16-Aug-46,7296,B
253,Who gave the Doctrine of Lapse in 1848?,Lord Wellesley,Lord Dalhousie,Lord Canning,Lord Linlithgow,B
254,The Southern Zone Agricultural Research Centre is located in ________.,Karachi,Jamshoro,Thatta,Faisalabad,B
255,Pakistan won the ICC World Cup (One Day) in 1992. It was the __________ ICC World Cup tournament.,5th,6th,7th,8th,A
256,What is the other name of the Mohammad Ali Bogra Formula?,New Law of Pakistan,Pakistan Report,Third Report,Constitutional Formula,D
257,In which year did Mohtarma Fatima Jinnah contest the presidential election?,In 1960,In 1962,In 1967,In 1965,D
258,The Edhi Foundation has the world's largest:,Volunteer Community,Medical Facility,Food Kitchens,Ambulance Service,D
259,Who was the first and only Vice President of Pakistan?,Nur-ul-Amin,Quaid-e-Azam,Liaquat Ali Khan,None of them,A
260,In which year was television started in Pakistan?,in 1961,in 1962,in 1963,in 1964,D
261,Sachal Sarmast was a famous poet of which language?,Baluchi,Punjabi,Sindhi,Kashmiri,C
262,In which year did the Kargil conflict take place between India and Pakistan?,1998,1999,2000,2001,B
263,In which year did the Muslim League change its objective to include the acquisition of a new independent state?,in 1906,in 1913,in 1929,in 1940,B
264,Which is not a Pakistani actor?,Muhammad Ali,Nawazuddin Siddiqui,Waheed Murad,None of these,B
266,The Wall of Knowledge was built in which city:,Islamabad,Karachi,Lahore,None of these,B
267,Who was the ruler of District Dir at the time of Independence?,Shah Jehan,Wali Khan,Nawab Shah Jehan Khan,Akbar,C
268,Which leader was elected as President of the All-India Khilafat Conference held in Delhi in 1919?,Mahatma Gandhi,Shaukat Ali,M. A. Jinnah,None of these,A
269,FPSC was termed according to which set:,Govt. India Act 1935,Constitution 1956,Constitution 1962,None of above,A
270,Murree was constructed in 1853 at:,Sunny Bank,Nathiagali,Sher Bangala,None of these,A
271,The river Jhelum and Chenab meet at:,Head Balloki,Head Punjnad,Head Trimmu,None of these,C
272,The Political Parties Act was passed by Ayub Government in:,1960,1962,1963,1964,B
273,What is the old name of Port Qasim?,Neroon Kot,Pipri,Debal,Dahir Kot,B
274,Shah Wali Ullah wrote how many books?,45,50,51,55,C
275,The site of Harappa is located in which province?,Punjab,Sind,KPK,Balochistan,A
276,National predator of Pakistan is __________.,Lion,Snow Bear,Snow Leopard,All of these,C
277,Where is fire clay found in Pakistan?,Hunza,Chitral,Padhrar (Salt Range),Margalla hills,C
278,How many rivers are present in Pakistan?,20,22,23,24,D
279,How much did agriculture account for the GDP of Pakistan in 1947?,35 percent,53 percent,60 percent,None of the Above,B
280,Where was Sir Syed Ahmed Khan born on 17 October 1817?,Lucknow,Bijnor,Delhi,Rampur,C
281,The length of the Gwadar Motorway (M-8) is __________.,605 km,892 km,933 km,"1,105 km",B
282,The members of the Constituent Assembly were increased from the original number of 69 to:,79,89,99,100,A
283,"The proposed Bunji Hydropower project would be the largest in Pakistan, with an installed capacity of ________.","7,100 MW","6,100 MW","5,100 MW","4,100 MW",A
284,The First Round Table Conference was held in:,1930,1929,1932,None of these,A
285,NACTA was established under the Ministry of Interior in 2008 to curb:,Robbery,Terrorism,Social crime,Land grabbers,B
286,Indus civilization developed around ____________.,2800 BC,2900 BC,3000 BC,3100 BC,C
287,Who started the Khilafat Movement in 1919?,Gandhi,Ali Brothers,Jinnah,Maulana Maududi,B
288,The national insignia of Pakistan is __________.,Deodar,Indus Dolphin,Crescent and Star,None of above,C
289,Where is the Katpana Cold Desert located?,"Harbin, China","Skardu, Pakistan","Dras, India","Sydney, Australia",B
290,The Indo-Pak war of 1965 lasted for _________.,17 days,27 days,37 days,47 days,A
291,Which is the highest peak of the Koh-e-Sufaid Range?,Sakaser,Mount Sikaram,Broad Peak,Nanga Parbat,B
292,"The book, 'The Emergence of Pakistan', was written by ______________.",Chaudhri Muhammad Ali,Chaudhry Najib,K. K. Aziz,Ayesha Jalal,A
293,When did Pakistan start full diplomatic relations with Bangladesh?,1971,1974,1977,None of these,B
294,Baloch Culture Day is celebrated by the Baloch people annually on:,on 2nd March,on 3rd March,on 4th March,on 5th March,A
295,The first Chairman of the Senate was?,Tasleem Aslam,Habib Ullah Khan,Shahida Jamil,None of these,B
296,The 'Treaty of Friendship' was signed in 1951 between Pakistan and which country?,Afghanistan,Iran,Saudi Arabia,China,B
297,The National Flag of Pakistan was designed by ______.,Amir-uddin Kidwai,Hafeez Jalandhri,Ahmed Ghulam Ali Chagla,None of the Above,A
298,When did Liaquat Ali Khan visit the USA?,in 1950,in 1951,in 1952,in 1949,B
299,Who convened the 1906 meeting in Dhaka where the All-India Muslim League was formed?,Nawab Khwaja Salimullah,Allama Iqbal,Quaid-e-Azam,Sir Aga Khan,A
300,Which bank provided the first loan in millions to the government of Pakistan at the time of independence?,UBL,HBL,National Bank,MCB,B
301,On which river is Guddu Barrage built?,Indus,Chenab,Jhelum,None of these,A
302,Tipu Sultan embraced martyrdom in?,1799,1821,1789,None of these,A
303,The famous figure of a dancing girl found in the excavations of Harappa was made up of __________.,Terracotta,Steatite,Bronze,Red limestone,C
304,Who was the leader of the Muslim League delegation in the first Round Table Conference?,Muhammad Ali Jinnah,Sir Agha Khan,Allama Iqbal,Maulana Muhammad Ali Jauhar,B
305,How many times did Mahmud of Ghazni attack India:,13 times,15 times,17 times,None of these,C
306,Zulfiqar Ali Bhutto became _______ of Pakistan after Yahya Khan.,Prime Minister,Martial Law Administrator,President,None of these,B
307,Who was the 1st Caretaker Prime Minister of Pakistan?,Balakh Sher Mazari,Moeenuddin Ahmad Qureshi,Mir Hazar Khan Khoso,Ghulam Mustafa Jatoi,D
308,Shafqat Amanat Ali belongs to which of the following musical families?,Patiala family,Senia family,Qawwal family,Talwandi family,A
309,Sir John Marshall ordered the digging of Mohenjo-Daro in:,in 1920,in 1921,in 1922,in 1923,C
310,Sindhu Muhinje Saah Mein' is a famous book of Sindhi literature written by __________.,G.M. Syed,Amar Jaleel,Sheikh Ayaz,Ustad Bukhari,B
311,Pakistan's Citizenship Act of ________ guarantees citizenship to anyone born in the country.,In 1948,In 1949,In 1951,In 1955,C
312,Bosnia signed a deal with Pakistan to send back migrants in ________?,in Nov-20,in Oct-21,in Sep-21,None of these,A
313,When was the Liaquat-Nehru Pact between India and Pakistan signed?,in April 1950,in May 1949,in March 1951,in June 1948,A
314,What is the length of the common border between Pakistan and Afghanistan?,"2,252 km","2,282 km","2,350 km","2,430 km",D
315,Friday declared as half working day on,on 15th Aug 1947,on 20th Aug 1947,on 22nd Aug 1947,on 25th Aug 1947,C
316,Who was the first president of the Indian National Congress?,Dadabhai Naoroji,Womesh Chunder Bonnerjee,Allan Octavian Hume,Badruddin Tayyabji,B
317,PM Liaquat Ali Khan was assassinated on:,on 16 October 1951,on 14 October 1952,on 16 September 1951,None of these,A
318,"In the interim government of 1946, the Ministry of Finance was placed under ___________.",Asaf Ali,Liaquat Ali Khan,Jagjivan Ram,Ghazanfar Ali Khan,B
319,Who is the author of the book 'We Have Learnt Nothing From History'?,Hassan Askari Rizvi,Air Marshal M. Asghar Khan,Ayesha Siddiqa,Mushahid Hussain Syed,B
320,When was the first denationalization of a bank (MCB) carried out?,in January 1993,in January 1989,in January 1992,in January 1991,D
321,The British Parliament announced the Independence Act on:,on 14 July 1947,on 15 July 1947,on 18 July 1947,None of these,C
322,"The ""Indian Independence Act"" was enforced on _______.","On July 18, 1947","On August 21, 1947","On August 14, 1947","On August 16, 1947",C
323,Mountbatten addressed the Constituent Assembly of Pakistan on:,on 13 August 1947,on 14 Aug 1947,on 15 August 1947,on 16 August 1947,B
324,Who created the Utility Stores Corporation of Pakistan (Private) Limited?,Ayub Khan,Yahya Khan,Zulfikar Ali Bhutto,Zia-ul-Haq,C
325,Which Muslim-majority area was given to India to allegedly provide access to Kashmir?,Ferozpur,Gurdaspur,Makrai,None of these,B
326,Quaid-e-Azam Muhammad Ali Jinnah left Congress in:,1919,1920,1921,1922,B
327,Salwan Kot is the old name of ________.,Quetta,Multan,Lahore,Sialkot,D
328,Out of how many total provincial seats were the 1937 elections held?,711,1200,1585,1000,C
329,"At the time of Partition, the Nizam's State of Hyderabad had acceded to:",India,Pakistan,Became independent,None of these,C
330,Who elects the Chairman and Deputy Chairman of the Senate from the members of the Senate?,Senators and MPAs,Senators and MNAs,Members of the National Assembly,Senators,D
331,Who was assigned the responsibility of heading the Boundary Commissions at the time of partition?,A. V. Alexander,Sir Cyril Radcliffe,Sir Stafford Cripps,Lord Minto,B
332,What is the length of Indus River from Himalaya to Arabian Sea?,1980 kms,1980 miles,1200 miles,2000 miles,B
333,When did Pakistan re-enter the Commonwealth?,in 1991,in 1988,in 1989,in 1990,C
334,"Begum Hazrat Mahal, who fought during the War of Independence 1857 against the British, was the ________.",Queen of Jhansi,Ruler of Jodhpur,Begum of Nizam of Hyderabad,Begum of Awadh,D
335,The concept of 'Mard-e-Momin' (The Perfect Man) is associated with ________.,Shah Waliullah,Allama Iqbal,Ibn-e-Khaldun,None of these,B
336,PRODA (Public and Representative Offices Disqualification Act) was passed in:,1949,1950,1951,1952,A
337,How many members were in the Simla Deputation?,30,35,40,None of these,B
338,Which dam is situated on the Haro River?,Khanpur,Mangla,Tanda,None of these,A
339,The Jammu Kashmir Liberation Front wants to get independence from:,India,Pakistan,Both India and Pakistan,None of these,C
340,Who was the first martyr of Pakistan?,Liaquat Ali Khan,Allama Iqbal,Ghulam Muhammad,Khuwaja Mohd Sharif of Ludhiana,D
341,Who is the owner of 'Nishat Group of Industries?,Malik Riaz,Mian Mansha,Yahya Bukhari,None of these,B
342,Who founded Sindh Madrassah-tul-Islam?,Qazi Hameed-ud-Din,Hassan Ali Affandi,Maulana Shibli Nomani,Syed Ahmad Khan,B
343,The Chairman of the Council of Common Interests is the:,President,Chief Justice of Pakistan,Prime Minister,Attorney General,C
344,"As of 2025, who is the Ambassador of Pakistan to China?",Riaz Khokhar,Salman Bashir,Khalil Hashmi,Masood Khan,C
345,Who was the first Chief Minister of Punjab?,Mian Mumtaz Daultana,Iftikhar Hussain Mamdot,Feroz Khan Noon,Nawab of Kalabagh,B
346,"Under the 1973 Constituent of the statesman, who was sworn In as President of Pakistan?",Z.A Bhutto,Ghulam Ishaq Khan,Fazal Elahi,None of these,C
347,The function of the State Bank of Pakistan is?,Inflation control,Lending business,Implementing monetary policy,None of these,C
348,How many divisions are in Punjab Province as of early 2024?,Eight,Nine,Ten,Eleven,D
349,What was the number of the latest edition of PSL in 2021?,Six,Seven,Fourth,None of these,A
350,The Indian Councils Act (Minto-Morley Reforms) was enacted into law in:,1909,1910,1911,1912,A
351,The educational institution Madrassah Rahimiya in Delhi was run by whom?,Qutbuddin Ahmad,Shah Abdul Rahim,Nizam-ul-Mulk,Shah Waliullah,B
352,Who was the Prime Minister of Pakistan at the time of the nuclear bomb tests?,Benazir Bhutto,Nawaz Sharif,Pervez Musharraf,Zulfikar Ali Bhutto,B
353,The largest coal reserves in Pakistan are found in ___________.,Thar,Karachi,Thal,Thatta,A
354,The Pakistan Men's Hockey Team has won the Asian Games gold medal ____ times.,five,four,nine,eight,D
355,"From 1858 until about 1870, nearly all British politicians and authors blamed the Muslims for __________.",Disloyalty,Demanding independence,Their leadership,None of these,A
356,Khyber is a ____.,Largest stadium,Famous building,Pass,None of these,C
357,Prime Minister Liaquat Ali Khan was assassinated in which city:,Lahore,Rawalpindi,Karachi,None of these,B
358,What was the real name of Shah Waliullah?,Qutb-ud-Din Ahmed Faruqi,Qutb-ud-Din Ahmed Siddiqui,Qutb-ud-Din Ahmed Syed,None of these,A
359,Kharif crops include _________.,Rice and Sugarcane,Cotton and maize,Bajra and Jawar,All of them,D
360,Who led the forces of the East India Company to victory in the Battle of Buxar?,Lord Clive,Sir Thomas Roe,Warren Hastings,Hector Munro,D
361,Working with Zia was written by:,Justice Muneer Ahmad,Khalid Mehmood Arif,Syed Shahid Hussain,None of these,B
362,Who delivered the Allahabad Address?,Allama Iqbal,Quaid-e-Azam,Liaquat Ali Khan,None of these,A
363,National Assembly adopted the 26th Constitutional (Amendment) Bill 2019 on _______?,on May 07,on May 09,on May 11,on May 13,D
364,Which is the biggest mosque in Pakistan?,"Jamia Mosque, Karachi","Chandni Mosque, Peshawar","Shahi Mosque, Lahore","Faisal Mosque, Islamabad",D
365,Who strongly opposed the Nehru Report?,Mahatma Gandhi,Jawaharlal Nehru,Muhammad Ali Jinnah,Lord Irwin,C
366,The post of Chairman Joint Chiefs of Staff was created in which year?,in 1977,in 1976,in 1978,in 1975,B
367,The fifth national census in Pakistan was held in __________.,In 1978,In 1988,In 1998,In 2000,C
368,What was the title of the pamphlet published by Chaudhry Rehmat Ali in 1933?,India First,"'""Now or Never""",Pakistan Manifesto,The Millat and Menace of Indianism,B
369,"Name the Mughal emperors who left a legacy of magnificent mosques, palaces, forts and gardens embellished with luxurious and delicate decorations.",Jahangir,Shah Jahan,Aurangzeb,Hamayun,B
370,Sachal Sarmast was the poet of:,Punjabi,Pashto,Sindhi,None of these,C
371,Who prepared the points for the Simla Deputation?,Sir Agha Khan,Nawab Mohsin-ul-Mulak,Nawab Salimullah Khan,Allama Iqbal,B
372,The British Prime Minister Ramsay MacDonald announced the Communal Award in 1932 at the end of the:,First Round Table Conference,Second Round Table Conference,Third Round Table Conference,Simon Commission,B
373,"The Urdu-Hindi Controversy, an important forerunner to the partition of British India, started in:",1857,1867,1877,1885,B
374,Pakistan became a member of the World Bank in:,in 1951,in 1950,in 1952,in 1953,B
375,The Second Battle of Panipat was fought between:,Akbar and Hemu,Afghans and Marathas,Babar and Ibrahim Lodhi,None of these,A
376,How many articles were there in the 1956 Constitution of the Islamic Republic of Pakistan?,234,250,280,290,A
377,Who was the first Chief Justice of the Federal Shariat Court of Pakistan?,Justice Salahuddin Ahmed,Justice Shaikh Aftab Hussain,Justice Sardar Fakhre Alam,Justice Tanzil-ur-Rehman,A
378,"What was the affectionate nickname given to Salim (Jahangir) by his father, Akbar?",Mirza,Sheikhu,Sultan,Shahzada,B
379,What kind of system of government was introduced in the 1973 Constitution?,Parliamentary,Presidential,Basic Democracy,Autonomous,A
380,PRODA (Public Representative Office Disqualification Act) was passed in ________.,in January 1949,in January 1959,in January 1950,in January 1960,A
381,"The ""Gibraltar of Sindh"" is ________.",Kirthar Ranges,Karoonjar Mountains,Gwadar,Makli Hills,D
382,The first Constitution of Pakistan was enforced on:,on 14th August 1955,on 1st January 1956,on 23rd March 1956,on 8th June 1956,C
383,Minar-e-Pakistan is situated in which park?,Iqbal Park,Jallo Park,Mochi Gate Park,None,A
384,"Akbar, the Mughal king, was born in which city?",Agra,Delhi,Umarkot,Thatta,C
385,What is the share of the urban population in the total population of Pakistan?,38.6 percent,42.6 percent,41.09 percent,38.82 percent,D
386,Who helped Liaquat Ali Khan draft the Objectives Resolution?,Pir of Manki Sharif,Maulana Shabbir Ahmad Usmani,Maulana Akram Khan,Maulana Maududi,B
387,The Suri Dynasty of India lasted for:,20 years,15 years,10 years,5 years,B
388,The Gandhara Civilization belonged primarily to which religion?,Buddhism,Hinduism,Christianity,None of these,A
389,"On 27th August, 1947, Pakistan became a member of:",United Nations,Food and Agriculture Organization,World Bank,UNESCO,B
390,"Benazir Bhutto was assassinated at __________ on December 27, 2007.",Karachi,"Liaquat National Bagh, Rawalpindi",Larkana,None of these,B
391,The Federal Capital is represented by how many Senators in the Senate of Pakistan:,Two Senators,Three Senators,Four Senators,Only one Senator,C
392,The Chowk Yadgar monument is located in __________.,Peshawar,D.I. Khan,Dir,Chitral,A
393,What was the first public airline in Pakistan?,Orient Airways,Oriental Airline,Pakistan International Airlines,North West Airline,A
394,Identify the Viceroy who made the 'August Offer' in 1940.,Lord Linlithgow,Lord Wavell,Lord Ripon,Lord Mountbatten,A
395,Qazi Isa was the ____ of the Baluchistan Muslim League.,President,Vice President,General Secretary,Board of governance member,A
396,"When did ""Dawn"" become a daily newspaper?",1941,1942,1944,1945,C
397,The national fruit of Pakistan in winter is ___________.,Orange,Banana,Guava,Strawberry,C
398,The Cripps Mission (a delegation headed by Stafford Cripps) came to India in:,in January 1941,in March 1942,in June 1942,None of these,B
399,In which year did Babur undertake his first expedition into the Indo-Pak subcontinent?,In 1526,In 1494,In 1527,In 1519,D
400,"The first movie released in Pakistan, on August 7, 1948, was named __________.",Hum Ek Hain',Teri Yaad',Hijrat',Jinnah',B
401,Pakistan's current representative to the UN is:,Maliha Lodhi,Munir Akram,Asad Majeed Khan,None of these,B
402,Which laboratory in Pakistan is related to nuclear power?,KRL,SNGPL,SUPARCO,None of these,A
403,On which river was the Mirani Dam constructed?,Gomal River,The Dasht River,Kabul River,Indus River,B
404,The Government of India Act 1935 divided the country into how many provinces?,9,10,11,12,C
405,The first Chief Minister of Punjab after independence was:,Mian Iftikhar-ud-Din,Sardar Abdur Rab Nishtar,Iftikhar Hussain Mamdot,Mumtaz Muhammad Khan Daultana,C
406,"At the time of independence in 1947, which community was in the majority in the state of Kashmir?",Hindus,Muslims,Sikhs,Buddhists,B
407,"Which city is known as the ""City of Lights""?",Multan,Lahore,Quetta,Karachi,D
408,The Karakoram Highway was completed in ________.,In 1979,In 1980,In 1982,In 1978,A
409,The Salt Range lies in the large accumulation of pure salt at Khewra and:,Attock,Jhelum,Kalabagh,None of these,C
410,Which session of the AIML passed the Lahore Resolution?,25th,26th,27th,28th,C
411,Sadequain is famous for:,Calligrapher,Music,Athlete,Scientist,A
412,The Taj Mahal was built by Shah Jahan to immortalize his wife Mumtaz Mahal. Its construction spanned 22 years. When was the project commenced?,1622,1632,1642,1652,B
413,To which country did Christopher Columbus belong?,Spain,Italy,Russia,China,B
414,"In Morley-Minto Reforms of 1909, the number of members in the Central Legislative Council was raised from 16 to:",40,50,60,70,C
415,"While in government service, Sir Syed was raised to the post of 'Munsif' (Sub-Judge) in Agra in __________.",In 1840,In 1841,In 1851,In 1852,B
416,Why could the second part of the Act of 1935 (the Federation) not be put into practice?,The British government vetoed it.,The Muslim League rejected it.,The Indian princes refused to join the Federation.,The Congress launched a civil disobedience movement.,C
417,When Captain William Hawkins Visited the Mughal Court of Jahangir?,In 1606,In 1607,In 1609,None of these,C
418,Who was the first Governor-General of the State Bank of Pakistan?,Zahid Hussain,Abdul Qadir,S. A. Hasnie,Mahbubur Rashid,A
419,In which year did Quaid-e-Azam's first marriage take place?,In 1892,In 1893,In 1894,None of These,A
420,Kunar River is also called ______ River in Pakistan?,Kamar,Swat,Chitral,None of these,C
421,Which reforms introduced separate electorates for Hindus and Muslims?,Minto-Morley Reforms,Montagu-Chelmsford Reforms,Both,None of these,A
422,"When Ayub Khan took overpower in 1958, the Prime Minister of Pakistan was ____________.",Muhammad Ali Bogra,Hussain Shaheed Suharwardi,Malik Feroz Khan Noon,Chaudhary Muhammad Ali,C
423,Which province is called Bab-ul-Islam?,Punjab,Sindh,Bengal,KPK,B
424,Who was the first female Speaker of the National Assembly of Pakistan?,Fahmida Mirza,Ayesha Mirza,Sofia Mirza,Pakeeza Mirza,A
425,Aurangzeb proclaimed himself emperor in 1658 after defeating his brother Dara Shikoh in which battle?,Battle of Samugarh,Battle of Khanwa,Battle of Karnal,Battle of Plassey,A
426,Who was the first civilian Chief Martial Law Administrator in Pakistan?,Zulfiqar Ali Bhutto,Sikandar Mirza,Ghulam Muhammad,Ayub Khan,A
427,"The 'One Unit' of West Pakistan was dissolved, and provinces were reinstated, in which year?",in 1965,in 1969,in 1970,in 1972,C
428,When did the British capture Punjab and end Sikh rule after the Battle of Gujrat?,1846,1848,1849,1857,C
429,Which university did Bhutto attend for his undergraduate studies?,Harvard University,"University of California, Berkeley",University of Southern California,Stanford University,B
430,When did the All-India Muslim League (AIML) celebrate 'Victory Day' after its performance in the 1945-46 elections?,"On January 1, 1945","On January 11, 1946","On January 1, 1937",Never celebrated Victory day,B
431,The Pakistan Naval War College is in __________.,Lahore,Karachi,Islamabad,None of these,A
432,Under which Article of the 1973 Constitution is Governor's Rule imposed in case of failure of constitutional machinery in a province?,Article 234,Article 236,Article 238,Article 240,A
433,How many Muslim seats did the AIML win in the Central Assembly in the 1945-46 elections?,30,446,495,113,A
434,"How was the future status of Sindh to be decided under the ""3rd June Plan""?",By a commission,By a plebiscite,By a majority vote of its provincial assembly members,None of these,C
435,What title was given to Dr. Abdul Qadeer Khan?,Quaid-e-Millat,Baba-e-Qaum,Mohsin-e-Pakistan,Nishan-e-Pakistan,C
436,Dara Shikoh was a disciple of which famous Sufi saint of Lahore?,Hazrat Mian Mir,Mujadid Alf Sani,Khwaja Baqi Billah,Qutbuddin Bakhtiar Kaki,A
437,"The First Battle of Panipat, which led to the end of the Delhi Sultanate, was fought on which date?","on April 21, 1526","on May 27, 1498","on April 30, 1030","on June 13, 1290",A
438,"In the 1973 Constitution, what is the specified minimum age for a person to contest the election to the National Assembly?",25 years,18 years,20 years,30 years,A
439,When was the Provisional Constitution Order (PCO) first introduced by President Zia-ul- Haq?,In 1980,In 1981,In 1982,In 1983,B
440,The National Anthem of Pakistan was broadcast on Radio Pakistan for the first time on:,on 12th May 1949,on 13th April 1950,on 13th August 1954,on 10th October 1950,C
441,"First President of Pakistan, Iskandar Mirza, was buried in?",Tehran,Mashhad,Bait-ul-Maqdis,Bukhara,A
442,NA stands for __________.,National Army,National Academy,National Assembly,National Assets,C
443,"When was the title ""Viceroy"" introduced in British India?",1848,1856,1857,1858,D
444,The Supreme Commander of the Pakistan Armed Forces is:,Prime Minister,President,Chief Justice,None of these,B
445,Who is known as the 'mother of the nation' of Pakistan?,Fatima Jinnah,Ra'ana Liaquat Ali,Benazir Bhutto,Shahnaz Ikram Ullah,A
446,"The title ""Ambassador of Hindu-Muslim Unity"" was given to Mr. Jinnah by ____:",Allama Iqbal,Sarojini Naidu,Mustafa Kamal,None of these,B
447,"Chitori is the historic ancestral graveyard of the Talpur Mirs, located in __________.",Umerkot,Ghotki,Mirpur Khas,Kandhkot,C
448,A separate electorate was granted to Muslims in:,in 1905,in 1909,in 1916,in 1919,B
449,Who is known as Boom Boom?,Shoaib Akhtar,Shahid Afridi,Muhammad Amir,None of these,B
450,Raja Ghazanfar Ali Khan held the portfolio of:,State and Frontier Regions,"Food, Agriculture and Health",Communications,Finance,B
451,Where is Darul Uloom Deoband located?,Banaras,"Saharanpur, UP",Calcutta,Delhi,B
452,The first Sindhi-language film produced in Pakistan was __________.,Umar Marvi',Sindh Dharti',Piyara Manhu',Mitti ja Manhu',A
453,The cease-fire line in Kashmir was renamed the Line of Control under the:,Tashkent Agreement,Simla Agreement,Lahore Declaration,UN Resolution 47,B
454,The 1970 elections in East Pakistan were swept by:,PPP,NAP,AL,JI,C
455,Who among the following accepted Din-i-Ilahi:,Todar Mal,Maan Singh,Birbal,None of these,C
456,"The highest ever temperature recorded in Pakistan on May 28, 2017, was in which city?",Jacobabad,Larkana,Multan,Turbat,D
457,The owner of Bahria Town is:,Mian Mansha,Asif Ali Zardari,Sadr-ud-din Hashwani,Malik Riaz,D
458,The date of death of Quaid-e-Azam Muhammad Ali Jinnah is ___________.,"On September 11, 1948","On October 11, 1948","On November 11, 1948","On December 11, 1948",A
459,Which range lies along the border of the Sindh and Balochistan provinces?,Chagai Range,Makran Range,Kirthar Range,Koh-e-Sufaid,C
460,The Rawalpindi Conspiracy (also known as the Rawalpindi Conspiracy Case) was an attempted coup d'état against ____.,Muhammad Ali Bogra,Liaquat Ali Khan,Khawaja Nazimuddin,None of these,B
461,The highest civil award is the ________.,Nishan-e-Imtiaz,Nishan-e-Sadarat,Nishan-e-Hyder,Nishan-e-Pakistan,D
462,When was Jinnah's name read in Khutaba at the Pakistan colony mosque by Sindh Education Minister Pir Illahi Bukhsh?,in August 1947,in September 1947,in October 1947,in November 1947,A
463,Who made Islamabad the capital of Pakistan?,Sikander Mirza,Zulfiqar Ali Bhutto,Ayub Khan,Zia-ul-Haq,C
464,Who was the first to articulate the 'Two-Nation Theory' in the modern era?,Muhammad Ali Jinnah,Sir Syed Ahmad Khan,Allama Muhammad Iqbal,Zafar Ali Khan,B
465,"Rafiq Tarar, the former President of Pakistan, submitted his resignation to:",Chief Justice Supreme Court,Speaker of National Assembly,General Pervaiz Musharraf,None of these,C
466,What is the total area of Pakistan?,"881,913 km²","796,095 km²","818,714 km²","795,097 km²",A
467,When did the Simla Conference conclude with failure?,"on July 4, 1945","on July 14, 1945","on July 24, 1945","on August 4, 1945",B
468,Number of Districts in Azad Jammu & Kashmir.,7,9,10,None of these,C
469,In which Act was the system of separate electorates for Muslims introduced?,Act of 1909,Regulating Act,Act of 1935,Act of 1861,A
470,How many rounds of Round Table Conferences were there?,One,Three,Five,None of these,B
471,Mangla dam is located in which district of Pakistan:,Haripur,Mirpur,Swat,Rawalpindi,B
472,What was the real name of the famous Pakistani comedian and actor Lehri?,Irfan Khoosat,Safirullah Siddiqui,Athar Shah Khan Jaidi,None of these,B
473,The 13th Amendment to the 1973 Constitution was passed in __________.,In 1996,In 1997,In 1998,In 1999,B
474,Dhulian and Balkassar oil fields contribute about ______ of the country's total oil production.,80 percent,90 percent,75 percent,85 percent,B
475,When was the Communist Party banned in Pakistan:,1954,1966,1988,2000,A
476,The Kanpur Mosque Incident occurred in ___________.,In 1905,In 1913,In 1919,In 1924,B
477,The Pakistan Resolution demanded that the Muslim-majority areas in the North-Western and which other zone of India should be grouped to constitute independent states?,Eastern Zone,Western Zone,Southern Zone,None of these,A
478,Which country first introduced the Typhoid vaccine?,Germany,UK,Pakistan,None of these,C
479,"In the past, which area had no direct representation for women in the National Assembly?",Khyber Pakhtunkhwa,Balochistan,The former FATA region,Federal Capital,C
480,The Indus Waters Treaty of 1960 allocated the rights to the waters of the six rivers of the Indus system. Which rivers were allocated to Pakistan for its unrestricted use?,"Ravi, Beas, and Sutlej","Indus, Jhelum, and Chenab","Indus, Ravi, and Chenab","Jhelum, Ravi, and Beas",B
481,The 1965 War lasted for how many days?,12 days,15 days,16 days,17 days,D
482,"At the time of the 18th Amendment in the 1973 constitution of Pakistan, who was the President of Pakistan:",Nawaz Sharif,Asif Ali Zardari,Muhammad Khan Junejo,Mamnoon Hussain,B
483,When did Quaid-e-Azam start his legal practice in Bombay (Mumbai)?,In 1796,In 1996,In 1896,In 1895,C
484,Who has become the youngest Microsoft Certified Professional?,Arooba Ansari,Arish Fatima,Javeria Jalil,Kiran Naz,B
485,Who won the first-ever Paralympics gold medal for Pakistan?,Haider Ali,Kazim Ali,Nasir Ali,None of these,A
486,Where was Sir Syed appointed during the Urdu-Hindi Controversy?,Banaras,Delhi,Calcutta,Lucknow,A
487,What was the name of the Maharaja who reportedly signed the Instrument of Accession of Kashmir to India?,Maharaja Gulab Singh,Maharaja Hari Singh,Mahraja Karan Singh,Maharaja Raghubir Singh,B
488,The founder of the independent Sikh state was:,Guru Gobind Singh,Guru Duleep Singh,Maharaja Ranjit Singh,Guru Tegh Bahadur,C
489,Who is the current Chief of Air Staff of the Pakistan Air Force (PAF)?,Sohail Aman,Zaheer Ahmad Babar Sidhu,Mujahid Anwar Khan,None of these,B
490,The Pakistan Atomic Energy Commission was established in:,in 1950,in 1956,in 1960,in 1965,B
491,ISI and FIA are secret agencies of which country?,Pakistan,China,Iran,Afghanistan,A
492,The National Action Plan was created in _________.,In 2013,In 2014,In 2015,In 2016,B
493,Dr. Nabi Bakhsh Baloch regarded the Kalhora era as the __________.,Golden era of Sindhi literature,Dark era of Sindhi literature,Beginning era of Sindhi literature,Successful era of Sindhi literature,A
494,Pakistan National Anthem was approved in:,in Aug-47,in Aug-51,in Aug-54,None of these,C
495,"Who was knighted by King George V in December 1922, receiving the title ""Sir""?",Maulana Azad,Lala Lajpat Rai,Allama Iqbal,Bhagat Singh,C
496,"Pakistan's National Poet, Allama Iqbal, died on:","on May 21, 1938","on Apr 21, 1938","on Sep 21, 1938",None of these,B
497,Sheikh Ghulam Hussain took oath as first Governor of,Punjab,Sindh,NWFP,East Bengal,B
498,Shah Wali Ullah persuaded Ahmad Shah Abdali to fight against:,Marathas,Sikhs,British,None of these,A
499,Wazir Mansion is the birthplace of which person?,Sir Syed Ahmad,Quaid-e-Azam,Allama Iqbal,G.I. Khan,B
500,Jasmine was chosen as the national flower of Pakistan in which year?,In 1951,In 1961,In 1971,None of these,B
501,Which national anthem did the Congress choose after the 1937 elections?,Jana Gana Mana,Sare Jahan Se Achha,Bande Mataram,Vande Mataram,C
502,The range of the Hatf-III missile is ________.,400 km,290 km,600 km,750 km,B
503,"During the anti-government movement of 1977, who was the president of PNA (Pakistan National Alliance)?",Maulana Mufti Mehmud,Nawabzada Nasarullah Khan,Air Marshal (Retd) Asghar Khan,Khan Abdul Wali Khan,C
504,The establishment of Delhi Sultanate began with the invasion of?,Muhammad Ghori,Muhammad Tughlaq,Alauddin Khilji,None of these,A
505,Who recalled Muhammad bin Qasim from Sindh?,Caliph Walid,Caliph Sulaiman,Caliph Abdul Aziz,None of these,B
506,"In the 1945-46 elections, the Muslim League formed a government in:",Punjab and Sindh,Bengal and Sindh,NWFP only,United Provinces,B
507,What is the length of the Karakoram Highway?,810 miles,910 miles,710 miles,610 miles,A
508,The modern Pashto alphabet was prepared by _________.,Afzal Hussain,Saifullah,Ahmad Shahzad,Pir Roshan,D
509,Shahid Khaqan Abbasi was the _________ Prime Minister of Pakistan.,18th,19th,20th,21st,A
510,Dar ul Uloom Deoband was founded by:,Hazrat Haji Aabid Hussain,Maulana Zul Faqqar Ali,Moulana Qasim Nonotvi,All of these,D
511,When did Lord Mountbatten arrive in Delhi as the new Viceroy of India?,"on February 20, 1947","on March 22, 1947","on April 5, 1947","on June 3, 1947",B
512,The Qadirabad Barrage was built on the Chenab River in _________.,In 1967,In 1966,In 1968,In 1969,A
513,The Muslim League won ________ seats in the Election 1945-46 in Punjab.,55,65,75,85,C
514,"When did Maulana Muhammad Ali Johar issue the English newspaper ""The Comrade""?",4032,4364,22-Mar-13,7043,A
515,Who was the first Muslim Commander-in-Chief of the Pakistan Navy?,Admiral Mohammad Siddique,Admiral Shahid Karim,Admiral Karamat Rahman,Admiral Tariq,A
516,The Headquarters of the Pakistan Air Force is located in:,Rawalpindi,Islamabad,Karachi,Lahore,B
517,How many Muslim members were in the Nehru Committee?,One,Two,Three,Four,B
518,When did PTV start its color transmission?,In 1974,In 1975,In 1976,In 1977,C
519,Qazi Muhammad Isa was a close friend of:,Abdullah Haroon,Quaid-e-Azam,Allama Iqbal,Maulana Zafar Ali Khan,B
520,The partition of Bengal was annulled in:,1906,1907,1910,1911,D
521,The Heavy Mechanical Complex in Taxila was set up with the aid of ________.,China,Japan,USA,U.K.,A
522,The Battle of Kannauj in 1540 was fought between:,Sher Shah Suri and Humayun,Sher Shah Suri and Hindal,Sher Shah Suri and Mewat,None of these,A
523,"What is the name of the special task force established in 2016 by the Pakistan Navy to safeguard the ""CPEC""?",Task Force 21,Task Force 44,Task Force 88,Task Force 2,C
524,The first British Viceroy of India was:,Lord Lytton,Lord Minto,Lord Elgin,Lord Canning,D
525,"Pakistan's prime minister at the time of imposition of first martial law on Oct 7, 1958?",M.A. Bogra,Ghulam Muhammad,Feroze Khan Noon,Iskandar Mirza,C
526,The 'D-Chowk' is a famous area in Islamabad. Here 'D' stands for ________.,Directorate,Democracy,Discussion,Dictatorship,B
527,India took the Kashmir dispute to the Security Council on:,"on December 31, 1947","on January 1, 1948","on January 6, 1948","on January 17, 1948",B
528,Kashmir was sold to Gulab Singh in:,in 1845,in 1865,in 1890,in 1846,D
529,Who was the first Muslim Chief of Staff of the Pakistan Army?,Ayub Khan,General Tikka Khan,General Zia-ul-Haq,General Asif Nawaz,B
530,Where is Minar-e-Pakistan situated?,Peshawar,Karachi,Islamabad,Lahore,D
531,Pakistan's National Flag was designed by:,Hussnain Sadiq,Ahmad Chagla,Amir-ud-din Kidwai,Abdur Rehman Chughtai,C
532,The Day of Deliverance was observed by the Muslim League on which date?,on 22nd December 1939,on 17th October 1939,on 22nd July 1940,on 20th January 1939,A
533,Which country assisted Pakistan in the construction of the Sandak Project?,Iran,Saudi Arabia,Afghanistan,China,D
534,In how many days was Delhi captured by the British?,Three days,Five days,Seven days,Nine days,D
535,The first Chairman of the Senate was:,Habib Ullah Khan Marwat,Ghulam Ishaq Khan,Syed Fazal Agha,Wasim Sajjad,A
536,The Kabul River falls into which river:,Indus,Sutlej,Jhelum,Chenab,A
537,Who seconded the Lahore Resolution?,Ch. Khaleeq-uz-Zaman,Sir Sikandar Hayat,Lord Zetland,Sardar Aurangzeb,A
538,What was the color of the party flag of the Pakistan National Alliance (PNA)?,Blue,Green,Yellow,Black,B
539,________led the military conquest of Sindh and conquered the whole of Sindh in 1843.,Sir Richard Keith Pringle,Sir Henry Hardinge,Sir Charles James Napier,None of these,C
540,What is the average height of the Salt Range?,675 m,700 m,640 m,590 m,A
541,"The first issue of Maulana Abul Kalam Azad's weekly, 'Al-Hilal', came out on July 13, _________.",in 1912,in 1913,in 1914,None of these,A
542,Honor killings in Pakistan occur mostly in which areas?,Urban,Tribal,Rural,Slum,B
543,Why did the All India Muslim League celebrate the Day of Deliverance?,To show Muslim anger,To disregard British rule,To show strength,Not celebrated,A
544,"When sepoys refused to use cartridges greased with cow/pig fat, this caused which war:",War of Independence,War of Mysore,Buxar War,None of these,A
545,Pakistan joined the SCO (Shanghai Cooperation Organisation) as a full member on what date?,on 6 June 2015,on 9 June 2016,on 9 June 2017,None of these,C
546,When did Jinnah leave Delhi for Karachi?,17386,17389,11-Aug-47,17393,A
547,"On 03 April 2019, Pakistan and Iran signed an agreement on:",Trade and Culture,Joint Rapid Reaction Force,Border Agreement,None of these,B
548,"Amendments to the Constitution are made through the Parliament, where a _______ majority and voting is required in both houses for a constitutional amendment to take effect, in accordance with the Constitution.",Single,Two-Third,Two-Fifth,None of these,B
549,Who was Pakistan's Chief of Air Staff in the 1965 war?,Anwar Shamim,Noor Khan,Jamal Khan,None of these,B
550,Who was the first female Governor of Gilgit-Baltistan?,Begum Shama Khalid,Qamar-uz-Zaman Kaira,Wazir Baig,Pir Karam Shah,A
551,Which is the most thinly populated province of Pakistan?,Khyber Pakhtunkhwa,Punjab,Balochistan,Sindh,C
552,"The real name of Ustad Bukhari, the Sindhi-language poet, was _________.",Syed Muhammad Shah,Syed Hashim Shah,Syed Ahmed Shah,Syed Tariq Shah,C
553,"At the annual session of Anjuman-e-Himayat-e-Islam in 1911, which famous poem by Allama Iqbal was recited?",Sham-o-Shair',Shikwa',Jawab-i-Shikwa',None of these,B
554,"In the first session of the Constituent Assembly of Pakistan, the first bill in the assembly was related to:",To establish State Bank,To build Army,To officially call Mohammad Ali Jinnah 'Quaid-e-Azam',None of these,C
555,"Malik Kafur was the regent of Alauddin Khilji's son, Shihab-ud-din Omar. For how long did he hold this power?",25 days,35 days,45 days,55 days,B
556,The Punjab government established a body for women's protection in 2017:,Punjab Commission on the Status of Women,Punjab Women Protection Authority,Divisional Women Protection Center,None of these,B
557,The total area of the world covered by SAARC countries is approximately:,1 percent,3 percent,5 percent,7 percent,B
558,"The book ""Baal'e Jibarel"" was written by __________.",Sir Syed Ahmad Khan,William Shakespeare,Keats,Allama Iqbal,D
559,Who was the Secretary of State of India in Cabinet Mission 1946?,Lord Rippon,Lord Curzon,Lord Pethick Lawrence,Lord Mew,C
560,Nanga Parbat is the highest peak of:,Himalayan,Karakoram,Hindu Kush,Suleman Range,A
561,"Dr. Begum Ashraf Abbasi, the first female Deputy Speaker of Pakistan, belonged to ________.",Hyderabad,Islamabad,Larkana,Karachi,C
562,"In the constitution of 1973, what is the specified age for a person to contest for election to the National Assembly?",21 years,25 years,30 years,35 years,B
563,"According to the Indus Waters Treaty, how many non-perennial canals from the Eastern Rivers were left for Pakistan's use?",7,8,4,3,B
564,"In which year was the ""Aligarh Trusteeship Bill"" passed?",In 1886,In 1887,In 1888,In 1889,D
565,Which is the world's second highest glacier?,Baltoro,Siachen,Hisar,Muztagh,B
566,Who said that the decline of the Mughal Empire was due to separation from Islam?,Haji Shariatullah,Shah Waliullah,Abul Kalam Azad,Allama Iqbal,B
567,The Rann of Kutch is a disputed area between ____.,"KPK, India",Sindh-India,Punjab-India,None of these,B
568,Who chaired the AIML's 8-member committee set up in 1938 to investigate Muslim complaints?,Raja Syed Muhammad Mehdi of Pirpur,Liaquat Ali Khan,S.M. Shareef,Chaudhry Rehmat Ali,A
569,"What was a major drawback of the Government of India Act, 1858?",Control by the Secretary of State was too bureaucratic,The expenses of the Secretary of State's office became a burden on Indian revenues,The Viceroy was given absolute power,None of these,B
570,"In 1911, Maulana Muhammad Ali Jauhar started publishing the newspaper 'Comrade' from:",Delhi,Bombay,Calcutta,Lahore,C
571,Sindh was conquered by Muhammad bin Qasim during the period of:,Umayyads,Abbasids,Tulunids,Idrisids,A
572,Chandka is an old name of _________.,Sehwan,Shikarpur,Larkana,Sanghar,C
573,Who led the Simla Deputation in 1906?,Sir Agha Khan,Sir Syed Ahmed Khan,Nawab Mohsin-ul-Mulk,None of these,A
574,"According to the 1973 constitution, the National Assembly has:",272 Seats,"342 Seats (272 general, 60 women, 10 non-Muslim)",300 Seats,207 Seats,B
575,Sir Perry-Caine was the first Commander-in-Chief of the ________.,Pakistan Air Force,Armed Forces,Pakistan Navy,None of them,A
576,What is the total area irrigated by canals in Pakistan?,10 million acres,80 million acres,48 million acres,50 million acres,B
577,Which city of Sindh is famous for mangoes?,Karachi,Larkana,Mirpur Khas,Nawabshah,C
578,The Toot oil and natural gas field is located in _________.,Punjab,Sindh,Khyber Pakhtunkhwa,Balochistan,A
579,The Majlis-e-Ahrar-ul-Islam was formed in ___________.,In 1929,In 1931,In 1933,In 1935,A
580,"The Shimla Deputation, consisting of 35 leaders of the Muslim community, met the viceroy under the leadership of Sir Agha Khan in Shimla on:","On January 1, 1906","On November 1, 1906","On December 1, 1906","On October 1, 1906",D
581,All India Muslim Students Federation was formed in 1937 by__________.,Sardar Abdul Rab Nishtar,Allama iqbal,Raja Sahib of Mehmudabad,Raja Ghazanfar Ali Khan,C
582,"According to the text, what was the approximate cost to build the Taj Mahal?",One crore rupees,Five crore rupees,Three crore rupees,Ten crore rupees,C
583,Which Mughal Emperor was the first to accept a British pension?,Alamgir-II,Shah Alam-II,Akbar-II,None of these,B
584,Dr. Arif Alvi was the ____ president of Pakistan.,13th,12th,11th,None of these,A
585,Which party was allocated six seats in the Interim Government cabinet?,Muslim League,Unionist Party,Congress,Other organizations,C
586,Pakistan Steel Mills was established on:,1971,1972,1973,1974,C
587,What is the height of the Diamer Basha Dam?,138m,200m,272m,278m,C
588,Which of the following places is the rainiest in Pakistan?,Murree,Quetta,Karachi,Ziarat,A
589,The Local Zakat Committee is headed by the:,Assistant Commissioner,Deputy Commissioner,Chairman Zakat Usher Committee,None of the above,C
590,Who succeeded Bahadur Shah Zafar as the last Mughal ruler?,Akbar Shah,Bahadur Shah II,Aurangzeb,Jahangir,B
591,Author of 'In the line of fire' is____________.,Ayub khan,Yahya khan,Pervaiz Musharaf,Z.A Bhutto,C
592,Who was the first governor of Balochistan?,Lt. Gen. Riaz Hussain,Nawab Akbar Bugti,Mir Ghaus Bakhsh Bizenjo,Sardar Ataullah Mengal,A
593,Name the range which separates China from Pakistan.,Hindu Kush,Pamir,Himalayas,Karakoram,D
594,Who was King Umar of the Soomro dynasty?,First King,Second King,Third King,Fourth King,A
595,The Security Council passed its first resolution on Kashmir on:,"on January 17, 1948","on April 21, 1948","on August 13, 1948","on January 5, 1949",A
596,Which of the following cities was founded by Firuz Shah Tughluq?,Tughluqabad,Delhi,Siri,Jaunpur,D
597,Name the first Pakistani who won a Pulitzer Prize.,Dr. Abul Qadeer Khan,Dr. Raza Bakir,Malala Yousafzai,Adrees Latif,D
598,Which of the following is not a social issue in Pakistan?,Illiteracy,Poverty,Constitutional Crisis,None of these,C
599,An old heritage site featuring a British-era building and the tomb of an employee named Jones is located along the Unar canal in ________.,"Kashmore, Sindh","Jacobabad, Sindh","Shikarpur, Sindh",None,A
600,Who was the founder of the Federal Investigation Agency (FIA) of Pakistan?,Zulfikar Ali Bhutto,General Zia-ul-Haq,Pervez Musharraf,None of these,A
601,What is the modern name for the ancient river Acesines?,Chenab,Sutlej,Beas,Indus,A
602,How many major oil refineries are operating in Pakistan?,4,6,8,5,D
603,"What deadline did British Prime Minister Clement Attlee announce for granting independence to India on February 20, 1947?",By June 1947,By August 1947,By June 1948,By August 1948,C
604,"The name of poet whose collection of poetry is called ""Shah Jo Risalu"".",Sachal Sarmast,Baba Farid Ganj Shakar,Shah Abdul Latif Bhatai,Peer Waris Shah,C
605,The real name of Mughal Emperor Jahangir was __________.,Farid Khan,Khurram,Salim,Iqbal,C
606,The Government of Pakistan launched the Benazir Income Support Programme (BISP) in:,2005,2006,2007,2008,D
607,Qazi Isa rendered great services in the Pakistan Movement; he belongs to:,Sindh,KPK,Balochistan,None of these,C
608,Which is the national bird of Pakistan?,Markhor,Parrot,Pigeon,Chakor,D
609,The CPEC mainly trade route circumvents which sea:,South China Sea,Arabian Sea,Black Sea,None of these,A
610,How many Muslim members were part of the Nehru Committee?,Two,Three,Four,None of these,A
611,When did Quaid-e-Azam present his historic Fourteen Points?,In 1928,In 1929,In 1930,In 1931,B
612,"Humayun, the son of Babur, ascended the throne in ________.",Agra,Delhi,Daulatabad,None of these,A
613,The Simla Deputation was led by:,Nawab Salimullah Khan,Sir Agha Khan,Lord Minto,Nawab Mohsin-ul-Mulak,B
614,The largest freshwater lake in Pakistan is ______?,Lake Manchar,Saif-ul-Maluk Lake,Satpara Lake,Keenjhar Lake,A
615,Makli graveyard is located near:,Hyderabad,Jamshoro,Thatta,Larkana,C
616,Who was the Viceroy of India during the Minto-Morley Reforms?,Lord Curzon,Lord Minto,Lord Chelmsford,Lord Linlithgow,B
617,Article 58(2)(b) of Constitution 1973 is about:,Power of President to dismiss Army Chief,Power of President to dissolve Provincial Assemblies,Power of President to dissolve National Assembly,Power of President to dissolve Senate,C
618,The first passport was issued by the Ayub regime in __________.,In 1973,In 1960,In 1963,In 1970,B
619,Who is the writer of the drama 'Humsafar'?,Farhat Ishtiaq,Umera Ahmad,Ashfaq Ahmed,Faiza Iftikhar,A
620,Banjosa Lake is in:,Punjab,AJK,Sindh,None of these,B
621,Which article of the 1973 constitution is related to equality before the law?,8,20,25,None of these,C
622,Who designed Pakistan's national flag?,Amir-ud-Din Kidwai,Hafeez Jalandhari,Ahmed Ghulam Ali Chagla,None of the above,A
623,Allama Muhammad Iqbal delivered his famous Allahabad Address in:,1930,1928,1931,None of these,A
624,"When did India conduct its nuclear test in Pokhran, Rajasthan?",on 28 May 1998,on 15 May 1988,on 17 May 1978,on 18 May 1974,D
625,"After the Khilafat Movement, what did many Muslims realize?",That the British were their allies,That they could achieve their goals through non-violence,That Hindus and Muslims could never be united on a common platform,That the issue of Turkey was not important to them,C
626,Iltutmish ruled the Delhi Sultanate from 1211 AD to ________.,In 1230 AD,In 1235 AD,In 1236 AD,None of these,B
627,What was the main difficulty which delayed the constitution-making in Pakistan?,Exact nature of the State,Lack of interest among members of the Constituent Assembly,The distribution of powers between Federal and Provincial Governments,Corrupt administration,C
628,When did Benazir Bhutto become Prime Minister of Pakistan for the second time?,1990,1993,1996,None of these,B
629,Where was the first meeting of the University of the Punjab Senate held?,Lahore,Simla,Delhi,Calcutta,B
630,When did the National Assembly appoint a committee for preparing a draft constitution under the government of Z.A. Bhutto?,"On April 17, 1972","On April 18, 1972","On April 19, 1972","On April 20, 1972",A
631,How many railway stations are there in Pakistan?,870,680,560,1184,D
632,Who floated the idea for the establishment of the 'Anjuman-e-Himayat-e-Islam'?,Maulana Shibli,Qazi Hamid-ud-Din,Munshi Charagh Din,None of these,A
633,The major source of energy in Pakistan is:,Nuclear,Oil and Gas,Petroleum products,None of these,B
634,"On 16th October 1951, Liaquat Ali Khan was shot dead in Rawalpindi by:",A political rival,Said Akbar,An unknown assailant,A foreign agent,B
635,Who rejected the verdicts of jurists that idol worshippers were liable to be murdered?,Mahmud of Ghazni,Shams-ud-Din Iltutmish,Jalal-ud-Din Khalji,None of these,B
636,How many founding members did the OIC have at the time of its establishment?,20,25,30,35,B
637,The Dargai Pass connects ________.,Quetta with Chaman,Mardan with Malakand,Qila Abdullah with Chaman,Chitral with Nuristan,B
638,Sui Gas was first discovered in Pakistan in:,1951,1952,1953,1954,B
639,How many seats are reserved for non-Muslims in the Sindh Assembly?,10,9,8,7,B
640,How many members were in the First Assembly Of Balochistan?,41,31,21,None of these,C
641,"The first natural gas field in Pakistan, discovered in 1952, was at _________.",Dhulian,Sui,Mial,Pirkoh,B
642,The Rohilla War of 1774 was fought between Nawab Shuja-ud-Daula of Awadh and whom?,Sikhs,British East India Company,Rohillas of Rohilkhand,Marathas,C
643,Who created the Utility Stores Corporation of Pakistan?,Zulfikar Ali Bhutto,Ayub Khan,Pervez Musharraf,Imran Khan,A
644,One Unit was abolished on:,1980,1970,1960,2001,B
645,Who was the first Finance Minister of Pakistan?,Sir Zafarullah,Ghulam Muhammad,Liaquat Ali Khan,None of these,B
646,Which is the first-ever law university in Pakistan?,Quaid-e-Azam University,LUMS,SZABUL,Bahria University,C
647,Who was the first Muslim Commander-in-Chief of the Pakistan Army?,Admiral Muhammad Siddiq,Field Marshal Muhammad Ayub Khan,General Muhammad Zia-ul-Haq,General Tikka Khan,B
648,What is the maximum height of the Kirthar Range?,"2,150 m","2,500 m","2,375 m","2,275 m",A
649,The production of potatoes was ________ thousand tons according to the 2024-25 economic survey.,1660,1768,1711,1968,C
650,How many Governor-Generals ruled over Pakistan?,3,4,5,6,B
651,"The title ""Ambassador of Hindu-Muslim-Unity"" was given to Mr Jinnah by _________.",Mustafa Kamal,Allama Iqbal,Sarojini Naidu,None Of These,C
652,The second party which got the majority of votes in the 2013 general elections was __________.,PML-N,PPP,PTI,MQM,C
653,Dr. Abdus Salam was born in which city in Pakistan?,Lahore,Multan,Jhang,Khushab,C
654,The first capital of the British Raj was ________.,Bombay,Delhi,Agra,Calcutta,D
655,Kirthar Hills are located in _______.,Punjab,Sindh,KPK,Gilgit,B
656,TDAP is responsible for:,Export Promotion,Investment Promotion,Power Load Management,Water Distribution,A
657,When was the Mountbatten Plan (3rd June Plan) announced?,16-May-47,17321,17353,17393,B
658,Who was the founder of Bahawalpur State?,Nawab Muhammad Sadiq,Nawab Bahawal,Nawab Sadiq II,None of these,B
659,How much area of Pakistan is covered by Balochistan?,0.47,0.51,0.55,None of these,D
660,Which team was the champion (winner) of PSL 2018?,Peshawar Zalmi,Islamabad United,Quetta Gladiators,Lahore Qalandars,B
661,Muhammad Khan Junejo's Government was dismissed in:,1977,1985,1988,None of these,C
662,Who convinced Quaid-e-Azam to join Muslim League?,Nawab Mohsin -ul-Mulk,Muhammad Husain Azad,Maulana Muhammad Ali Johar,Sir Agha Khan,C
663,"Mervyn Middlecoat, a hero of the 1965 war who won Sitara-e-Jurat of Pakistan Air Force, was:",Pilot Officer,Squadron Leader,Air Commander,None of above,B
664,"Who coined the name ""Pakistan"" for our country?",Liaquat Ali Khan,Chaudhry Rehmat Ali,Fazl-ul-Haq,Allama Iqbal,B
665,"Dr. Ruth Pfau, also known as the Mother Teresa of Pakistan, died on __________.","On August 8, 2017","On August 9, 2017","On August 10, 2017","On August 11, 2017",C
666,"Which crop requires high temperature, light rainfall or irrigation, 210 frost-free days, and bright sunshine for its growth?",Jute,Wheat,Cotton,Rice,C
667,Pakistan purchased Gwadar from which country?,UAE,Oman,Iran,None of these,B
668,When did Pakistan join SEATO?,1949,1954,1973,1979,B
669,"At the first meeting of Congress in Bombay, out of 72 members, how many were Muslims?",One,Two,Five,Ten,B
670,The largest city of Pakistan by population is __________.,Karachi,Sukkur,Hyderabad,Lahore,A
671,Who founded the Kingdom of Mysore?,Tipu Sultan,Haider Ali,Maharaja Ranjit Singh,Nawab Shuja-ud-Daula,B
672,In which year did China and Pakistan first sign an agreement on Gwadar?,In 2002,In 2009,In 2015,In 2014,A
673,The Moti Masjid (Pearl Mosque) inside the Lahore Fort was built by ____________.,Humayun,Jahangir,Akbar,Babur,B
674,"In Pakistan, the annual production of firewood is approximately ________ million cubic meters.",24,25,29,27,C
675,The Continental Shelf limits of Pakistan are:,12 Nautical Miles,100 Nautical Miles,250 Nautical Miles,350 Nautical Miles,D
676,Hujjatullah-ul-Baligha' was written by:,Shah Waliullah,Syed Ahmed Barelvi,Sir Syed Ahmed Khan,None of these,A
677,When was the Tashkent Declaration signed?,on 10 January 1966,on 10 January 1965,on 10 February 1965,on 10 September 1966,A
678,Which team won PSL 2018?,Islamabad United,Peshawar Zalmi,Quetta Gladiators,Karachi Kings,A
679,The ancient port city of Banbhore is famous for the folk tale of _________.,Heer Ranjha,Sassui and Punnhun,Sohni Mahiwal,Noori Jam Tamachi,B
680,The total length of the India-Pakistan border is __________ kilometers.,3323,3333,3222,3533,A
681,The Shimla Deputation draft was written by:,Mohsin-ul-Mulk,Syed Husain Bilgrami,Sir Syed Ahmad Khan,Maulana Muhammad Ali Jauhar,B
682,The first census in Pakistan was held in:,1947,1951,1955,None of these,B
683,The first expedition to Hind was undertaken by Mahmud in which year?,In 998 AD,In 1000 AD,In 1021 AD,In 1026 AD,B
684,Muhammad Ali Jauhar was the student of:,Muslim University,Aligarh University,Karachi University,Madrassah Deoband,B
685,The Cabinet approved the NSP (National Security Policy) on:,"on Jan 12, 2021","on Jan 13, 2022","on Dec 28, 2021","on Jan 14, 2022",C
686,Which of the following distinguishes the Harappan from other contemporary civilizations of the world?,Science and technology,Religion and social structure,Town planning and drainage,Uniform weights and measures,C
687,Tipu Sultan was the ruler of:,Hyderabad,Mysore,Junagadh,None,B
688,Which country accepted Pakistan first:,Iran,Iraq,Indonesia,China,A
689,NESPAK (National Engineering Services Pakistan) was established in __________.,In 1973,In 1962,In 1956,None of these,A
690,Who was the first President of Pakistan?,Malik Ghulam Muhammad,Iskander Mirza,Muhammad Ali Jinnah,Sir Khawaja Nazimuddin,B
691,When did Pakistan test its first cruise missile?,2005,1998,2010,None of these,A
692,Which range separates the Balochistan Plateau from Afghanistan?,Chagai Hills,Makran Range,Turbat Hills,Kirthar Range,A
693,Who requested Ahmad Shah Abdali to come to India in the 18th century?,Al Beruni,Shah Wali Ullah,Mirza Ghalib,None of these,B
694,What is the length of the Pak-China border?,599 km,605 km,795 km,805 km,A
695,The Morley-Minto Reform was declared in the year.,1907,1909,1911,1919,B
696,When did Pakistan join the OIC?,1968,1969,1973,1974,B
697,The period of 1979 to 1989 in Pakistan is known as the era of ___________.,Neutrality,Alliances,Non-alignment,Bilateralism,C
698,After how many years of its establishment did PTI win the elections?,19,20,21,22,D
699,Sui Northern Gas Pipelines Limited (SNGPL) serves more than _________ consumers in North-Central Pakistan.,6.5 million,10 million,15 million,20 million,A
700,Which one is the first movie after creation of Pakistan?,Aaeana,Teri Yaad,Shaheed,None of above,B
701,General Musharraf took a vote of confidence from the National and Provincial assemblies on ___________.,"On January 1, 2004","On January 12, 2001","On March 13, 2002",None of these,A
702,Sindh was separated from Bombay in:,1935,1938,1936,1937,C
703,The Jallianwala Bagh massacre happened on:,"on April 19, 1919","on April 13, 1919","on April 21, 1919","on April 31, 1919",B
704,Which Muslim leader was exiled to Dharamshala in 1919?,Barkat Ali,Maulana Muhammad Ali Jauhar,Saifuddin Kitchlew,None of these,C
705,"The ""Raishmi Romal"" (Silk Letter) campaign was started by:",Maulana Mehmud Hasan,Ubaidullah Sindhi,Abul Kalam Azad,The Ali Brothers,B
706,The number of senators from each province is:,29,26,28,23,D
707,Who announced the August Declaration in 1917?,Lord Minto,Lord Edwin Montagu,Lord Chelmsford,Lord Curzon,B
708,TAPI is a gas supply project among:,"Türkiye, Azerbaijan, Pakistan and Iran","Turkmenistan, Afghanistan, Pakistan and India","Türkiye, Afghanistan, Pakistan and India","Türkiye, Azerbaijan, Pakistan and India",B
709,The other name for Baburnama is:,Tuzk-e Babri,Waqai Babari,Both A & B,None of these,A
710,The Hanns Seidel Foundation (HSF) offers Pakistani students ________?,Life insurance,Medical help,Scholarships,None of these,C
711,The largest source of drinking water for Islamabad is ___________.,Khanpur Dam,Rawal Dam,Ghazi Dam,Haru Dam,A
712,"In March 1942, who came to the sub-continent with some proposals to solve constitutional problems?",Lord Ripon,Lord Minto,Stafford Cripps,Linlithgow,C
713,Noor Mahal was built by:,Nawab Sadiq II,Nawab Sadiq III,Nawab Sadiq IV,None of these,C
714,"In March 1942, who came to the subcontinent with some proposals to solve constitutional problems?",Lord Ripon,Lord Minto,Sir Stafford Cripps,Lord Linlithgow,C
715,Pakistan Television started in the reign of:,Iskander Mirza,Ayub Khan,Yahya Khan,Zulfikar Ali Bhutto,B
716,Amir Timur (Tamerlane) invaded India in _________.,In 1398,In 1399,In 1340,In 1341,A
717,Who annulled the Partition of Bengal in 1911?,Lord Curzon,King George V,Lord Hardinge,Lord Minto,B
718,The Great Tragedy was written by whom in 1971?,I. H. Qureshi,G. W. Chaudhry,Ayub Khan,Zulfiqar Ali Bhutto,D
719,Who was presiding over the meeting when the decision to establish the All-India Muslim League was made?,Nawab Waqar-ul-Mulk,Sir Syed Ahmed Khan,Maulana Shibli Nomani,None of these,A
720,Who was awarded the Nobel Prize in Physics in 1979?,Dr. Abdul Salam,Dr. Abdul Qadeer Khan,Faiz Ahmed Faiz,Ayub Ommaya,A
721,Who was the first Muslim musician in the subcontinent?,Ameer Khusro,Wali Dakni,Quli Qutb Shah,None of these,A
722,Elections to First Constituent Assembly of Pakistan held in,in 1945,in 1946,in 1947,in 1948,B
723,When did Ayub Khan enforce a new constitution in Pakistan?,on 23rd March 1962,on 1st June 1962,on 8th June 1962,on 1st July 1962,C
724,Who managed State and Frontier region affairs in the first cabinet?,Liaquat Ali Khan,Sardar Abdur Rab Nishtar,Quaid-e-Azam,Zafarullah Khan,C
725,The British Junior Open 2020 Squash was won by:,Muhammad Hamza Khan,Sabih Mehmood,Muhammad Nawaz,None of these,A
726,Indira Gandhi was the daughter of:,Motilal Nehru,Jawaharlal Nehru,Rajiv Gandhi,None of these,B
727,Gold and Copper deposits of Pakistan are found mostly in:,Kala Bagh,Chagai,Khewra,Thar,B
728,"The book ""Politics and the State in Pakistan"" was written by?",Hassan Askari,Khalid Sayed,Muhammad Waseem,None of these,C
729,"The author of book "" The Sole Spokesman: Jinnah, the Muslim League and the Demand for Pakistan is",Aitzaz Ahsan,Liaquat Ali Khan,Ayesha Jalal,Umera Ahmed,C
730,"In Pakistan, how many persons die of tobacco-related disease each year?",1.1 million,1.6 million,2.6 million,None of these,D
731,Landlordism was abolished in East Bengal in:,in 1949,in 1951,in 1950,in 1948,C
732,Which Christian saint began preaching in India in about 50 AD?,St. Peter,St. Michael,St. Thomas,St. John,C
733,____ is the current Federal Minister of Maritime Affairs?,Ali Amin Gandapur,Zartaj Gul,Syed Ali Haider Zaidi,None of these,C
734,What is the minimum age specified in the 1973 Constitution for a member of the National Assembly?,Not less than 25 years,Not less than 30 years,Not less than 33 years,Not less than 35 years,A
735,When did the War of Independence of 1857 formally end?,"On October 1, 1858","On November 1, 1858","On August 2, 1858","On September 8, 1858",B
736,"Pakistan became a member of the ""International Atomic Energy Agency (IAEA)"" in _________.",In 1949,In 1953,In 1957,In 1963,C
737,"Within six months of Quaid-e-Azam's death, Pakistan's Constituent Assembly adopted:",The first draft of the Constitution,Bill of fundamental Rights,Objectives Resolution,Report on Basic Principles,C
738,Dar-ul-Uloom Deoband was founded by ________.,Hazrat Haji Abid Hussain,Maulana Zul Faqqar Ali,Maulana Qasim Nanotvi,All of these,D
739,The City of Hot Weather is known as __________.,Thar,Larkana,Jacobabad,Dadu,C
740,Which state was attacked by India on 11 September 1948?,Kashmir,Hyderabad,Junagadh,Swat,B
741,The Indus Valley Civilization belongs to the __________.,Neolithic Age,Metal Age,Stone Age,Both a & b,D
742,At which pass do Pakistan and China meet?,Khunjerab,Khyber,Tochi,None of these,A
743,Which of the following was the last dynasty of the Delhi Sultanate?,Khilji Dynasty,Mamluk Dynasty,Tughlaq Dynasty,Lodhi Dynasty,D
744,Abdus Salam was awarded the Sitara-e-Pakistan in ___________.,In 1958,In 1959,In 1969,In 1979,B
745,When was the One Unit scheme abolished in West Pakistan?,in March 1970,in October 1970,in November 1970,in May 1970,A
746,Mohenjo-Daro & Harappa were discovered in:,in 1920,in 1921,in 1922,in 1924,C
747,Which popular soldier of Titu Mir's movement was sentenced to death?,Ghulam Masum Khan,Miskin Khan,Abdul Aziz,Shah Ismail,A
748,Who supported Muslim participation in politics?,Wiqar-ul-Mulk,Mohsin-ul-Mulk,Maulana Zafar Ali Khan,Allama Iqbal,D
749,The first Chief of Army Staff (COAS) of the Pakistan Army was ________.,General Tikka Khan,General Zia-ul-Haq,General Sharif,General Ayub Khan,A
750,Sir Syed Ahmad Khan started MAO High School in:,1873,1875,1877,None of these,B
751,The total length of the Durand Line is:,2422 km,2421 km,2423 km,2640 km,D
752,"At the Tehsil level, who is appointed to try civil cases?",Senior Civil Judges,Administrative Civil Judges,Civil Judges,All of these,C
753,Who was the first Muslim Governor of Punjab?,Sardar Abdur Rab Nishtar,Mushtaq Gurmani,Feroz Khan Noon,Iftikhar Hussain Mamdot,A
754,The demand that elections should be held on the basis of a general adult franchise was made in the ___________.,"Minto-Morley Reforms, 1909",Lucknow Pact,Cripps Mission,Gandhi-Irwin Pact,B
755,Gwadar became part of Pakistan in the year?,1958,1959,1969,1972,A
756,"Nawab Vaqar-ul-Mulk resigned as secretary of the ""Aligarh College Trust"" in _______.",In 1910,In 1911,In 1912,In 1913,C
757,On which Islamic date did Pakistan come into being?,on 1st Ramadan 1367 AH,on 27th Ramadan 1366 AH,on 10th Muharram 1368 AH,on 7th Rabi-ul-Awal 1368 AH,B
758,Which Mughal emperor built the Badshahi Masjid?,Shah Jahan,Aurangzeb,Akbar,None of these,B
759,Financial Action Task Force office in Pakistan is situated in which city?,Islamabad,Karachi,Lahore,Rawalpindi,A
760,Who is the author of 'Hunter par Hunter'?,Deputy Nazir Ahmed,Sir Syed Ahmad Khan,Maulana Zafar Ali Khan,None of these,B
761,Which of the following leaders helped Quaid-e-Azam in the preparation of his Fourteen Points in 1929?,Maulana Shaukat Ali,Liaquat Ali Khan,Maulana Hasrat Mohani,Maulana Muhammad Ali Jauhar,D
762,The major source of water in Pakistan is ___________.,Rain,Snow,Lakes,Rivers,D
763,Who was the second Governor-General of Pakistan?,Khawaja Nazim-ud-Din,Sikandar Mirza,Ghulam Muhammad,Liaqat Ali Khan,A
764,In which constitution of the Islamic Republic of Pakistan was a Presidential form of government adopted?,1956,1962,1973,None of these,B
765,In which field did Dr. Abdus Salam win the Nobel Prize?,Chemistry,Biology,Computer,Physics,D
766,Babar Azam is famous in the field of:,Films,Cricket,Singing,Journalism,B
767,"The Posts & Telegraphs Department, the precursor to PTCL, was founded in ________.",In 1947,In 1949,In 1951,In 1953,A
768,Nimogram is an archaeological site located in:,Sindh,KPK,Punjab,Balochistan,B
769,"In 1932, the British Prime Minister announced the Communal Award granting separate electorates to the depressed classes. Name the British Prime Minister.",Harold Macmillan,Winston Churchill,Ramsay Macdonald,Attlee,C
770,The chairman and its members are elected for a period of:,2 years,3 years,4 years,None of the above,B
771,The death anniversary of Allama Iqbal is observed on:,on 21 April,on 21 May,on 21 June,on 21 July,A
772,Which country opposed Pakistan's membership in the United Nations?,Iran,Egypt,Afghanistan,Malaysia,C
773,Who founded the Arya Samaj?,Swami Shardhanand,Dayananda Saraswati,Maulana Maududi,Syed Ahmad Barelvi,B
774,The Lahore Declaration was signed between Pakistan and India in:,1998,1999,2000,None of these,B
775,The Iranian Deputy Foreign Minister Ali Raza Akbari was hanged recently due to spying for:,MI6,CIA,Mossad,None of these,A
776,The Chauri Chaura incident occurred in February 1922 in which Indian state?,Bihar,Madhya Pradesh,Uttar Pradesh,Rajasthan,C
777,How many administrative divisions are there in Sindh?,Nine,Four,Six,Three,C
778,The 18th Amendment was made part of the 1973 Constitution on:,on 05-04-2010,on 19-04-2010,on 09-04-2010,None of these,B
779,Which Mughal emperor built the Badshahi Mosque?,Aurangzeb,Jehangir,Shah Jahan,Akbar,A
780,The historical city of Agra was founded by Sikandar Lodhi in which year?,In 1489,In 1517,In 1498,In 1504,D
781,When was the National Bank of Pakistan established?,1947,1948,1949,1950,C
782,The 1st census in Pakistan was started in:,1951,1952,1953,1954,A
783,Who composed the music of the National Anthem of Pakistan?,Hafeez Jalandhari,Sohail Rana,Ahmed G. Chagla,None of these,C
784,The number of administrative divisions in Gilgit-Baltistan is ________.,2,3,7,4,B
785,Who is considered the first poet of the Pashto language?,Khushal Khan Khattak,Amir Kror Suri,Rahman Baba,None of these,B
786,The third President of Pakistan was:,Fazal Chaudhary,Ayub Khan,Yahya Khan,None of these,B
787,Minar-e-Pakistan is located in which park?,Greater Park of Lahore,Greater Iqbal Park,Minto Park of Lahore,Jinnah Garden,B
788,The Basic Democracies system was introduced by which president?,Zulfiqar Ali Bhutto,Ayub Khan,Zia-ul-Haq,None of these,B
789,What does the word 'Pakistan' literally mean?,Land of the Pure,Land of Deserts,Land of Meadows,Land of Natural Beauty,A
790,Benazir Bhutto was the __________ female Prime Minister of Pakistan.,First,Fourth,Third,Second,A
791,"The Legal Framework Order (LFO) of 1970, which laid down the rules for the general election, was issued by:",Ayub Khan,General Yahya Khan,Zulfikar Ali Bhutto,Justice A.R. Cornelius,B
792,"The ""Shuddhi"" movement was started by:",Jawaharlal Nehru,Tilak,Gandhi,Dayanand Saraswati,D
793,Government of India Act 1919 gives three years tenure to:,Council of state,Legislative assembly,Viceroy,None of these,B
794,The Wakhan Corridor separates Pakistan from __________.,Tajikistan,Afghanistan,India,China,A
795,Jinnah's first address to Constituent Assembly,on 12 August 1947,on 11 Aug 1947,on 10 August 1947,on 15 August 1947,B
796,All India Muslim League won how many seats in the provincial elections of 1945-1946?,411,421,428,425,C
797,When was Imam Shah Waliullah born?,"On January 21, 1703","On February 21, 1703","On March 21, 1703","On April 21, 1703",B
798,The Tughluq Dynasty finally came to an end with the death of Nasiruddin Mahmud Shah in which year?,In 1398,In 1414,In 1401,In 1412,D
799,Which port was called 'Babul Makkah' (Gate of Makkah) during the Mughal period?,Surat,Calicut,Cambay,Broach,A
800,When did the Simla Conference start in 1945?,45822,45833,45852,45877,B
801,The ancient port city of Bhambore is located in the __________ district.,Thatta,Larkana,Sukkur,Sahiwal,A
802,Who was the first female finance minister of Pakistan to present the annual budget?,Begum Salma Ahmed,Hina Rabbani Khar,Shamshad Akhtar,None of these,B
803,"At present, Pakistan has vast natural resources and as many as ____________ mineral items.",34,46,52,64,C
804,On which date was the Objective Resolution passed by the Constituent Assembly?,"on March 7, 1949","on March 12, 1949","on March 23, 1949","on August 14, 1949",B
805,When was gas discovered from Sui?,1950,1952,1954,1955,B
806,When did Liaquat Ali Khan visit India to sign the Liaquat-Nehru Pact?,in March 1950,in April 1950,in May 1950,in June 1950,B
807,"Which of the following is recognized as Pakistan's only cold desert, famous for snowcapped dunes and located in Gilgit-Baltistan?",Thar Desert,Katpana Desert,Cholistan Desert,Kharan Desert,B
808,"When Pakistan bought the Gawadar port from Oman in 1958, who was the prime minister?",Huseyn Shaheed Suhrawardy,I. I. Chundrigar,Malik Feroz Khan Noon,Muhammad Ali Bogra,C
809,When did Bangladesh release Prisoners of the 1971 War?,1972,1973,1974,1975,C
810,NA stands for ________.,National Army,National Academy,National Assembly,National Assets,C
811,Who represented Indian Christians in the first Round Table Conference held in London?,K.T. Paul,H.C. Mukherjee,John Mathai,Rajkumari Amrit Kaur,A
812,The 2nd summit of OIC (Organisation of Islamic Cooperation) was held in Pakistan in the year________.,In 1972,In 1973,In 1974,In 1975,C
813,Where was Syed Ahmad Barelvi born?,Agra,Rae Bareli,Delhi,Lahore,B
814,"The Grand Trunk (GT) Road, built by Sher Shah, ran from Sonargaon to which city?",Kabul,Peshawar,Lahore,Delhi,A
815,Abdur Rahman Chughtai was attached to the art of _________.,Construction,Music,Painting,None of them,C
816,Which Mughal king built the Badshahi Mosque?,Aurangzeb,Jahangir,Shah Jahan,Akbar,A
817,The biggest fort of Pakistan is:,Kot Diji Fort,Rani Kot Fort,Rohtas Fort,None of these,B
818,When was the first regular session of the AIML held?,30-Dec-07,30-Nov-06,2565,4830,A
819,The first recorded poetry in Urdu is attributed to _______.,Amir-ud-din Kidwai,Amir Khusrau,Sir Fazal-ur-Rehman,Sir Syed Ahmad Khan,B
820,What was the designation of Sir Syed Ahmed Khan on the managing committee of the M.A.O. school at Aligarh?,Secretary,President,Patron,None of these,A
821,The first atomic blast by Pakistan was measured as having a magnitude of __________ on the Richter scale.,3.5,4.9,5.5,None of these,C
822,The modern Sindhi alphabet was prepared by __________.,Muhammad Quli Qutb Shah,Sir Bartle Frere's commission,Abdullah Sultan,Shahid Nazeer,B
823,Politics and State in Pakistan is the book of:,Aftab Gilani,Sajid Awan,Muhammad Wasim,Muhammad Shafique Bhatti,C
824,"During Jahangir's reign, Sir Thomas Roe and Captain Hawkins visited the Mughal Court to secure:",Religious Privileges,Local Privileges,Social Privileges,Commercial Privileges,D
825,The first National Identity Card was issued to:,Quaid-e-Azam,Liaquat Ali Khan,Zulfikar Ali Bhutto,A common citizen,C
826,What was the salary of the first MAO School headmaster Henry Siddons?,'Rs. 100/month,'Rs. 200/month,'Rs. 300/month,'Rs. 400/month,D
827,The Rupal North and Rupal South glaciers are situated in __________.,India,China,Nepal,Pakistan,D
828,"Friendship to all, malice to none, was said by:",Ayub Khan,Quaid-e-Azam,Zulfiqar Bhutto,Sheikh Mujibur Rahman,D
829,What was the real name of Sultan Shahab-ud-Din Ghuri?,Mu'izzuddin,Muhammad bin Sam,Qutbuddin Aibak,Mas'ud Ghuri,B
830,"In which year was Pakistan the world champion of Cricket, Hockey, Squash & Snooker?",In 1990,In 1992,In 1994,In 1996,C
831,Akbar's Din-i Ilahi was opposed by:,Shah Ismail Shaheed,Sheikh Ahmad Sirhindi,Shah Wali Allah,None of these,B
832,Who is the ODI captain of the Pakistan Cricket team?,Azhar Ali,Babar Azam,Sarfaraz Ahmad,None of these,B
833,Who was Shaukat Aziz?,President,Prime Minister,Chief Minister,Chairman Senate,B
834,When did France decide to help Pakistan set up a nuclear reprocessing plant?,1956,1965,1976,1981,C
835,When did the US help Pakistan with economic aid for the first time?,1947,1950,1951,None of these,C
836,Which is the oldest university in Pakistan? (from the very beginning),"University of the Punjab, Lahore","King Edward Medical University, Lahore","University of Agriculture, Faisalabad","Sindh Madressatul Islam University, Karachi",A
837,"In the British era, which princely state was largest according to population size?",Kashmir,Hyderabad,Rajasthan,None of these,B
838,Hingol National Park is located in the __________ district.,Loralai,Lasbela,Pishin,Nushki,B
839,When was the Federal Shariat Court established?,In 1978,In 1979,In 1980,In 1981,C
840,"In the Council of Common Interests, who are not members according to the 1973 constitution?",Governors,Prime Minister,Chief Minister,All of these,A
841,Maharaja Gulab Singh finally acquired Kashmir in ______ after signing the Treaty of Amritsar with the British East India Company.,1800,1826,1841,1846,D
842,The Delhi Agreement was a trilateral agreement signed between:,"India, Pakistan and Afghanistan","India, Pakistan and China","India, Pakistan and Bangladesh",None of these,C
843,The capital of British India was transferred from Calcutta to Delhi in the year:,1911,1912,1913,1914,A
844,"Which Article of the 1973 Constitution states, ""The State shall provide free and compulsory education to all children of the age of five to sixteen years…""?",Article 25-A,Article 35-A,Article 45-A,Article 20-A,A
845,The Silk Road connects Pakistan to which country?,India,China,Afghanistan,Tajikistan,B
846,The task force established by the Pakistan Navy to defend CPEC is called:,Task Force 75,Task Force 88,Task Force 90,Task Force 91,B
847,Which of the following ranges is named as Trans-Himalayas?,Hindu Kush,Karakoram,Sub Himalayas,None of these,B
848,Which one of the following politicians has served as the Deputy Prime Minister of Pakistan?,Zulfiqar Ali Bhutto,Zafarullah Khan Jamali,Nur-ul-Amin Khan,Chaudhri Pervez Elahi,D
849,What was the name of Maulana Muhammad Ali Johar's mother?,Imam Bibi,Amjadi Bano Begum,Abadi Begum,Mithi Bai,C
850,"What was the alternative name of the Government of India Act, 1909?",Montagu-Chelmsford Reforms,Minto-Morley Reforms,Simla Deputation Act,Indian Councils Act,B
851,Pakistan made sugar from sugar and _____.,Carrot,Beet,Banana,Mango,B
852,The Cabinet Mission aimed to discuss the transfer of power from the British to:,The Muslim League,The Indian National Congress,Indian leaders,The United Nations,C
853,Bulleh Shah was famous in the field of:,Medicine,Poetry,Politics,Diplomacy,B
854,How many percent of Pakistanis can speak or understand Urdu?,Less than 50 percent,Around 60 percent,Around 70 percent,More than 80 percent,D
855,Who was the first president of the All India Muslim League (AIML)?,Nawab Salimullah Khan,Muhammad Ali Jinnah,Sir Agha Khan,Nawab Waqar-ul-Mulk,C
856,Who was the first Viceroy of British India?,Warren Hastings,Canning (Lord Canning),Clive (Lord Clive),None of these,B
857,The 18th Amendment in the 1973 Constitution stripped the powers of:,Prime Minister,President,Chief Executive,Chairman NAB,B
858,The Federal Shariat Court was established in the year:,1978,1979,1980,1985,C
859,The Muslim League was established in 1906. Which city was decided to be its headquarters?,Delhi,Bombay,Lucknow,Aligarh,C
860,"General Qamar Javed Bajwa, Chief of Army Staff (COAS), endorsed punishment on charges of leakage of sensitive information to:",Brigadier Saleem Rizwan,Brigadier Riaz-ul-Haq,Major Agha Iqbal,None of these,A
861,"Maulana Muhammad Ali Jouhar wrote the constitution of the Muslim League, known as the __________.",Jouhar's Book,League's Book,Green Book,None of these,C
862,When and where was the first Khilafat Conference held?,"November 1919, Delhi","March 1919, Bombay","1920, Lahore","1921, Karachi",A
863,Who was the last ruler of the Tughluq Dynasty?,Ghiyasuddin Tughluq II,Abu Bakar Shah Tughluq,Nasiruddin Mahmud Shah Tughluq,Muhammad Shah Tughluq,C
864,"According to a prominent theory, the Indus Valley Civilization was destroyed by the _________.",Mongols,Aryans,Mamluks,None of these,B
865,Quaid-e-Azam Mausoleum is located in which city:,Karachi,Ziarat,Lahore,Quetta,A
866,"Which is the hottest place in Pakistan, with a record temperature of 53.5 °C (128.3 °F)?",Chagai,Jacobabad,Rohri,Sibbi,B
867,Which mountain range is located in the south of Pakistan?,Koh-e-Suleiman,Karakoram,Kirthar,None of these,C
868,The budget deficit of Pakistan in 2021-22 was:,5.5 percent,7 percent,7.5 percent,None of these,D
869,"Settlement of the border dispute and signing of the ""Boundary Agreement"" with China proved a milestone in the history of Sino-Pak relations. Which of the following diplomats rendered his services to finalize the agreement?",Manzoor Qadir,Agha Mohammad Raza,Z. A. Bhutto,Mohammad Ali Bogra,B
870,Land holdings in Pakistan are characterized by ________.,Huge farms,Very big farms,Large farms,None of these,D
871,Which celebrity was awarded the Pride of Performance in 2005?,Nusrat Mumtaz,Abrar-ul-Haq,Arif Lohar,None of these,C
872,Which dam supplies drinking water to Islamabad and Rawalpindi:,Tarbela dam,Khanpur dam,Sabakzai dam,Mirani dam,B
873,Which city of Balochistan is called the 'Fruit Garden of Pakistan'?,Quetta,Khuzdar,Ziarat,None of these,A
874,"'Which army officer was the first recipient of ""Nishan-e-Haider""?",Major Aziz Bhatti Shaheed,Major Muhammad Akram Shaheed,Major Shabir Sharif Shaheed,Captain Sarwar Shaheed,D
875,The gifts sent in 710 AD were intended for Caliph Waleed bin Abdul Malik and which governor of Iraq?,Yazid bin Muhallab,Ubaidullah,Hajjaj bin Yusuf,Sisakar,C
876,Who was appointed as the joint secretary of the Board of Trustees of Aligarh College?,Syed Mahmud,Abid Muhammad,Iqbal Muhammad,Noor Muhammad,A
877,"Pakistan test-fired its first submarine-launched cruise missile, Babur-III, on January 9, 2017, which has a range of __________.",450 km,550 km,650 km,700 km,A
878,What pact was signed in 1945 between Desai and Liaquat?,Poona Pact,Desai-Liaquat Pact,Gandhi-Irwin Pact,August Offer,B
879,The maximum number of Islamic provisions are included in which Constitution of Pakistan?,1956,1962,1973,None of these,C
880,When was Sui Gas first discovered in Pakistan?,1959,1952,1981,1965,B
881,Who was the ruler of Kashmir at the time of partition in 1947?,Maharaja Hari Singh,Sheikh Abdullah,Maharaja Pratap Singh,Maharaja Gulab Singh,A
882,Which constitution provided a bicameral legislature for the first time?,1949 Constitution,1956 Constitution,1962 Constitution,1973 Constitution,D
883,What was the important element in the strength of the revolt of 1857?,Leadership of Nana Sahib,Leadership of the Rani of Jhansi,Support of Bahadur Shah,Hindu-Muslim unity,D
884,Which Mughal prince built the 'Bibi ka Maqbara'?,Akbar,Jahangir,Azam Shah,Babur,C
885,Khurram was the name of which Mughal king?,Jahangir,Akbar,Shah Jahan,None of these,C
886,Who led the Simla Deputation of Muslim leaders in 1906?,Nawab Salimullah Khan,Sir Agha Khan,Nawab Viqar-ul-Mulk,Maulana Muhammad Ali Johar,B
887,Which school did Sir Syed establish in Muradabad in 1859?,Victoria School,Gulshan School,Darul Uloom,Jam-i-Jahan Numa,B
888,Which year saw the first population census in Pakistan?,in 1961,in 1954,in 1951,in 1948,C
889,Which industry was growing in Pakistan before 1958?,Cottage,Chemical,Manufacturing,All of these,D
890,"According to the 1973 constitution, who elects the Prime Minister?",The President,The Senate,The National Assembly,Direct popular vote,C
891,The SAARC movement was launched for ______.,Political alliances,Regional cooperation,Cultural exchanges,Military strategy,B
892,Which personality is associated with Kartarpur:,Baba Guru Nanak,Dalbir Singh,Amar Singh,None of these,A
893,PFA (Punjab Food Authority) was founded in:,2011,2012,2013,None of these,A
894,Who first discovered the Wonders of the World?,Aristotle,Antipater,Plato,None of these,B
895,Kapas ka Phool is written by:,Khadija Mastoor,Saadat Hassan Minto,Younus Butt,Ahmad Nadeem Qasmi,D
896,Name the political party launched by Air Marshal Asghar Khan in 1970:,Pakistan Democratic Party,Justice Party of Pakistan,Tehreek-e-Insaf,Tehreek-e-Istaqlal,D
897,PTV started its transmission in:,1962,1964,1969,1970,B
898,What is the meaning of the name 'Gwadar'?,Gateway of Wind,House of Magsi,House of Waters,House of Fishers,A
899,Which country was the first to open its embassy in Pakistan?,Iran,Egypt,Russia,Turkey,A
900,How did Pakistan manage to overcome its problem arising out of the blockade by the U.N.?,With the assistance of the U.N.,With the assistance of the ADB,With the assistance of the IMF,With the assistance of the World Bank,D
901,"What is the total area of Pakistan's provinces, excluding AJK and GB?","695,095 km²","795,095 km²","796,095 km²",None of these,C
902,Where did Sir Syed establish the first educational institution?,Bijnaur,Moradabad,Aligarh,None of these,B
903,When was the Liaquat-Nehru Pact between India and Pakistan signed?,1950,1955,1954,None of these,A
904,Lal Shahbaz Qalandar wrote several books in Persian and _________.,Persian,Arabic,Sindhi,Punjabi,B
905,"Which Indian national has received Pakistan's highest civilian award, the 'Nishan-e- Pakistan'?",Morarji Desai,Manmohan Singh,Ram Lal,None of these,A
906,Who suggested for new elections after Shimla Conference?,Iskander,Abul Kalam Azad,Jinnah,None of above,C
907,When did Pakistan leave CENTO?,1971,1974,1979,None of these,C
908,The Tashkent Declaration between Pakistan and India was signed on:,on 10 January 1966,on 10 January 1965,on 10 January 1964,on 10 January 1963,A
909,Brahmo Samaj was founded in:,1820,1828,1832,None of these,B
910,When did East Pakistan separate from West Pakistan?,1969,1970,1971,None of these,C
911,"Among Jinnah's 14 points, which point stated that Sindh should be separated from Bombay?",Point 5,Point 7,Point 9,Point 12,C
912,The first administrator of Karachi was __________.,Muhammad Ghulam,Syed Hashim Raza,Chaudhry Muhammad Ali,None of the above,B
913,"Who is the author of the book, 'The Struggle for Pakistan'?",I.H. Qureshi,K.K. Aziz,Ayesha Jalal,Shahid Rafique,A
914,Muhammad bin Tughluq transferred his capital from ________ to Daulatabad.,Delhi,Agra,Lucknow,None of these,A
915,"Imran Khan, former P.M. of Pakistan, made his first visit to:",China,Iran,Saudi Arabia,Qatar,C
916,The British sold Kashmir to Gulab Singh Dogra under the treaty of:,Treaty of Amritsar,Treaty of Lahore,Instrument of accession,Treaty of Kashmir,A
917,In which year did India suspend Article 370 of the Constitution concerning Jammu and Kashmir?,2018,2019,2020,2021,B
918,Where is Maharaja Ranjit Singh's Samadhi located?,Gujranwala,Delhi,Lahore,Amritsar,C
919,"A. Q. Khan, the father of Pakistan's nuclear bomb, died at the age of:",80,85,90,95,B
920,The Montagu-Chelmsford Reforms were introduced in:,in 1909,in 1919,in 1929,in 1935,B
921,Who is the current Speaker of the National Assembly of Pakistan?,Ayaz Sadiq,Qasim Suri,Asad Qaiser,Murtaza Javed Abbasi,A
922,Malik Ghulam Muhammad abolished the assembly of:,Khawaja Nazim-ud-Din,Abdul Rab Nishter,I.I. Chundrigar,Muhammad Ali Bogra,D
923,The Darul Uloom Deoband seminary was founded on ________.,"On May 31, 1866","On June 30, 1867","On July 31, 1868","On August 31, 1869",A
924,What is the total generation capacity of Warsak Dam?,210 MW,243 MW,254 MW,324 MW,B
925,The Indian National Congress was formed on _________ by the British civil servant Allan Octavian Hume.,"On December 25, 1885","On December 28, 1885","On December 30, 1885","On December 31, 1885",B
926,Shah Abdul Latif Bhitai was from which of the famous orders?,Qadiriyya Silsila,Naqshbandia Silsila,Suharwardiya Silsila,None of these,A
927,Who became the principal of MAO College after Henry Siddons?,John Borthwick Gilchrist,Syed Amir Ali,Theodore Beck,Maulana Maududi,C
928,When was the National Database and Registration Authority (NADRA) established?,"On March 10, 2000","On August 10, 2001","On October 20, 2002","On December 20, 2002",A
929,What was the old name of Quetta?,Karatshi,Shalamar,Shalkot,Quetta,C
930,The first session of the All-India Muslim League was held at:,Dhaka,Aligarh,Karachi,Lahore,C
931,"In which year, according to the Anno Hegirae (A.H.) calendar, did Muhammad bin Qasim invade India?",In 90 A.H.,In 96 A.H.,In 99 A.H.,In 93 A.H.,D
932,Rawat Fort is located in the ________ province.,Sindh,Punjab,Balochistan,KPK,B
933,Indian spy Kulbhushan Jadhav was arrested from:,Chitral,KPK,Balochistan,Gujrat,C
934,"WHO has previously recommended travel restrictions related to polio eradication efforts on Nigeria, Afghanistan and ___:",India,Pakistan,Iran,Somalia,B
935,When was Anjuman-e-Himayat-e-Islam founded?,1881,1882,1883,1884,D
936,Constituent Assembly created on,on 20 July 1947,on 4 August 1947,on 5 August 1947,on 6 August 1947,A
937,Which city of Pakistan is referred to as the 'City of Eagles' (Shaheeno ka Shehar)?,Swat,Sargodha,Lahore,Faisalabad,B
938,The princely state of Junagadh was a small maritime state with an area of approximately __________.,"8,643 km²","4,500 km²","9,000 km²","10,000 km²",A
939,Prime Minister Ch. Muhammad Ali was succeeded by:,I.I. Chundrigar,Muhammad Ali Bogra,Huseyn Shaheed Suhrawardy,None,C
940,Which was the largest princely state at the time of Pakistan's independence?,Punjab,Sindh,Jammu and Kashmir,Bengal,C
941,The per capita income of Pakistan is:,"$1,297.3","$1,197.3","$1,397.3","$1,497.3",A
942,Viceroy Lord Curzon divided the Bengal in east and west on:,on 19th May 1905,on 19th June 1905,on 20th July 1905,None of these,C
943,"When was the English newspaper ""Dawn"" founded by Quaid-i-Azam?",1940,1941,1944,1945,B
944,Minar-e-Pakistan is located in which park?,Iqbal Park,Qasim Park,Jinnah Park,None of these,A
945,The last general elections in Pakistan were held in:,in July 2018,in August 2018,in September 2018,in October 2018,A
946,When was the first session of the first Constituent Assembly of Pakistan held?,"on Aug 10, 47","on Aug 14, 47","on Aug 19, 47",None of these,D
947,The 'CR formula' was prepared by:,C. R. Das,Chakravarti Rajagopalachari,Chandra Shekhar,C. V. Raman,B
948,Which is the highest peak in Pakistan?,Broad Peak,Sia Kangri Peak,K2,Kilik Pass,C
949,The 2008 general elections were boycotted by which major party?,MQM,PTI,JUI-F,PML-N,B
950,The task force established by Pakistan Navy to defend CPEC is called:,Task Force 75,Task Force 88,Task Force 90,Task Force 91,B
951,Pakistan Standard Time was adopted on:,on 14th August 1947,on 1st January 1950,on 1st October 1951,on 23rd March 1956,C
952,"The book ""Indian Musalmans,"" published in 1871, was written by ________.",Joseph Rudyard Kipling,Syed Ameer Ali,Sir Syed Ahmed Khan,William Wilson Hunter,D
953,F.E. Chaudhry is a:,Photographer,Actress,Journalist,None of these,A
954,The first Constituent Assembly of Pakistan originally consisted of _________ members.,59 members,69 members,79 members,89 members,B
955,Pakistan receives ________ rainfall in the months of July to September:,Monsoon,Winter,Summer,Autumn,A
956,Who was the penultimate Viceroy of India?,Lord Irwin,Lord Curzon,Lord Wavell,None of these,C
957,When did Quaid-e-Azam meet M.K. Gandhi for the first time?,In 1910,In 1912,In 1913,In 1916,D
958,Pakistan lost to India in the final of the 2016 Asian Men's Hockey Champions Trophy. Where was the final match played?,"Kuala Lumpur, Malaysia","Ipoh, Malaysia","Kuantan, Malaysia","Johor, Malaysia",C
959,Name the Nawab of Bengal who was defeated by Lord Clive in the Battle of Plassey:,Nawab Shuja-ud-Daula,Nawab Siraj-ud-Daula,Nawab Salimullah,Nawab Ammad-ul-Mulk,B
960,The shortest serving Chief Justice of Pakistan was:,Justice Muhammad Haleem,Justice Jawad S Khawaja,Justice Muhammad Shahab-U-Din,Justice S.A Rahaman,C
961,When did the Khilafat Movement come to an end?,in 1920,in 1922,in 1924,in 1926,C
962,The first women's police station in Pakistan was established in ________.,Islamabad,Karachi,Rawalpindi,Lahore,A
963,The name of the daughter of Quaid-e-Azam was:,Maryam,Dina,Khadija,None of these,B
964,"As Governor General of Pakistan, the Quaid-i-Azam was succeeded by:",Sikander Mirza,Malik Ghulam Muhammad,Khawaja Niazim-ud-Din,Hussain Shaheed Suharwardi,C
965,The 'Chachnama' was originally written in __________.,Arabic,Persian,Sindhi,Urdu,A
966,The case of Indian revolt date?,on 10 March 1837,on 10 April 1875,on 10 May 1857,on 10 June 1849,C
967,Which of the following was the style of Mughal architecture?,Indo-Persian,Islamic-Indo,Persian-Indo,None of these,A
968,"For how many years did Sultan Iltutmish reign, the longest in the Slave dynasty?",15 years,25 years,20 years,30 years,B
969,The Awami League contested against the Muslim League in:,1951,1954,1953,None of the above,B
970,"Lake ""Saif-ul-Maluk"" is located in:",Balochistan,Sindh,Kaghan Valley,Swat,C
971,Mamnoon Hussain was the ___ president of Pakistan.,12th,13th,14th,11th,A
972,What is the primary purpose of Hizbul Mujahideen?,Establishing an independent Kashmir,Integrating Jammu and Kashmir with Pakistan,Promoting religious harmony in South Asia,Strengthening India-Pakistan relations,B
973,What was the Muslims' main demand in the Lucknow Pact?,Abolition of separate electorate,One-third representation in central government,Partition of India,Swaraj,B
974,Who founded the first Urdu newspaper Jam-i-Jahan Numa?,Harihar Dutta,John Borthwick Gilchrist,Sir Syed Ahmad Khan,Maulana Maududi,A
975,The government of Zulfikar Ali Bhutto was dismissed on:,on 5th July 1977,on 14th August 1977,on 4th April 1979,on 17th August 1988,A
976,The PNS Mehran base attack occurred in:,2009,2010,2011,2012,C
977,"Who first announced in English ""This is Pakistan Broadcasting Service""?",Ghulam Mustafa Hamdani,Mr. Zahoor Azar,Z. A. Suleri,PTV Staff,B
978,Which city became the temporary capital of Pakistan in 1960?,Islamabad,Rawalpindi,Karachi,Lahore,B
979,"Hafiz Abdul Majeed appointed as Chief Secretary, West Punjab",on 5 August 1947,on 6 August 1947,on 18 August 1947,on 10 August 1947,C
980,What major body of water lies to the south of Pakistan?,Arabian Sea,Indian Ocean,Bay of Bengal,None of these,A
981,A constituency of the Sindh Assembly is denoted by ________.,PS,PP,PB,PK,A
982,Rohtas Fort was built by:,Akbar,Shah Jahan,Sher Shah Suri,Aurangzeb,C
983,"Which of the following land reform acts put an upper ceiling of 500 irrigated and 1,000 unirrigated acres on individual land holdings?",Land Reform Regulation of 1959,Land Reform Regulation of 1972,Land Reform Regulation of 1977,Both B and C,A
984,The modern game of polo originated from __________.,Gilgit-Baltistan,Iran,USA,The Subcontinent,B
985,Who was the first head of state to visit Pakistan after its creation in 1947?,Shah of Iran,President of Indonesia,King of Saudi Arabia,Amir of Kuwait,D
986,"In which constitution were the presidential and parliamentary systems adopted at the center and provinces, respectively?",The 1956 Constitution,The 1962 Constitution,The 1972 Interim Constitution,The 1973 Constitution,B
987,The Battle of Plassey was fought between:,The British East India Company and the Nawab of Bengal,The British East India Company and the French East India Company,The Mughal Empire and the Marathas,The Marathas and the Nawab of Bengal,A
988,Quaid-e-Azam asked for three law lords from the British government for which commission?,Mandate Commission,Boundary Commission,Government Commission,None of these,B
989,Muhammad Ali Bogra formula was about:,Equal Representation,New Constitution,Bengal boundaries,None of these,A
990,What is the name of the father of Sir Syed Ahmad Khan?,Syed Jafar Ali,Syed Alam Husain,Syed Noor Husain,Syed Muhammad Muttaqi,D
991,Chapter 1 of the 1973 Constitution deals with:,Fundamental Rights,Principles of Policy,President's powers,Prime Minister's powers,A
992,The New Islamabad International Airport's ultimate capacity is about _________ passengers per annum.,21 million,22 million,25 million,30 million,C
993,Dar-ul-Uloom Deoband was founded by:,Maulana Mehmood-ul-Hassan,Maulana Muhammad Qasim Nanautawi,Maulana Hussain Ahmed Madni,Maulana Rasheed Ahmed,B
994,Pakistan joined Non-Aligned Movement (NAM) in which year?,1977,1978,1979,1981,C
995,"Kan Mehtarzai, the highest railway station in Pakistan, is in the ________ district.",Turbat,Zhob,Chaman,Sibi,B
996,On which date was the current Constitution of Pakistan (1973) enforced?,"On March 23, 1973","On August 14, 1973","On June 8, 1973","On October 27, 1973",B
997,"Liaquat-Nehru Pact, a bilateral treaty concluded on 8th April, 1950, was meant to deal:",Water Issues,Right of minorities,Gross border management,None of above,B
998,"In 1992, the government of Pakistan prepared a Forestry Sector Master Plan for ___________.",20 years,25 years,30 years,None of these,B
999,"What is the name of Babur's autobiography, which he wrote himself?",Shahnama,Tuzuk-i-Baburi,Akbarnama,Tarikh-i-Firozshahi,B
1000,Hina Lake is situated near __________.,Sri Nagar,Karachi,Quetta,Islamabad,C
1001,Captain Muhammad Sarwar was martyred in the war of ________.,In 1948,In 1971,In 1965,None of them,A
1002,Name the Princely State other than Kashmir which caused a dispute between India and Pakistan:,Bahawalpur,Junagadh,Chitral,Gurdaspur,B
1003,Which office held supreme judicial authority during the Mughal rule?,The King (Emperor),Qazi-ul-Qazat,Sadr-us-Sudur,None of these,A
1004,When was it announced that Jinnah would be the Governor General of Pakistan?,in June 1947,in July 1947,in August 1947,in September 1947,B
1005,What were the impacts of the Hijrat movement?,Muslims gained political power,Muslims faced a great loss,It strengthened Hindu-Muslim unity,It forced the British to make concessions,B
1006,"GSP+ has been very beneficial for Pakistani businesses, increasing their exports to the EU market by:",62 percent,65 percent,68 percent,72 percent,B
1007,"""Chilam Joshi"" is a festival celebrated in:",Kalash Valley,Gilgit Baltistan,Peshawar,None of these,A
1008,When Allama Iqbal became the president of All India Muslim League:,1928,1929,1930,1931,C
1009,What title did Sarojini Naidu give to Quaid-i-Azam for his efforts in Hindu-Muslim unity?,Father of the Nation,Ambassador of Hindu-Muslim Unity,Mahatma,Knight,B
1010,Who inaugurated the State Bank of Pakistan?,Quaid-e-Azam,Zahid Hussain,Ishrat Hussain,Liaquat Ali Khan,A
1011,Which of the following institutions was established in 1864?,MAO College Lahore,Punjab Training College,Islamia College Lahore,Govt. College Lahore,D
1012,Muhammad bin Tughlaq was proficient in ________.,Art,Music,Calligraphy,Philosophy,D
1013,The Third Round Table Conference in 1932 was held in which city?,Delhi,London,Bombay,Karachi,B
1014,Who seconded the Pakistan (Lahore) Resolution from Punjab?,Sardar Aurangzeb,Qazi Issa,Maulana Zafar Ali Khan,Abdullah Haroon,C
1015,Name the Pakistani girl who achieved the milestone and topped in ACCA (Association of Chartered Certified Accountants).,Nida Aslam,Zara Naeem,Tehreem Javed,None of these,B
1016,General Pervez Musharraf introduced the District System in the year:,1999,2000,2001,2004,C
1017,Who was the Viceroy of India at the time of the formation of the Indian National Congress?,Lord Dalhousie,Lord Dufferin,A.O Hume,Lord Ripon,B
1018,"In the First Battle of Tarain in 1191 AD, Muhammad Ghuri was defeated by whom?",Raja Dahir,King Porus,Prithviraj Chauhan,Khokhar tribes,C
1019,"When was the University of the Punjab, Lahore, formally established?","October 14, 1882","March 3, 1884","May 24, 1875","January 8, 1877",A
1020,"In 2018, which court reopened the case of Indian spy Kulbhushan Jadhav?",ICJ,European Court,Supreme Court of Pakistan,None of these,A
1021,The Pakistan Resolution was passed at ________.,"Minto Park, Lahore","Badshahi Mosque, Lahore","Mochi Gate, Lahore",Lahore Town Hall,A
1022,Who was the Muslim leader of the first Round Table Conference?,Allama Iqbal,Quaid-e-Azam,Sir Agha Khan,None of these,C
1023,Sir Syed advised Muslims to stay away from Congress because:,Muslims needed time to prepare themselves for political struggle,It was a Hindu dominated body,Its demands were against Muslim's interests,All these factors kept them away from Congress,D
1024,"In whose court had Sir Syed's maternal grandfather, Khawaja Fariduddin, been a ""Wazir"" (Minister)?",Salam Shah,Akbar Shah I,Akbar Shah II,None of them,C
1025,When was the Indian Independence Act passed by the British Parliament?,17321,17353,14-Aug-47,17366,B
1026,"For the 18th Amendment, votes in the National Assembly were 292 in favor and __________ against it.",40,None,21,None of these,B
1027,"The Kharif season starts in April-June, and harvesting occurs during _______.",from September to October,from October to November,from October to December,None of these,C
1028,"During the Bhutto government, when did the Constitution Committee present its draft constitution before the National Assembly?","On February 1, 1973","On February 2, 1973","On February 3, 1972","On February 4, 1973",B
1029,The real name of the Mughal Emperor Jahangir was __________.,Farid Khan,Khurram,Salim,Iqbal,C
1030,Baz nama (the book Falconary) was authored by?,Hamza Shinwari,Rehman Baba,Khushal Khan Khattak,Khan Abdul Ghani Khan,C
1031,Minimum age for a Pakistani Senator is:,25,40,35,30,D
1032,"Tourmaline, a gemstone, is found in:",Chitral,Gilgit Baltistan,Kohistan,Chagai,A
1033,When did Pakistan leave the Commonwealth for the first time before rejoining it in 1989?,In 1969,In 1970,In 1971,In 1972,D
1034,Wazir Khan Mosque is located in:,Islamabad,Karachi,Lahore,Faisalabad,C
1035,The First Charter of Human Rights is the _________.,International Charter,U.N. Charter,Khutba-e-Hajjat-ul-Vida,French Constitution,C
1036,Where is Alfalah Building situated?,Rawalpindi,Islamabad,Lahore,Faisalabad,C
1037,The Arya Samaj movement was launched by _________.,Karsandas Mulji,Swami Dayanand Saraswati,Lala Hansraj,None of these,B
1038,Real name of Raja Sahib of Mahmudabad is.,Ali Ameer,Ameer Ahmad,Abdul Haq,Ahmad Kuli,B
1039,Allama Iqbal delivered the Allahabad Address in:,1930,1931,1932,None of these,A
1040,When did China sign an air transport agreement with Pakistan?,In 1959,In 1963,In 1949,In 1960,B
1041,"Zahiruddin Muhammad Babur was born on February 14, 1483, in which city?",Andijan,Farghana,Samarkand,Kabul,A
1042,When did Pakistan join SEATO?,in September 1955,in September 1956,in September 1954,in September 1957,C
1043,"In the provincial elections of 1937, in which province did the Muslim League win the largest number of seats?",Punjab,Bengal,Sindh,United Provinces,D
1044,Qutb-ud-din Aibak was buried in:,Islamabad,Karachi,Lahore,None of these,C
1045,Quaid-e-Millat Liaquat Ali Khan was murdered on:,on 16th September 1951,on 16th October 1951,on 16th November 1951,on 16th December 1951,B
1046,Who is known as Pakistan's First Civil Martial Law Administrator?,Ayub Khan,Zulfikar Ali Bhutto,Zia-ul-Haq,Pervez Musharraf,B
1047,The Muslims of the Subcontinent launched the Khilafat Movement in the year _______.,In 1917,In 1918,In 1919,None of these,C
1048,Doab between Ravi and Chenab:,Sindh Sagar,Rachna,Bari,Chaj Doab,B
1049,Sher Shah Suri is famously credited for rebuilding the ________.,G.T. Road,Lahore Fort,Ranikot Fort,None of these,A
1050,The Basic Principles Committee (BPC) was presided over by:,Liaquat Ali Khan,Maulvi Tamizuddin Khan,Muhammad Ali Jinnah,Chaudhry Muhammad Ali,B
1051,Balochistan comprises what percentage of the population of Pakistan?,4.34 percent,5.94 percent,6.54 percent,7.10 percent,B
1052,The Tochi Pass connects ____ and Ghazni (Afghanistan)?,Bannu,Attock,Swat,Ziarat,A
1053,The first invasion of Mahmud Ghaznavi was in:,900 AD,1000 AD,1100 AD,None of these,B
1054,How many Muslim seats did the AIML win in Bengal during the 1945-46 elections?,37,104,113,119,C
1055,The All India Muslim Students Federation was founded in which city?,Delhi,Lahore,Aligarh,None of these,D
1056,Which famous Mughal King was also a famous Urdu Poet?,Bahadur Shah Zafar,Akbar,Jahangir,None of these,A
1057,"______ is an international, American-led military campaign launched following the September 11, 2001 terrorist attacks.",Global war on terror,Countering terrorism,Terrorism program,None of these,A
1058,"The foundation stone of Sikhism's holiest place, the ""Golden Temple"" at Amritsar, was laid by ________.",Guru Nanak,Baldev Singh,Haridev Singh,Hazrat Mian Mir,D
1059,The national space agency of Pakistan is:,NESCOM,SUPARCO,PAEC,None of these,B
1060,In which annual meeting of the Muslim League did women participate fully for the first time?,Annual meeting of 1938,Annual meeting of 1939,Annual meeting of 1940,Annual meeting of 1941,A
1061,How many aircraft did M.M. Alam down in one go?,5,6,4,3,A
1062,Sardar Abdur Rab Nishtar was governor of:,Punjab,Sindh,KPK,None of these,A
1063,Allama Iqbal returned to India in __________.,In 1908,In 1909,In 1911,In 1912,A
1064,Who was the first Pakistani to summit Mount Everest?,Samir Meherban,Muhammad Ali Sadpara,Mirza Ali,Fazal Ali,B
1065,After how many years of independence did Pakistan get its first constitution?,7 years,8 years,9 years,10 years,C
1066,Sher Shah Suri was an ethnic ___________.,Pashtun,Tajik,Turk,Uzbek,A
1067,"Which pass connects Gilgit with China and is situated at a height of 4,827 meters?",Khan Kun Pass,Malakand Pass,Baroghil Pass,Kilik Pass,D
1068,Who had the shortest tenure as Governor-General of Pakistan?,Iskander Mirza,Ghulam Muhammad,Muhammad Ali Jinnah,Khawaja Nazimuddin,A
1069,Who was the main founder of Darul Uloom Deoband?,Maulana Qasim Nanautavi,Maulana Mahmood-ul-Hasan,Sir Syed Ahmad Khan,Maulana Maududi,A
1070,"Setting a new precedent, Pakistan, for the first time in its 70-year history, appointed a female diplomat in ________.",Iran,India,China,Saudi Arabia,D
1071,Which article in the 1973 Constitution deals with Jammu & Kashmir?,230,240,245,257,D
1072,Who was the famous philosopher that tutored Alexander from age 13 to 16?,Plato,Socrates,Diogenes,Aristotle,D
1073,Who led Quaid-e-Azam's funeral prayer?,Zafarullah Khan,Shabbir Ahmed Usmani,Allama Iqbal,Liaquat Ali Khan,B
1074,Flag of Pakistan was designed by:,Ch. Khaliquzzaman,Ameeruddin Qadwai,Hafeez Jullundhri,Syed Sirajuddin,B
1075,What was the name of the mother of Allama Iqbal?,Abdi Bano,Bano Begum,Imam Bibi,None of these,C
1076,"After 22 years of continuous struggle, Imran Khan was elected as the ________ Prime Minister of Pakistan.",20th,21st,22nd,23rd,C
1077,Who presented 14 points apart from Quaid-e-Azam?,Abul Kalam Azad,Inayatullah Khan Mashriqi,Nehru,Muhammad Ali Bogra,B
1078,Which city is called the 'Brasilia of Pakistan'?,Karachi,Islamabad,Lahore,Faisalabad,B
1079,On which date did colour transmission start on PTV?,on 20th Dec 1976,on 6th Sep 1976,on 1st Jan 1977,on 14th Aug 1977,A
1080,The Punjab Boundary Force was disbanded by the order of:,Quaid-e-Azam,Mountbatten,Both of the Governor Generals,Unexplained,B
1081,The Results Transmission System (RTS) was first used in the General Elections of:,2013,2018,2024,None of these,B
1082,Chairman of the Council of Islamic Ideology is?,Dr. Qibla Ayaz,Fazl-ur-Rahman,Maulana Sherani,None of these,A
1083,The headquarters of the Air Force is located in:,Lahore,Islamabad,Karachi,Rawalpindi,B
1084,Which year proved to be the turning point for the political destiny of Muslims in the history of India?,in 1905,in 1906,in 1907,None of these,B
1085,Kitab-ul-Hind was written by:,Ibn Battuta,Al-Razi,Al-Biruni,Al-Khwarizmi,C
1086,Who was the last Viceroy of India?,Lord William,Lord Harding,Lord Curzon,Lord Mountbatten,D
1087,On what date was the Treaty of Amritsar signed?,"March 16, 1846","May 10, 1857","Aug 16,1946","Feb 20,1947",A
1088,Amir Timur invaded India in:,1398,1399,1340,1341,A
1089,The Kaghan Valley is often called the ________.,Diamond of the Himalaya,Pearl of the Himalaya,Heart of the Himalaya,None of them,B
1090,Naval War College is situated in:,Lahore,Gujranwala,Sahiwal,Multan,A
1091,The Indus Waters Treaty was mediated by the:,World Bank,IMF,UNSC,WHO,A
1092,Articles 41 to ________ deal with the President.,43,45,47,49,D
1093,When is National Voters' Day celebrated by the ECP?,On December 7,On December 8,On January 8,On November 7,A
1094,"In the early 19th century, the official language of the Punjab government was:",Urdu,Persian,Punjabi,None of these,B
1095,Azad Kashmir Government was set up on:,on 27th October 1947,on 24th October 1947,on 15th August 1947,on 16th August 1947,B
1096,"Two Pakistani test cricketers have gotten out on 199 runs. One of them was Younus Khan, who was the other?",Hanif Muhammad,Majid Khan,Javed Miandad,Mudassar Nazar,D
1097,After which incident did Sir Syed Ahmad Khan predict that the gulf of differences between Hindus and Muslims of India shall widen with the passage of time?,Swadeshi Movement of Congress,Urdu-Hindi Controversy in U.P.,Arya Samaj's campaign against Islam,Anti-Muslim civil service reforms 1867,B
1098,The 2008 elections were boycotted by ________.,MQM,PTI,PML-N,Both b and c,B
1099,What happened to the College of Fort William in 1854?,It was founded,It was expanded,It was dissolved,It was renamed,C
1100,Who was the first Federal Tax Ombudsman of Pakistan?,Justice (R) Saleem Kazmi,Justice (R) Saleem Akhtar,Justice (R) Allah Nawaz,Justice (R) Ijaz Nisar,B
1101,In which case was Martial Law first justified by the judiciary?,The State vs. Dosso',Dosso vs. Tamizuddin',The State vs. The President',None of these,A
1102,"What advice was given by the Quaid-e-Azam to solve the dispute of Kashmir, which was rejected by India?",Fair elections,A fair and impartial plebiscite under the UNO,Intervention of the Security Council,None of these,B
1103,Astore District is located in which area?,Balochistan,Khyber-Pakhtunkhwa,Gilgit-Baltistan,Sindh,C
1104,When did the Rawalpindi conspiracy to overthrow Liaquat Government come to light?,in October 1951,in July 1951,in March 1951,in September 1950,C
1105,When did Liaquat Ali Khan visit the USA?,In 1948,In 1949,In 1950,In 1952,C
1106,The real name of Sher Shah Suri was __________.,Farid Khan,Khurram,Salim,None,A
1107,The book 'Dear Mr. Jinnah' was authored by which Indian politician?,Fatima Jinnah,L. K. Advani,Allama Iqbal,None of these,B
1108,When did Allama Iqbal die?,12-Apr-38,12082,22-Dec-39,8829,A
1109,Author of 'With the Quaid-i-Azam During His Last Days' is__________.,G. Allana,Sir Muhammad shafi,Col. Elahi Bakash,Hector Balitho,C
1110,Who served as Foreign Minister in Ayub Khan's government?,Ayub Khan,Noor-ul-Amin,Z.A. Bhutto,Dr. Khan Sahib,C
1111,Futuhat-i-Firoz Shahi is a book written by:,Ghiyasuddin Tughlaq,Muhammad bin Tughlaq,Firoz Shah Tughlaq,Ibn Battuta,C
1112,In which year was the Presidential system introduced in Pakistan?,1956,1962,1973,2001,B
1113,Who became President of Pakistan after Zia's death in 1988?,Ghulam Ishaque Khan,Moin Qureshi,Wasim Sajjad,Ishaq Khan,A
1114,The Joint Chiefs of Staff Committee was created in _______.,In 1956,In 1962,In 1973,In 1976,D
1115,In which year did the Afghan Taliban office open in Qatar?,In 2011,In 2012,In 2013,In 2014,C
1116,Hinglaj Mata Temple is situated in which province of Pakistan?,Punjab,Balochistan,Sindh,None of these,B
1117,What is the circumference of the Ranikot Fort?,32 km (20 mi),33 km (21 mi),31 km (19 mi),30 km (18 mi),C
1118,Nanga Parbat is ranked as the __________ highest mountain peak in the world.,10th,8th,5th,9th,D
1119,Latif Khosa used to be the governor of:,KPK,Punjab,Sindh,GB,B
1120,Which Pakistani area is sandwiched between China and Indian-administered Kashmir?,Astore,Baltistan,Chitral,Kalash,B
1121,Which of Pakistan's constitutions introduced a bicameral parliamentary system?,The 1973 Constitution,The 1956 Constitution,The 1947 Act,The 1962 Constitution,A
1122,"The Sindhi fiction writer and columnist Qazi Abdul Jaleel, popularly known as Amar Jaleel, was born in ________.","Rohri, Sindh","Dadu, Sindh","Shikarpur, Sindh","He came from Rajasthan, India",A
1123,In which year was the Planning Board turned into the Planning Commission?,in 1950,in 1952,in 1951,in 1953,C
1124,Benazir Bhutto was married to ________.,Imran Khan,Nawaz Sharif,Asif Ali Zardari,Shah Mehmood Qureshi,C
1125,How many members were in the cabinet of the 1946 Interim Government?,12,14,16,18,B
1126,In which year did Quaid-e-Azam go into self-exile in London?,in 1929,in 1930,in 1931,in 1933,C
1127,"When did ""Nadva-tul-Ulema"" come into being?",in 1873,in 1883,in 1893,in 1894,D
1128,Mention the date of the agreement between Pakistan and Bosnia for illegal trafficking:,"on Nov 4, 20","on Nov 6, 20","on Nov 8, 20",None of these,A
1129,When did Pakistan and India agree to reduce the risk of atomic attack?,2005,2007,2009,None of these,B
1130,Who was the Viceroy of India in 1919?,Lord Chelmsford,Lord Minto,Edward Montagu,None of these,A
1131,In which year the Taliban Office open in Qatar?,in 2011,in 2012,in 2013,in 2014,C
1132,The Islamabad-Peshawar Motorway (M-1) is __________ long.,155 km,197 km,220 km,270 km,A
1133,In which year British East India Company occupied Punjab?,In 1846,In 1847,In 1849,In 1850,C
1134,What is the age of retirement of Supreme Court Judges:,60,62,65,None of these,C
1135,All India Muslim League session in December 1906 was held at:,Dhaka,Lucknow,Kolkata,None of these,A
1136,First Barani University was established at__________.,Hyderabad,Karachi,Rawalpindi,None of these,C
1137,Which famous personality of Pakistan served as President of the UN General Assembly and a judge at the International Court of Justice?,Dr. Abdus Salam,Sir Zafarullah Khan,A.K. Brohi,Sharifuddin Pirzada,B
1138,Who was the author of the book 'The Spirit of Islam'?,Yasser Latif Hamdani,Syed Ameer Ali,Mahadev Govind Ranade,None of these,B
1139,Most of the runs at ODI are at the credit of:,Misbah-ul-Haq,Inzamam-ul-Haq,Umar Akmal,None of above,B
1140,Who abrogated the 1956 Constitution?,Ayub Khan,Yahya Khan,Iskandar Mirza,None of these,C
1141,"After declaring martial law, General M. Ayub Khan was appointed as the ________.",President,Prime Minister,Chief Martial Law Administrator,None of these,C
1142,"According to the Indus Waters Treaty, Pakistan obtained exclusive rights for the three western rivers which included:","Indus, Jhelum and Chenab","Ravi, Beas and Sutlej","Indus, Ravi and Chenab","Jhelum, Indus and Sutlej",A
1143,Pakistan admitted as member of United Nations on,on 5 August 1947,on 6 August 1947,on 30 Sep 1947,on 14 October 1947,C
1144,'The Diamer-Bhasha Dam will be constructed on:,Kabul,Jhelum,Ravi,Indus,D
1145,There are similarities between the seals found at Mohenjodaro and __________.,Egypt,China,Sumeria,Afghanistan,C
1146,What is the total length of the Line of Control (LOC) in Kashmir?,520 km,680 km,740 km,850 km,C
1147,Zia-ul-Haq was appointed as COAS by Bhutto on:,on 1st March 1976,on 1st March 1976,on 5th July 1977,on 1st September 1978,A
1148,Which is known as the 'City of Hot Weather' due to its record-breaking temperatures?,Thar,Larkana,Jacobabad,Dadu,C
1149,What is the total length of coastline of Pakistan?,1020 km,1046 km,1095 km,1126 km,B
1150,The Khaksar Movement was founded in 1931 by:,Maulana Hasrat Mohani,Allama Inayatullah Mashriqi,Maulana Mahmood-ul-Hasan,Maulana Muhammad Ali Jauhar,B
1151,Pakistan made its first boundary agreement with Iran in:,in May 1960,in April 1961,in July 1960,in August 1960,A
1152,Who was appointed first secretary of the Board of Trustees of Aligarh College?,Hakeem Ajmal Khan,'Sir Syed Ahmad Khan,'Nawab Viqar-ul-Mulk,Raja Ghazanfar Ali Khan,B
1153,"In 1616, which Englishman visited Jahangir's court to seek permission for trade?",Captain Hawkins,John Mildenhall,William Finch,Sir Thomas Roe,D
1154,"The Pakistan Air Force (PAF) Day, honoring its martyrs and heroes, is celebrated every year on ___________.",on September 7,on September 8,on September 9,on September 11,A
1155,The demand for separate electorates for Indian Muslims was first accepted in the Act of __________.,in 1909,in 1919,in 1935,None of these,A
1156,The land lying between the River Indus and River Jhelum is called the ________.,Bari Doab,Chaj Doab,Rachna Doab,Sindh Sagar Doab,D
1157,Who was the first Leader of the Opposition in the first National Assembly constituted under the 1962 Constitution of Pakistan?,Mumtaz Daultana,'Sardar Bahadur Khan,Sardar Sabir Khan,'Zulfikar Ali Bhutto,B
1158,In which province the Uch Gas Field is located?,Sindh,Punjab,Balochistan,Khyber Pakhtunkhwa,C
1159,Who was Sheikh Noor Muhammad?,Brother of Allama Iqbal,Son of Allama Iqbal,Uncle of Allama Iqbal,Father of Allama Iqbal,D
1160,The national predator of Pakistan is the __________.,Lion,Snow Bear,Snow Leopard,All of these,C
1161,The Third Round Table Conference (1932) was fully covered by which one of the following Muslim-owned newspapers?,The Ehsan,The Manshoor,"Al-Hilal, Comrade, and Hamdard",Zamindar,D
1162,When did the Cripps Mission arrive in India?,1942,1943,1944,None of these,A
1163,"Which country became the first associate CERN member from Asia on December 19, 2014?",Pakistan,China,Japan,India,A
1164,The 1st Constituent Assembly of Pakistan was dissolved on:,"on September 21, 1954","on October 24, 1954","on November 11, 1954","on December 25, 1954",B
1165,When was the state of Swat formally merged into Pakistan?,In 1969,In 1970,In 1971,In 1972,A
1166,Abdur Rehman Chughtai belongs to which type of art?,Architecture,Music,Calligraphy,Painting,D
1167,What response did Sir Syed prepare against William Muir's allegations?,Spirit of Islam,History of Saracens,Khutubat-i-Ahmadiya,Asbab-i-Baghawat-i-Hind,C
1168,The title 'Ulugh Khan' was held by which powerful sultan?,Ghiyasuddin Balban,Alauddin Khalji,Jalaluddin Khalji,Iltutmish,A
1169,"According to the 1962 Constitution, judges of the high courts were appointed by the __________.",President,Prime Minister,Legislature,Judges of the Supreme Court,A
1170,When was Sir Syed Ahmad Khan born?,1786,1797,1817,1831,C
1171,Ahmed Shah Patras Bokhari was a famous writer of the ______ language.,English,Hindi,Urdu,Punjabi,C
1172,Who was the founder of Lodhi dynasty of India (1451-1526):,Ibrahim Lodhi,Bahlol Lodhi,Sikandar Khan Lodhi,None of these,B
1173,When did the Congress ministries resign from their offices?,In November 1927,In February 1928,In February 1929,In October 1939,D
1174,Al-Biruni came to India along with __________.,Muhammad Ghauri,Mahmud of Ghazni,Babur,Alauddin Khilji,B
1175,"At the time of the 18th Amendment in the 1973 constitution of Pakistan, who was the President of Pakistan:",Nawaz Sharif,Asif Ali Zardari,Muhammad Khan Junejo,Mamnoon Hussain,B
1176,__________ was the first ruler of the Soomra dynasty (1011-1026).,Hameer,Dodo,Chanesar,Al-Khafif,D
1177,"If there were one hundred Gandhis and two hundred Abdul Kalam Azads with the Muslim League but only one Muhammad Ali Jinnah with the Congress, India would have never been divided Who said this?",Bolitho,Sarojini Naidu,Vijayalakshmi Pandit,Hudson,C
1178,"The title ""Ambassador of Hindu-Muslim-Unity"" was given to Muhammad Ali Jinnah by:",Sarojini Naidu,Allama Iqbal,Nehru,None of these,A
1179,The first currency note of the State Bank of Pakistan was issued on __________.,"On January 1, 1949","On March 1, 1949","On June 10, 1949","On July 1, 1949",B
1180,Identify the Viceroy who made the August Offer in 1940:,Lord Wavell,Lord Linlithgow,Lord Ripon,Lord Mountbatten,B
1181,Partition of Bengal was annulled in?,1909,1910,1911,None of these,C
1182,When was the first Indian civil servant inducted into the government?,1862,1864,1861,None of these,B
1183,Which king is associated with the patronage of the Kumbh Mela?,Arunashva,Yashovarman,Harshavardhana,None of these,C
1184,"""Mardan"" is known for the industry of:",Textile,Sugar,Fiber,Almond,B
1185,"Who is called ""Poet of the East""?",Allama Iqbal,Hafeez Jalandhari,Faiz Ahmad Faiz,Ahmad Faraz,A
1186,The Boundary Commission to demarcate the borders of India and Pakistan was headed by:,Lord Mountbatten,Sir Cyril Radcliffe,Clement Attlee,Sir Stafford Cripps,B
1187,The famous temple at Somnath was dedicated to which Hindu deity?,Lord Shiva,Lord Vishnu,Lord Brahma,Lord Ganesha,A
1188,When was the national anthem of Pakistan first played?,in August 1954,in August 1953,in August 1952,in August 1955,A
1189,Who declared in 1917 that only Hindi was capable of becoming the national language of India?,Motilal Nehru,M. K. Gandhi,Sardar Patel,Indira Gandhi,B
1190,"Which valley is known as the ""Roof of Pakistan""?",Chitral,Chilas,Skardu,Hunza,D
1191,The Shrine of Makhdoom Sarwar Nooh is in _________.,Hyderabad,Mirpur Khas,Matiari,Umarkot,C
1192,"Ibn Battuta, the famous traveler, visited Sindh in ________.",In 1333,In 1338,In 1430,In 1433,A
1193,Where did Zulfikar Ali Bhutto study law?,Cambridge University,University of Oxford (Christ Church),"Lincoln's Inn, London",Harvard Law School,B
1194,The Bogra Formula provided that there would be ________ members from East Pakistan and 135 from West Pakistan in the Lower House.,175,165,180,100,B
1195,Pakistan's ambassador to Iran,Ahmad N. Afghan,Raja Ghazanfar,Qazi Issa,I.I. Chundrigar,C
1196,Who was the leader of the Mahasabha?,Madan Mohan Malaviya,Tilak,Nehru,None of the above,A
1197,The most populous city of Pakistan is:,Lahore,Karachi,Quetta,None of these,B
1198,The historic Badshahi Masjid in Lahore was constructed by Aurangzeb in which year?,In 1658,In 1666,In 1673,In 1703,C
1199,When was the Constitution of 1973 enforced?,"on 10th April, 1973","on 14th August, 1973","on 10th March, 1973","on 10th August, 1973",B
1200,The Somnath temple was destroyed in:,1192,1024,1026,1028,C
1201,Sir Frank Messervy was the first Commander-in-Chief of the ________.,Pakistan Army,Pakistan Air Force,Pakistan Navy,None of them,A
1202,Khushal Khan Khattak was a poet of which language?,Urdu,Punjabi,Pushto,Balochi,C
1203,The Indus River's plains cover an area of approximately ___________.,"100,000 square miles","200,000 square miles","300,000 square miles","400,000 square miles",B
1204,The US Ambassador who died with President Zia ul Haq in the plane crash was:,Arnold Lewis Raphel,Deane Roesch Hinton,Robert B. Oakley,None of these,A
1205,"Due to its proximity to the Indian border, which city was the first to welcome a large influx of refugees after Partition?",Karachi,Mirpur Khas,Lahore,Tharparkar,C
1206,"Out of 565 princely states in India, how many states acceded to Pakistan:",11,13,15,17,B
1207,The garden 'Bagh-e-Safa' and the 'Takhat-i-Baburi' are situated in which area?,Kallar Kahar,Peshawar,Kabul,Lahore,A
1208,What was Gandhi's opinion about the Lahore Resolution?,Moral Right,Moral Wrong,Politically Correct,Unimportant,B
1209,What is the total length of the coastline of Pakistan?,"1,020 km","1,046 km","1,095 km","1,126 km",B
1210,Sardar Abdul Rab Nishtar was the Governor of:,Balochistan,Punjab,NWFP,Sindh,B
1211,Which company plans to invest $94.04 million in a virtual pipeline to deliver imported liquefied natural gas (LNG) at the doorsteps of the industrial sector?,Oil and Gas Development Company Limited,Pakistan Petroleum Limited,Gwadar Gas Port Limited,None of these,C
1212,The initial period of Pakistan's foreign policy from 1947 to 1953 is often known as the era of _________.,Neutrality,Alliances,Bilateralism,Non-alignment,A
1213,The Indus Valley Civilization belongs to:,Neolithic age,Paleolithic age,Chalcolithic age,Mesolithic age,C
1214,What was the percentage of the Muslim population in Kashmir at the time of partition?,70 percent,73 percent,75 percent,77 percent,D
1215,The British Government announced the annulment of the partition of Bengal after ____ years:,5,6,9,11,B
1216,How many tehsils are there in Tribal District North Waziristan?,10,12,9,8,C
1217,Who was the captain of the team which won the Cricket World Cup in 1992?,Miandad,Wasim Akram,Imran Khan,Inzamam-ul-Haq,C
1218,Who was the first Speaker of the Sindh Assembly in 1937?,G.M. Syed,Dewan Bahadur Hiranand Khemchand,Sir Shahnawaz Bhutto,Muhammad Ayub Khuhro,B
1219,India suspended Article 370 of its constitution related to Kashmir on:,on 5th August 2018,on 5th August 2019,on 5th August 2020,on 5th August 2021,B
1220,Who opened the AIML branch in London in 1908?,Maulana Muhammad Ali Johar,Syed Amir Ali,Liaquat Ali Khan,Allama Iqbal,B
1221,On which date is Pakistan Navy Day observed?,on 8th September,on 7th September,on 6th September,on 10th September,A
1222,Shangla District is also known as the land of:,Hujr Mujahid,Simkoh,Saints,None of these,A
1223,"The Capital during the rule of Tippu Sultan (Fateh Ali), where he died while fighting fourth Anglo-Mysour war was?",Bidar,Bangalore,Srirangapatnam,Madurai,C
1224,"In March 1920, Gandhi started:",Non-Cooperation Movement,General Processions,Strikes,Revolt,A
1225,The Indian National Congress was formed on _________ by the British civil servant Allan Octavian Hume.,"On December 25, 1885","On December 28, 1885","On December 30, 1885","On December 31, 1885",B
1226,Which leader is famous with reference to his six points?,Ayub Khan,Zulfiqar Ali Bhutto,Sheikh Mujibur Rahman,Muhammad Khan Junejo,C
1227,What is the length of the common border between India and Pakistan?,1400 km,1610 km,1800 km,2100 km,B
1228,When did Asif Ali Zardari take oath as the President of Pakistan?,"on Sep 9, 08","on Aug 9, 08","on Jun 9, 08",None of these,A
1229,When did Quaid e Azam join All India Muslim league:,1911,1912,1913,1914,C
1230,Who abrogated the 1956 Constitution?,Ayub Khan,Tikka Khan,President Iskander Mirza,Yahya Khan,C
1231,"Guru Nanak eventually settled down at Kartarpur, a town located on the bank of which river?",Chenab,Ravi,Jhelum,Indus,B
1232,Who was the first Chairman of the Joint Chiefs of Staff Committee?,General Muhammad Shariff,General Rahimuddin Khan,Admiral Mohammad Sharif,General Iqbal Khan,A
1233,"The ""Munda Dam"" (now ""Mohmand Dam"") is an under-construction dam located on the _____ River.",Bara River,Karam River,Swat River,Gomal River,C
1234,Over ______ million people exercised their right to vote in the 2013 general elections.,45.2,46.2,47.2,48.2,B
1235,How many articles are there in the 1973 Constitution of Pakistan?,290,245,280,272,C
1236,The Lucknow Pact was signed between:,Gandhi and Jinnah,Nehru and Jinnah,Bal Gangadhar Tilak and Muhammad Ali Jinnah,Lord Chelmsford and Sir Agha Khan,C
1237,The British sold Kashmir to Gulab Singh for a sum of:,45 Lakhs,55 Lakhs,65 Lakhs,75 Lakhs,D
1238,Which major global event occurred between 1939 and 1945?,World War I,Indian Independence,Second World War,Russian Revolution,C
1239,The Lari language is spoken in __________.,Upper Sindh,Lower Sindh,Central Sindh,Sindh & Punjab,B
1240,Who is traditionally credited with founding the modern city of Lahore?,Shah Jahan,Akbar,Humayun,Jahangir,B
1241,Which of the following countries took the Kashmir dispute to the UNO?,India,Pakistan,Russia,Afghanistan,A
1242,The Central Muhammadan Association was founded in 1877 by:,Syed Amir Ali,Ch. Rehmat Ali,Sir Syed Ahmad Khan,None of these,C
1243,"On the arrival of the Simon Commission, the Muslim League split into two groups. One was led by Quaid-e-Azam, and the other was led by:",Sir Muhammad Shafi,Maulana Muhammad Ali Jauhar,Liaquat Ali Khan,Allama Iqbal,A
1244,Manghopir was named after ________.,Sufi Pir Haji Syed Mohammad Sultan,Sufi Pir Haji Syed Ahmed Sultan,Sufi Pir Haji Syed Qutub Sultan,Sufi Pir Haji Syed Sakhi Sultan,D
1245,When was the decimal system for currency introduced in Pakistan?,"On January 1, 1960","On January 1, 1961","On January 1, 1962","On January 1, 1963",B
1246,"The Pakistani film ""Zarqa"" became very popular in Pakistan and the Middle East. Who played the character of ""Zarqa"" in the movie?",Neelo,Musarat Nazeer,Zeba,None of these,A
1247,The Act of 1935 contained how many parts and Schedules?,12 Parts and 8 Schedules,14 Parts and 10 Schedules,15 Parts and 12 Schedules,10 Parts and 5 Schedules,B
1248,Rafiq Tarar became President of Pakistan in:,1995,1997,1998,1999,C
1249,In which year was the MAO school upgraded to the status of a college?,In 1875,In 1877,In 1878,In 1879,B
1250,"From where was the Urdu weekly newspaper ""Al-Hilal"" issued by Maulana Abul Kalam Azad?",Delhi,Calcutta,Lucknow,Karachi,B
1251,When did Pakistan declare a Corona emergency?,on 13-Mar-20,on 23-Mar-20,on 19-Mar-20,None of these,A
1252,Right to Education is described in which article of the Constitution of Pakistan 1973?,10-A,19-A,25-A,26,C
1253,"The last major extension of British Indian territory, through the 'Doctrine of Lapse', took place under ________.",Lord Dalhousie,Lord Lytton,Lord Dufferin,Lord Curzon,A
1254,Which movement did Haji Shariatullah start in Bengal?,Khilafat Movement,Faraizi Movement,Tablighi Movement,Ahrar Movement,B
1255,Who is the first and only Chief of Army Staff (COAS) to give a formal briefing to the Senate of Pakistan?,Gen Qamar Javed Bajwa,Pervez Musharraf,Ayub Khan,Gen Raheel Sharif,A
1256,Which bridge on the Indus River is in the Sindh province:,Jinnah Bridge,Ayub Bridge,Lansdowne Bridge,All of these,D
1257,What is the current total area of KPK Province?,170145 sq. km.,101741 sq. km.,111741 sq. km.,121741 sq. km.,B
1258,Which river joins the Indus River at Attock?,Kabul River,Kunar River,Hakra River,None of These,A
1259,What was the total installed capacity of the 13 hydro-electric facilities in Pakistan according to the Economic Survey of 2011-12?,"5,635 MW","6,481 MW","4,532 MW","5,163 MW",B
1260,When were the first agriculture reforms introduced in Pakistan?,in 1956,in 1959,in 1962,in 1972,B
1261,"The author of the book ""The Making of Modern Sindh"" is ___________.",Rasool Bux Palijo,Ibrahim Joyo,Hamida Khuhro,Amar Jalil,C
1262,Jurist Manzur Qadir was Pakistan's foreign minister during:,1950 to 1952,1955 to 1960,1958 to 1962,1956 to 1960,C
1263,Humayun-Nama was written by ________.,Abul Fazl,Humayun,Badauni,Gulbadan Begum,D
1264,The Mukhi Mahal is a famous landmark in ________.,Hyderabad,Khairpur,Dadu,None of these,A
1265,"When was Gandhi bestowed the title ""Mahatma"" by Rabindranath Tagore?",1913,5544,1916,1917,B
1266,Who imposed the first martial law in Pakistan?,Iskander Mirza,Ayub Khan,Yahya Khan,None of these,A
1267,Who negotiated with cabinet mission (1946) on behalf of All India National Congress?,Ghandi,Nehru,A.K.Azad,None of these,C
1268,The Gwadar Port is situated on the Arabian Sea at Gwadar known as:,Fishing point,Trading point,Both A & B,None of these,C
1269,"__________ was a prominent Punjabi folk music singer of Pakistan, credited with popularizing the musical term Jugni.",Inayat Hussain Bhatti,Tufail Niazi,Alam Lohar,None of these,C
1270,An agreement for cooperation was signed during Turkish President Kenan Evren's visit to Pakistan in February 1980 in the field of ______.,Defence production,Tourism,Research and Development,Shipping,C
1271,Who was the first Ambassador of Pakistan to Afghanistan?,I. I. Chundrigar,Tariq Azizuddin,Aslam Khattak,Aziz Ahmad,A
1272,The first census in Pakistan was held in:,1948,1950,1951,None of these,C
1273,"Dr. Ruth Pfau, also known as the ""Mother Teresa of Pakistan,"" died on _________.","On August 8, 2017","On August 9, 2017","On August 10, 2017","On August 11, 2017",C
1274,Where is the Hasni tribe located in Pakistan?,KPK,Punjab,Sindh,Balochistan,D
1275,Pakistan's ambassador to USA,A.H. Isphahani,Liaquat Ali Khan,Muhammad Zafarullah Khan,Ghulam Muhammad,A
1276,The draft of the 1956 Constitution was passed by the Constituent Assembly on:,"on March 29, 1956","on Feb. 29, 1956","on Jan. 29, 1956",None of these,B
1277,PP stands for ________.,Pakistan's Party,Pay Policy,Primary Position,Province of Punjab,D
1278,What is the National Sweet of Pakistan?,Barfi,Gulab Jamun,Jalebi,None of these,B
1279,When did Quaid-e-Azam join the All India Muslim League?,1911,1912,1913,1914,C
1280,The range of the Shaheen-III missile is:,2250 km,2550 km,2750 km,2950 km,C
1281,Shah Waliullah was the first person in the subcontinent to translate the Holy Quran into which language?,Urdu,Sindhi,Pashto,Persian,D
1282,Sindh was separated from the Bombay Presidency in 1936 based on the recommendations of the __________.,Khilafat Movement,Simon Commission Report,Non-Cooperation Movement,Round Table Conferences,B
1283,Pakistan purchased Gwadar from which country?,China,Oman,India,Iran,B
1284,"During the Khilafat Movement, Maulana Muhammad Ali Jauhar advised Muslims to migrate to?",Egypt,Afghanistan,Syria,None of these,B
1285,The Second Battle of Panipat was fought in November 1556 between the forces of Akbar and whom?,Rana Sanga,Hemu,Sher Shah Suri,Ibrahim Lodhi,B
1286,Who was the Prime Minister of Great Britain when the partition plan was announced?,Winston Churchill,Clement Attlee,Neville Chamberlain,Ramsay MacDonald,B
1287,What publication did the Scientific Society launch in 1866?,Aligarh Institute Gazette,Dawn,Tarjaman-ul-Quran,Jam-i-Jahan Numa,A
1288,Defence Day is observed on ___________.,on September 6,on September 11,on September 7,None of them,A
1289,Which amendments were proposed by Quaid-e-Azam in the Nehru Report of 1928 to make it acceptable to the Indian Muslims?,"For ten years, Muslims should be represented in Punjab and Bengal according to their population",Muslims should be given 1/3 representation in the central legislature,Residuary power should be given to the provinces,All of the above,D
1290,"Who accepted Akbar's ""Din-i-Ilahi""?",Maan Singh,Birbal,Todar Maal,Tansen,B
1291,Approximately what proportion of Pakistan's total population resides in Balochistan?,8.50 percent,9.60 percent,5.90 percent,7.80 percent,C
1292,The Warsak Dam is situated on river ____.,Kabul,Indus,Swat,None of these,A
1293,"On 7th August, Muhammad Ali Jinnah left India for the last time and flew to:",Quetta,Lahore,Karachi,None of these,C
1294,Which of the following is the second largest province of Pakistan in terms of population size?,Punjab,Sindh,KPK,Balochistan,B
1295,Malakhra is a traditional wrestling sport of _________.,Sindh,Punjab,KPK,None of them,A
1296,Pakistan's National Flag was prepared by ________.,Abdur Rehman Chughtai,Liaquat Ali,Chaudhary Rehmat Ali,Ameer-ud-din Qadwai,D
1297,The Kirana Hills are located in ________.,India,Pakistan,Nepal,China,B
1298,Who was the founder of the Gupta Dynasty?,Chandra Gupta,Samudra Gupta,Vikramaditya,None of these,A
1299,Tarbela Dam is located in:,Mirpur,Swabi,Haripur,None of these,C
1300,Quaid-e-Azam attended a Muslim League session for the first time in:,in 1906,in 1910,in 1912,in 1916,C
1301,The Headquarter of MoD (Ministery of Defence) is located in_________.,Islamabad,Karachi,Rawalpindi,Peshawar,C
1302,Who was the successor of Qutb-ud-din Aibak:,Aram Shah,Iltutmish,Razia Sultana,None of these,A
1303,Asaar-e-Sanadeed was a book upon what?,Architecture,Books,Personalities,None of these,A
1304,Which two parties signed the Lucknow Pact?,Muslim League and Arya Samaj,Indian National Congress and Muslim League,British Government and Congress,Muslim League and British Government,B
1305,"The Moplah uprising/revolt in 1921 against the British colonial power in India, was:",For getting release of their detained companions,To protest against the Rowlatt Act,To lend support to the Khilafat Movement,On account of a fishing dispute in Malabar,C
1306,The Qatar-Pakistan gas (LNG) deal was signed on which date?,"On September 4, 2015","On February 10, 2016","On November 5, 2017","On March 13, 2011",B
1307,The old name of Khyber-Pakhtunkhwa was _________.,NWFP,Pakhtunabad,Pakhtunistan,Khyber,A
1308,Which of the following countries got observer status in SAARC?,Russia and USA,Japan and China,UK and France,Turkey and Iran,B
1309,____ necropolis in Pakistan inscribed as a UNESCO World Heritage.,Miani Sahib,Makli,Mewa Shah,None of these,B
1310,What was the strategic significance of the Gwadar Port for the China-Pakistan Economic Corridor (CPEC)?,It provides a base for Pakistan's fishing industry.,It serves as the headquarters for the Pakistan Navy.,It offers a new tourist destination in Balochistan.,"It gives China a shorter, alternative route to the Arabian Sea and the Indian Ocean.",D
1311,The Maharaja of Kashmir signed the Instrument of Accession to India on _________.,"On October 15, 1947","On October 26, 1947","On October 27, 1947","On October 28, 1947",B
1312,Faiz Ahmed Faiz was awarded the Lenin Peace Prize in:,1962,1972,1982,1992,A
1313,"Who betrayed Tipu Sultan, leading to his defeat?",Haider Ali,Mir Sadiq,Lord Wellesley,John Borthwick Gilchrist,B
1314,When did Pakistan join SEATO?,1947,1954,1973,None of these,B
1315,Which personality of Pakistan got the first Nobel Prize:,Malala Yousafzai,Anwar Sadat,Dr. Abdus Salam,None of these,C
1316,Name the first governor of Khyber Pakhtunkhwa from August 1947 to April 1948.,Sir Francis Moody,Sir L. Perry-Keene,Sir Frank Messervy,Sir George Cunningham,D
1317,When was New Delhi established as the new capital of India?,in 1905,in 1911,in 1912,in 1931,C
1318,The Faraizi Movement was started in 1818 by:,Haji Raheem,Dadu Mian,Haji Shariatullah,None of these,C
1319,"Which party started the Quit India Movement""?",Muslim League,Majlis-e-Ahrar,Congress,Khaksar Tehreek,C
1320,When was Muhammad Ali Johar born?,In 1875,In 1876,In 1877,In 1878,D
1321,Who was the first Governor of East Bengal after independence?,Sir Feroz Khan Noon,Sir Frederick Bourne,Chaudhry Khaliquzzaman,Sir John Shore,B
1322,The term of office of the Election Commissioner of Pakistan is:,3 years,4 years,5 years,6 years,C
1323,What was the ratio of the division of military assets between Pakistan and India at independence?,2.118055556,40:60,36:64,30:70,C
1324,The constitution of the All-India Muslim League was drafted by a committee headed by _________.,Maulana Muhammad Ali Jauhar,Nawab Mohsin-ul-Mulk,Nawab Viqar-ul-Mulk,Justice Shah Din,A
1325,A U-Turn came in the foreign policy of Pakistan after the world launched a war against terrorism in:,2001,2002,2007,2009,A
1326,The Act of 1909:,Enlarged the size of the Central as well as Provincial Legislative Councils,Enlarged the size of Central Legislative Councils only,Enlarged the size of Provincial Legislative Councils only,None of these,A
1327,"To meet the educational needs of the people, the ""Madrasa-i-Nasiri"" was built during the reign of _________.",Qutb-ud-din Aibak,Iltutmish,Ruknuddin Firoz Shah,Jalal-ud-din Khalji,B
1328,When did Pakistan withdraw from SEATO?,1955,1973,1980,1985,B
1329,The President is elected by:,National Assembly,Senate,Provincial Assemblies,All of these,D
1330,How many Round Table Conferences were held in the 1930s?,One,Two,Three,Four,C
1331,"In the 1927 Delhi Proposal of Jinnah, he withdrew from:",1/3 representation in the central legislature,Equal representation,Separate electorate,None of these,C
1332,The famous Moti (Pearl) Masjid in Lahore was built by Shah Jahan in which year?,In 1631,In 1641,In 1655,In 1645,D
1333,Who among the following Mughal rulers was a contemporary of Queen Elizabeth I of England?,Jahangir,Aurangzeb Alamgir,Zaheer-ud-din Babar,Akbar the Great,D
1334,Who was the main architect of the joint meeting of the Congress and the Muslim League in Lucknow in 1916?,Zafar Ali Khan,Muhammad Ali Jinnah,Allama Muhammad Iqbal,None of these,B
1335,Ghulam Muhammad Barrage is also called ___________.,Indus Barrage,Kandyaro Barrage,Kotri Barrage,None of them,C
1336,The permanent secretariat of SAARC is located in:,Islamabad,Colombo,Kathmandu,Delhi,C
1337,Ch. Khaliquzzaman became president of which party after Quaid?,Awami League,Jinnah Awami League,Muslim League,Republican Party,C
1338,Which movement in East Pakistan supported India in the 1971 war?,Bangla Movement,Bengali Language Movement,The Mukti Bahini,Azadi Movement,C
1339,Who was the Prime Minister of Pakistan when the country''s first Constitution of 1956 was adopted?,Malik Feroz Khan Noon,Chaudhry Muhammad Ali,Muhammad Ali,Ayub Khan,B
1340,Justice Muhammad Arif and Justice Ali Nawaz Chohan served as Chief Justice in which African country?,Uganda,Gambia,Tanzania,None of these,B
1341,Which Chief of Army Staff died in uniform?,General Mohammad Zia-ul-Haq,General Asif Nawaz,Both a and b,None of them,C
1342,The founder of Zamindar (Newspaper) was:,Chaudhary Rehmat Ali,'Maulana Muhammad Ali Jauhar,'Maulana Abul Kalam Azad,'Maulana Zafar Ali Khan,D
1343,First foreign minister of Pakistan was:,Zafarullah Khan,Liaquat Ali,Raja Ghazanfar Ali,None of these,A
1344,Who succeeded President of USA John F. Kennedy?,Jimmy Carter,L.B. Johnson,George Bush,None of above,B
1345,Who was the first viceroy of India?,Lord Canning,Lord Ripon,Lord Curzon,Lord Hastings,A
1346,The first Television station was set up at Lahore on:,"on October 26, 1964","on November 26, 1964","on December 26, 1964","on January 26, 1965",B
1347,Who was the founder of daily Nawa-i-Waqt:,Hameed Nizami,Majeed Nizami,Khalil Ur Rehman,Zia Shahid,A
1348,Who is the only Indian leader awarded the highest civilian award of Pakistan?,Jawaharlal Nehru,Moraji Desai,Indira Gandhi,Lal Bahadur Shastri,B
1349,The Pir Ilahi Bux Tower (Literacy Tower) is located in which city of Sindh?,Hyderabad,Sukkur,Karachi,Shikarpur,B
1350,When was the first Indian train run?,1853,1854,1857,1861,A
1351,Arfa Karim is famous owing to:,Youngest Certified Apple Professional,Youngest Certified Microsoft Professional,Youngest Certified Amazon Professional,Youngest Certified Windows Professional,B
1352,"Who was unanimously elected President of Pakistan's First Constituent Assembly on Aug 11, 1947?",Liaquat Ali Khan,Ch. Khaliquzzaman,Quaid-e-Azam M.A. Jinnah,Ghulam Muhammad,C
1353,Who is the head of state in Pakistan?,The Prime Minister,The President,The Attorney General,Both A & B,B
1354,Pakistan Tehreek-e-Insaf was founded on ___________.,"On March 23, 1995","On July 18, 1997","On April 25, 1996","On January 1, 1999",C
1355,Name the range which separates China from Pakistan.,Hindu Kush,Pamir,Himalayas,Karakoram,D
1356,Hiran Minar was built by:,Akbar,Humayun,Jahangir,Babar,C
1357,The script of the Indus Valley Civilization was _________.,Persian,Pictographic (Undeciphered),Sanskrit,None of these,B
1358,Mohandas Karamchand Gandhi resigned from Congress on 30th October:,1932,1933,1934,1935,C
1359,When was Quetta devastated by an earthquake?,1931,1935,1948,1959,B
1360,The first session of the first Constituent Assembly of Pakistan was held on:,on 10th August 1947,on 11th August 1947,on 14th August 1947,on 15th August 1947,A
1361,Warren Hastings was the first Governor-General of:,Bombay,Madras,Bengal,All of India,C
1362,Who served as President of the UN General Assembly's 7th session in 1962?,Z.A. Bhutto,Ch. Ghulan Muhammad,Zafarullah Khan,Noor-ul-Amin,C
1363,Pakistan's capital was shifted from Karachi to Islamabad on:,on 1 August 1960,on 1 July 1961,on 1 August 1961,on 1 July 1960,A
1364,Music of national anthem was composed by:,Hafiz Jullundhri,Ahmed Rushdi,Ahmed Ali Chagla,Sohail Rana,C
1365,The culture of ___ has its roots in the Indus Valley Civilization.,Sindh,Balochistan,KPK,None of these,A
1366,Which Prime Minister of India visited Minar-e-Pakistan?,Nehru,Indira Gandhi,Rajiv Gandhi,None of these,D
1367,How many federal coalition governments were formed in Pakistan from 1955 to 1958:,2,3,4,5,C
1368,"What movement did Gandhi launch on August 8, 1942?",Khilafat Movement,Quit India Movement,Civil Disobedience Movement,Non-Cooperation Movement,B
1369,Shaikh Ahmad Sirhindi (Mujaddid Alf Sani) was born in __________.,in 971 AH,in 973 AH,in 974 AH,in 975 AH,A
1370,Which folk Sufi singer is from Hyderabad?,Salman Shah,Sanam Marvi,Abida Parveen,None of these,B
1371,My Leader is a biography which is written by __________.,M. Ali,Ameer Ali,Ziauddin Ahmad Suleri,K. K. Aziz,C
1372,Naulong Dam (previously known as Nel Sai Dam) is being constructed in which province of Pakistan?,Punjab,Sindh,Balochistan,Khyber Pakhtunkhwa,C
1373,Uch Sharif's most famous monument is the tomb of:,Bibi Jawindi,Nawab Salahuddin Abbasi,Maulvi Barkhudar,Shams Tabrezi,A
1374,The major outcome of the 1867 Urdu-Hindi Controversy became a cause of rift between British and Muslims:,A forerunner of,Two-nation theory,Both A and B,None of above,B
1375,Z. A. Bhutto was the author of the following book:,Emergence of Pakistan,In the Line of Fire,If I am Assassinated,History of Pakistan,C
1376,What was the total male population of Pakistan according to the 6th Population Census in 2017?,106.45 million,112.45 million,115.67 million,116.21 million,A
1377,Which of the following provinces of Afghanistan share a border with Pakistan?,"Nangarhar, Paktia, Helmand","Bamiyan, Farah, Herat","Balkh, Samangan, Kunduz","Takhar, Uruzgan, Ghor",A
1378,What is the name of the border between Pakistan and Afghanistan?,Durand Line,Line of Control,Radcliffe Line,None of these,A
1379,Who were the three men that constituted the Cabinet Mission?,"Mountbatten, Wavell, Attlee","A.V. Alexander, Stafford Cripps, Pethick-Lawrence","Nehru, Gandhi, Patel","Jinnah, Liaquat, Iqbal",B
1380,"The nation celebrates the ________ birth anniversary of Liaquat Ali Khan on October 1, 2017.",119th,120th,121st,122nd,D
1381,Who is known as the father of Pakistan's nuclear program?,Dr. Abdul Qadeer Khan,Allama Iqbal,Muhammad Ali Jinnah,Abdul Sattar Edhi,A
1382,Ushr is collected according to section 6 of the act from:,Every landowner,Leaseholder,Allottee,All of the above,D
1383,The Lucknow Pact was conceived by?,Lord Minto,Lord Chelmsford,Muhammad Ali Jinnah,Bal Gangadhar Tilak,B
1384,Who is the administrative head of a province?,Secretary,Chief Secretary,Chief Minister,None of these,B
1385,Which article of the Constitution of Pakistan deals with the national language?,Article 251,Article 261,Article 271,None of these,A
1386,Relics of stone tools dating back to the Pleistocene period have been discovered in ____________.,Sindh,"The Soan Valley, Punjab",Balochistan,None of these,B
1387,The Punjab Boundary Force was disbanded by the order of:,Quaid-e-Azam,Mountbatten,Both of the Governors-General,Not disbanded,B
1388,Sindh Sagar Doab is one of the five major doabs of the Punjab province. It is the tract of land between the following rivers:,Indus and Chenab,Chenab and Jhelum,Indus and Jhelum,Jhelum and Ravi,C
1389,Pakistan applied for UNO membership on:,on 14 August 1947,on 16 August 1947,on 18 August 1947,on 30 August 1947,B
1390,"During his stay in England, Sir Syed closely observed the __________ system of England.",Social,Economic,Educational,Religious,C
1391,Who declared West Pakistan as 'One Unit' in 1955?,Mohammad Ali Bogra,Ch. Muhammad Ali,Iskandar Mirza,Khawaja Nazimuddin,A
1392,When did Liaquat Ali Khan join the Muslim League?,1921,1922,1923,1928,C
1393,Raja Dogra purchased Kashmir in which year:,1840,1842,1844,1846,D
1394,"In 1956, the designation of Governor-General changed to ______?",President,Chief Executive,Prime Minister,None of these,A
1395,The secret agency of Pakistan is:,IB,ISI,FIA,All of these,D
1396,Which neighboring country expressed strong concerns after Pakistan's nuclear bomb tests in 1998?,Iran,Afghanistan,China,India,D
1397,"Babur originally wrote his memoirs, Babur Nama, in which language?",Persian,Arabic,Pashto,Turkish,D
1398,The tomb of Hazrat Sultan Bahu is in _________.,Kasur,"Shorkot, Jhang",Mithankot,Pakpattan,B
1399,The Idea of Pakistan was first conceived by:,Allama Iqbal,Muhammad Ali Jinnah,Liaquat Ali,Agha Khan,A
1400,Last Governor of the undivided Punjab was,Sir Francis Mudie,Sir Evan Jenkins,Sir Geoffrey Prior,Sir George Cunningham,B
1401,The area that separates Pakistan from Tajikistan is called:,Wakhan,Pamir Knot,Khyber Pass,None of these,A
1402,The National Action Plan was established in the year:,2013,2014,2015,2016,C
1403,"Roti, Kapra, Aur Makaan was the slogan of:",Z. A. Bhutto,Ayub Khan,Nawaz Sharif,None of these,A
1404,The Khilafat Committee was formed in which city?,Delhi,Bombay,Calcutta,None of these,B
1405,Which city of Sindh is famous for date palms?,Naushahro Feroze,Sukkur,Ghotki,Khairpur,D
1406,"The Shrine of ""Lal Shahbaz Qalandar"" is situated in __________.",Shahbaz Nagar,Uch Sharif,Sehwan Sharif,Karachi,C
1407,The Dyarchy system was first introduced in the subcontinent by:,British Government,Indian National Congress,Pakistan Government,None of these,A
1408,The National Commission on the Status of Women (NCSW) is a statutory body established in:,in Jul-00,in Aug-00,in Sep-01,in Dec-02,A
1409,Who is the founder of Pakistan?,Allama Iqbal,Iskander Mirza,Rahmat Ali,Quaid-e-Azam,D
1410,In which year was Daulat Khan Lodhi defeated by Khizr Khan?,In 1412,In 1421,In 1414,In 1410,C
1411,What is Chandragupta?,A famous personality,A food item,A tree,A mud volcano,D
1412,Sher Shah Suri is well-known for his ___________.,Education System,Military System,Land Revenue System,Both A & C,C
1413,The shrine of Abdullah Shah Ghazi is located in __________.,Nawabshah,Karachi,Hala,Thatta,B
1414,Titu Mir worked for the Muslim peasants of ____:,Delhi,Bengal,Bombay,Aligarh,B
1415,First Muslim Advocate General of West Punjab,Sheikh Shabbir,Hafiz Majeed,M.A. Khuro,Mazhar Hussain,A
1416,What percentage of the total polled votes in East Pakistan was secured by the Awami League in the 1970 elections?,70 percent,75 percent,80 percent,82 percent,B
1417,The first nuclear power plant in Pakistan was established at ________.,Mianwali,Islamabad,Peshawar,Karachi,D
1418,When was the Indus Basin Treaty signed?,in September 1960,in February 1960,in March 1961,in January 1961,A
1419,"Which PTV programme was hosted by ""PM Benazir Bhutto"" during the 1970s?",Focus on World,Pakistan Today,Outlook,Encounter,D
1420,The partition of Bengal in 1905 was carried out by which of the following British Viceroys in India:,Warren Hastings,Lord Curzon,Lord Mountbatten,Lord Shakespeare,B
1421,Who is the Federal Minister of National Food Security and Research?,Omar Ayub,Khusro Bakhtiar,Hammad Azhar,None of these,D
1422,Drigh Lake is in the _________ district.,Tharparkar,Sanghar,Qambar Shahdadkot,Larkana,C
1423,"Who accepted Akbar's ""Din-e-Illahi""?",Todar Mal,Ma'an Singh,Birbal,None of these,C
1424,The Pakistan Climate Change Act was passed in:,2015,2017,2019,None of these,B
1425,In which language has the folk story Sassi Punnu been described?,Punjabi,Sindhi,Balochi,None of these,B
1426,The term of the Office of Election Commissioner of Pakistan is_________.,10 Years,8 Years,5 Years,None of these,C
1427,Where is the famous building Chauburji located?,Karachi,Hyderabad,Lahore,None of these,C
1428,In which year did Ayub Khan visit the United States?,in 1961,in 1965,in 1966,in 1960,A
1429,When were the Montagu-Chelmsford Reforms introduced in India?,1909,1912,1919,None of these,C
1430,The largest dam in Pakistan by structural volume is ____________.,Tarbela Dam,Mangla Dam,Warsak Dam,None of these,A
1431,The development package announced by PM Imran Khan for Gilgit-Baltistan was for:,350 billion,360 billion,370 billion,None of these,C
1432,The famous place Shakarparian is located in ___________.,Multan,Sindh,Lahore,Islamabad,D
1433,The tomb of Sheikh Sadan Shaheed is in _________.,Bahawalpur,Multan,Muzaffargarh,Lahore,C
1434,Which king of the Tughlaq dynasty is sometimes compared with Akbar for his administrative reforms?,Ghiyasuddin Tughlaq,Muhammad bin Tughlaq,Sultan Feroz Shah Tughlaq,Nasir-ud-Din Mahmud Shah Tughlaq,C
1435,When did Makran accede to Pakistan?,on 15-Aug-47,on 17-Mar-48,on 22-Dec-55,None of these,B
1436,In December 1906 the session of All India Muslim league held in which city:,Chennai,Dhaka,Lucknow,Bombay,B
1437,When did Muhammad Bin Qasim defeat Raja Dahir?,In 711 A.D.,In 713 A.D.,In 714 A.D.,In 712 A.D.,D
1438,"The Durand Line, which divides the borders of Pakistan and Afghanistan, is approximately __________ long.","2,670 km","2,262 km","2,272 km",None of these,A
1439,What percentage of voters in Pakistan are women?,0.4,0.44,0.38,None of these,B
1440,When did British Prime Minister Clement Attlee announce the transfer of power to India?,22-Mar-47,17218,16-May-47,17353,B
1441,What act was introduced in 1861?,Government of India Act,Legislative Council Act,Treaty of Amritsar,Pitt's India Act,B
1442,Which of the following was the first Prime Minister of Pakistan to visit China?,Hussain Shaheed Suharwardy,Ch. Muhammad Ali,Liaqat Ali Khan,Feroz Khan Noon,A
1443,Which monthly journal was issued by Maulana Maududi?,Dawn,"' ""Tarjuman-ul-Quran""","' ""Al-Aman""","' ""Tablighi""",B
1444,Who was the first captain of Pakistan Women's ODI and Test Matches?,Bismah Maroof,Shaiza Khan,Sana Mir,None of these,B
1445,Ilham Aliyev is the president of ____.,Armenia,Azerbaijan,Uzbekistan,None of these,B
1446,When was the National Bank of Pakistan established?,in 1950,in 1949,in 1948,in 1951,B
1447,When did Crown Prince Muhammad Bin Salman visit Pakistan?,in June 2018,in October 2018,in February 2018,in February 2019,D
1448,"When did a devastating earthquake jolt Khyber Pakhtunkhwa (then NWFP) and Kashmir, killing thousands of people?","on October 1, 2005","on October 8, 2005","on October 18, 2005","on October 28, 2005",B
1449,Which community was in the majority in Kashmir at the time of independence?,Muslims,Hindu,Dalit,None of these,A
1450,When was Mohenjo-daro discovered?,In 1922,In 1925,In 1929,In 1930,A
1451,The Maharaja of Kashmir signed the Instrument of Accession to India on _________.,"On October 15, 1947","On October 26, 1947","On October 27, 1947","On October 28, 1947",B
1452,"Altaf Hussain Hali has written ""Hayat-e-Jawaid"" on?",Quaid e Azam,Allama Iqbal,Sir Syed Ahmed Khan,None of these,C
1453,Kalabagh is famous for:,Sulphur,Iron,Gypsum,Tin,B
1454,"Minister for Food and Agriculture, first Cabinet of Pakistan",Ghazanfar Ali Khan,Liaquat Ali Khan,Iftikhar Mamdot,Sardar Nishtar,A
1455,Sardar Abdul Qayyum Khan presented the 'Chenab Formula' to resolve the:,Water dispute with India,Kashmir dispute,Border dispute with Afghanistan,One-Unit issue,B
1456,Jahangir Khan is famous in which sport:,Hockey,Cricket,Squash,Badminton,C
1457,"Which institution did Quaid-e-Azam join to be called to the Bar, becoming the youngest Indian to do so?",Lincoln's Inn,Gray's Inn,Oxford University,Cambridge University,A
1458,Quaid-e-Azam became the permanent president of the Muslim League in:,in 1916,in 1924,in 1934,in 1940,C
1459,"In the Provincial assembly of Sindh, the total number of seats is ________.",80,100,124,168,D
1460,"Pakistan and China established diplomatic relations on May 21, _________.",In 1950,In 1951,In 1954,None of these,B
1461,How many new districts were created in 2004 in the province of Sindh?,3,4,6,7,B
1462,Pakistan imports maximum goods from:,USA,UK,China,None of these,C
1463,When did Liaquat Ali Khan become the honorary secretary of the All-India Muslim League?,In 1936,In 1937,In 1933,In 1938,A
1464,Feroze Shah Tughluq became the Sultan of Delhi in ________.,In 1350 AD,In 1351 AD,In 1354 AD,In 1356 AD,B
1465,"What day did the AIML observe as ""Direct Action Day""?",16813,16852,16-Aug-46,17047,C
1466,India's airstrike at Balakot was on:,on 13 January 2019,on 16 February 2019,on 26 February 2019,None of these,C
1467,U2 incident occurred in:,in 1961,in 1960,in 1958,in 1962,B
1468,The biggest district of Pakistan by area is ___________.,Mastung,Chagai,Kalat,Nushki,B
1469,The Arya Samaj was founded in _________.,In 1875,In 1877,In 1878,In 1879,A
1470,Bhutto served as which PM of Pakistan from 1973 to 1977?,7th,8th,9th,10th,C
1471,The First War fought between India and Pakistan after partition was on which issue?,Ladakh,Sir Creek,Kashmir,All of these,C
1472,The Kingdom of Khwarizm was destroyed in 1218-20 AD by:,Timur,Genghis Khan,Alexander the Great,The Ottomans,B
1473,Who started the Jihad Movement?,Shah Waliullah,Syed Ahmad Shaheed,Haji Shariat Ullah,None of these,B
1474,Quaid-i-Azam Muhammad Ali Jinnah presented his Fourteen Points in:,1928,1929,1930,1932,B
1475,"Who was, at one time, called the ""Ambassador of Hindu-Muslim Unity""?",Quaid-e-Azam,Motilal Nehru,Mohanlal Karamchand Gandhi,Abdul Kalam Azad,A
1476,"Who is the author of the book ""The Making of Pakistan""?",Waheed-uz-Zaman,Aitzaz Ahsan,K. K. Aziz,Ayesha Jalal,C
1477,Which of the following is a higher rank in the Pakistan Air Force?,Squadron Leader,Air Commodore,Wing Commander,Group Captain,B
1478,The Chakravarti Rajagopalachari formula (C.R. formula) was presented in:,in March 1944,in May 1944,in April 1944,None of these,C
1479,Alexander the Great was the son of which Macedonian king?,Philip II,Nebuchadnezzar II,Ptolemy I,Seleucus I,A
1480,"After the death of Zia ul Haq on 17th August 1988, who was made the President of Pakistan:",Muhammad Khan Junejo,Ghulam Ishaq Khan,Farooq Khan Leghari,None of these,B
1481,The value added in major crops accounts for ________ of the value added in overall agriculture.,38 percent,39 percent,25.5 percent,42 percent,C
1482,Pakistan named _______ in commemoration of the nuclear test of 28 May 1998.,Youm Shukar,Youm Nijat,Youm Takbeer,None of these,C
1483,Who supervised the first census of the subcontinent in 1881?,Lord Dufferin,Lord Lytton,Lord Ripon,Lord Curzon,C
1484,Who was the first Governor of the State Bank of Pakistan?,Qasim Parekh,V.A. Jafri,Abdul Qadir,Zahid Hussain,D
1485,Which of the following mountain peaks is famously called the 'Killer Mountain'?,Nanga Parbat,Godwin Austen (K2),Broad Peak,Rakaposhi,A
1486,The Simla Conference was arranged by:,Lord Linlithgow,Lord Wavell,Lord Mountbatten,Clement Attlee,B
1487,In which year did the Supreme Court of Pakistan impose a ban on the Basant festival?,In 2004,In 2005,In 2007,In 2009,B
1488,Who was the first finance minister of Pakistan?,I. I. Chundrigar,Ghulam Muhammad,Chaudhry Muhammad Ali,Zafarullah Khan,B
1489,Pakistan is placed in the world population-wise on ________ number.,8th,10th,11th,5th,D
1490,Who played the leading role in the drama 'Waris?,Firdous Ali,Mehboob Alam,Shafi Muhammad,None of these,B
1491,Lords of the Khyber is written by ________.,Andre Joseph,Kipling,Yousuf Khan,Andre Singer,D
1492,"According to 2021 estimates, the death rate per thousand people in Pakistan is approximately _________.",6 persons,7.2 persons,13 persons,14 persons,B
1493,"The ""Murree of Sindh"" is ________.",Karoonjar Mountains,Makli Hills,Rohri Hills,Gorkh Hill Station,D
1494,"The East India Company first arrived in India, at the port of Surat, in _________.",In 1608,In 1605,In 1616,None of these,A
1495,"During Mughal rule, Bakshi was:",In charge of Military Affairs,Finance minister,In charge of Religious Affairs,Minister of the Royal household,A
1496,When was the All-India Khilafat Committee established?,in 1918,in 1919,in 1920,in 1921,B
1497,Which Muslim leader left politics after the cancellation of the partition of Bengal?,Nawab Salimullah Khan,Khizer Khan,Sir Sayyad Ahmad Khan,Najeeb-ullah,A
1498,Muhammad Bin Qasim built the city of ________ as his capital in Sindh.,Thatta,Mansura,Sehwan,Mehrabpur,B
1499,"In the 3rd June Plan, princely states were asked to join India or Pakistan according to:",Geography,Communal Composition,According to their will,All of the above,C
1500,Pakistan's first private TV channel was __________.,STN (Shalimar Television Network),Geo News,ARY News,92 News,A
1501,Golra Sharif is famous for the shrine of ______________.,Pir Mehar Ali Shah,Bari Imam,Pir of Zakori,Punj Pir,A
1502,"Before becoming Governor-General of Pakistan, Mr. Ghulam Muhammad was the:",Prime Minister,Finance Minister,Foreign Minister,Chief of Army Staff,B
1503,Madr-e-Millat Fatima Jinnah died in the year:,1940,1950,1967,None of these,C
1504,Under whose leadership as Prime Minister was the Constitution of 1956 passed?,Liaquat Ali Khan,Chaudhry Muhammad Ali,Iskander Mirza,None of these,B
1505,What major idea was proposed in Allama Iqbal's Allahabad Address?,Independence of India,Pakistan,Social reforms,Islamic Caliphate,B
1506,"After the death of General Zia-ul-Haq, who became the acting President of Pakistan?",Ghulam Mustafa Jatoi,Mirza Aslam Beg,Ghulam Ishaq Khan,Wasim Sajjad,C
1507,Chashma Canal links the Indus River with:,Chenab,Jhelum,Sutlej,None of these,B
1508,"The ""All-India Muslim League"" observed the ""Direct Action Day"" on:","on August 6, 1944","on August 6, 1945","on August 6, 1946","on August 16, 1946",D
1509,When was the first session of the Constituent Assembly of Pakistan held?,"On August 11, 1947","On August 14, 1947","On August 12, 1947",None of these,A
1510,"The National Highway Authority receipts to the tune of 1,850 million rupees have been reported by May ________.",in 2002,in 2003,in 2004,in 2005,D
1511,Which amendment to the 1973 constitution declared Ahmadis as non-Muslim?,1st Amendment,"2nd Amendment, 1974",3rd Amendment,8th Amendment,B
1512,The famous statue of the 'Dancing Girl' was found at which Indus Valley site?,Mohenjo-daro,Harappa,Lothal,Kalibangan,A
1513,Number of basic democratic members in 1959 was:,90000,100000,80000,70000,C
1514,"Before Shaukat Aziz joined the government as Finance Minister, for which bank was he working?",Citibank,World Bank,Standard Chartered Bank,Middle East Bank,A
1515,The name of NWFP was changed to Khyber-Pakhtunkhwa in ___________.,In 2007,In 2009,In 2010,In 2012,C
1516,Who was the first Secretary of the Trustees of Aligarh College?,Sir Syed Ahmed Khan,Nawab Waqar-ul-Mulk,Nawab Mohsin-ul-Mulk,None of these,A
1517,When was Lucknow recaptured by British forces?,1857,1858,1859,1761,B
1518,Manchar Lake is situated in ________.,Larkana,Dadu,Thatta,Jamshoro,D
1519,Who was the last Governor-General of Pakistan?,Muhammad Ali Jinnah,Sir Khawaja Nazimuddin,Sir Ghulam Muhammad,Iskander Mirza,D
1520,Name the most polluted river in Pakistan.,Ravi,Indus,Kabul,Sutlej,A
1521,"Who said, ""Democracy is the Best Revenge""?",Nelson Mandela,Benazir Bhutto,Abraham Lincoln,None of these,B
1522,Dr. Iqbal strongly rejected the __________.,Western ideal of nationalism,American presidential system,Parliamentary system,National Socialism,A
1523,"In March 1981, how many ulema judges were included in the bench of the Federal Shariat Court?",Four,Three,Two,Five,B
1524,In which year was Pakistan Steel Mills founded at Bin Qasim?,in 1974,in 1972,in 1971,in 1973,D
1525,Faiz Ahmad Faiz was buried in:,Karachi,Lahore,Hyderabad,None of these,B
1526,The song 'Ye Parcham Ke Saye Talay' was sung by:,Nayyara Noor,Masroor Anwar,Musheer Kazmi,None of these,A
1527,Objective Resolution was passed by the Constituent Assembly of Pakistan on:,"On March 12, 1947","On March 12, 1948","On March 12, 1949",None of these,C
1528,The height of K2 (Godwin-Austen) is ____________.,"26,250 ft","27,250 ft","28,251 ft",None of these,C
1529,The Salt Range contains large accumulations of pure salt at Khewra and __________.,Attock,Kalabagh,Jhelum,None of these,B
1530,Who was the last Governor of Undivided Punjab?,Sir Evan Jenkins,Francis Mudie,Abdur Rab Nishtar,None of these,A
1531,When did the major military operation commence in East Pakistan in 1971:,March,April,May,None of these,A
1532,The third session of the Khilafat Conference was held in Bombay in:,in December 1919,in February 1920,in July 1920,in October 1921,B
1533,Which city of Pakistan was once known as the 'City of Maple Trees'?,Lahore,Abbottabad,Hyderabad,Multan,B
1534,When was the first bus service between Srinagar and Muzaffarabad started?,2004,2005,2006,2002,B
1535,"In which town is the Quaid-e-Azam Residency, which was attacked by militants, located?",Ziarat,Karachi,Quetta,None of these,A
1536,"The Jinnah Bagh in Larkana, Sindh, was formerly known as _________.",Das Garden,Tajar Bagh,Gian Bagh,Larkana Bagh,B
1537,When did Pakistan withdraw from SEATO?,1972,1973,1974,None of these,B
1538,Jawaharlal Nehru was the ______ of Motilal Nehru.,brother,son,father,cousin,B
1539,Who was the first speaker of the Sindh assembly in 1937?,Dewan Bahadur Bhojsingh Pahlajani,Syed Miran Muhammad Shah,Agha Badruddin Khan Durrani,Qurban Ali Shah,A
1540,Who abrogated the 1962 Constitution and became CMLA?,Ayub Khan,Yahya Khan,Zulfiqar Ali Bhutto,None of these,B
1541,When did Quaid-e-Azam become the permanent President of the All India Muslim League?,1913,1924,1934,None of these,C
1542,Iftikhar Hussain Mamdot took oath as Chief Minister of,East Bengal,Sindh,NWFP,West Punjab,D
1543,The state religion of Pakistan is:,Islam,Hinduism,Christianity,None of these,A
1544,Which is the largest province of Pakistan by area?,Punjab,Balochistan,Sindh,Khyber Pakhtunkhwa,B
1545,Who is the current Chief Justice of Pakistan?,Ata Bandial,Alvin R. Cornelius,Yahya Afridi,Qazi Faez Isa,C
1546,MAO College was founded to provide modern education primarily to __________.,Muslims,Non-Muslims,Muslims & Non-Muslims,Christians,A
1547,The Noor Mahal is located in:,Bahawalpur,Multan,Khairpur,Sukkur,A
1548,"Who drafted ""Wardha Scheme"" under the guidance of Ghandi?",Abul Kalam Azad,Nahru,Dr. Zakir hussain,None of these,C
1549,In which city is the Army Medical College located?,Rawalpindi,Quetta,Islamabad,Multan,A
1550,According to which amendment was the suspended Constitution of 1973 restored?,7th Amendment,8th Amendment,9th Amendment,10th Amendment,B
1551,"The length of the ""Line of Control in Kashmir is"" approximately:",580 KM,628 KM,720 KM,820 KM,C
1552,How many British officers joined the Pakistan army after Independence?,500,1000,13500,None of these,C
1553,"The ""All-India Muslim League"" observed the ""Direct Action Day"" on ________.","On August 6, 1944","On August 6, 1945","On August 6, 1946","On August 16, 1946",D
1554,Who was the first Sultan of Delhi to issue regular currency and declare Delhi the capital of his empire?,Aram Shah,Iltutmish,Balban,None of these,B
1555,Who presented the Pakistan Resolution?,Maulana Muhammad Ali Johar,Allama Iqbal,Liaquat Ali Khan,A.K. Fazlul Haq,D
1556,Who was the founder of Bahawalpur State?,Nawab Muhammad Sadiq III,Nawab Bahawal Khan I,Nawab Sadiq Muhammad Khan I,None of these,C
1557,Dr. Abdul Qadeer Khan did his Ph.D. from:,Cambridge University,"KU Leuven, Belgium",Berlin Technical University,University of Amsterdam,B
1558,Quaid-e-Azam addressed the Constituent Assembly for the first time on:,"on August 11, 1947","on August 14, 1947","on October 12, 1947",None of these,A
1559,The Khalji Dynasty came to an end in 1320 after Khusrau Khan was defeated and beheaded by whom?,Ghazi Malik,Juna Khan,Firuz Shah,Khizr Khan,A
1560,"The real name of Muhammad Shah, also known as 'Rangeela', was ______________.",Gulshan Khan,Roshan Akhtar,Jamshed Akhtar,Khurram Shehzad,B
1561,Large farms are only 7 percent of total farms but account for ________ of the total cultivated area.,20 percent,30 percent,40 percent,50 percent,C
1562,What is the approximate total length of canals in Pakistan?,"40,000 km","25,000 km","50,000 km","10,000 km",A
1563,Which leader attended all three Round Table Conferences besides Begum Jahanara Shah Nawaz?,Liaquat Ali Khan,Sir Muhammad Zafarullah,Maulana Azad,Sardar Patel,B
1564,When Zia ul Haq became President:,1977,1978,1980,1988,B
1565,The Montagu-Chelmsford Reforms introduced a system called:,Monarchy,Theocracy,Democracy,Diarchy,D
1566,Who among the following was the first president of Pakistan?,Sikandar Mirza,Ayub Khan,Zulfiqar Ali Bhutto,Yahya Khan,A
1567,Quaid-e-Azam gave his Fourteen Points in reaction to the _________.,Simon Commission,Nehru Report,British Government,None of these,B
1568,Who founded the National/Central Muhammadan Association?,Syed Amir Ali,Sir Syed Ahmad Khan,Maulana Muhammad Ali Johar,Maulana Maududi,A
1569,First Commander-in-Chief of Pakistan Army?,Gen. Douglas Gracey,Gen. Sir Frank Messervy,Gen. Muhammad Ayub Khan,Gen. Yahya Khan,B
1570,"In the context of provincial assembly seats, PB stands for ________.",Province of Balochistan,Public Bank,Bank of Pakistan,Posting Box,A
1571,When was the Nehru Committee constituted to propose the future constitution of India?,In February 1927,In February 1928,In February 1929,None of these,B
1572,Where was Bahadur Shah Zafar taken by the Britishers after the conquest of Delhi?,Agra,Rangoon,Bali,Hong Kong,B
1573,Who announced the '3rd June Plan' for the partition of India?,Lord Wavell,Lord Mountbatten,Lord Willingdon,Lord Linlithgow,B
1574,The Cabinet Mission announced their plan on:,on 24th March 1946,on 16th April 1946,on 16th May 1946,on 16th June 1946,C
1575,What is the other name for the Lahore Resolution of 1940?,Pakistan Resolution,Muslim League Resolution,Indo-Pak Resolution,None of these,A
1576,How did Quaid-i-Azam react to the rejection of his amendments to the Nehru Report?,Accepted the report,Called for new elections,"'Said, ""Hindu India and Muslim India parted and parted forever""",Joined the Congress Party,C
1577,Qissa Sohni Mahiwal was written by ____________.,Hafiz Barkhurdar,Hashim Shah,Fazal Shah,Waris Shah,C
1578,Bhikki Power Plant is located in District:,Sheikhupura,Sahiwal,Hyderabad,Badin,A
1579,The tomb of Bahauddin Zakariya is located in _________.,Multan,Sehwan,Pakpattan,None of these,A
1580,The earthquake of 1935 struck which city in British India?,Muzaffarabad,Quetta,Lahore,Karachi,B
1581,Pervez Musharraf became the President of Pakistan before which major event?,Agra Summit,Visit of US President,2002 General Elections,Lahore Declaration,A
1582,Sirnikot is a Buddhist Site located in the district.,Tharparkar,Mirpur Khas,Naushahro Feroze,None of these,C
1583,Which dynasty reigned first?,Mamluk Dynasty,Khilji Dynasty,Lodhi Dynasty,None of these,A
1584,The National Monument of Pakistan is located in __________.,Rawalpindi,Faisalabad,Islamabad,Lahore,C
1585,"The real name of the Mughal emperor Muhammad Shah, also known as 'Rangeela', was ______________.",Gulshan Khan,Roshan Akhtar,Jamshed Akhtar,Khurram Shehzad,C
1586,Pakistan mainly imports edible oil from __________.,Sri Lanka,Malaysia,India,Brazil,B
1587,Waris Shah was the author of:,Heer Ranjha,Sassu Pannu,Qissa Sohni Mahiwal,None of these,A
1588,The original name of Sachal Sarmast (Sufi poet) is __________.,Abdul Ghani,Abdullah,Abdul Wahab Faruqi,Abdul Haque,C
1589,The State Bank of Pakistan was inaugurated by Quaid-e-Azam in:,on 1st March 1948,on 1st May 1948,on 1st July 1948,on 1st August 1948,C
1590,Who was assassinated on 27 December 2007 at Rawalpindi?,Murtaza Bhutto,Benazir Bhutto,Shahnawaz Bhutto,None of these,B
1591,When was the Liaquat-Nehru Pact signed between Pakistan and India?,1950,1955,1964,None of these,A
1592,How many districts are there in Balochistan?,22,28,33,36,C
1593,Leaders of Hyderabad were called___________.,Khan,Nawab,Nazim,None,C
1594,"""KANUPP"" is located near:",Cape Monze,Baleji Beach,Hub,Hyderabad,B
1595,The capital of Khyber Pakhtunkhwa is ________.,Peshawar,Abbottabad,D.I. Khan,None of them,A
1596,The Lahore Resolution (Pakistan Resolution) was presented on:,on 22nd March 1940,on 23rd March 1940,on 24th March 1940,on 14th August 1940,B
1597,What was Bhutto's first major step for economic development?,Land Reforms,Nationalization of Industries,Green Revolution,Export Promotion,B
1598,When was the District Dir of KPK merged in Pakistan?,In 1949,In 1956,In 1969,In 1973,C
1599,"'On which date was the resolution passed to officially address Muhammad Ali Jinnah as ""Quaid-i-Azam Muhammad Ali Jinnah""?",10-Aug-47,17390,12-Aug-47,17393,C
1600,Who was the first President of Azad Kashmir?,Sardar Muhammad Ibrahim Khan,Khan Abdul Hameed Khan,K. H. Khurshid,Abdul Qayyum Khan,A
1601,The Indus Valley Civilization developed around ___________.,2800 BC,2900 BC,3300 BC,3100 BC,C
1602,The first Pakistan-built submarine belongs to the _________ class.,Agosta 90B,Saad 90B,Both A & B,None of them,A
1603,First Pakistani postage stamps issued on,on 6 Oct 1947,on 9 Oct 1947,on 1 Nov 1948,on 9 Jul 1948,D
1604,Subedar Abdul Khaliq belonged to:,Literature,Film Industry,Athletics,None of these,C
1605,Titu Mir struggled for freedom against ____.,Hindu Zamindars,British colonial system.,Both A & B,None of these,C
1606,The joint military training exercise 'Druzhba-III' was held between the following countries?,India and Afghanistan,Pakistan and China,USA and Israel,Russia and Pakistan,D
1607,Who rejected the Nehru Report?,All Parties Conference,Jinnah,Lucknow Conference,None of these,B
1608,"According to the Indus Waters Treaty, which rivers will be governed by India?","Indus, Jhelum and Chenab","Ravi, Sutlej and Beas","Ravi, Sutlej and Chenab",None of these,B
1609,Who introduced the Basic Democracies system?,Ayub Khan,Bhutto,Zia,None of the above,A
1610,Which period saw the most alignment between the Congress and the Muslim League?,1910-1919,1916-1922,1914-1916,None of these,B
1611,"In India, the Taj Mahal was built by Mughal emperor:",Shah Jahan,Akbar,Babur,Aurangzaib,A
1612,The Shaheen-I missile has a range of __________.,750 km,1000 km,2000 km,1500 km,A
1613,Akbar was only _____ years old when he was crowned Emperor?,10,11,12,13,D
1614,What was the codename of Pakistan's first nuclear bomb test?,Operation Chagai-I,Operation Zarb-e-Azb,Operation Takbeer,Operation Rah-e-Nijat,A
1615,"Which Sultan of Delhi has been termed the ""Mad Monarch"" by some historians?",Muhammad bin Tughluq,Ghiyasuddin Balban,Alauddin Khalji,Ghiyasuddin Tughluq,A
1616,The renowned author of the Spirit of Islam and a Short History of the Saracens was:,Shiblee,Nawab Mohsin,Syed Ameer Ali,None of these,C
1617,Baloch Culture Day is celebrated annually on ________.,on March 1,on March 2,on March 3,on March 4,B
1618,When did the Basic Principles Committee present its report?,in March 1949,in July 1951,in September 1950,in October 1954,C
1619,When did Pakistan win its 1st hockey world cup?,1964,1971,1972,1975,B
1620,Karakoram Highway built with the help of which country:,US,UK,China,Iran,C
1621,Who is the Minister of Minority Affairs in Sindh?,M. Rashid Shah,Lal Chand,Dr. Darshan,None of these,D
1622,Who was appointed as the first Muslim governor of Lahore by Sultan Mahmud?,Utbi,Mas'ud,Ferdowsi,Malik Ayaz,D
1623,Who helped Quaid-e-Azam in the preparation of the fourteen points?,Maulana Muhammad Ali Jauhar,Allama Iqbal,Sir Agha Khan,Liaquat Ali Khan,A
1624,Who was the first president of the Constituent Assembly of Pakistan?,Quaid-e-Azam,Liaquat Ali Khan,Iskander Mirza,None of these,A
1625,The voter turnout was _______ percent in the 1988 general elections.,41,42,43,44,C
1626,The first female ambassador of Pakistan to Iran was:,Riffat Masood,Maliha Lodhi,Begum Shahnawaz,None of these,A
1627,Tipu Sultan wrote a letter to which government to seek help against the British?,Germany,France,Turkey,Iran,B
1628,Who ordered that the independent State of Pakistan be set up immediately?,Liaquat Ali Khan,Yahya Khan,The Quaid-e-Azam,Fazl-ul-Haq,C
1629,Who was the first 'Nazim' (Director) of Nadwat-ul-Ulama when it was established in 1894?,Maulana Syed Muhammad Ali Mongeri,Maulana Shibli Nomani,Maulvi Abdul Ghafoor,None of these,A
1630,A Word template stores common document:,Content,Structure,Style,Theme,B
1631,The Khalji dynasty ruled the Delhi Sultanate from 1290 AD to ________.,In 1310 AD,In 1320 AD,In 1325 AD,In 1330 AD,B
1632,Jinnah's 14 points were the Muslims' reply to the:,Nehru Report,Simon Commission,Lucknow Pact,Communal Award,A
1633,Rice cultivation is associated with the Harappan site of ________.,Kalibangan,Harappa,Ropar,Lothal,D
1634,How many districts are there in KPK?,26,29,32,35,D
1635,Who took oath as the First Governor of East Bengal?,Sir John Bennett,Sir Frederick Bourne,Francis Mudie,Sir Giles Squire,B
1636,Fatima Bhutto is the daughter of:,Murtaza Bhutto,Shah Nawaz Bhutto,Benazir Bhutto,None of these,A
1637,The Muslim League was established in 1906. Which city was decided to be its initial headquarters?,Delhi,Bombay,Lucknow,Aligarh,D
1638,Chief of Army Staff (COAS) Gen Qamar Javed Bajwa was awarded a ____________ by Turkey for the promotion of defense ties.,Legion of Merit,Golden Turkey award,Medal of Honor,Legion of Honour,A
1639,The AIML was divided into which two factions after the Delhi Muslim Proposals?,Jinnah League and Shafi League,Muslim League and Hindu League,Congress League and Muslim League,Shafi League and Congress League,A
1640,Asrar-us-Sanadeed was compiled by:,Maulana Hali,Shibli Nomani,Sir Syed Ahmed Khan,Deputy Nazir Ahmad,C
1641,How many canals originate from the Guddu Barrage?,Five,Three,Four,Six,B
1642,Which range is called the 'Roof of the World'?,Karakoram,Hindu Kush Range,The Pamir Plateau,Himalayan Range,C
1643,The largest artificial lake in Pakistan is ________.,Hub Lake,Keenjhar Lake,Banjosa Lake,Khanpur Lake,B
1644,Who negotiated with the Cabinet Mission (1946) on behalf of the All India National Congress?,Mahatma Gandhi,Jawaharlal Nehru,Maulana Abul Kalam Azad,Sardar Vallabhbhai Patel,C
1645,Tarbela Dam is situated in the _________ province.,Kashmir,Khyber Pakhtunkhwa,FATA,Gilgit-Baltistan,B
1646,Pakistan's first Cabinet sworn in on,on 11 August 1947,on 14 August 1947,on 15 Aug 1947,on 16 August 1947,C
1647,Firoz Shah Tughluq was a great builder who founded the towns of Firozabad and ________.,Fatehabad,Jaunpur,Both a and b,None of these,C
1648,Who among the following was the penultimate viceroy of British India?,Lord Mountbatten,Lord Wavell,Lord Linlithgow,Lord Willington,B
1649,Who lifted martial law in 1985:,Zia Ul Haq,Yahya Khan,Sikandar Mirza,Pervaiz Musharraf,A
1650,"Chotiari Dam, an artificial water reservoir, is situated in the province of ________.",KPK,Sindh,Punjab,Balochistan,B
1651,What is the other name of the Muhammad Ali Bogra Formula?,New Law of Pakistan,Constitutional Formula,Pakistan Report,None of these,B
1652,In which country is Godwin Austen located?,India,China,Pakistan,Iran,C
1653,Who initiated the celebration of the 'Shivaji Festival' to promote Hindu nationalism?,Bal Gangadhar Tilak,Bipin Chandra Pal,Madan Mohan Malaviya,None of these,A
1654,Who was the first Chief Minister of Gilgit-Baltistan?,Syed Mehdi Shah,Qamar-uz-Zaman Kaira,Wazir Baig,Pir Karam Shah,A
1655,When did the Karachi Nuclear Power Plant start its operation?,In 1980,In 1979,In 1975,In 1972,D
1656,Kalabagh is famous for its large deposits of ________.,Iron Ore,Salt,Sulphur,None of these,A
1657,"Developing countries, including Pakistan, while preparing their policy, consider evaluation, formulation, and ______:",Sovereignty,Regional,Institutional (capacity/framework),None of these,C
1658,Who was the founder of Nawa-i-Waqt newspaper?,Hameed Nizami,Majeed Nizami,Arif Nizami,None of these,A
1659,When was the Interim Government formed in British India?,16813,17030,17047,17100,C
1660,Which country first of all recognized Pakistan?,Iran,China,Afghanistan,None of these,A
1661,Who was the first Inspector General (IG) of the Punjab Police?,Mian Anwar Ali,A.B. Awan,S.N. Alam,Qurban Ali Khan,D
1662,"The Tripartite Agreement of 9 April 1974 was signed between Pakistan, India, and Bangladesh. Who signed the document on behalf of Pakistan?",Zulfiqar Ali Bhutto,Agha Shahi,Sharif-ud-Din Peerzada,Aziz Ahmad,D
1663,Pakistan's standard time was suggested by ________.,Liaquat Ali,Maulana Mazhar-ud-din,Chaudhary Rehmat Ali,Professor Muhammad Anwar,D
1664,When did Quaid-i-Azam Muhammad Ali Jinnah born?,"On December 25, 1874","On December 25, 1875","On December 25, 1876","On December 25, 1873",C
1665,"The ""British Parliament"" passed the ""Indian Independence Act"", which received royal assent on __________.","On July 14, 1947","On July 16, 1947","On July 18, 1947","On July 19, 1947",C
1666,The Mosque of 'Dai Anga' is located in:,Rawalpindi,Multan,Lahore,Kasur,C
1667,How many awards of Nishan-e-Haider were conferred upon brave Pakistani soldiers who embraced Shahadat during the 1971 war?,3,5,4,1,C
1668,Pakistan won how many gold medals in the 2010 Games in India?,2,4,7,9,A
1669,In which year did Quaid-e-Azam present his fourteen points?,in 1928,in March 1929,in 1930,in 1931,B
1670,The policy of large-scale nationalization of industries and financial institutions was a hallmark of which government?,Ayub Khan's,Yahya Khan's,Zulfikar Ali Bhutto's,Zia-ul-Haq's,C
1671,The K2 peak is the _________ highest peak in the World.,First,Second,Third,Fourth,B
1672,Which Mughal emperor installed a 'chain of justice' with bells outside his palace?,Akbar,Jahangir,Shah Jahan,None of these,B
1673,"Which country uses the China-based BeiDou system for urban planning, surveying, mapping, disaster relief, and traffic monitoring?",Uruguay,Italy,Brazil,Pakistan,D
1674,The Pakistan hockey team first participated in the Olympics in:,1952,1956,1948,1960,C
1675,Who presented the C.R. Formula discussed in the 1944 Jinnah-Gandhi talks?,Gandhi,Jinnah,C. Rajagopalachari,Lord Wavell,C
1676,What is the National Tree of Pakistan?,Sheesham,Neem,Oak,None of these,D
1677,Purana Qila in Delhi was built by ________.,Shah Jahan,Babar,Firoz Tughlaq,Sher Shah,D
1678,The Chairman of Zakat is not less than:,35 1/2 years,40 years,45 years,50 years,B
1679,When did Balochistan get the status of a province?,1955,1961,1970,None of these,C
1680,"At the time of independence, which was the biggest princely state in terms of area?",Hyderabad,Kashmir,Kalat,Bahawalpur,B
1681,Which article of the 1973 Constitution is related to the affairs of Zakat?,Article 31,Article 44,Article 46,Article 39,A
1682,Who repeatedly refers to Sir Syed as the 'Father of Muslim India' and 'Father of Modern Muslim India'?,Hali,Abdul Qadir,Ch. Khaliquz Zaman,None of these,A
1683,"How many towns in Pakistan at the time of independence had a population of more than 100,000?",8,9,10,11,A
1684,The Act of 1935 contained how many parts?,10,12,14,16,C
1685,"The book, 'Songs of Blood and Sword', is written by ___________.",Fatima Bhutto,Zulfikar Ali Bhutto,Benazir Bhutto,Maleeha Lodhi,A
1686,The beginning of the Mughal Empire is dated to the victory by Babur over:,Usman Lodhi,Ismail Lodhi,Ibrahim Lodhi,Bahlul Lodhi,C
1687,Iran US Nuclear Deal was signed in which year?,in 2012,in 2016,in 2015,in 2010,C
1688,"Which king called himself ""Naib-e-Khuda"" (Deputy of God)?",Akbar the Great,Ala-ud-din Khilji,Muhammad Tughluq,Ghiyasuddin Balban,D
1689,"Why did Quaid-e-Azam launch Direct Action Day on August 16, 1946?",To protest the breach of pledge by the Cabinet Mission/Viceroy,To celebrate the formation of the interim government,To start the Quit India movement,To demand immediate partition,A
1690,In which constitution was a Bicameral Legislature provided for the first time?,in 1956,in 1962,in 1973,The LFO of 1970,C
1691,Ibn-e-Batuta came to India during the reign of?,Muhammad Bin Tughlaq,Ghiyas-ud-Din Tughlaq,Zaheer-ud-Din Babur,Akbar The Great,A
1692,In which year did Quaid-e-Azam resign from the Indian National Congress?,In 1919,In 1920,In 1921,In 1922,B
1693,The Indus Valley Civilization belongs to the ____________.,Neolithic Age,Palaeolithic Age,Chalcolithic Age (Bronze Age),Mesolithic Age,C
1694,"The Lawyers' Movement, also known as the Movement for the Restoration of Judiciary was actually the restoration of:",Anwar Zaheer Jamali,Nasir ul Mulk,Iftikhar Chaudhry,None of these,C
1695,The area between the rivers Jhelum and Chenab is called _________.,Gandhara,Chaj Doab,Taxila,Harappa,B
1696,Who founded the All India National Congress?,Nehru,Gandhi,A.O. Hume,Quaid-e-Azam,C
1697,A constituency of the Azad Kashmir Assembly is denoted by ________.,GBLA,PPLA,LA,PS,C
1698,'Which of the following was signed on 8 April 1950?,SEATO,CENTO,Liaquat Nehru Pact,Colombo Plan,C
1699,A no-confidence vote against Benazir Bhutto failed in:,in 1988,in 1989,in 1990,in 1991,B
1700,When did Balochi tribes join Pakistan?,"on Jun 16, 47","on Jun 17, 47","on Jun 18, 47",None of these,D
1701,"According to Allama Iqbal, in which form of government are heads counted rather than weighed?",Oligarchy,Democracy,Polity,None of these,B
1702,"In the year 1613, where was the English East India Company given permission to set up a factory trading post?",Madras,Bangalore,Masulipatam,Surat,D
1703,Tomb of Makhdoom Bilawal is at __________.,Ranipur,Thatta,Dadu,Sehwan,C
1704,When did the tragedy of Jallianwala Bagh take place?,1913,1916,1919,None of these,C
1705,Minar-e-Pakistan was designed by ______.,Nasreddin Murat-Khan,Vedat Dalokay,Arif Masoud,Yahya Merchant,A
1706,Shah Abdul Latif Bhittai belongs to which Sufi Silsila?,Chishti,Idrisiyya,Sunni,Naqshbandi,D
1707,Dar-ul-Uloom Deoband was founded by ______?,Muhammad Qasim Nanautavi,Mahmud al-Hasan,Hasan Ali Effendi,None of these,A
1708,The Shabistan-e-Iqbal is the largest and best-preserved of the residences of the imperial:,Harem,Sarem,Qasem,None of these,A
1709,The Pakistan Academy for Rural Development is situated in ________.,Chitral,Peshawar,Bannu,Mardan,B
1710,Currency notes are issued by:,National Bank,State Bank,Both A & B,None of the above,B
1711,Syed Ameer Ali established the London branch of the Muslim League in:,in 1907,in 1908,in 1909,in 1910,B
1712,Who was not a member of the First Cabinet of Pakistan?,Sardar Abdur Rab Nishtar,Hussain Shaheed Suharwardy,Jogendra Nath Mandal,Malik Ghulam Muhammad,B
1713,"Who is the author of the book 'Tareekh-o-Irtiqa', which traces the history of documentaries in Pakistan?",Mirza Aslam Beg,Nazimuddin,Gulzar Ahmed,Imtiaz Husain,B
1714,Standard Time of Pakistan is ahead of GMT:,1 Hour Ahead,3 Hours Ahead,5 Hours Ahead Coordinated Universal Time.,None of these,C
1715,Who presided over the session when the Lahore Resolution was passed?,Maulana Maududi,Quaid-i-Azam,Lord Linlithgow,Ch. Khaleeq-uz-Zaman,B
1716,Daily Dawn was published by Quaid-e-Azam in?,1942,1944,1939,1945,A
1717,The Establishment of Delhi Sultanate began with the invasion of:,Muhammad Ghori,Alauddin Khilji,Muhammad Tughlaq,None of these,A
1718,The National Bird of Pakistan is the _________.,Peregrine Falcon (Shaheen),Markhor,Chukar Partridge,None of above,A
1719,In which year did Sir Syed Ahmad Khan set up a school at Muradabad?,In 1829,In 1839,In 1859,In 1849,C
1720,Which country first recognized Pakistan?,China,Iran,India,None of these,B
1721,"The Hindus had launched the ""Swadeshi Movement"" (to boycott English-made goods) in the wake of:",The Urdu-Hindi controversy 1867,The Partition of Bengal 1905,The Jallianwala Bagh tragedy 1919,All of the above events,B
1722,Derawar Fort is in which city of Punjab?,Bahawalpur,Sahiwal,Multan,None of these,A
1723,"At the time of the partition of India, Kashmiris were divided into which parties?",Muslim League and Congress,National Conference and Muslim Conference,Indian Congress and Sikh Sabha,Unionist Party and Khilafat Movement,B
1724,"The first Inter-Dominion Agreement on Canal Water was signed on May 4, 1948, between _____________.",Pakistan and Afghanistan,Pakistan and India,Pakistan and China,Pakistan and Iran,B
1725,What is the name of the PIA-owned hotel in New York?,Roosevelt Hotel,Hilton Hotel,Plaza Hotel,Grand Hyatt,A
1726,"Under the era of which personality, was the price control system instituted?",Alauddin Khalji,Akbar the Great,Sher Shah Suri,'Ghiyath al-Din Tughluq,A
1727,Which famous poet is known by the title 'Khuda-e-Sukhan' (God of Poetry)?,Allama Iqbal,Mir Taqi Mir,Hafeez Jalandhri,Mirza Ghalib,B
1728,"Who, under the Treaty of Amritsar in March 1846, purchased Kashmir?",Chum Sing,Gulab Singh,Lari Singh,None of these,B
1729,"The Tripartite Agreement of 9 April 1974 was signed between Pakistan, India and Bangladesh. Who signed the document on behalf of Pakistan?",Zulfiqar Ali Bhutto,Agha Shahi,Sharif-ud-Din Peerzada,Aziz Ahmad,D
1730,Karachi is divided into how many districts?,3,4,5,6,D
1731,"When did India, citing the military situation in Jammu and Kashmir, appeal to the UNO?","On January 1, 1948","On January 2, 1948","On January 3, 1948","On January 4, 1948",A
1732,"The book ""The Sole Spokesman: Jinnah, the Muslim and Demand for Pakistan"" was written by:",Umera Ahmad,Aitzaz Ahsan,Ayesha Jalal,Liaqat Ali Khan,C
1733,"Before Mountbatten, who was the viceroy?",Lord Linlithgow,Lord Wavell,Lord Irwin,Lord Reading,B
1734,KRL stands for ________.,Khan Research Laboratories,Kahuta Research Laboratories,Karachi Research Laboratories,None of them,A
1735,When was the famous Faisal Mosque of Islamabad completed?,In 1980,In 1983,In 1986,In 1989,C
1736,Who was the first Prime Minister of Pakistan?,Muhammad Ali Jinnah,Liaquat Ali Khan,Khawaja Nazimuddin,Ghulam Muhammad,B
1737,"In 1966, Mujib-ur-Rehman (leader of the Awami League) made public his controversial ______ point formula.",4,5,6,7,C
1738,Pakistan's Citizenship Act of ________ guarantees citizenship to anyone born in the country before its commencement.,In 1948,In 1949,In 1951,In 1955,C
1739,Who died in a plane crash along with General Zia in 1988?,Richard Nixon,George Bush Sr.,Arnold Raphael,Martin Luther King Jr.,C
1740,Which tribes primarily inhabit North Waziristan?,Wazir and Dawar,Mehsud and Wazir,Barki and Dawar,None of these,A
1741,Why did Afghanistan oppose Pakistan's membership in the UN?,Durand Line,Indian Pressure,Insurgency,None of these,A
1742,Which is the national bird of Pakistan?,Markhor,Chukar,Parrot,Pigeon,B
1743,What is the length of the Ranikot Fort?,"32 km, 20 mi","33 km, 21 mi","31 km, 19 mi","30 km, 18 mi",C
1744,"In the Government of India Act 1935, the subcontinent was divided into _______?",10 provinces,11 provinces,9 provinces,12 provinces,B
1745,SAPTA is a trade agreement by:,ASEAN Nations,SAARC Nations,European Union,African Union,B
1746,Sir Agha Khan remained the permanent president of the Muslim League until:,in 1910,in 1913,in 1916,in 1920,B
1747,The picture on the back of the 10 Rupee Pakistani note is of the _________.,Bolan Pass,Attock Pass,Khyber Pass,Khunjerab Pass,C
1748,When was the Congress meeting held in 1929?,Lahore,Karachi,Delhi,None of these,A
1749,The Thirteenth Amendment to Article 58(2)(b) was passed by the parliament on ________.,"On April 4, 1997","On April 3, 1997","On April 2, 1997","On April 1, 1997",D
1750,Which amendment relates to the Shariah Bill?,7th,9th,18th,22nd,B
1751,"""The Life of Mohammad"" was a book written by:",Syed Ahmed Shaheed,Syed Ahmed Khan,Ibn Ishaq,None of these,C
1752,Who laid the foundation stone of Quaid's Mausoleum?,Liaquat Ali Khan,Iskandar Mirza,Yahya Khan,Ayub Khan,D
1753,Nanga Parbat is ranked as the __________ highest mountain peak in the world.,10th,8th,5th,9th,D
1754,Babur became the ruler of Farghana in 1494 at what age?,Fifteen,Thirteen,Eleven,Nine,C
1755,The biggest thermal power plant in Pakistan is installed in __________.,Quetta,Guddu,Lahore,Peshawar,B
1756,"The Chauburji monument in Lahore was built by Zeb-un-Nisa, who was the ____ of Aurangzeb.",wife,sister,mother,daughter,D
1757,Nusrat Fateh Ali Khan died in:,1997,1998,1996,1994,A
1758,Who started the Ahrar Movement and founded Majlis-e-Ahrar-e-Islam in December 1929?,Allama Iqbal,Syed Ataullah Shah Bukhari,Maulana Muhammad Ali Johar,Quaid-i-Azam,B
1759,SECP is the regulatory authority of the:,Stock Market,Import and Export,Media Business,All of these,A
1760,The Kartarpur Corridor opening was on which birth anniversary of Guru Nanak?,500th,520th,530th,550th,D
1761,A.O. Hume is credited with founding:,Indian National Congress,National Conference,Indian National League,None of the above,A
1762,Pakistan won the first and only ICC T20 Cricket World Cup under the captaincy of whom?,Younis Khan,Imran Khan,Shahid Afridi,Ramiz Raja,A
1763,In which Constitution of Pakistan were the ministers neither members of the parliament nor answerable to it?,The 1956 Constitution,The 1962 Constitution,The 1973 Constitution,None of these,B
1764,Jasmine was chosen as the national flower of Pakistan in which year?,In 1951,In 1961,In 1971,None of these,B
1765,Who succeeded Quaid-e-Azam as Governor General?,Liaquat Ali Khan,Khawaja Nazimuddin,Ghulam Muhammad,Sir Feroz Khan Noon,B
1766,Who started the first English-language newspaper in India?,Raja Ram Mohan Roy,James Augustus Hicky,Maulana Zafar Ali Khan,Sir Syed Ahmed Khan,B
1767,The tomb of Hazrat Madhu Lal Hussain is in?,Lahore,Kasur,Sheikhupura,Nankana,A
1768,The All-Parties Conference was a group of Indian political parties in 1928 headed by:,Pandit Moti Lal Nehru,Raj Gopal Acharia,Abul Qalam Azad,None of these,A
1769,Military courts had been established to deal with the cases related to terrorism under ____ amendment?,19th,20th,21st,None of these,C
1770,Who was the first Foreign Minister of Pakistan?,Liaquat Ali Khan,Sir Zafarullah Khan,Ghulam Muhammad,I. I. Chundrigar,B
1771,When was the government of Zulfikar Ali Bhutto dismissed and the third martial Law enforced by General Zia-ul-Haq?,on 23rd March 1977,on 5th July 1977,on 14th August 1977,on 17th September 1978,B
1772,Sultan Mahmud died in Ghazni at the age of fifty-nine in which year?,In 1026 AD,In 1027 AD,In 1048 AD,In 1030 AD,D
1773,Chaj Doab lies between which two rivers?,Indus-Jhelum,Chenab-Jhelum,Ravi-Chenab,None of these,B
1774,"Who wrote the book ""India Wins Freedom""?",Abul Kalam Azad,Jawahar Lal Nehru,Raja Gopal Acharya,None of these,A
1775,Which viceroy is known as penultimate viceroy of the Subcontinent?,Linlithgow,Wavell,Mountbatten,None of these,B
1776,When was the third Martial Law imposed in Pakistan?,on 7th July 1977,on 6th September 1977,on 26th March 1969,on 7th October 1958,A
1777,The first chapter of the 1973 Constitution is:,Principles of Policy,Special provisions,Fundamental Rights,None of these,C
1778,Who was the first Chief Minister of West Pakistan?,Dr. Khan Sahib,Muhammad Ali Bogra,Abdul Qayum Khan,Abdur Rab Nishtar,A
1779,The Father of the nuclear bomb in Pakistan is:,Z.A Bhutto,A.Q Khan,R.A Nawaz Sharif,Samar Mubarak,B
1780,"In the Indian Rebellion of 1857, 80 soldiers who disobeyed Colonel Smith for using greased cartridges belonged to:",Meerut,Agra,Delhi,Mumbai,A
1781,The Eighteenth Amendment Bill to the Constitution of Pakistan was 'passed' by the Senate of Pakistan on:,"on Apr 15, 10","on Apr 14, 10","on Apr 13, 10",None of these,A
1782,The capital of Punjab is:,Lahore,Multan,Faisalabad,None of these,A
1783,Malala Yousafzai belongs to which area of Pakistan:,Peshawar,Quetta,Karachi,None of these,D
1784,"When did a 7.7 magnitude earthquake occur in Awaran, a district of Balochistan?",in 2012,in 2013,in 2014,None of these,B
1785,Who was the first king of the Mughal Dynasty in Hindustan?,Humayun,Sher Shah,Zafar Shah,Babar,D
1786,When did Ayub Khan visit China as President of Pakistan for a significant state visit?,1961,1965,1968,1969,B
1787,The total number of administrative divisions in Azad Jammu & Kashmir is __________.,2,3,5,6,B
1788,Pakistan and China established diplomatic relations on:,on 21 May 1950,on 21 May 1951,on 21 May 1952,None of these,B
1789,Who founded the Ghurid Dynasty by capturing Ghazni in 1173 AD?,Qutbuddin Aibak,Mahmud of Ghazni,Sultan Shahab-ud-Din Ghuri,Prithviraj Chauhan,C
1790,"In Pakistan, the term Chhanga Manga Politics is used for?",Kickback,Horse-trading,Bribery,None of these,B
1791,Who was the first Chief of Army Staff of the Pakistan Army?,General Zia-ul-Haq,General Aslam Beg,General Ayub Khan,General Tikka Khan,D
1792,Lord Clive defeated Nawab Siraj-ud-Daulah in which battle in 1757 and captured Calcutta?,Larkana,Dajla,Panipat,Plassey,D
1793,Who was the first female Governor of Sindh?,Begum Salma Tassaduq Hussain,Begum Maulana Muhammad Ali Jauhar,Begum Ra'ana Liaqat Ali Khan,Begum Khwaja Nazimuddin,C
1794,Quaid-e-Azam Solar Park is one of the biggest projects for solar power generation in Pakistan. Where is it located?,Multan,Sukkur,Rahim Yar Khan,Bahawalpur,D
1795,What is the duration of the National Anthem of Pakistan?,55 secs,80 secs,90 secs,None of these,B
1796,"Pakistan conducted nuclear tests on May 28, 1998, at:",Toba Kakar,Chaghi Hills,Raskoh,None of these,B
1797,When did Pirpur Report publish?,In 1936,In 1937,In 1938,In 1939,C
1798,The term and tenure of Senate membership is _____ years.,3 years,4 years,5 years,6 years,D
1799,Train to Pakistan is a famous novel by:,Khushwant Singh,Hassan Askari,Sheikh Rasheed,None of these,A
1800,The old name of Taxila was:,Nandana,Takshashila,Gandhara,None of these,B
1801,The 1965 war with India lasted from:,6th to 22nd September 1965,3rd to 19th September 1965,7th to 21st September 1965,2nd to 18th September 1965,A
1802,Which pass connects Qila Abdullah with Chaman?,Khojak Pass,Baroghil Pass,Dargai Pass,Malakand Pass,A
1803,Which crop is known as Kharif crop?,Wheat,Cotton,Maize,Gram,B
1804,Which Indian personality received the award of Nishan-e-Pakistan?,Jawaharlal Nehru,Morarji Desai,Lal Bahadur Shastri,None of these,B
1805,Why did Gandhi observe a fast unto death ('Marn Vrat') in 1932?,"To protest against the Communal Award and separate electorates for ""depressed classes""",To pressurize the English government for independence,To stop Hindu-Muslim riots,To protest the arrest of Congress leaders,A
1806,Dr. Abdul Qadeer Khan died on:,on 10 September 2021,on 10 October 2021,on 10 November 2021,on 10 December 2021,B
1807,When did the people of Gilgit-Baltistan win their liberation from Dogra rule with the help of the Gilgit Scouts?,In November 1946,In November 1947,In November 1948,In November 1949,B
1808,Pakistan's Peacekeeping troops have served under the United Nations in:,Congo,Haiti,Sierra Leone,All of these,D
1809,The mother tongue of Quaid-e-Azam was ________.,Sindhi,Balochi,Punjabi,Gujarati,D
1810,"The ""Spirit of Islam"" book was written by:",Allama Iqbal,Quaid-e-Azam,Syed Ameer Ali,Shah Wali Ullah,C
1811,When did Pakistan first participate in the Olympics?,1948,1950,1952,None of these,A
1812,What document was first drafted to give pace to the constitution-making process?,Representative Act,Pakistan Act,Independence Act,Objective Resolution,D
1813,The River Indus enters Pakistan from Tibet near which region?,Swat,Gilgit-Baltistan,Peshawar,Kabul,B
1814,Which country opposed Pakistan's membership in the UN in 1947?,India,Afghanistan,Iran,None of these,B
1815,Pakistan left the British Commonwealth after the British recognized Bangladesh but rejoined it in which year?,in 1984,in 1989,in 1991,in 1997,B
1816,"Which famous leader is known by the title of ""Quaid-e-Millat""?",Fatima Jinnah,Liaquat Ali Khan,Quaid-e-Azam,None of these,B
1817,When did Pakistan become a full member of the Shanghai Cooperation Organisation (SCO)?,"On June 9, 2017","On July 8, 2018","On August 8, 2016",None of these,A
1818,Who was the 2nd PM of Pakistan?,Quaid-e-Azam,Khawaja Nazimuddin,Malik Ghulam Muhammad,Iskandar Mirza,B
1819,"Badshahi Mosque is in Lahore, built by ______ in 1673.",Jahangir,Akbar,Shah Jahan,Aurangzeb,D
1820,When did Quaid-e-Azam join All India Muslim league?,1911,1912,1913,1914,C
1821,Which province among the following has the Uch Gas Field?,Khyber Pakhtunkhwa,Punjab,Balochistan,Sindh,C
1822,Defence Day is observed in?,on 6th September,on 12th September,on 17th September,None of these,A
1823,When was the office of Chairman Joint Chiefs of Staff Committee established?,in March 1976,in March 1971,in February 1977,in July 1978,A
1824,"What is the name of the solar power park set up in Bahawalpur at the cost of 15 billion rupees with Chinese assistance? The park is built on 500 acres and aims to add 1,000 MW to the national grid.",Roshni Solar Power Park,Pak-China Solar Power Park,Bhutto Solar Power Park,Quaid-i-Azam Solar Power Park,D
1825,Who served as the Prime Minister of Pakistan for the shortest tenure of just 13 days?,I. I. Chundrigar,Feroz Khan Noon,Nurul Amin,Muhammad Ali Bogra,C
1826,Dasu Dam is in ________.,Sindh,Punjab,Balochistan,KPK,C
1827,Sajji is a dish originating from which province of Pakistan:,Sindh,KP,Balochistan,Punjab,C
1828,The Gandhi-Irwin Pact was signed in which year?,1930,1931,1929,1928,B
1829,Pakistan's largest export partner is ______.,China,Japan,USA,Saudi Arabia,C
1830,"After the Poonch uprising, under whose presidency was the Azad Kashmir Government formed?",Sardar Muhammad Ibrahim Khan,Sardar Shaukat Hayat Khan,Sardar Qayyum Khan,Sardar Daultana,A
1831,"The masterpiece of Shah Jahan's reign, the Taj Mahal, was completed in which year?",In 1632,In 1655,In 1666,In 1647,D
1832,How many constitutions have been enforced in Pakistan?,1,2,3,4,C
1833,The proposed Margalla Hills tunnel project connects Islamabad with which city?,Swabi,Abbottabad,Haripur,Dhodial,C
1834,Which Saudi king visited Pakistan in 1974?,Shah Farman,Talal bin Waleed,Shah Salman,Shah Faisal,D
1835,Which was the largest administrative division of Pakistan by area?,Bahawalpur,Hyderabad,Kalat Division,Lahore,C
1836,Financial Action Task Force was established in:,1989,1988,1990,1994,A
1837,Which type of nuclear bomb did Pakistan test in May 1998?,Fission bomb,Fusion bomb (Thermonuclear),Neutron bomb,Cobalt bomb,A
1838,Shah Abdul Latif was a Sufi poet from:,Punjab,Sindh,Balochistan,Peshawar,B
1839,What was the duration of the first martial law period in Pakistan?,"From October 7, 1958, to June 8, 1962","From March 25, 1969, to December 20, 1971","From July 5, 1977, to December 30, 1985",None of these,A
1840,"In Konya, alongside Maulana Rumi's tomb, whose symbolic grave is present?",Allama Iqbal,Suleiman the Magnificent,Sultan Walad,Atatürk,A
1841,"Which amendment, made on April 23, 1974, defined the boundaries of Pakistan?",4th,3rd,2nd,1st,D
1842,The deposits from the ancient Tethys Sea finally formed the ____________.,Western Ghats,Himalayan mountain range,Karakoram range,None of these,B
1843,"Of the following, which city received ""Hilal-e-Istiqlal"" for its heroic resistance during the 1965 Indo-Pak war?",Narowal,Karachi,Sialkot,Kasur,C
1844,When was the Rowlatt Act introduced?,7007,7043,16-Aug-19,7296,A
1845,The length of the Baltoro Glacier is ____________.,58 km,63 km,65 km,70 km,B
1846,What was the time period of the eighth five-year plan?,1988-1993,1993-1998,1998-2003,2003-2008,B
1847,Pakistan mainly imports edible oil from __________.,Sri Lanka,Malaysia,India,Brazil,B
1848,The All Pakistan Women's Association (APWA) was founded by:,Begum Ra'ana Liaquat Ali Khan,Shaista Ikramullah,Fatima Jinnah,None of these,A
1849,Who is the first and only Pakistani to have served as the Secretary-General of the OIC?,Muneer Akram,Sharifuddin Pirzada,Yaqoob Ali Khan,S. M. Zafar,B
1850,Zakir Hussain was the _______ President of India.,Second,Third,Fourth,Fifth,B
1851,Which is the national sport of Pakistan:,Football,Hockey,Cricket,Squash,B
1852,Which of the following was the first European power to arrive in India?,Portuguese,British,French,Dutch,A
1853,The 18th Amendment was passed during the reign of which president?,Mamnoon Hussain,Pervez Musharraf,Asif Ali Zardari,None of these,C
1854,What is the old name of Zhob?,Canton,Amir Kot,Fort Sandeman,Suri Nagar,C
1855,Quaid-e-Azam's personal letters are saved in:,National Library Islamabad,National Documentation Wing,National Archives Islamabad,None of these,C
1856,Whom did Muhammad bin Qasim appoint as his Prime Minister after conquering Sindh?,Sisakar,Kiska,Budail,Yazid bin Muhallab,A
1857,"The Indian National Congress was formed on December 28, 1885, by British civil servant:",William Hudson,A.O. Hume,Lord Wellesley,None of these,B
1858,Pakistan Council of Scientific & Industrial Research (PCSIR) was established in__________.,In 1957,In 1961,In 1953,In 1963,C
1859,When did Sheikh Mujib give Six Points?,1966,1968,1971,None of these,A
1860,The War of Independence started at:,Delhi,Mysore,Lahore,Meerut,D
1861,When was the Pakistan Maritime Security Agency established?,"On Jan 1, 1984","On Jan 1, 1985","On Jan 1, 1986","On Jan 1, 1987",D
1862,Hamal Lake is situated in the _________ district.,Dadu,Qambar Shahdadkot,Thatta,Jamshoro,B
1863,Which resolution serves as the preamble to the Constitution of Pakistan?,Act of 1935,"The Objectives Resolution, 1949","The Pakistan Resolution, 1940",Act of 1947,B
1864,Common Man's Gallery was inaugurated on 4th October 2019 by ____?,Shibli Faraz,Raja Zafar,Sadiq Sanjrani,Asad Qaiser,D
1865,"The second part of the ""Act of 1935"" could not be put into practice because ___________.",The All-India Congress didn't wish to join the federal government,There was a state of emergency on the eve of World War II,There was a law and order problem in India,The Indian princes refused to join the Federation,D
1866,Where are the headquarters of the Election Commission of Pakistan?,Islamabad,Karachi,Lahore,None of these,A
1867,"The allied Indian forces in the Battle of Buxar included Mir Qasim, Shah Alam II, and which other ruler?",Siraj-ud-Daula,Nizam-ul-Mulk,Nawab Shuja-ud-Daula,Ahmad Shah Abdali,C
1868,"The 'Chahalgani' or 'Chalisa', a corps of 40 loyal slave Amirs, was a system introduced by whom?",Qutbuddin Aibak,Ghiyasuddin Balban,Iltutmish,Aram Shah,C
1869,The Cabinet Mission delegation consisted of how many members?,2 members,3 members,4 members,5 members,B
1870,How many seats were won by the All India Muslim League in the 1945 Legislative Elections?,28,30,32,35,B
1871,"For how many years did Bahlol Lodhi, the founder of the dynasty, reign?",28 years,38 years,18 years,48 years,B
1872,Makran acceded to Pakistan in:,on 28th August 1948,on 17th March 1948,on 14th June 1948,None of these,B
1873,Which of the following established a Cease-fire Line in Kashmir?,Indo-Pak Truce Treaty,Simla Agreement,Mirpur Declaration,None of these,D
1874,All bills passed by the Parliament of Pakistan are not considered Acts of Parliament until signed by the _________.,Prime Minister,President,Chief Justice of Pakistan,Chairman of the Senate,B
1875,"The Ali brothers, who launched the Khilafat Movement, were ________.",Maulana Muhammad Ali and Maulana Shaukat Ali,Maulana Muhammad Ali and Nusrat Ali,Maulana Muhammad Ali and Muskan Ali,Maulana Muhammad Ali and Khilafat Ali,A
1876,The highest national award of bravery in the Police Service of Pakistan is the __________.,Allama Iqbal Police Medal,Imtiaz Police Medal,Haider Police Medal,Quaid-i-Azam Police Medal,D
1877,The city of textiles is __________.,Lahore,Peshawar,Faisalabad,Hyderabad,C
1878,When was Urdu made the national language of Pakistan?,on 3rd January 1954,on 23rd March 1948,on 25th February 1948,on 14th August 1947,C
1879,Who was the first Chief Minister of Balochistan?,Ataullah Mengal,Akbar Bugti,Nawroz Khan,Khair Bakhsh Marri,A
1880,Which Mughal ruler was a contemporary of Queen Elizabeth I of England?,Humayun,Akbar,Jahangir,Shah Jahan,B
1881,Pakistan got relief from the Karkey Rental Power case with the aid of which country:,Russia,Turkiye,Saudi Arabia,None of these,B
1882,The highest mountain peak in KPK is __________.,K2,Tirich Mir,Nanga Parbat,All of them,B
1883,"Who is the current ""Minister of Poverty Alleviation""?",Shireen Mazari,Sania Nishtar,Maleeka Bokhari,None of these,B
1884,"How many medals were won by Pakistan in the ""Islamic Solidarity Games 2017"" held in Lahore?",10,8,9,12,D
1885,Which city was hit by the earthquake of 1935?,Muzaffarabad,Quetta,Attock,Peshawar,B
1886,"The All-India Muslim League was founded on ________ by Nawab Salimullah Khan in Dhaka, Bengal.","On December 30, 1906","On September 11, 1906","On December 25, 1906","On September 28, 1906",A
1887,The construction of Rohtas Fort was started in ________.,In 1541 AD,In 1542 AD,In 1543 AD,None of these,A
1888,The National Flag of Pakistan was prepared by:,Abdur Rehman Chughtai,Amir udin Kidwai,Chaudhry Rehmat Ali,None of these,B
1889,How many times do the hands of a clock coincide in a day?,11,22,32,42,B
1890,Black Buck was re-introduced in which desert of Pakistan:,Cholistan,Thar,Kharan,Thal,A
1891,The Wavell Plan was presented during the:,Simla Conference,Cripps Mission,Simon Commission,None of these,A
1892,The Hindu Mahasabha was established in ________.,In 1912,In 1915,In 1919,In 1921,B
1893,How many corps does the Pakistan Army have?,9,11,15,20,A
1894,Bicameralism in Pakistan was first introduced in the Constitution of:,1956,1962,Legal Framework Order 1970,1973,D
1895,The Aryans arrived in South Asia around:,3000 BC - 3500 BC,4000 BC - 4500 BC,4500 BC - 5000 BC,None of these,D
1896,The Prime Minister is the ________ of the House and the ________ of the cabinet.,"Leader, Head","Head, Leader",Chairman,None of these,A
1897,Why did the people of India agitate against the arrival of the Simon Commission?,It proposed the partition of India,There was no Indian member in the Commission,It aimed to abolish provincial autonomy,It was led by Lord Irwin,B
1898,Which agreement renamed the Ceasefire Line to the Line of Control?,Tashkent Agreement,Karachi Agreement,Shimla Agreement,None of these,C
1899,Who wrote 'Ulema in Politics'?,I. H. Qureshi,Hafeez Malik,Dr. Safdar Mahmood,None of the above,A
1900,"The 1906 session of the ""All-India Muhammadan Educational Conference"" was held in ___________.",In Calcutta,In Bombay,In Dhaka,None of these,C
1901,The South Asian Federation (SAF) games were held in Islamabad in:,in 1987,in 1989,in 1991,in 1993,B
1902,Hamun-e-Mashkel Lake is located in ________.,Punjab,Balochistan,Khyber Pakhtunkhwa,Sindh,B
1903,"During British administration, in which year was Shimla declared the Summer Capital of British India?",1864,1865,1866,None of these,A
1904,Who was the British representative involved in drawing the Durand Line in 1893?,Lord Lytton,Mortimer Durand,Lord Curzon,Lord Ripon,B
1905,When did Sir Syed Ahmad Khan die?,"On January 11, 1898","On March 27, 1898","On September 2, 1898","On December 19, 1898",B
1906,The first Urdu newspaper (Daily) published after the creation of Pakistan was:,Piyam,Imroze,Mashriq,Jang,B
1907,Who is credited with laying the foundation of the Muslim Empire in India?,Mahmud of Ghazni,Qutbuddin Aibak,Muhammad Ghuri,Sabuktigin,C
1908,At the time of partition Qalat was a:,State,Division,District,Province,A
1909,"Who was called the ""financial wizard"" of Pakistan?",Ghulam Muhammad,Chaudhry Muhammad Ali,M. Shoaib,Mahbub ul Haq,A
1910,The 'Graveyard of Empires' is a nickname for ____________.,The USA,The UAE,Afghanistan,Pakistan,C
1911,The statutory body mandated to act as a national focal point on all police-related matters is the:,Federal Investigation Agency,National Public Safety Commission,National Police Bureau,None of these,C
1912,"In Pakistan, the first translation of the Quran was in which language?",Persian,Sindhi,Urdu,Balochi,B
1913,The Mutiny War occurred in:,1857,1867,1877,None of these,A
1914,The PPP received _______ million votes in the 2013 general elections.,5.8 million,6.9 million,7.8 million,8.8 million,B
1915,Kidney Hill Park is located in ________.,Lahore,Islamabad,Quetta,Karachi,D
1916,For how much rupees the British sold Kashmir to Gulab Singh:,60 Lacs,65 lacs,70 Lacs,75 lacs,D
1917,With which country does Pakistan have its shortest border?,India,China,Iran,Afghanistan,B
1918,Who was the father of Mumtaz Mahal (Arjumand Banu Begum)?,Jahangir,Asif Khan,Dara Shikoh,Ustad Isa,B
1919,Pakistan defeated ____ in the 1971 Hockey World Cup.,Spain,Australia,Germany,None of these,A
1920,Ajodhanpur is the old name of __________.,Jacobabad,Attock,Pakpattan,Panjnad,C
1921,"Under the 1962 Constitution, how many seats were reserved for women in the National Assembly?",10,8,6,4,C
1922,Which two Muslims contributed to writing the Nehru Report?,Shoaib Qureshi and Syed Ali Imam,Muhammad Ali Jinnah and Aga Khan,Maulana Abul Kalam Azad and Shaukat Ali,None of these,A
1923,The Punjab Tianjin University of Technology is in __________.,Rawalpindi,Faisalabad,Lahore,Multan,C
1924,The first currency note issued by the State Bank of Pakistan was in the denomination of _________.,One Rupee,Two Rupees,Five Rupees,Ten Rupees,B
1925,Gilgit-Baltistan borders __________ to its northeast.,The Wakhan Corridor of Afghanistan,Indian-administered Jammu and Kashmir,Khyber Pakhtunkhwa,China's Xinjiang Uygur Autonomous Region,D
1926,"The Mughal emperor Akbar enforced his new religion, 'Din-i-Ilahi', in ____________.",In 1581,In 1582,In 1583,In 1584,B
1927,Daman-e-Koh is located in ____________.,Rawalpindi,Abbottabad,Multan,Islamabad,D
1928,"Congress accepted the Partition Plan immediately but Muslim League could not accept it immediately. At that time, Jinnah opined that:",We shall boycott it,The plan would be submitted to Muslim League council for discussion,We would present our priorities,The Plan is not practicable,B
1929,The 1973 Constitution introduced a __________ form of government.,Presidential,Parliamentary,Both A & B,None of these,B
1930,The Gandhi Singh Border connects ____.,Sialkot-Wagah,Ferozpur-Kasur,Amritsar-Lahore,None of these,B
1931,The height of the Potwar Plateau is _________.,300-600 m,200-500 m,320-550 m,380-650 m,A
1932,The largest district of Pakistan by population is __________.,Chagai,Lahore,Karachi Central,Peshawar,B
1933,"The Legal Framework Order (LFO) was issued by Yahya Khan, and after postponement, the first general elections were finally held on:","on October 5, 1970","on November 20, 1970","on December 7, 1970","on January 12, 1971",C
1934,Quaid-i-Azam Muhammad Ali Jinnah presented his Fourteen Points in:,1928,1929,1930,1932,B
1935,Who was the first woman Major General in the Pakistan Army?,Dr. Shahida Jamil,Dr. Shahida Malik,Dr. Nigar Johar,Begum Ra'ana Liaquat Ali Khan,B
1936,What is the total area of Pakistan (km²):,695095,795095,796096,None of these,C
1937,Kashmir valley is between which mountains?,Big Himalaya and Little Himalaya,Karakoram and Hindukush,Sulaiman and Hindu Raj,Siwalik and Pir Panjal,A
1938,Mamnoon Hussain was president of Pakistan from:,2013-2018,2014-2018,2015-2018,2016-2019,A
1939,Pakistan Steel Mills established in the reign of:,Zulfiqar Ali Bhutto,Zia Ul Haq,Ghulam Ishaq Khan,None of these,A
1940,When did the Simon Commission arrive in India?,1927,1928,1929,1930,B
1941,Where is Pakistan's first 'Greenfield International Airport' located?,Peshawar,Lahore,Islamabad,Karachi,C
1942,In which province Saif-ul-Maluk lake is situated?,AJK,Baluchistan,KPK,Punjab,C
1943,What does NEC stand for?,National Economic Council,National Executive Council,National Engineering Commission,National Economic Committee,A
1944,Gen Qamar Javed Bajwa belongs to the:,Punjab Regiment,Baloch Regiment,Sindh Regiment,None of the above,B
1945,Which is the largest concrete dam in the world by volume?,Grand Coulee Dam,Hoover Dam,Contra Dam,Three Gorges Dam,A
1946,Which Mughal emperor granted land for the construction of the Golden Temple at Amritsar?,Akbar,Jahangir,Shah Jahan,Aurangzeb,A
1947,"Humayun, the son of Babur, ascended the throne of the Mughal Empire in which year?",In 1526,In 1530,In 1539,In 1541,B
1948,Who presented the Chenab formula to resolve the Kashmir issue?,Dr. Khan Sahib,Abdul Qayyum,Hidayatullah,None of these,B
1949,When did Syed Ahmad Shaheed and his Mujahids make an attack on Sikh forces?,In 1820,In 1823,In 1825,In 1826,D
1950,Masjid Mahabat Khan is located in ________.,Mardan,Kohat,Hangu,Peshawar,D
1951,How many articles are there in the 1973 constitution?,220 Articles,240 Articles,260 Articles,280 Articles,D
1952,Lyari war was introduced in which year in the sub-continent:,2008,2009,2010,2012,D
1953,Who is the first and only Pakistani to have served as the Secretary-General of the OIC?,Muneer Akram,Sharifuddin Pirzada,Yaqoob Ali Khan,S. M. Zafar,B
1954,"Zahir-ud-Din Babur, connected to the families of Timur and Genghis Khan, became the king of Fergana at the age of ________.",10 years,12 years,14 years,15 years,B
1955,Sir Syed Ahmed Khan is buried in:,Delhi,Agra,Aligarh Muslim University,Lahore,C
1956,Appeals from judgments and orders in Hudood cases lie to the ________.,Federal Shariat Court,High Court,Supreme Court,Special Court,A
1957,The Muslim League was founded on ____ by Nawab Salim Ullah Khan in Dhaka.,"on Dec. 30, 1907","on Dec. 30, 1906","on Dec. 26, 1904",None of these,B
1958,What are the two famous books written by Syed Amir Ali?,Spirit of Islam and History of Saracens,Khutubat-i-Ahmadiya and Asar-us-Sanadeed,Life of Mahomet and Tahzib-ul-Akhlaq,Now or Never and Lahore Resolution,A
1959,"The Squash Champion, World No. 1 professional squash player, one of the greatest in the history of squash, was:",Jahangir Khan,Roshan Khan,Tarek Momen,None of the above,A
1960,Quaid-i-Azam Muhammad Ali Jinnah left Congress in:,1919,1913,1920,1921,C
1961,Mehrgarh is a Neolithic site located near the ____ on the Kacchi Plain of Balochistan.,Bolan Pass,Khyber Pass,Tochi Pass,Babusar Pass,A
1962,"In 1916, the joint session of All India Muslim League and Indian National Congress was held at:",Aligarh,Bombay,Shimla,Lucknow,D
1963,The total population of livestock in Pakistan is ________.,less than a million,around a million,around ten millions,around hundred millions,D
1964,How much of the total area is cultivated in Pakistan?,35 percent,45 percent,55 percent,25 percent,D
1965,The National Bank of Pakistan was established in:,1947,1948,1949,1956,C
1966,Who were Allama Iqbal's parents?,Jinnah Poonja and Mithi Bai,Maulana Azad and Amjadi Bano,Sheikh Noor Muhammad and Imam Bibi,Syed Amir Ali and Abadi Begum,C
1967,The Urdu-Hindi controversy started in?,1867,1857,1958,None of these,A
1968,When was the capital shifted from Karachi to Islamabad?,on 1st August 1960,on 23rd March 1960,on 1st July 1961,on 1st January 1959,A
1969,"When did India, as an aggrieved party, appear before the Security Council?",In January 1948,In February 1948,In March 1948,In April 1948,A
1970,'General Yahya Khan became the Commander-in-Chief (C-in-C) of the Pakistan Army in 1966. Who was the C-in-C before him?,General Muhammad Musa Khan,General Akhtar Abdur Rehman,General Ayub Khan,General Sir Douglas Gracey,A
1971,Spain was conquered for the Umayyad Caliphate by ________.,Mahmud of Ghazni,Tariq Bin Ziyad,Musa Bin Nusayr,None of these,B
1972,The only Muslim woman who attended the Round Table Conference (RTC) was:,Begum Salma Tasaduq Hussain,Fatima Jinnah,Begum Shaista Ikram Ullah,Begum Jahanara Shahnawaz,D
1973,To whom Quaid-e-Azam appointed Ambassador of Pakistan in Iran?,Abdur Rab Nishter,Agha Shahi,Raja Ghazanfer Ali,Qazi Mohammad Esa,C
1974,National Action Plan was revised in which year?,2017,2018,2021,2023,C
1975,What is the name of the border between Pakistan and Afghanistan?,Line of Control,Oder-Neisse line,Durand Line,None of these,C
1976,"On the call of Hijrat in 1920, to which country did Muslims start migrating?",Iran,Afghanistan,Burma,None of these,B
1977,The number of seats reserved for Non-Muslims in the Punjab Assembly is: ____,8,10,12,None of these,A
1978,When did Quaid-e-Azam inaugurate the State Bank of Pakistan?,on 1st July 1948,on 14th August 1947,on 1st July 1947,on 14th August 1948,A
1979,My Leader is a biography of Quaid-e-Azam written by _________.,M. Ali,Ameer Ali,Ziauddin Ahmad Suleri,K. K. Aziz,C
1980,"Liaquat Ali Khan, the first Prime Minister of Pakistan, was assassinated while addressing","meeting at Rawalpindi on __________. On October 6, 1951","On October 16, 1951","On October 26, 1951",None of these,B
1981,"In the 1945-46 elections, out of a total of 119 Muslim seats in Bengal, how many seats did the Bengal Muslim League win?",114,110,115,113,D
1982,The Mughal era period is:,1526-1757,1526-1857,1526-1861,None of these,B
1983,Cutting Edge is the autobiography of:,Imran Khan,Sohail Abbas,Javed Miandad,Inzamam Ul Haq,C
1984,Pakistan Day is observed on _________.,On February 5th,On March 8th,On March 21st,On March 23rd,D
1985,What is the installed generation capacity of Mangla Dam after recent upgrades?,"1,200 MW","1,100 MW","1,150 MW","1,300 MW",C
1986,What was the total number of Round Table Conferences held in London?,2,3,4,5,B
1987,Pakistan defeated ______ in the 1971 Hockey World Cup.,Spain,Germany,England,India,A
1988,Who founded the city of Daulatabad and shifted the capital of the Delhi Sultanate there from Delhi?,Ghiyas-ud-din Tughluq,Muhammad bin Tughluq,Feroze Shah Tughluq,None of these,B
1989,"""Gwadar"" is located in:",Sibi,Kalat,Makran,Nasirabad,C
1990,The Nationalization Policy was introduced during the period of:,Zulfikar Ali Bhutto,Yahya Khan,Zia-ul-Haq,None of these,A
1991,How many votes are required to table a no-confidence motion?,10 percent,20 percent,30 percent,None of these,B
1992,"Who was the 10th and last Guru of the Sikhs, responsible for founding the Khalsa in 1699?",Guru Ram Das,Guru Arjun,Guru Nanak,Guru Gobind Singh,D
1993,Objective Resolution was proposed by:,Ayub Khan,Liaquat Ali Khan,Quaid-e-Azam,None of these,B
1994,Which of the following Pakistani players won the 1994 World Snooker Championship?,Muhammad Yousaf,Muhammad Asif,Hamza Akbar,Shoukat Ali,A
1995,Who was the first Muslim Commander-in-Chief of Pakistan Air Force?,Air Marshal Asghar Khan,Air Marshal Noor Khan,Air Marshal Zafar Ch,Air Marshal Anwar Khan,A
1996,"In the second Constituent Assembly elected in 1955, the Muslim League formed a coalition government with the:",United Front,Noon Group,Independents,None of these,A
1997,In which year did the Kashmiris start their freedom movement against Dogra rule before the partition of the subcontinent?,In 1940,In 1930,In 1920,In 1928,B
1998,Which of the following Governor-Generals of Pakistan died in exile?,Ghulam Muhammad,Iskander Mirza,Khawaja Nazimuddin,Muhammad Ali Bogra,B
1999,When did Pakistan's capital shift from Karachi to Islamabad?,In 1960,In 1965,In 1967,In 1970,C
2000,Who was the captain of the Pakistan cricket team in the 1992 World Cup?,Zaheer Abbas,Azhar Mahmood,Imran Khan,Abdul Hafeez Kardar,C
2001,The 14 Points of Quaid-e-Azam were prepared with the help of which leader?,Allama Iqbal,Maulana Mohammad Ali Jauhar,Liaquat Ali Khan,Fatima Jinnah,B
2002,The Chauri Chaura incident took place in the Gorakhpur district on ________.,"On February 8, 1922","On February 4, 1922","On February 5, 1922","On February 6, 1922",B
2003,The largest fort of Pakistan is _______?,Rohtas Fort,Ranikot Fort,Lahore Fort,Attock Fort,B
2004,When did Liaquat Ali Khan visit the USA?,in 1950,in 1951,in 1952,in 1949,B
2005,The most populous city of Pakistan is:,Karachi,Lahore,Faisalabad,Peshawar,A
2006,"The capital of Tipu Sultan (Fateh Ali), where he died fighting the fourth Anglo-Mysore war, was:",Mysore,Bangalore,Srirangapatna (Seringapatam),Calicut,C
2007,The Holy Quran was first translated into Persian by:,Shah Wali Ullah,Sheikh Ahmad Sirhindi,Suleman Nadvi,Shibli Naumani,A
2008,When did Pakistan recognize Bangladesh?,On December 1973,On January 1974,On February 1974,On March 1974,C
2009,Who was the first recipient of Nishan-i-Haider?,Major Tufail Muhammad,Captain Muhammad Sarwar,Major Raja Aziz Bhatti,Pilot Officer Rashid Minhas,B
2010,Which act gave representation to Indians for the first time in the legislation?,The Indian Councils Act of 1892,The Government of India Act 1909 (Morley-Minto Reforms),The Government of India Act 1919,The Government of India Act 1935,D
2011,When was the first Martial Law imposed in Pakistan?,on 7th October 1958,on 26th March 1969,on 7th July 1977,on 7th October 1957,A
2012,Nanga Parbat is in which mountain range?,Karakoram,Himalayas,Hindu Kush,Koh-e-Safaid,B
2013,KPK has 7 divisions and _________ districts.,32,33,35,None of these,C
2014,Under the nationalization policy of Bhutto:,Only management was nationalized,Only finances were controlled,Ownership of industry was controlled by the government,All these were controlled,C
2015,What was Pakistan's rank in the Global Hunger Index (GHI) 2020?,78,88,94,99,B
2016,"Under the 1973 Constitution, who is elected through a proportional representation system of political parties?",Members on seats reserved for women,Members on seats reserved for non-Muslims,Both of them,None of them,C
2017,Kashmir Solidarity Day was first celebrated in:,in 1989,in 1990,in 1991,in 1992,B
2018,Who played the role of Quaid-e-Azam in the 1998 film 'Jinnah'?,Micky Arthur,Christopher Lee,Shashi Kapoor,Jamil Dehlavi,B
2019,The 1857 War of Independence primarily began in:,Panipat,Meerut,Kerala,None of these,B
2020,Who wrote the 'Humayun-Nama'?,Shahabuddin,Gulbadan Begum,Humayun,Qudrat Ullah Shahab,B
2021,The 1973 constitution was enforced on:,on 10th April 1973,on 23rd March 1973,on 14th August 1973,on 1st September 1973,C
2022,At what age did Akbar become king?,11,13,17,19,B
2023,Muhammad bin Qasim conquered Sindh during the reign of the ____ dynasty?,Umayyad,Abbasid,Ottoman,Hindushahi,A
2024,Articles 227 to ________ of the 1973 Constitution deal with Islamic Provisions.,230,231,232,233,B
2025,The Elite Police Training Center of KPK Police is located at ___________.,Laki Marwat,Kohat,Peshawar,Nowshehra,D
2026,The people of the Indus Valley Civilization knew the use of ______________.,"Gold, Silver, Copper, Bronze but not Iron","Silver, Iron, Gold but not Bronze","Silver, Lead, Iron but not Gold","Gold, Tin, Bronze but not Copper",A
2027,"When was the Government of India Act 1858 passed, transferring power to the British Crown?","On August 2, 1858","On July 18, 1858","On October 24, 1858","On June 3, 1858",A
2028,"Who invited Ahmad Shah Abdali, the King of Afghanistan, to crush the rising power of the Marathas?",Shah Alam II,Mir Qasim,Shah Waliullah,Nawab Shuja-ud-Daula,C
2029,What was the main focus of Gandhi's Salt Satyagraha?,Monopoly on salt,Right to vote,Education reforms,Land reforms,A
2030,Who is Sohail Warraich:,Politician,Bureaucrat,Journalist,None of these,C
2031,"In 1761, who defeated the Marathas?",Babar,Aurangzeb,Akbar,None of these,D
2032,Asghar Khan became the Air Marshal of Pakistan in:,1957,1958,1959,1960,A
2033,Pakistan's first coin was issued on:,on 3rd January 1948,on 1st April 1948,on 1st July 1948,on 14th August 1948,A
2034,The Muslim percentage in Pakistan is?,94 percent,95 percent,96 percent,97 percent,C
2035,The Muslims and Sikhs protested in the UK against the elimination of Article 370 in:,in August 2018,in September 2020,in August 2019,None of these,C
2036,How many times has Brazil won the World Cup Football Championship:,3,4,5,6,C
2037,Where was the Indian capital shifted to in 1911?,Calcutta,Delhi,Mumbai,Lahore,B
2038,The Fourteen Points of Jinnah were presented in response to the:,Lucknow Pact,Lucknow Conference,Nehru Report,Bombay Charter,C
2039,Jalaluddin Muhammad Akbar was born in 1542 in which town?,Sirhind,Fatehpur Sikri,Andijan,Umar Kot,D
2040,The court language during Ranjit Singh's regime was __________.,Persian,Punjabi,Urdu,None,A
2041,The most widely spoken language in Pakistan is _________.,Urdu,Punjabi,Sindhi,Pashto,B
2042,The Urdu-Hindi controversy started in Banaras in which year?,1866,1863,1869,1867,D
2043,"For the 18th Amendment, how many members were part of the special parliamentary committee?",23,26,29,None of these,B
2044,Siachen conflict started between Pakistan and India in:,1982,1983,1984,1985,C
2045,"According to the Cabinet Mission plan, India was to be divided into how many groups?",Two Groups,Three Groups,Four Groups,Five Groups,B
2046,Gwadar was purchased from Oman in:,1953,1957,1958,1959,C
2047,The Buddhist emperor Ashoka belonged to which dynasty?,Gupta Dynasty,Mauryan Dynasty,Kushan Dynasty,Nanda Dynasty,B
2048,Jinnah of Pakistan was written by:,Jaswant Singh,Stanley Wolpert,B. R. Nanda,I.H. Qureshi,B
2049,How many districts are in Punjab as of early 2024?,23,33,36,41,D
2050,_________ was written by Chaudhry Rehmat Ali.,The Time Has Come,Wake Up Call,Mutiny,Now or Never,D
2051,Abdur Rehman Chughtai was a famous ____ of Pakistan.,Painter,Poet,Historian,Anthropologist,A
2052,The Hindu terrorist organization Rashtriya Swayamsevak Sangh (RSS) was founded in 1925 at Nagpur by:,Dr. K.B. Hedgewar,Lala Lajpat Rai,Tilak,None of these,A
2053,Sher Shah Suri died in 1545 from what cause?,Assassination,A fall from his horse,An accidental gunpowder explosion,Illness during a campaign,C
2054,Who was the last king of Iran?,Polyparchon,Cassander,Reza Shah Pahlavi,None of these,C
2055,Punjabi Qissa Saif-ul-Malook is written by:,Fazal Shah,Ghulam Rasool,Mian Muhammad Bakhsh,None of these,C
2056,When did Pakistan sign the Convention on the Rights of Persons with Disabilities?,2007,2008,2009,2010,B
2057,The Hatf-V is also known as ________.,Ghauri-I,Hatf-I,Abdali,Shaheen-I,A
2058,Who was the first to adopt significant measures for the protection and promotion of the Urdu language?,Sir Syed Ahmad Khan,Syed Suleman Nadvi,Allama Iqbal,Haji Shariatullah,A
2059,In which year was Urdu declared the official language of India?,1817,1797,1837,1831,C
2060,The number of seats in the Senate has been increased to ________.,115,110,96,100,D
2061,Who was the first Minister for Religious Affairs (est. 1973)?,Sardar Abdur Rab Nishtar,Maulana Kausar Niazi,Maulana Kausar Niazi,Raja Ghazanfar Ali Khan,B
2062,The National poet of Pakistan is:,Allama Iqbal,Hafeez Jalandhri,Josh Malih Abadi,None of these,A
2063,Who was the first principal of Fort William College?,John Borthwick Gilchrist,Harihar Dutta,Sir Syed Ahmad Khan,William Pitt,A
2064,Urdu' is a word from which language?,Turkish,Persian,Arabic,Hindi,A
2065,Zafar Ahmed Chaudhry was the first Chief of Air Staff of the ________.,Pakistan Army,Pakistan Air Force,Pakistan Navy,None of them,B
2066,Bolan Pass is located in the range of?,Salt Range,Kirthar Range,Karakoram Range,None of these,D
2067,Why did Quaid-e-Azam ask for Direct Action Day?,To protest against the Cabinet Mission Plan,To achieve the Muslim League's Demand of Pakistan,To initiate the Quit India Movement,To celebrate the end of World War II,B
2068,CPEC connected Gwadar to which city of China?,Kashgar,Beijing,Wakhan,Khunjerab,A
2069,Which Mughal Emperor strengthened the East India Company?,Shah Jahan,Akbar,Jahangir,None of these,C
2070,Under which scheme did the Muslim League temporarily surrender the demand for a separate electorate?,The Lucknow Pact,The Delhi Proposals of 1927,The Nehru Report,The Simon Commission,B
2071,What is the total area of the Islamabad Capital Territory (ICT)?,906 km²,"1,106 km²","1,006 km²","1,206 km²",A
2072,The range of Hatf-IV is ________.,400 km,390 km,600 km,750 km,D
2073,Which one of the following is not correct about the Cabinet Mission Plan?,none of these,Provincial grouping,Acceptance of Pakistan,Interim Cabinet of Indians,C
2074,"How much was allocated for the agriculture sector in the ""7th Five-Year Plan""?","13,600 million rupees","14,600 million rupees","15,600 million rupees",None of these,C
2075,Sheikh Ahmad Sirhindi was born in which city?,Sirhind,Allahabad,Ahmadabad,None of these,A
2076,In which province is Tanda Dam located?,Sindh,Punjab,Balochistan,KPK,D
2077,Which headworks of canals irrigating Pakistani areas were given to India at the time of Partition?,Madhopur Headworks,Ferozepur Headworks,Both of them,None of these,C
2078,Which is the most widely used irrigation method in Pakistan?,Tube wells,Perennial Canals,Karez,Dams,B
2079,"Who is responsible for appointing the chiefs of the armed forces, the Chief Justice, and other high officials?",The Prime Minister,The President,The Cabinet,All of the above,B
2080,What is the alternative name of the Government of India Act 1919?,Minto-Morley Reforms,Montagu-Chelmsford Reforms,Indian Councils Act,Simon Commission,B
2081,The first city attacked by Muhammad bin Qasim in Sindh was?,Arore,Multan,Mansura,Debal,D
2082,The Gandhi-Irwin Pact was signed on:,on 5 March 1931,on 10 April 1931,on 15 May 1931,on 20 June 1931,A
2083,When was the Basic Democracy system introduced in Pakistan?,in August 1958,in March 1962,in January 1959,in May 1959,D
2084,"The Indian Muslim League opposed the Simon Commission. However, a section of the Muslim League supported cooperation with the Simon Commission. Who was the leader of this dissident section of the Muslim League?",Mian Muhammad Shafi,Mian Ijaz Shafi,Mian Muhammad Ahmad Ali,Mian Barkat,A
2085,"The Rohtas Fort near Dina, Jhelum was built by _____________.",Akbar,Sher Shah Suri,Shah Jahan,Babur,B
2086,What type of missile is Anza?,SAM,Surface to Air,Surface to Surface,Ballistic,B
2087,When was Zulfikar Ali Bhutto president of Pakistan?,from 1970 to 1971,from 1971 to 1973,from 1973 to 1975,from 1975 to 1977,B
2088,"According to the Cabinet Mission plan, Punjab and Sindh were included in which group?",Group A,Group B,Group C,Group D,B
2089,In which city is Punjab's first university located?,Multan,Lahore,Faisalabad,None of these,B
2090,"In 2017, who won the doubles titles at the ATP 500 series World Championship in Barcelona, Spain with Florin Mergea?",Aisam Ul Haq,Aqeel Khan,Shoaib Malik,Amir Khan,A
2091,"After the FATA merger was fully implemented, the number of seats in the ""Senate of Pakistan"" was set at ________.",63,87,100,96,D
2092,"On May 28, 1998, five nuclear blasts were tested at Chaghi; the day is known as ________.",Nuclear Test Day,Youm-e-Allahu Akbar,Youm-e-Taseer,Youm-e-Takbeer,D
2093,The Buland Darwaza (Gate of Victory) was built by Akbar the Great to commemorate his conquest of Gujarat at _______.,Gujarat,Delhi,Fatehpur Sikri,Agra,C
2094,Which of the following is known as the city of saints?,Lahore,Multan,Sargodha,Karachi,B
2095,The area of formerly known as Federally Administered Tribal Areas (FATA) is ________ square kilometer.,"18,925 km²","22,123 km²","24,532 km²","27,220 km²",D
2096,"When a person is killed by his brother, it is called:",Homicide,Matricide,Patricide,Fratricide,D
2097,Which university did Benazir Bhutto attend?,Oxford University,Karachi University,Cambridge University,Tehran University,A
2098,PARC Research firm signed MOU to promote:,Agricultural sector,Industrial sector,Automation sector,None of these,A
2099,"Akbar's son, ""Nur-ud-Din Jahangir"", ruled India from 1605 AD to ________.",In 1625 AD,In 1626 AD,In 1627 AD,None of these,C
2100,Financial year of Pakistan starts from:,on Jun 30,on 1st July,on Jun 01,on Jul 30,B
2101,Bangladesh separated from Pakistan in:,1969,1970,1971,1972,C
2102,Who is the current Federal Minister of Human Rights in Pakistan?,Ghulam Sarwar Khan,Dr. Shireen Mazari,Zubaida Jalal Khan,None of these,D
2103,"When was Islamia College, Peshawar established?",1911,1912,1913,None of these,C
2104,When did Muhammad Ali Jinnah first meet M.K. Gandhi?,1913,1916,1917,1919,A
2105,The concept of acting in aid of civil power by the armed forces has been laid down in the Constitution of Pakistan 1973 vide:,Article 245,Article 270,Article 243,Article 200,A
2106,Prime Minister of Pakistan is entitled to hold his/her office for a term of_______ years.,Six years,Four years,Five years,Three years,C
2107,Gwadar remained under Oman's rule for _______ years?,55,75,175,None of these,C
2108,Fort Munro was built as a summer resort by British officials in the _________.,in the 1910s,in the 1880s,in the 1930s,in the 1870s,B
2109,Which is generally considered the coldest place in Pakistan?,Ayubia,Malam Jabba,Skardu,Nathia Gali,C
2110,Shahjahanabad was built by:,Aurangzeb,Shah Jahan,Jahangir,None of these,B
2111,Ranikot Fort is located in which province?,Punjab,Sindh,KPK,Balochistan,B
2112,"The book ""Muslim Response to the West: Muslim Historiography in India 1857-1914"" was written by:",Dr. Kazım Saeed,Muhammad Aslam Syed,Dr. Naeem Kahran,Muhammad Saleem Nasir,B
2113,Who appointed General Muhammad Ayub Khan as the Chief Martial Law Administrator?,Iskander Mirza,Aziz Ahmad,Yahya Khan,None of these,A
2114,Who founded Jamaat-e-Islami?,Syed Abul Ala Maududi,Maulana Abul Hassan Ali Nadvi,Hussain Ahmad,None of these,A
2115,In which of the following cities are the headquarters of the Punjab Rangers located?,Karachi,Lahore,Multan,Rawalpindi,B
2116,Who was against the Lucknow Pact?,Muslim League,Quaid-e-Azam,Muslims,None of these,D
2117,Who was the first Foreign Minister of Pakistan?,Ghulam Muhammad,Chaudhry Muhammad Ali,Abdur Rab Nishtar,Zafarullah Khan,D
2118,The bestselling English newspaper in Pakistan is generally considered to be:,The News,Dawn,Tribune,Business Recorder,B
2119,The Khilafat Movement was started in which year?,1917,1918,1919,None of these,C
2120,"In which year did Congress launch the ""Quit India movement"" against the British government?",in 1940,in 1942,in 1944,in 1945,B
2121,Rama Lake is located in which district of Gilgit-Baltistan?,Hunza,Astore,Skardu,Gilgit,B
2122,"In British India, Queen Victoria was proclaimed Empress of India in:",1870,1877,1911,1912,B
2123,What is the old name of Gujranwala?,Shal Kot,Khan Garh,Gujjar Kot,Khanpur Sansi,D
2124,The name 'Peshawar' is popularly believed to mean ________.,City of Flowers,City of Tombs,City of Gardens,None of them,A
2125,"The shrine of ""Channan Peer"" is situated in which district of Punjab?",Lahore,Multan,Bahawalpur,D. G. Khan,C
2126,The English East India Company established its first factory in:,Bengal,Surat,Calcutta,None of these,B
2127,Which is the authorized agency to sanction licenses for cable television and FM radio?,PTA,PTCL,PTUN,PEMRA,D
2128,Liaquat Ali Khan joined which political party in 1923?,Congress,All India Muslim League (AIML),Hindu Mahasabha,Swaraj Party,B
2129,Ziarat was the summer residence of the chief commissioner of:,Punjab,KPK,Sindh,Balochistan,D
2130,Which river is called the Nile of Pakistan?,Chenab,Jhelum,Indus,Sutlej,C
2131,Who was the first woman president of the Indian National Congress?,Sarojini Naidu,Annie Besant,Amjadi Bano Begum,Begum Jahanara Shah Nawaz,B
2132,China-Pakistan Economic Corridor will be fully operational by?,2020,2025,2028,2030,D
2133,"Which desert stretches over the districts of Mianwali, Bhakkar, Khushab and D.G. Khan?",Thar Desert,Thal Desert,Cholistan Desert,Kharan Desert,B
2134,Plan of division (partition) of Indo-Pak was announced on:,on 13 May 1947,"on June 3, 1947",on 24 June 1947,on 5 August 1947,B
2135,Brohi people live in the north of ______ in Balochistan.,Khuzdar,Turbat,Kalat,Nushki,C
2136,Who laid the foundation stone of Muhammadan Anglo-Oriental College in 1877?,Lord Mountbatten,Lord Lytton,Lord Dalhousie,Lord Canning,B
2137,Which mountain range forms a natural border between Pakistan and Afghanistan and is home to the Khyber Pass?,The Karakoram Range,The Himalayas,The Hindu Kush Range,The Sulaiman Range,C
2138,Who was Pakistan's first female commercial pilot?,Ayesha Farooq,Shukriya Khanum,Maryam Mukhtiar,Sana Aziz,B
2139,Which operation launched in 1971 to control the situation of East Pakistan:,Operation Mid Night way,Operation Fair Play,Operation Search Light,Operation Grand Slam,C
2140,When will CPEC be fully operational?,2025,2030,2035,2040,B
2141,The largest airport in Pakistan is:,Lahore Allama Iqbal International,Benazir International Airport Islamabad,Karachi Airport,The Gawadar International Airport,D
2142,"From which city was the first published Urdu newspaper, 'Jam-i-Jahan Numa', issued?",Calcutta,Karachi,Lahore,Bombay,A
2143,The Partition of Bengal in 1905 was announced by?,Lord Minto,Lord Hardinge,Lord Curzon,None of these,C
2144,"According to the first Land Reforms, the ceiling was fixed at 500 irrigated acres and ________ unirrigated (barani) acres.",400,1000,600,None of these,B
2145,"Any individual, firm, organization, or department involved in printing, displaying, or circulating an incorrect version of the map of Pakistan is liable to ____.",A five-year prison term,A 5 million fine,Both A & B,None of these,C
2146,Who was the first lady member of the Balochistan Assembly?,Raheela Gul Magsi,Shehnaz Baloch,Tahira Safdar,Fazeela Alyani,D
2147,Pakistan's ideology is based on the ideals of?,Theocracy,Democracy,Monarchy,None of these,D
2148,The Central National Muhammadan Association was founded in 1877 by:,Sir Syed Ahmad Khan,Syed Ameer Ali,Ch. Rehmat Ali,None of these,B
2149,Where is the tomb of Mughal Emperor Jahangir?,Sheikhupura,Lahore,Multan,Bahawalpur,B
2150,"In March 1924, who delivered the final blow to the Khilafat Movement by abolishing the Caliphate?",Mahatma Gandhi,Ghazi Mustafa Kamal Pasha,Jawaharlal Nehru,Muhammad Ali Jinnah,B
2151,Sher Shah Suri is well-known for his __________.,Education System,Military System,Land Revenue System,Both A & C,C
2152,What is the total area of Punjab Province?,"74,521 km²","40,914 km²","347,190 km²","205,344 km²",D
2153,When was Karachi formally proclaimed as the capital of Pakistan?,in August 1948,in January 1948,in March 1948,in May 1948,D
2154,"The ""Nimoo Bazgo Power Project"" is a run-of-the-river power project on the __________ River, situated at Alchi village, 75 kilometers from Leh in Indian-occupied Jammu and Kashmir.",Neelum,Jhelum,Chenab,Indus,D
2155,Ghalib was born in:,Delhi,Lucknow,Agra,Daulatabad,C
2156,The number of persons engaged in the marine fisheries sector is approximately __________.,125000,130000,400000,None of these,C
2157,"The Indus Waters Treaty, a water-distribution treaty between India and Pakistan, was brokered by the:",IMF,UNO,World Bank,ADB,C
2158,Head Sulemanki is on which of the following rivers?,Ravi,Sutlej,Indus,Bias,B
2159,What is the main issue between Pakistan and India?,Law and order issue,Water issue,Ladakh issue,None of these,D
2160,The Soan and the Hero are two rivers of the ________.,Balochistan Plateau,Azad Kashmir,Northern Area,Potohar Plateau,D
2161,"In which year did Jahangir marry Mehr-un-Nisa, who was later given the title of Nur Jahan?",In 1605,In 1616,In 1611,In 1624,C
2162,Gomal Zam Dam is located in _____?,KPK,Punjab,Sindh,None of these,A
2163,Which province of Pakistan is called Bab-ul-Islam?,Punjab,Sindh,KPK,Balochistan,B
2164,The voter turnout was _______ percent in the 1990 general elections.,40 percent,45.50 percent,50 percent,55 percent,B
2165,India came under British Crown with:,start of 1857 War,the end of 1857,Introduction of the Government of India Act,the announcement of the British Queen,C
2166,When was the Vernacular Press Act passed?,1870,1878,1882,1886,B
2167,Who administered the oath of M.A. Jinnah as Governor General?,Justice Munir,Justice Abdur Rasheed,Justice Sajjad Ali Shah,Justice Cornelius,B
2168,When was the Lahore Declaration between the Prime Ministers of Pakistan and India signed?,1999,1997,1996,1995,A
2169,Bushra Rehman was a:,Doctor,Novelist,Scientist,Artist,B
2170,The Silver Jubilee of Youm-e-Takbeer is to be observed on:,"on May 28, 2022","on May 28, 2023","on June 1, 2023","on May 28, 2024",B
2171,Qawwali was introduced in the 13th century by _____.,Fateh Ali Khan,Amir Khusrau,Qutbuddin,Gharib Nawaz,B
2172,When did Quaid-e-Azam address the Frontier Muslim Students Federation?,"On June 16, 1945","On June 18, 1945","On June 17, 1945","On June 15, 1945",B
2173,Round Table Conference was held in:,Delhi,London,Kolkata,None of these,B
2174,Pakistan launched an operation in Kashmir in 1965 which was called Operation _____?,Neptune Spear,Barbarossa,Zarb-e-Azb,Gibraltar,D
2175,Name the first woman speaker of the National Assembly of Pakistan?,Dr. Firdaus Ashiq Awan,Fehmeeda Mirza,Sherry Rehman,Shireen Mazari,B
2176,Qutbuddin Aibak died in 1210 AD after falling from his horse while playing which game?,Archery,Fencing,Polo,Wrestling,C
2177,The total area of Khyber Pakhtunkhwa after the merger of FATA is __________.,"74,521 km²","27,220 km²","101,741 km²",None of these,C
2178,"The Lahore Resolution was amended, and Pakistan was made an integral part of League's objective. The amendment was made in the annual session (1941) of ""All India Muslim League"", which was held at __________.",Karachi,Lahore,Madras,None of these,C
2179,The tomb of Makhdoom Bilawal is at ___________.,Ranipur,Thatta,Dadu,Sehwan,C
2180,Who was not a member of the First Cabinet of Pakistan?,Sardar Abdur Rab Nishtar,Hussain Shaheed Suharwardy,Jogendra Nath Mandal,Malik Ghulam Muhammad,B
2181,The Muslim Ruler of Manavadar acceded to __________.,Pakistan,India,Nepal,Bangladesh,A
2182,The first battle of Panipat was fought in ____ between Babur and Ibrahim Lodi?,1520,1526,1532,None of these,B
2183,"Who is the author of the book ""Tareekh-o-Irtiqa"", which traces the history of documentaries in Pakistan?",Mirza Aslam Beg,Nazimuddin,Gulzar Ahmed,Imtiaz Husain,B
2184,Justice delayed is justice ____.,denied,delayed,deprived,deferred,A
2185,Which Mughal Emperor was part of the allied forces that fought against the British in the Battle of Buxar?,Shah Alam II,Muhammad Shah,Akbar II,Aurangzeb,A
2186,The first woman governor of Pakistan is:,Begum Raana Liaquat Ali Khan,Shaista Ikramullah,Fahmida Mirza,None of these,A
2187,Which Muslim leader left politics after the cancellation of the partition of Bengal?,Nawab Salimullah Khan,Khizer Khan,Sir Sayyad Ahmad Khan,Najeeb-ullah,A
2188,"The headquarters of Pakistan Railways is in Lahore. It traces its origins to the first railway track laid on May 13, _______.",In 1861,In 1930,In 1947,In 1956,A
2189,The ancient city of Harappa is situated on the bank of the __________.,Ravi River,Chenab River,Sutlej River,Jhelum River,A
2190,When did Pakistan become the Islamic Republic?,on 23rd March 1956,on 14th August 1957,on 14th August 1956,on 23rd March 1957,A
2191,Which of the following is not a Kharif Crop?,Rice,Cotton,Sugarcane,Wheat,D
2192,Who became the first Sultan of the newly established Muslim Sultanate of Delhi in 1206?,Shahab-ud-din Ghauri,Qutb-ud-din Aibak,Zahir-ud-din Babur,None of these,B
2193,"Sheikh Mujib was arrested multiple times, notably in connection with the Agartala Conspiracy Case during the Ayub Khan era and later by Yahya Khan's regime before the 1971 war.",Ayub Khan,Sikandar Mirza,Yahya Khan,Both A and C,D
2194,"In his journal 'Tehzeeb-ul-Akhlaq', Sir Syed focused on the social and religious reform of the ________.",Muslims,Hindus,Sikhs,British,A
2195,Mujahideen declared jihad against India in Kashmir in:,1979,1989,2004,None of these,B
2196,When did Pakistan join the World Bank?,1948,1949,1950,None of these,C
2197,"Banbhore, or Bhambore, is an ancient city that lies near _______.",Khairpur,Karachi,Larkana,Nawabshah,B
2198,Who was Pakistan's first Foreign Minister?,Jogendranath Mandal,Liaquat Ali Khan,Raja Ghazanfar Ali Khan,Sir Zafarullah Khan,D
2199,Where is the French Beach located?,Karachi,Paris,Goa,None of these,A
2200,Article _____ of the 1973 Constitution provides that the President is the Head of State.,Article 47,Article 370,Article 41,None of these,C
2201,Which Pakistani Prime Minister was also President of the Pakistan Hockey Federation?,Ch. Muhammad Ali,Shaukat Aziz,Mir Zafarullah Khan Jamali,Nawaz Sharif,C
2202,Who was the Commander-in-Chief of the Pakistan Army from 1951 to 1958?,Iskandar Mirza,Ayub Khan,Musa Khan,Yahya Khan,B
2203,A bicameral legislature system was introduced for the first time in Pakistan in the:,1956 Constitution,1962 Constitution,1973 Constitution,None of these,C
2204,Which British Viceroy was in power during the signing of the Lucknow Pact in 1916?,Lord Chelmsford,John Simon,Edward Cadogan,None of these,A
2205,"Sheikh Ahmad Sirhindi, a prominent Islamic scholar, died in which year?",In 1605,In 1616,In 1627,In 1624,D
2206,"According to the Objective Resolution, sovereignty over the entire universe belongs to:",Allah Almighty,Government of Pakistan,People of Pakistan,None of these,A
2207,Who became the president of the Muslim League after Quaid-e-Azam?,Liaquat Ali Khan,Sardar Abdur Rab Nishtar,Chaudhry Khaliquzzaman,Huseyn Shaheed Suhrawardy,C
2208,Partition of Bengal annulled under which British monarch?,King George II,King George III,King George V,None of these,C
2209,What minimum age was prescribed for the President in the 1956 Constitution?,40 years,45 years,50 years,55 years,B
2210,"Five Thousand Years of Pakistan"" was written by?",Stanley Wolpert,R. E. M. Wheeler,K. K. Aziz,None of these,B
2211,How many votes are required to amend the 1962 constitution?,'1/2,'2/3,'1/4,None of these,B
2212,What is the minimum age to cast a vote in Pakistan?,16 years,18 years,21 years,25 years,B
2213,The Pakistan initiatives for mothers and newborns were designed to work for:,To fight against terrorism,Women rights,Against child labour,To address maternal and newborn health issues,D
2214,Who was the first PM of Pakistan hanged to death?,Liaquat Ali Khan,Choudary Muhammad Ali,Zulfikar Ali Bhutto,None of these,C
2215,What was the total population of Pakistan as per the population census of 2017?,100 Million,180.90 Million,207.68 Million,None of these,C
2216,Which dispute resolved between Pakistan and China in 1963:,Boundary issue,Water issue,War issue,None of these,A
2217,The FPSC Act was formed under which Act of India?,1935,1947,1956,1921,A
2218,"In 1863, Sir Syed Ahmed Khan established a school in which city?",Muradabad,Ghazipur,Delhi,Danapur,B
2219,The Quaid-e-Azam stayed during his last illness in 1948 in ________.,Quetta,Sibi,Ziarat,Makran,C
2220,"After the arrest of Abdul Ghaffar Khan, what action were the ""Red Shirts"" planning?",To stage a sit-in before the provincial assembly,To hold processions,To start a civil disobedience movement,To revolt,C
2221,Benazir Bhutto served as the Prime Minister of Pakistan _________ times.,One,Two,Three,Four,B
2222,"The Shish Mahal, also known as Shah Burj, was constructed by Shah Jahan in which period?",from 1641 to 1642,from 1631 to 1632,from 1655 to 1656,from 1628 to 1629,B
2223,"A scheme known as ""Muthi Bhar Ata"" was started to collect funds for the _______?",Dar-ul-uloom Deoband,Nadva-tul-Ulama Islam,Anjuman Himayat-i-Islam,Sindh Madrassah-ul-Islam,C
2224,Who is known as the 'Chaucer of Sindh'?,Shah Abdul Latif Bhittai,Shah Abdul Karim of Bulri,Mirza Qaleech Baig,None of these,B
2225,The Simla Deputation demanded a separate electorate for the Muslims:,In a joint electorate system,With separate constituencies,Without any special representation,Only in Bengal,B
2226,Khanpur Dam is built on which river?,Kabul,Soan,Indus,Haro,D
2227,Lyallpur is the old name of _________.,Faisalabad,Mardan,Punjab,Lahore,A
2228,The National Bank of Pakistan was formed in:,in 1947,in 1948,in 1949,in 1950,C
2229,The highest rainfall area of Pakistan is __________.,Kumrat,Skardu,Murree,Chaghi,C
2230,The local languages of KPK are ________.,Pushto,Hindko,Chitrali,All of them,D
2231,Who established the Federal Security Force?,Ayub Khan,Yahya Khan,Nawaz Sharif,Z.A. Bhutto,D
2232,Chowk Yadgar in Peshawar commemorates the heroes of the _________.,Kashmir War,1965 Indo-Pakistani War,1971 War,None of them,B
2233,Landlordism was abolished in East Bengal in:,in 1948,in 1949,in 1950,in 1952,C
2234,How many expeditions to Hind did Sultan Mahmud reportedly lead?,Fifteen (15),Sixteen (16),Seventeen (17),Eighteen (18),C
2235,Pakistan bought Gwadar from Oman in:,1958,1960,1950,None of these,A
2236,"The War of Independence in 1857, started from Meerut, is known as:",Mutiny,Rebellion,Revolt,None,A
2237,Pakistan's National Anthem was approved by the government in:,1947,1951,1954,1957,C
2238,Who was Pakistan's first ambassador to the US?,Matloob Hussain Syed,Zafarullah Khan,Patras Bukhari,Abdul Hassan Ispahani,D
2239,What significant theory did Sir Syed present after the Urdu-Hindi Controversy?,One Nation Theory,Two-Nation Theory,Non-Cooperation Theory,Civil Disobedience Theory,B
2240,Kallar Kahar Lake is situated in which district?,Chakwal,Khushab,Mianwali,None of these,A
2241,When did the All-India Muslim League succeed in getting the right to a separate electorate?,In 1908,In 1909,In 1906,In 1907,B
2242,The Himalayan Agricultural Research Station is in Kaghan. Where is the Karakoram Agricultural Research Institute located?,Jaglot,Gilgit,Astore,None of these,A
2243,Population of Pakistan at birth was:,25 million,28 million,32 million,35 million,C
2244,Sindhi was proclaimed the official language of Sindh in:,in 1972,in 1967,in 1970,in 1975,A
2245,Benazir Bhutto was assassinated on __________.,"On December 26, 2007","On December 27, 2007","On December 28, 2007","On December 29, 2007",B
2246,Pakistan won the Hockey World Cup for the third time in:,1978,1982,1994,None of these,B
2247,How many members were there in the National Assembly according to the 1962 Constitution?,150,156,155,154,B
2248,The total number of Articles in the Constitution of Pakistan 1973 are:,280,290,300,None of these,A
2249,When was the Canal Water Pact with India signed?,on 4th May 1948,on 27th October 1947,on 14th August 1948,on 19th September 1948,A
2250,The Chishti Order (Silsila) was founded around 930 AD by _________.,Shaikh Bahauddin Zakariya,Shaikh Ahmed Sirhindi,Khawaja Abu Ishaq Shami,None of these,C
2251,The Karachi Stock Exchange was established on ____________.,"On August 18, 1947","On September 18, 1947","On October 8, 1947","On November 21, 1947",B
2252,The Shakarparrian Hills are situated in ________.,Islamabad,Rawalpindi,Murree,Peshawar,A
2253,When did Ayub Khan visit the USSR?,in April 1967,in April 1965,in March 1962,in June 1967,B
2254,The Muslim League observed the Day of Deliverance on:,1937,1938,1939,1947,C
2255,A member of the Azad Kashmir Assembly is called ________.,MNA,MPA,MLA,LA,D
2256,The film 'Jinnah' on the life of Quaid-e-Azam was produced by _________.,Jamil Dehlavi,Akbar S. Ahmed,Pervaiz Iqbal Cheema,Shabab Dehlvi,A
2257,Rehman Baba was a poet in the era of:,Mughal,Sikh,Ancient,British,A
2258,"The historic garden of Lahore, Shalimar Bagh, was built by:",Akbar,Jahangir,Shah Jahan,'Zaib-un-Nissa,C
2259,What was the real name of Alauddin Khalji?,Baha-ud-Din,Ali Gurshasp,Malik Firuz,Ulugh Khan,B
2260,The Johar Town Blast in Lahore is related to:,Hafiz Saeed,FATF,Both A & B,None of these,A
2261,A bicameral system of legislature was introduced in Pakistan under the Constitution:,Act of 1935,1956,1962,1973,D
2262,The ancient city of Taxila is an important archaeological site in the _________ district of Punjab.,Lahore,Rawalpindi,Sheikhupura,Multan,B
2263,Which of the following lakes is called the paradise of birds?,Manchar Lake,Haleji Lake,Keenjhar Lake,None of these,B
2264,The Constitution of 1962 provided for a __________ form of government.,Bicameral,Unicameral,Federal,Tricameral,B
2265,"In which city is the ""National Defence University (NDU)"" located?",Rawalpindi,Quetta,Islamabad,Multan,C
2266,Under which proposal did the Muslim League offer to surrender the demand for a separate electorate?,"Delhi Proposals, 1927","Patna Scheme, 1938","Poona Pact, 1932",Never Surrendered,A
2267,Maharaja Ranjit Singh ruled Punjab for:,60 Years,50 Years,40 Years,20 Years,C
2268,The archaeological site of Takht-i-Bahi is situated in __________.,Jhelum,Mardan,Multan,D.I. Khan,B
2269,The white strip in the flag of Pakistan represents ______________.,Minorities,Muslim Majority,Both A & B,None of the Above,A
2270,The Pakistan National Alliance (PNA) was a nine-party alliance launched against _________.,Nawaz Sharif,Z. A. Bhutto,Asghar Khan,The Establishment,B
2271,Which of the following is a political dispute between India and Pakistan?,Line of Actual Control,Sir Creek,McMahon Line,None of these,B
2272,The Quit India Movement is also called:,August Movement,September Movement,October Movement,None of these,A
2273,Nanga Parbat is part of the __________.,Hindu Kush,Karakoram,Pamir,Himalayas,B
2274,When did Khilafat Movement come to an end?,In 1923,In 1921,In 1924,In 1922,C
2275,What was the real name of Titu Mir?,Nisar Ali,Syed Ahmad,Muhammad Ali,None of them,A
2276,"In ____________ A.D., Subuktigin, a Turkic slave, became the master of Ghazni.",in 965,in 873,in 977,in 882,C
2277,When did Maharaja Ranjit Singh die?,1837,1838,1839,1840,C
2278,K2 is in which mountain range?,Himalayas,Karakoram,Hindu Kush,Sulaiman,B
2279,"The famous book ""The Daughter of the East"" is written by:",Fatima Jinnah,Benazir Bhutto,Tehmina Durrani,Begum Ra'ana Liaquat Ali Khan,B
2280,Who was the first Viceroy of India?,Lord Canning,Lord Ripon,Lord Curzon,Lord Hastings,A
2281,Who headed the statutory commission appointed by the British Government in November 1927?,Lord Birkenhead,Sir John Simon,Motilal Nehru,Lord Irwin,B
2282,In which city did Alexander the Great die in 323 BC?,Pella,Babylon,Alexandria,Susa,B
2283,Who was the first Muslim Commander-in-Chief of the Pakistan Air Force?,Air Marshal Asghar Khan,Air Marshal Noor Khan,Air Marshal Arshad Feroz,Air Marshal Faiz,A
2284,Upon whose threat of a hunger strike did the Indian Government release an installment of 550 million rupees due to Pakistan?,Sardar Patel,M. K. Gandhi,Jawaharlal Nehru,Both A and B,B
2285,Who was Pakistan's First Civil Martial Law Administrator?,Sikandar Mirza,Zulfiqar Ali Bhutto,Ayub Khan,Pervez Musharraf,B
2286,When NWFP created as separate province by British government:,1901,1902,1903,1904,A
2287,Karakoram Highway built with the help of which country:,US,UK,China,Iran,C
2288,How many different dynasties ruled over India during the entire period of the Delhi Sultanate?,Four,Six,Three,Five,D
2289,"Which person held the positions of WAPDA chairman, Sindh governor, SBP governor, and President of Pakistan?",Waseem Sajjad,Ghulam Ishaq Khan,Fazal Ilahi Chaudhry,Rafiq Tarar,B
2290,K2 is also known as __________.,Godwin Austen,Broad Peak,Roshan Peak,Sia Kangri,A
2291,Which of the following is not a Kharif crop?,Wheat,Sugarcane,Rice,None of these,A
2292,________ is the largest dam of Pakistan.,Tarbela,Mangla,Warsak,Gomal Zam,A
2293,Who is the civilian Commander-in-Chief of the Pakistan Armed Forces?,The Chief Justice of Pakistan,The President of Pakistan,The Prime Minister of Pakistan,The Speaker of the National Assembly,B
2294,What is the literal meaning of 'Nanga Parbat'?,Killer Mountain,Naked Mountain,Dead Place,Seven Mountains,B
2295,The Indus Waters Treaty was mediated by:,IMF,UNO,World Bank,USA,C
2296,Mr. Zulfikar Ali Bhutto introduced his Agricultural Reforms on _________.,"On March 1, 1972","On March 1, 1973","On March 1, 1974",None of these,A
2297,Who presented the Objective Resolution in the Constituent Assembly on 13th March 1949?,Khawaja Nazimuddin,Sir Feroz Khan Noon,M.A. Jinnah,Liaquat Ali Khan,D
2298,Which is the largest district of Punjab?,Lahore,Multan,Bahawalpur,Faisalabad,C
2299,The Punjab Repealing and Removal of Difficulties Ordinance 2022 was promulgated to:,Curtail the powers of the Chief Minister,Curtail the powers of the Governor,Curtail the powers of the Speaker,Curtail the powers of the Chief Secretary,C
2300,India recognized the provisional Government of Bangladesh on __________.,"On December 6, 1971","On December 17, 1971","On December 18, 1971","On December 19, 1971",A
2301,"The largest railway workshop, Mughalpura, is situated in ________.",Gujranwala,Multan,Karachi,Lahore,D
2302,"All Parties Hurriyat Conference (APHC) is an alliance of political, social and religious organizations formed on 9 March 1993, as a United political front to raise the cause of Kashmiri independence in the Kashmir conflict.",12,20,26,24,C
2303,The Second Round Table Conference was held in:,1930,1931,1932,1933,B
2304,What is the length of the Pak-India border?,3323 km,1670 km,1810 km,2250 km,A
2305,Which Mughal king founded the religion 'Din-e-Ilahi'?,Shah Jahan,Akbar,Bahadur Shah Zafar,Iltutmish,B
2306,Kot Diji Fort is in which district of Sindh?,Thatta,Khairpur,Hyderabad,Karachi,B
2307,The population of Pakistan under the age of 35 is approximately:,65 percent,55 percent,45 percent,None of these,A
2308,Which Muslim seminary started the 'Silk Letter Movement' to free India from British rule?,Darul Uloom Deoband,Nadwat-ul-Ulama,Aligarh Movement,None of these,A
2309,Which city in Pakistan is called Noor Mahal?,Lahore,Multan,Bahawalpur,Peshawar,C
2310,"After the death of President Zia-ul-Haq, who became the president in 1988?",M.K. Junejo,G.I. Khan,M. Nawaz Sharif,Benazir,B
2311,"Ghaznavi, a short-range missile launched on May 20, 2002, has a range of _______.",500 km,300 km,150 km,290 km,D
2312,Who was the Pakistani climber who got missing while trying to climb K2 along with 2 foreign climbers on 5 Feb. 2021?,Muhammad Ali Sadpara,Muhammad Sajid Sadpara,Nazir Ahmad Sadpara,None of these,A
2313,"When did Quaid-e-Azam, in a public meeting, give the slogan of ""Faith, Unity, and Discipline""?","On December 28, 1947","On December 24, 1947","On December 29, 1947","On December 31, 1947",A
2314,"Chaudhry Rehmat Ali, who proposed the name ""Pakistan,"" is buried in:",Karachi,London,Oxford,Cambridge,D
2315,Who interfered with Muslim religious activities in the Punjab and NWFP during the early 19th century?,The Hindus,The Marathas,The Sikhs,None of these,C
2316,The total length of the Siachen Glacier is:,69 km,70.5 km,Approximately 76 km,72.5 km,C
2317,Allama Muhammad Iqbal delivered his famous Allahabad Address on:,on 29 December 1930,on 23 March 1931,on 14 August 1930,on 1 October 1929,A
2318,Mohenjo-daro is located on which river?,Indus,Ravi,Jhelum,None of these,A
2319,"The State Bank of Pakistan (SBP) issuesd a coin in recognition of Edhi's services on March 31, 2017, with a worth of Rs. ____?",8,10,20,50,D
2320,When did Sir Stafford Cripps announce his formula to seek cooperation between the National Congress and the Muslim League?,"on March 30, 1942","on April 15, 1942","on May 1, 1942","on June 10, 1942",A
2321,"Which city is called the ""Gateway of Pakistan""?",Gwadar,Keti Bunder,Kashmore,Karachi,D
2322,"In which year was the ""Aligarh Trusteeship Bill"" passed?",In 1886,In 1887,In 1888,In 1889,D
2323,Dr. Abdus Salam won the Nobel Prize for Physics in the year?,1975,1976,1979,1999,C
2324,The first EU-Pakistan Summit was held in:,"2004, London","2009, Brussels","2000, Paris","2016, Berlin",B
2325,When was it announced that June 1948 was the date for British withdrawal from India?,on 31 January 1947,"on Feb 20, 1947",on 24 March 1947,on 3 May 1947,B
2326,The first Constituent Assembly of Pakistan was dissolved in:,1953,1954,1955,1956,B
2327,What was the purpose of the 1947 Constituent Assembly?,Judicial,Advisory,Legislative and Constituent,None of these,C
2328,What is the second most densely populated province of Pakistan?,Khyber Pakhtunkhwa,Punjab,Balochistan,Sindh,D
2329,When Pakistan won the World Hockey Cup for the 4th time ?,In 1998,In 1990,In 1994,In 2002,C
2330,Dr. Abdus Salam was awarded the Nobel Prize in which year:,1980,1976,1979,1989,C
2331,Who was to develop the design of the mausoleum of Quaid-e-Azam?,Yahya Bakhtiar,Yahya Merchant,Irfan Ullah Khan Marwat,None of these,B
2332,Which province received its status in 1901?,Punjab,North-West Frontier Province (NWFP),Sindh,Bengal,B
2333,"Which movement, started by Swami Shraddhanand in 1923, focused on ""purifying""?",Khilafat,Shuddhi,Non-Cooperation,Sangathan,B
2334,Nai Gaj Dam is being constructed in which province of Pakistan:,Punjab,Sindh,Balochistan,KPK,B
2335,The first time Pakistan became a non-permanent member of the UN was in __________.,In 1967,In 1964,In 1954,None of these,D
2336,Who is the author of 'Warrior Race: A Journey Through the Land of the Tribal Pathans'?,Zulfikar Ali Bhutto,Imran Khan,Pervez Musharraf,None of them,B
2337,The Kharan Desert is situated in __________.,Punjab,Balochistan,Khyber Pakhtunkhwa,Sindh,B
2338,Pakistani actor Fawad Khan acted in which recent Bollywood film?,Barfi,Khoobsurat,Jalaibee,Golmaal,B
2339,Shafqat Amanat Ali's band name is:,Fuzon,Ruzon,Zuzon,None of these,A
2340,Which district of Sindh is called the 'Sugar State' due to its high production of sugar?,Mirpur Khas,Badin,Jamshoro,Larkana,B
2341,Where are the Katas Raj temples located?,Bahawalpur,Chakwal,Gilgit,Peshawar,B
2342,Total districts in Punjab are?,30,32,36,None of these,D
2343,When did Ayub Khan enforce the new constitution in Pakistan?,"On January 9, 1962","On February 6, 1962","On March 13, 1962","On June 8, 1962",D
2344,"The famous love story of ""Sohni Mahiwal"" is associated with which river?",Chenab,Indus,Ravi,None of these,A
2345,Who was the Speaker of the Second Legislative Assembly of Pakistan?,Maulvi Tamizuddin Khan,Mr. Abdul Wahab Khan,Fazlul Qadir Chaudhry,Abdul Jabbar Khan,B
2346,The real name of Shah Waliullah is:,Qutb-ud-din,Abdullah,Ahmad,None of these,C
2347,The Taj Mahal was completed in 1648 by Emperor Shah Jahan in memory of his wife named:,Mumtaz Mahal,Zaib-un-Nisa,Joda Bai,None of these,A
2348,Pakistan's second constitution was promulgated in:,1956,1958,1962,1973,C
2349,Blackbuck were re-introduced in which desert of Pakistan?,Cholistan,Thar,Kharan,None of these,C
2350,"The ""Gibraltar of Sindh"" is ________.",Kirthar Ranges,Karoonjhar Mountains,Gwadar,Makli Hills,D
2351,The 3rd June Plan is also called:,August offer,Mountbatten plan,Wavell plan,None of these,B
2352,"Who is the author of ""Now or Never, Are We to Live or Perish Forever""?",Chaudhry Rehmat Ali,Sir Syed Ahmad Khan,Allama Iqbal,Haji Shariatullah,A
2353,The Lucknow Pact between the Indian National Congress and the Muslim League was signed in:,in 1909,in 1913,in 1916,in 1919,C
2354,What does CPEC stand for?,China Pakistan Electrical Coal,China Pakistan Electronics Corporation,China-Pakistan Economic Corridor,China Portugal Economical Corporation,C
2355,How many words approximately did the Lahore Resolution contain?,200,300,400,500,C
2356,Large and fragmented landholdings in Pakistan are often characterized by __________.,Huge farms,Small farms,Average farms,None of these,A
2357,The national vegetable of Pakistan is _________.,Carrot,Tomato,Ladyfinger,All of these,C
2358,Quaid-e-Azam resigned from Congress in which year?,1925,1922,1920,1918,C
2359,Quaid-e-Azam gave his famous 14 points in the year:,1928,1929,1930,None of these,B
2360,Nandana Fort is in:,Jhelum,Larkana,Sibbi,None of these,A
2361,Who was the first Pakistani Sufi Opera Singer?,Abida Parveen,Noor Jahan,Saira Peter,Shazia Khan,C
2362,Who was the first Governor General of Pakistan?,Liaqat Ali Khan,Muhammad Ali Bogra,Zia-ul-Haq,M. A. Jinnah,D
2363,The 'Princess of Hope' rock formation is in ____________.,Lasbela (Balochistan),Swabi (KP),Kasur (Punjab),Jamshoro (Sindh),A
2364,From which country Pakistan purchased Gawader?,Kuwait,Iran,Muscat (Oman),None of these,C
2365,The 18th Amendment Committee had how many members from both houses?,10,20,15,26,D
2366,The Myth of Independence was written by:,Ayub Khan,Zulfikar Ali Bhutto,G.W. Choudhury,Altaf Gauhar,B
2367,Duddar Lead-Zinc Mining is situated in Balochistan's __________ district.,Sibi,Lasbela,Bolan,Qilla Abdullah,B
2368,Who is the only person to be awarded the Nishan-i-Imtiaz twice?,Dr. Abdus Salam,Dr. Abdul Qadeer Khan,Faiz Ahmed Faiz,Edhi,B
2369,How many states are there in the United States of America?,40,45,50,55,C
2370,Who was the Foreign Affairs Minister in the first cabinet of Pakistan?,I.I. Chundrigar,Zafarullah Khan,Sardar Abdur Rab Nishtar,Raja Ghazanfar Ali Khan,B
2371,Women's shelter homes are called:,Dar-ul-Aman,Dar-ul-Uloom,Dar-ul-Najf,None of these,A
2372,The Cabinet Mission 1946 consisted of:,2 members,3 members,4 members,5 members,B
2373,"The main demand of the Simla Muslim Deputation, accepted in the Minto-Morley Reforms of 1909, was about:",Separate electorates,Funds for establishing a university for Muslims,Equal employment opportunities,None of these,A
2374,Ziarat is famous for the ___________ Residency.,Allama Iqbal,Quaid-e-Azam,Zia-ul-Haq,Shah Jahan,B
2375,Takht-i-Bahi is a famous archaeological site in which province of Pakistan?,Sindh,Khyber Pakhtunkhwa,Punjab,Balochistan,B
2376,Quaid-e-Azam resigned from the Imperial Legislative Council due to the:,Lucknow Pact,Rowlatt Act,Simon Commission,None of these,B
2377,How many Muslim seats were secured by the All India Muslim League in the 1945-46 Election of Provincial assemblies?,380,425 (or 428),450,492,B
2378,The largest natural freshwater lake in Pakistan is __________.,Keenjhar Lake,Manchar Lake,Haleji Lake,None of them,B
2379,Which part of Punjab is famous for Shisham Timber Forests?,Changa Manga,Kala Chitta Range,Murree Kahuta Range,None of these,A
2380,Zulfiqar Ali Bhutto replaced Yahya Khan and became the President of Pakistan on __________.,"On Dec 18, 1971","On Dec 19, 1971","On Dec 20, 1971","On Dec 21, 1971",C
2381,In which city is the Military College Jhelum located?,Risalpur,Islamabad,Sarai Alamgir,Sargodha,C
2382,What was the number of the SAARC summit that was scheduled to be held in Islamabad but was postponed in November 2016?,19th,18th,17th,16th,A
2383,The Samjhauta Express bomb blast occurred in which year:,in February 2006,in February 2007,in February 2008,in February 2009,B
2384,"Who was the first Viceroy of India, appointed after the transfer of power to the British Crown in 1858?",Lord Ripon,Lord Canning,Lord Curzon,Lord Mayo,B
2385,The second constitutional assembly was reconstituted on ___________.,"On May 11, 1955","On May 15, 1955","On May 21, 1955","On May 28, 1955",D
2386,The range of the Hatf-II missile is ________.,180 km,275 km,230 km,300 km,A
2387,The leaders of the Muslim League delegation in the first Round Table Conference included:,Allama Iqbal and Liaquat Ali Khan,Quaid-e-Azam and Sir Muhammad Shafi,Sir Agha Khan and Maulana Shaukat Ali,Nawab Salimullah and Maulana Muhammad Ali Jauhar,B
2388,Who was the Prime Minister of Pakistan after Zafarullah Khan Jamali in 2004?,Yousaf Raza Gilani,Shaukat Aziz,Chaudhry Shujaat Hussain,Asif Ali Zardari,C
2389,"Until 2019, how many districts were there in ""Gilgit-Baltistan""?",5,6,10,8,C
2390,The vaccination program of Pakistan is:,CPI,EPI,DPI,None of these,B
2391,Phander Valley is located in __________.,Gilgit-Baltistan,Chitral,Swat,None of these,A
2392,Who was the second general secretary of the Muslim League?,Sir Muhammad Shafi,Wazir Hasan,Syed Nabiullah,Liaquat Ali Khan,A
2393,How many districts are in Punjab?,32,33,36,None of these,C
2394,Which Mughal Emperor built the Taj Mahal:,Shah Jahan,Aurangzeb,Akbar,Bahadur Shah,A
2395,Who was the 7th Caretaker Prime Minister of Pakistan?,Doctor Abdul Malik,Shahid Khaqan Abbasi,Justice (R) Nasir-ul-Mulk,Mian Shahbaz Sharif,C
2396,Who was convicted in Rawalpindi Conspiray Case?,Shorash Kashmiri,Habib Jalib,Faiz ahmed Faiz,None of these,C
2397,Asif Ali Zardari was the __________ elected President of Pakistan to complete his full constitutional term.,First,Second,Third,Fourth,A
2398,Which is the National Animal of Pakistan?,Markhor,Goat,Camel,Snow Leopard,A
2399,Who wrote 'The Loyal Mahomedans of India'?,Sir Syed Ahmad Khan,Allama Iqbal,Syed Suleman Nadvi,Shah Waliullah,A
2400,Justice Sajjad Ali Shah was dismissed in 1997 by:,President Farooq Leghari,PM Nawaz Sharif,President Rafiq Tarar,None of these,A
2401,The tomb of Anarkali is situated in?,Kamran Baradari,Inside of Punjab Secretariat,Inside of Lahore Fort,Anarkali Bazar,B
2402,Babur defeated ____ in the first Battle of Panipat.,Sher Shah,Ibrahim Lodhi,Akbar,None of these,B
2403,Which of these is a known watersports event or company associated with Khanpur Dam?,Beat The Waves',Game of Thrones',Battle of War',Swimming,A
2404,Which political party did Bhutto found?,Awami League,National Awami Party,Pakistan People's Party,Muslim League (Qayyum),C
2405,Who is the father of civil services in India?,Warren Hastings,Lord Macaulay,Charles Cornwallis,None of above,C
2406,"What is the distance of Junagadh, the state that announced annexation to Pakistan, from Karachi?",310 miles,350 miles,290 miles,360 miles,A
2407,ICT stands for:,Islamabad City Tribes,Islamabad Capital Territory,Islamabad Capital Total,None of these,B
2408,The last recipient of Nishan-e-Haider was:,Havildar Lalak Jan,Sawar Muhammad Hussain Shaheed,Major Shabbir Sharif,Pilot Officer Rashid Minhas,A
2409,The population of Pakistan according to the 1998 Census was __________.,132.3 million,148.5 million,151.0 million,145.4 million,A
2410,Indian Independence Bill was moved in British Parliament on:,on 24 May 1947,on 5 June 1947,"on July 4, 1947",on 4 August 1947,C
2411,The inaugural session of the first Constituent Assembly of Pakistan was chaired by ____________.,Quaid-e-Azam,Liaquat Ali Khan,Moti Lal Nehru,J.N. Mandal,D
2412,When was Pakistan suspended from the Commonwealth?,in February 1999,in October 1999,in November 1998,in September 1999,B
2413,The Heroes of Sindh' & 'Struggle for New Sindh' were written by _________.,Dr. Hamida Khuhro,G. M. Syed,Rasool Bux Paleejo,None of the above,B
2414,Pakistan's Standard Time was adopted on _________.,"On January 1, 1951","On May 2, 1951","On September 15, 1951","On March 2, 1951",C
2415,What was the name of the huge manjaneeq (catapult) used by Muhammad bin Qasim's army at Debal?,The Conqueror,The Lion,Al Uroos,The Falcon,C
2416,The main purpose of the Communal Award announced on 4 August 1932 was:,To grant dominion status to India,To grant separate electorates to minority communities,To divide India into two nations,To implement a new constitution,B
2417,The 8th Amendment to the Constitution tilted the balance of power in favor of the ________.,Prime Minister,President,Senator,None of These,B
2418,Which article of the Constitution of Pakistan 1973 deals with the National Economic Council?,Article 122,Article 137,Article 156,Article 174,C
2419,When did Pakistan recognize China?,1949,1950,1951,1952,B
2420,"Kan Mehtarzai, the highest railway station in Asia, is in __________.",China,Afghanistan,Japan,Pakistan,D
2421,When was the Pakistan Badminton Association (PBA) formed?,1953,1954,1955,1956,A
2422,When was gas discovered from Sui?,In 1950,In 1954,In 1953,In 1952,D
2423,Which is the longest river in Pakistan?,River Chenab,River Jhelum,River Indus,River Hingol,C
2424,The Charismatic Leader: Quaid-i-Azam Mohammad Ali Jinnah and the creation of Pakistan:,Benazir Bhutto,Sikander Hayat,Shaukat Hayat Khan,Colonel Ilahi Baksh,B
2425,"At the time of the 1965 War, the Commander-in-Chief of the Pakistan Army was _______.",General Muhammad Musa Khan,General Muhammad Ayub Khan,General Muhammad Zia-ul-Haq,None of them,A
2426,"The newspaper ""Zamindar"" was edited by:",Sir Syed Ahmed Khan,Maulana Muhammad Ali Jauhar,Maulana Zafar Ali Khan,Hasrat Mohani,C
2427,Who prepared Pakistan's National Flag?,Abdur Rehman Chughtai,Liaquat Ali,Chaudhary Rehmat Ali,Ameer-ud-din Qadwai,D
2428,Which Turkish designer designed the Faisal Mosque in Islamabad?,Bora Aksu,Vedat Dalokay,Mustafa Aslanturk,Ivana Sert,B
2429,"Which of the following is a ""traditional sport"" of Punjab?",Malakhra,Kabaddi,Buzkashi,Pallankuzhi,B
2430,India conducted airstrikes in Pakistan in 2019. When had India previously conducted significant aerial strikes inside Pakistan territory?,1947,1956,1967,1971,D
2431,"In the fourteen points presented by Quaid-e-Azam in 1929, he demanded reforms in which of the following provinces:",NWFP and Sindh,NWFP and Balochistan,NWFP and Bombay,Sindh and Bombay,B
2432,The Pakistan-China border agreement was signed in:,1949,1956,1963,1969,C
2433,"Who among the following Mughal rulers has been called the ""Prince of Builders""?",Babar,Akbar,Jahangir,Shah Jahan,D
2434,The French East India Company was established in India in:,in 1602,in 1664,in 1688,in 1742,B
2435,The Kahuta Research Laboratories (KRL) were founded in ________.,In 1975,In 1976,In 1977,In 1978,B
2436,Who stood against Akbar's Din-i-Ilahi?,Khwaja Baqi Billah,Sheikh Ahmad Sirhindi,Aurangzeb,None of these,B
2437,"Alexander's mother, Olympias, was a princess from which neighboring state?",Thrace,Epirus,Illyria,Persia,B
2438,The All-India Muhammadan Educational Conference of 1906 was held in ___________.,Simla,Dhaka,Lucknow,Delhi,B
2439,The Cabinet Mission reached Delhi in,In 1947,In 1944,In 1946,In 1945,C
2440,"Under Yahya Khan's Legal Framework Order (LFO), what would happen to the National Assembly if it couldn't frame the constitution within 120 days?",It would be dissolved automatically,The President would dissolve it,The timeframe would be extended,None of these,A
2441,The general direction of the Hindu Kush range in Pakistan is from _________.,North-West,South-West,North-East,North-South,A
2442,The majority of Southern Pakistan's population lives along the __________.,River Indus,River Ravi,River Jhelum,None of these,A
2443,Who is the current Chairman of the Islamic Ideological Council of Pakistan?,Ahmed Rayaz,Qibla Ayaz,Haseeb Umer,None of these,B
2444,Who was the first sultan of the Delhi Sultanate?,Muhammad Ghuri,Iltutmish,Qutbuddin Aibak,Sultan Mas'ud,C
2445,Which city is on the border of the Sindh and Punjab provinces?,Rajanpur,Mithankot,Kashmore,None of them,C
2446,Who was the Secretary of State for India who announced the Cabinet Mission in 1946?,Stafford Cripps,A.V. Alexander,Lord Pethick-Lawrence,Clement Attlee,C
2447,APP' (Associated Press of Pakistan) is the official news agency of _________.,India,Pakistan,France,China,B
2448,Article _____ of the 1973 Constitution provides that the President is the Head of State.,Article 47,Article 370,Article 41,None of these,C
2449,Where was Muhammad Ali Jinnah born?,Bombay,Lahore,Karachi,Delhi,C
2450,The State Bank of Pakistan was inaugurated by Quaid-e-Azam on:,on 1st July 1948,on 1st August 1948,on 1st September 1948,on 14th August 1947,A
2451,The meeting of the India-Pakistan Permanent Indus Water Commission 2022 was held in:,Lahore,Delhi,Karachi,Islamabad,B
2452,First major terrorist attack in Pakistan happened in which year?,1971,1989,2002,2009,B
2453,Who was the first President of Pakistan?,Malik Ghulam Muhammad,Iskander Mirza,Muhammad Ali Jinnah,Sir Khawaja Nazimuddin,B
2454,Vasco da Gama is credited with discovering the sea route to India via which landmark?,Suez Canal,Strait of Gibraltar,Cape of Good Hope,Panama Canal,C
2455,When were the first telegraph lines laid out in India?,1853,1854,1857,1861,A
2456,"In the Bogra Formula, the framework proposed the establishment of a most effective bicameral parliament that will be composed of the National Assembly and the Senate with _______ from provinces in the Senate (Upper House).",Equal representation,Substantive representation,Collective representation,None of these,A
2457,The land lying between the River Ravi and the River Chenab is called ____.,Rachna Doab,Chaj Doab,Bari Doab,None of these,A
2458,Gorakh Hill Station is situated in the district of:,Dadu,Chaghi,Abbottabad,Skardu,A
2459,Limestone deposits are found in ________.,Daudkhel,Wah,Karachi,All of them,D
2460,What was the real name of Nawab Viqar-ul-Mulk?,Mushtaq Hussain Zuberi,Munir Nawaz Jang,Nisar Ali,None of these,A
2461,Who succeeded President Fazal Ellahi Choudhri?,General Zia-ul-Haq,Benazir Bhutto,Muhammad Khan Junejo,Pervez Musharraf,A
2462,PM Imran Khan received a golden Kalashnikov as a gift from:,UAE,Saudi Arabia,Afghanistan,None of these,B
2463,"When was Quaid-e-Azam M.A. Jinnah's name read in the khutba at the Pakistan Colony mosque by the Sindh education minister, Pir Ilahi Bakhsh?","On August 11, 1947","On August 15, 1947","On July 12, 1947","On August 22, 1947",D
2464,Thoughts on Pakistan was written by whom?,B.R. Ambedkar,Jyotirao Phule,Savita Ambedkar,None of these,A
2465,Which party reigned when the 18th amendment passed?,PPP,PMLN,PMLQ,None of these,A
2466,"Amongst the Sultans of Delhi, who presented the ""Theory of Kingship""?",Ghiyasuddin Tughluq,Mahmud of Ghazni,Muhammad Ghori,Sultan Balban,D
2467,Who suggested the formation of SAARC?,Sheikh Mujibur Rahman,Ziaur Rahman,Colonel Muammar Gaddafi,General Zia-ul-Haq,B
2468,The Chashma Nuclear Power Plant is located near the Chashma Barrage in ________ district.,Mithankot,Mianwali,Dera Ghazi Khan,Tarbela,B
2469,"At the time of Partition, what was the total cash balance of United India?",2 billion rupees,4 billion rupees,5 billion rupees,700 million rupees,B
2470,"Under the 1973 Constitution, who has the authority to dismiss any member of the Cabinet?",The President,The Prime Minister,The National Assembly,The Chief Justice,B
2471,"Which city of Pakistan is known as the ""Paris of Asia""?",Karachi,Lahore,Islamabad,Faisalabad,B
2472,"The book ""Modern Muslim India and the Birth of Pakistan"" was written by:",S.M. Ikram,Abul Kalam Azad,Ayesha Jalal,None of these,A
2473,Rohtas Fort was built during the rule of?,Babar,Humayun,Sher Shah Suri,None of these,C
2474,The Pakistan initiatives for mothers and newborn (PAIMAN) was designed to work for:,Against child labor,Protection of women,Women rights,Maternal and newborn health issues,D
2475,What was the capital of Sindh at the time of its conquest by Muhammad bin Qasim?,Debal,Arore,Multan,Uch Sharif,B
2476,The full name of Bahauddin Zakariya was ___________.,Noor Muhammad Bahauddin Zakariya,Abu Muhammad Bahauddin Zakariya,Muhammad Ali Bahauddin Zakariya,None of these,B
2477,Payam-e-Mashriq is an answer to ________.,Ibn-Arabi,Marri,Dante,Goethe,D
2478,How many prisons are in Punjab?,31,32,40,None of these,C
2479,Which newspaper issued by Ghulam Rasool:,Hamdard,Comrade,Inqalab,None of these,C
2480,How much area of the original state of Jammu and Kashmir is controlled by China?,5 percent,20 percent (Approx.),15 percent,25 percent,B
2481,What is the literal meaning of the word 'Quetta'?,Town,Fort,Hill,Dead,B
2482,"At the Tehsil level, who is appointed to try criminal cases?",Magistrates,Sub-Divisional Magistrates,Both of them,None of them,C
2483,The Kirthar Range is a mountain range in Pakistan extending about 190 miles. In which province of Pakistan does the range's largest portion reside?,Sindh,Balochistan,Khyber Pakhtunkhwa,Punjab,A
2484,"The famous Muslim traveler Ibn Batuta, who arrived in India in 1333, was a native of which country?",Persia,Egypt,Morocco,Turkey,C
2485,"According to the ""Pakistan Bureau of Statistics (PBS)"", what was the total population of Pakistan in the 2017 census?",198.98 million,200.00 million,207.77 million,None of these,C
2486,A constituency of the Punjab Assembly is denoted by ________.,PS,PP,PB,PK,B
2487,Where were the Jinnah-Gandhi talks held in 1944?,Delhi,Bombay,Lahore,Calcutta,B
2488,Which infamous law was passed by Lord Dalhousie?,"Indian Slavery Act, 1843","Hindu Widows' Remarriage Act, 1856","Caste Disabilities Removal Act, 1850",Doctrine of Lapse,D
2489,"The Bilafond Glacier is located in the Siachen region, an area claimed by __________.",India,Pakistan,China,None of these,B
2490,Which of the following was awarded the Nishan-e-Haider?,Major Aziz Bhatti,Captain Karnal Sher Khan,Major Shabbir Shaheed,All of these,D
2491,Where do the Jhelum and Chenab rivers merge?,Rasul Pur,Trimmu,Panjnad,Khanki,B
2492,What was the significant publication by Sir Syed in 1846?,Asbab-i-Baghawat-i-Hind,Asar-us-Sanadeed,Tafheem-ul-Quran,Now or Never,B
2493,In which year was Allama Iqbal's tomb built?,in 1947,in 1950,in 1951,in 1952,C
2494,The Constitution of 1956 drew its inspiration from the ________ style of parliamentary government.,USA,Westminster,Australia,India,B
2495,NEPRA was created when the Parliament of Pakistan passed the NEPRA Act in ______.,In 1995,In 1997,In 1999,In 2000,B
2496,Who among the following was the first European to come to India (via sea route)?,French,British,Portuguese,German,C
2497,Last speaker of National Assembly of united East/West Pakistan:,Yaqoob Ali Khan,Javaid Iqbal,Abdul Jabbar Khan,None of these,C
2498,Sultan of Sindh is the title of ___________.,Muhammad Bin Qasim,Mian Ghulam Shah Kalhoro,Jam Unar Bin Babinah,Shah Abdul Latif Bhittai,C
2499,The largest Cotton Exchange Building in Pakistan is situated in _________.,Karachi,Lahore,Faisalabad,Multan,A
2500,"The ancient city of ""Prayaga"" was renamed ""Allahabad"" by which Mughal emperor?",Akbar,Shah Jahan,Aurangzeb,Humayun,B
2501,"When did an earthquake occur in Balochistan in which 50,000 lives were lost?",1920,1935,1940,1970,B
2502,How many nuclear power plants are under construction in Pakistan?,3,4,2,None of these,A
2503,How many members were there in the Cabinet Mission of 1946?,3,4,5,6,A
2504,Pakistan bagged how many medals in the Tokyo Olympics 2021?,One,Two,Four,None of these,D
2505,Shalimar Bagh was constructed by:,Akbar,Shah Jahan,Jahangir,Aurangzeb,B
2506,The convergence point of five rivers in Punjab is _________.,"Sukkur, Sindh","Panjnad, Muzaffargarh","Kalabagh, Mianwali",None of these,B
2507,A referendum on allowing Pervez Musharraf to continue as president for five years was held in Pakistan on:,on 30 April 2002,on 30 April 2003,on 30 April 2004,None of these,A
2508,The second-highest civil award of Pakistan is __________.,Nishan-e-Pakistan,Hilal-i-Imtiaz,Sitara-e-Basalat,None of these,B
2509,The constitution of 1962 envisaged a Federal State with _____ form of government.,Unicameral,Presidential,Bicameral,Parliamentary,B
2510,How many were the members of Basic Democracies from East Pakistan?,40000,50000,60000,70000,A
2511,Mangla Dam is located in ____________.,Punjab,KPK,Azad Jammu & Kashmir,FATA,C
2512,Who bestowed the National Reconciliation Ordinance (NRO) for the first time in the political history of Pakistan?,Zia-ul-Haq,Pervez Musharraf,Ayub Khan,Yahya Khan,B
2513,The design for the Shah Faisal Mosque was made by __________.,Vedat Dalokay of Turkey,Muhammad al-Idrisi of Egypt,Gerardus Mercator of Flanders,Nicolas de Fer of France,A
2514,Which operation led to the capture and death of Osama Bin Laden:,King Joker,Neptune Spear,Urgent Fury,None of these,B
2515,Members in first Constituent Assembly of Pakistan,59,69,79,89,B
2516,Who has been appointed as Pakistan's first female Hindu Civil Judge?,Iran Bedi,Krishna Kumari,Suman Bodani,None of these,C
2517,"When was Quaid-e-Azam M.A. Jinnah's name read in the khutba at the Pakistan Colony mosque by the Sindh education minister, Pir Ilahi Bux?","On August 11, 1947","On August 15, 1947","On July 12, 1947","On August 22, 1947",D
2518,In which month did Lord Mountbatten arrive in India as the last Viceroy?,February,March,April,May,B
2519,When was the title of Knighthood bestowed upon Sir Syed Ahmad Khan?,1882,1886,1892,1898,B
2520,The Basic Democracies system was introduced in __________.,in April 1956,in May 1959,in January 1958,in July 1960,B
2521,Where was Allama Iqbal buried?,Miani Sahib Graveyard,"Badshahi Mosque, Lahore","Jama Masjid, Delhi",Karachi,B
2522,The Central Muhammadan Association was founded in 1877 by:,Chaudhri Rehmat Ali,Sir Syed Ahmed Khan,Syed Ameer Ali,Nawab Mohsin-ul-Mulk,C
2523,The Lahore Resolution was called the Pakistan Resolution by ________?,Muslim press,Hindu press,English press,None of these,B
2524,Who was the Afghan representative in drawing the Durand Line?,Amir Habibullah,Amir Abdul Rahman,Emir Dost Mohammad,King Amanullah,B
2525,"On 3 September 1977, Bhutto was charged with:",High Treason,Conspiracy to murder,Corruption,Rigging the elections,B
2526,The Faraizi Tehreek started from which city?,Punjab,Bengal,Sindh,NWFP,B
2527,What was the title of the published collection of Liaquat's speeches?,Pakistan: The Muslim Homeland,"Pakistan, Heart of Asia",The Making of Pakistan,Pakistan: A New Nation,B
2528,Syed Mehdi Ali Shah was the real name of:,Mohsin-ul-Mulk,Waqar-ul-Mulk,Ch. Rehmat Ali,None of these,A
2529,When was the Liaquat-Nehru Pact between India and Pakistan signed?,1950,1952,1954,1956,A
2530,The music for the National Anthem of Pakistan was composed by ________.,Hafeez Jalandhri,Ahmad G. Chagla,Mehdi Hassan,None of these,B
2531,The Mohatta Palace Museum is located in ________.,Bahawalpur,Karachi,Rawalpindi,Lahore,B
2532,The Neelum River is situated in _________.,AJ&K,KPK,FATA,Punjab,A
2533,The Karakoram Highway was constructed with the help of:,China,Japan,America,Canada,A
2534,Where is First Green Field Airport?,Lahore,Islamabad,Quetta,Larkana,B
2535,"Shahid Afridi, famous cricketer of Pakistan, was a bowler.",Off Spinner,Fast Bowler,Leg Spinner,None of the above,C
2536,Who was the Prime Minister of Pakistan when our first Constitution of 1956 was adopted?,Malik Feroz Khan Noon,Muhammad Ali Bogra,Chaudhry Muhammad Ali,Ayub Khan,C
2537,The Karachi Nuclear Power Plant (KANUPP) was established in:,in 1972,in 1970,in 1971,None of these,A
2538,"About the end of the 2nd century B.C, some unusual upheavals in Central Asia let loose","series of human floods that brought about an after-wave of invasions into the Indo- Pak Sub-continent, the First invasion was made by __________. The Kushanas",The Sakas,The Bacirians,The Parthians,C
2539,Regional languages of Azad Kashmir include __________.,All of them,Kashmiri,Punjabi,Hindko,A
2540,The University of Karachi was established in:,1948,1949,1950,1951,D
2541,The Simla Agreement was signed by Indira Gandhi and whom?,Yahya Khan,Zulfikar Ali Bhutto,Fazal Ilahi Chaudhry,Zia-ul-Haq,B
2542,Which is the highest peak of the Himalayan range in Pakistan?,Nanga Parbat,K2,Tirich Mir,Sakaser,A
2543,Zakat can be collected through:,Post Office,Bank branches,Local Committee members,None of the above,B
2544,Who was the first Pakistani selected as President of the UN General Assembly?,Sir Zafarullah Khan,Patras Bokhari,M.A.H. Ispahani,Begum Feroz Khan Noon,A
2545,Who was the first Viceroy of India:,Lord Ripon,Lord Canning,Lord Curzon,Lord Mayo,B
2546,Which is the biggest thermal power station in Pakistan by capacity?,Faisalabad Gas Turbine Plant,Jamshoro Power Station,Kot Addu Power Plant,Multan Steam Power Station,C
2547,"According to the 1973 Constitution, who elects the Prime Minister?",The Senate,The National Assembly,The President,The Provincial Assemblies,B
2548,Which of the following political parties did not boycott the Simon Commission?,All India Muslim League,Indian National Congress,Unionist Party,Hindu Mahasabha,A
2549,Which organization is considered the first Muslim political body to represent the Muslims of the subcontinent as a whole?,Anjuman-e-Mussalmanan-e-Hind,The Central National Muhammadan Association,Urdu Defence Association,None of these,C
2550,What was the role of Quaid-e-Azam regarding the Rowlatt Act?,He supported it,He opposed it,He was neutral,He was not in India at the time,B
2551,Which US president visited Pakistan in 1969:,Dwight D. Eisenhower,Lyndon B. Johnson,Richard M. Nixon,William J. Clinton,C
2552,Qatar offered __________ jobs in 2018 for skilled and semi-skilled workers from Pakistan.,25K,50K,1 lac,2 lac,C
2553,_______ was the first wife of Quaid-e-Azam.,Sakshi Bai,Ratan Bai,Emibai,None,C
2554,Liaquat Ali Khan was murdered on:,on 16th September 1951,on 16th October 1951,on 16th November 1951,on 16th December 1951,B
2555,Who became the first female Lieutenant General of the Pakistan Army?,Zakia Jamali,Nigar Johar,Shahida Malik,None of these,B
2556,The smallest province of Pakistan by area is:,KPK,Sindh,Punjab,None of these,A
2557,The foundation stone of Quaid-e-Azam Mohammed Ali Jinnah's Mausoleum was laid by Field Marshal Mohammad Ayub Khan on?,on 14th August 1960,on 31st July 1960,on 30th March 1960,on 25th February 1958,B
2558,When was the name of Lyallpur changed to Faisalabad?,"On September 1, 1977","On August 1, 1978","On January 1, 1979","On March 1, 1980",A
2559,"For the 'Dawn' newspaper trust, how much was received in total donations by Muhammad Ali Jinnah?","150,000 rupees","155,000 rupees","152,000 rupees","157,100 rupees",A
2560,In which year did PIA start international service?,in 1956,in 1955,in 1957,in 1958,B
2561,"According to the rules, within how many days of a general election must the Prime Minister be elected?",40 days,35 days,30 days,25 days,C
2562,Khushal Khan Khattak was a poet of which language?,Punjabi,Pashto,Balochi,Sindhi,B
2563,Who was the first 'Nazim' (Director) of 'Nadwat-ul-Ulama' when it was established in 1894?,Maulana Shibli Nomani,Maulvi Abdul Ghafoor,Maulana Syed Muhammad Ali Mongeri,None of these,C
2564,The Lahore Resolution was supported from NWFP (now KPK) Province by:,Khan Abdul Qayyum Khan,Sardar Aurangzeb Khan,Sardar Abdur Rab Nishtar,Pir Sahib of Manki Sharif,B
2565,The National Assembly approved the Constitution of 1973 on __________.,"On March 23, 1973","On April 10, 1973","On July 20, 1973","On August 10, 1973",B
2566,"According to the 6th Population Census (2017), what is the total population of Punjab?",105.01 million,110.01 million,115.01 million,125.01 million,B
2567,How many amendments were proposed by Jinnah in the Nehru Report?,2,3,4,None of these,C
2568,The first Constituent Assembly of Pakistan was dissolved by Governor-General Malik Ghulam Muhammad on _________.,"On October 24, 1955","On October 24, 1954","On November 24, 1954","On October 22, 1954",B
2569,Which committee did the AIML establish in Bihar in 1939?,Pirpur Committee,Shareef Committee,Jinnah Committee,Nehru Committee,B
2570,The construction of the Rohtas Fort in the Jhelum district was supervised by whom?,Hasan Sur,Farid Khan,Todar Mal,Aslam Shah Suri,C
2571,"According to a report published by the IMF, Pakistan has been ranked ____ in the world among countries facing acute water shortage.",2nd,3rd,4th,5th,B
2572,"After becoming paralysed in 1658, Shah Jahan voluntarily abdicated in favour of which son?",Aurangzeb,Dara Shikoh,Murad Bakhsh,Shah Shuja,A
2573,"Which band sang ""Ae Jawan, Jeet Ka Nishan""?",Awaz,Vital Signs,Soouch,None of these,A
2574,Pakistan's standard time was suggested by whom?,Liaquat Ali,Maulana Mazhar-ud-din,Chaudhary Rehmat Ali,Professor Mahmood Anwar,D
2575,"The Fatawa-i-Alamgiri, a comprehensive work on Islamic law, was compiled under the direction of which emperor?",Aurangzeb,Shah Jahan,Akbar,Jahangir,A
2576,Madrassa-i-Rahimiya was established by:,Shah Waliullah,Shah Abdul Rahim,Sir Syed Ahmed Khan,Aurangzeb,B
2577,Pirpur Report was given by ______ in 1938.,A.K. Fazlul Haq,Raja Syed Muhammad Mehdi,Liaquat Ali Khan,Allama Iqbal,B
2578,"""Towards Pakistan"" is written by:",Waheed-uz-Zaman,I.H. Qureshi,K.K. Aziz,Ayesha Jalal,A
2579,What is the height of Sakaser peak?,"1,600 m","1,500 m","1,680 m","1,700 m",B
2580,The first women's university in Pakistan is located in _____________.,Rawalpindi,Karachi,Quetta,Lahore,A
2581,Which country supported the Pakistan Movement before the emergence of Pakistan?,Iran,Indonesia,Saudi Arabia,None of these,D
2583,The Sialkot-Lahore Motorway is designated as _______.,M-11,M-5,M-3,M-12,A
2584,Who is the current Prime Minister of Azad Jammu and Kashmir?,Sardar Attique Ahmed Khan,Sardar Abdul Qayyum Khan Niazi,Raja Farooq Haider,None of these,B
2585,When was the Lahore Declaration signed?,"On February 21, 1999","On January 11, 2001","On April 4, 2004",None of these,A
2586,"Name the only recipient of ""Hilal-e-Kashmir"", an award equivalent to Nishan-e-Haider:",Major Tufail Mohammad,Naik Saif Ali Janjua Shaheed,Captain Mohammad Sarwar,Lance Naik Mohammad Mahfuz,B
2587,Global warming poses a threat to the world is a statement by:,United Nations,Antonio Guterres,Both (A) & (B),None of these,C
2588,In which city is the Pakistan Command and Staff College located?,Karachi,Quetta,Islamabad,Multan,B
2589,What was Allan Octavian Hume's role in Indian history?,Viceroy of India,Founder of the Indian National Congress,A British General,A Christian Missionary,B
2590,Who is the current speaker of the Provincial Assembly of Sindh?,Murad Ali Shah,Rehana Leghari,Agha Siraj Durrani,None of these,C
2591,Where the annual sessions of National Congress and Muslim League were held simultaneously?,Delhi,Bombay,Lucknow,None of these,C
2592,Balochistan became a province in:,1947,1956,1970,1974,C
2593,"For which year did the youngest Nobel Prize laureate, Malala Yousafzai, win the Nobel Peace Prize?",2013,2014,2015,2016,B
2594,Which Pakistani singer performed in the Nobel ceremony held at Oslo in 2014:,Shazia Amanat,Rahat Fateh Ali Khan,Sahir Ali Bagga,None of the above,B
2595,When was the first major political agitation for the rights of Muslims in Jammu and Kashmir?,In 1930,In 1931,In 1932,In 1936,B
2596,Khanpur Dam is built on which river?,Kabul,Soan,Indus,Haro,D
2597,Babusar Pass connects:,Quetta with Chaman,Abbottabad with Gilgit,Peshawar with Afghanistan,None of these,B
2598,The demarcation line between the Republic of India and the Islamic Republic of Pakistan is known as the _________.,Durand Line,Radcliffe Line,Line of Control,None,B
2599,Pakistan seabed territory grows by 50000 square kilometers in:,2009,2015,2019,2022,B
2600,"The important rulers of the Slave dynasty included Qutb-ud-Din Aibak, Iltutmish, and _______.",Razia Sultana,Ghiyas-ud-din Balban,Both a and b,None of these,C
2601,Kot Diji Fort (current structure) was built by which dynasty?,Tarkhans,Soomras,Talpur,Soomas,C
2602,"Due to the titles conferred by the Caliph, Mahmud's dynasty is also known as the ____?",Yamini Dynasty,Sabuktigin Dynasty,Ghazi Dynasty,Seljuk Dynasty,A
2603,Which is the highest peak of the Karakoram range?,Kilik Pass,K2,Nanga Parbat,Tirich Mir,B
2604,Pakistan National Alliance started mass protests against the government of:,Ayub Khan,Z. A. Bhutto,Zia-ul-Haq,Pervez Musharraf,B
2605,Nawaz Sharif became Prime Minister of Pakistan for the first time on:,"on August 6, 1990","on November 6, 1990","on July 18, 1993","on October 26, 1990",B
2606,Thar coal is __________ largest coal reserves of the world.,5th,6th,7th,8th,C
2607,"Quaid-e-Azam's first wife, Emibai Jinnah, died in ________.",In 1893,In 1894,In 1895,In 1896,A
2608,The oldest news agency in Pakistan is _________.,APP,API,PPI,Blue Agency,A
2609,The first Nuclear Power Plant in Pakistan with a generation capacity of 1100 Megawatts is:,K-I,K-II,K-III,K-IV,B
2610,When did Mr. Z.A. Bhutto launch a new constitution in the country?,on 23rd March 1973,on 14th August 1973,on 1st January 1973,on 5th July 1973,B
2611,Who was the British Prime Minister at the time of Pakistan's independence?,Winston Churchill,Clement Attlee,Ramsay MacDonald,Lord Linlithgow,B
2612,How many words in National Anthem of Pakistan?,29 words,39 words,49 words,59 words,C
2613,"Lead actors in the first Pakistani film ""Teri Yaad""",Noor Jehan & Nasir Khan,Suraiya & Santosh Kumar,Asha Bhonsle & Nasir Khan,Shamim Ara & Agha,C
2614,What is the literal meaning of 'Himalaya'?,Abode of Snow,Roof of the World,Highest Peak,Great Mountains,A
2615,The Azad Jammu and Kashmir Legislative Assembly has how many seats?,35,53,56,76,B
2616,Who is known as the father of local self-government?,Warren Hastings,Lord Rippon,Lord Dalhousie,Lord Cornwallis,B
2617,Major Aziz Bhatti embraced martyrdom during the war of:,1948,1960,1965,1971,C
2618,Which of the following crops belongs to the category of the minor crop?,Wheat,Sugarcane,Masoor,Cotton,C
2619,Where is the National Museum of Pakistan located?,Jamshoro,Karachi,Hyderabad,Larkana,B
2620,Tarbela Dam was completed in which year:,1972,1974,1977,1978,C
2621,Which was the first country to recognize Pakistan as an independent state?,Iran,Iraq,Indonesia,None of these,A
2622,"According to the latest WHO 2015 Report, what is the average age in Pakistan?",45.2,50.4,55.3,66.4,D
2623,"The Charter of Democracy was signed between the Pakistan People's Party and the Pakistan Muslim League on May 14, 2006, in:",Edinburgh,London,Geneva,Berlin,B
2624,Who was the British Prime Minister after whom Pitt's India Act 1784 was named?,William Pitt the Younger,Lord North,Clement Attlee,Lord Willingdon,A
2625,"The recently retired Army Chief, Qamar Javed Bajwa, belonged to the ___________.",6th FF Regiment,16th Baloch Regiment,5th Punjab Regiment,13th Lancers,B
2626,How many thermal power plants are installed in Pakistan?,26,31,23,25,B
2627,The Kargil War lasted for approximately:,One month,Two months,Three months,Six months,C
2628,How many Muslim leaders were part of the Simla Deputation?,30,35,40,45,B
2629,"Where is the ""Adhai Din Ka Jhonpra"" mosque, built by Qutbuddin Aibak, located?",Delhi,Lahore,Ajmer,Agra,C
2630,"Air Headquarters (AHQ), the headquarters of the Pakistan Air Force, is located in __________.",Islamabad,Lahore,Peshawar,Okara,A
2631,Quaid-e-Azam inaugurated the State Bank of Pakistan on:,on 1st January 1948,on 1st July 1948,on 14th August 1948,on 1st September 1948,B
2632,Who was the architect of the Deccan Policy?,Jahangir,Babur,Aurangzeb,None of these,C
2633,Who was the first saint to come to Lahore?,Ali Makhdum Hujwari,Shaikh Ismail,Data Ganj Baksh,None of these,B
2634,When did Bangladesh formally come into existence?,"On December 14, 1970","On December 15, 1971","On December 16, 1971","On March 26, 1971",C
2635,Who was the longest-serving Chief Justice of Pakistan?,Iftikhar Muhammad Chaudhry,Muhammad Shahabuddin,Mian Abdur Rashid,Mohammad Haleem,D
2636,Who was the first Governor of Gilgit-Baltistan?,Qamar-uz-Zaman Kaira,Begum Shama Khalid,Wazir Baig,Pir Karam Shah,B
2637,When did Pakistan withdraw from SEATO?,in 1977,in 1973,in 1979,in 1975,B
2638,"For the 18th Amendment, the number of votes in the Senate in favor was 90, and ________ were against it.",14,Zero,10,None of these,B
2639,MLA stands for __________.,Member of Law Advisory,Main Legislative Advisory,Member of Legislative Assembly,Member of Law Association,C
2640,"The ""National Shipping Corporation"" was set up in __________.",In 1948,In 1957,In 1963,In 1966,C
2641,The first Round Table Conference was held in:,Berlin,Delhi,Calcutta,London,D
2642,The Police Martyrs Day is observed on __________ in Pakistan.,On August 1st,On August 2nd,On August 4th,None of these,C
2643,"What was the height of Quaid-e-Azam Mohammad Ali Jinnah, the founder of Pakistan?",5 feet 8 inches,5 feet 10 inches,5 feet 3 inches,5 feet 2 inches,B
2644,"On 16 August 1946, what was observed on the call of the Muslim League?",Day of Deliverance,Direct Action Day,Pakistan Day,Victory Day,B
2645,How many articles are there in the 1973 constitution?,250 Articles,280 Articles,300 Articles,320 Articles,B
2646,What important announcement was made by Governor-General Lord Hardinge at the Delhi Durbar in 1911?,Transfer of Capital from Calcutta to Delhi,Transfer of Capital from Calcutta to Delhi,Both of these,None of these,A
2647,Who was the first Chief Justice/Chairman of the Federal Shariat Court?,Mr. Justice Salahuddin Ahmed,Mr. Justice Aftab Hussain,Mr. Justice Gul Muhammad Khan,Mr. Justice Tanzil-ur-Rehman,A
2648,In which of the following cities is the Pakistan Naval Academy located?,Karachi,Lahore,Multan,Rawalpindi,A
2649,When was the Kargil War fought?,1997,1998,1999,2000,C
2650,Pakistan's population is what percent of the world's population?,2.4 percent,2.65 percent,2.8 percent,2.7 percent,C
2651,What was the ancient name of India?,Bharatvarsha,Arya Warat,Hindustan,Magadha,B
2652,Rachna Doab is located between two rivers which are:,Indus & Chenab,Jhelum & Chenab,Ravi & Chenab,Sutlej & Ravi,C
2653,To which country did Imran Khan take his first official visit?,Saudi Arab,China,Indonesia,None of these,A
2654,How many times has Nishan-e-Haider been awarded?,10,11,12,13,B
2655,Ustad Mansur was a famous painter in the reign of _________.,Qutb-ud-din Aibak,Iltutmish,Ruknuddin Firoz Shah,Jahangir,D
2656,The Chashma hydroelectricity project generates ________.,125 MW,138 MW,130 MW,184 MW,D
2657,The University of Karachi was established in which year?,In 1948,In 1951,In 1954,In 1957,B
2658,"The ""Act of 1935"" contained how many parts?",11,12,13,14,D
2659,Which of the following districts of Punjab are the main cotton-growing areas?,"Gujranwala, Sheikhupura, Sialkot","Vehari, Multan, Bahawalpur","Faisalabad, Jhang, Sargodha","Chakwal, Jhelum, Rawalpindi",B
2660,How many major barrages are there in Pakistan on the Indus River System?,19,35,56,44,A
2661,"At the time of the partition of Bengal, who was the leader of Muslims in East Bengal?",Nawab Mohsin ul Mulk,Nawab Waqar ul Mulk,Nawab Saleemullah Khan,None of these,C
2662,Pakistan purchased Gwadar from which country:,Singapore,Oman,China,Egypt,B
2663,The Day of Deliverance was observed on the advice of:,Allama Iqbal,Liaquat Ali Khan,Quaid-e-Azam,Sir Agha Khan,C
2664,"In September 1958, the Deputy Speaker, Shahed Ali Patwary, died as a result of injuries sustained in the Provincial Assembly of:",NWFP,West Pakistan,Sindh,East Pakistan,D
2665,When did India stop the waters of Pakistan?,on 1st April 1948,on 5th April 1949,on 1st May 1948,None of the above,A
2666,China lies to the ________ of Pakistan.,East,West,North,South,C
2667,Which is the biggest fort found in Pakistan?,Kot Diji Fort,Kun Court Fort,Lahore Fort,Ranikot Fort,D
2668,When did Ayub Khan become president?,1956,1957,1958,1959,C
2669,The first session of the first Constituent Assembly of Pakistan was held on _______.,"On August 10, 1947","On August 11, 1947","On August 12, 1947","On August 13, 1947",A
2670,On what date was a bomb thrown at Lord Hardinge during his state entry into Delhi?,"on December 25th, 1911","on December 23rd, 1912","on January 1st, 1913","on October 31st, 1912",B
2671,Which instruments are made in Taxila Engineering Works?,Tanks and Missiles,Guns,Aircraft,None of these,A
2672,Quaid-e-Azam Jinnah The Story of a Nation is a biography of Quaid-e-Azam written by:,Ayesha Jalal,G. Allana,Stanley Wolpert,Hector Bolitho,B
2673,"Haleji Lake, Kadeiro Lake, and Keenjhar Lake are located in _________.",Sindh,Balochistan,Sindh & Balochistan,None of them,A
2674,"Who fought against Akbar's ""Din-e-Ilahi""?",Sayyid Ahmad Shaheed,Shah Waliullah,Sir Syed Ahmed Khan,Sheikh Ahmed Sirhindi,D
2675,"The books ""The Murder of History,"" ""The Pakistani Historian,"" and ""Britain and Muslim India"" were written by ________.",Khalid Bin Sayeed,Chaudhry Muhammad Ali,I. I. Qureshi,K. K. Aziz,D
2676,Where was the All India Muslim League founded in 1906?,Dhaka,Allahabad,Delhi,Lucknow,A
2677,Muhammad bin Qasim was a general of which caliphate?,Abbasid,Rashidun,Umayyad,Fatimid,C
2678,What official position was given to Ibn Batuta by Muhammad bin Tughluq?,Wazir,Army Commander,Court Poet,Qazi/Judge,D
2679,Where is Quaid-e-Azam's tomb situated?,Lahore,Multan,Karachi,None of these,C
2680,The proposed Akhori Dam site is located in __________.,Punjab,Sindh,Balochistan,Khyber Pakhtunkhwa,A
2681,"If the GNP of Pakistan rises, it will likely encourage:",Exports,Imports,Both (A) and (B),A reduction in the trade deficit (if exports rise more than imports),C
2682,"The Asiatic Society, to enhance oriental research, was formed in 1784 by _______ and its headquarters was in _______?",William James _______ Mumbai,William Jones _______ Kolkata,Wellesley _______ Delhi,Warren Hastings _______ Bengal,B
2683,Ayub Khan promulgated the 1962 Constitution on _________.,"On June 1, 1962","On June 2, 1962","On June 3, 1962","On June 8, 1962",D
2684,The first women's police station in Pakistan was set up in:,Lahore,Peshawar,Islamabad,Karachi,C
2685,Which among the following were the characters of TV Drama Waris?,Dilawar,Hashmat Khan,Zakiya,All of these,D
2686,Ghulam Muhammad Barrage was constructed on River:,Kabul,Swat,Jhelum,Indus,D
2687,The Scotch Mission College was founded in __________.,In 1899,In 1889,In 1988,In 1887,B
2688,The Allahabad address was delivered by Iqbal during which annual session of the All- India Muslim League?,20th,21st,22nd,23rd,B
2689,The first general polls were held in Kashmir in:,1951,1957,1959,1955,A
2690,When was the Durand Line agreement signed?,in November 1891,in November 1893,in August 1897,in January 1893,B
2691,"What title did General Pervez Musharraf take on October 14, 1999?",President,Chief Executive,CMLA,None of these,B
2692,"When were the former Northern Areas granted full autonomy and given the name ""Gilgit-Baltistan""?","On July 21, 2009","On September 15, 2009","On October 19, 2009","On August 29, 2009",D
2693,How many deserts are in the Punjab province?,1,2,3,4,B
2694,In which year were the Delhi Proposals presented by Quaid-e-Azam?,In 1927,In 1928,In 1929,None of these,A
2695,A Member of the National Assembly is called an ________.,MNA,MPA,LA,MLA,A
2696,Which constitution proclaimed Pakistan to be an Islamic Republic?,1949,1956,1962,1973,B
2697,What organization did Sir Syed lay the foundation for in 1886?,Muhammadan Anglo-Oriental College,Anjuman-i-Himayat-i-Islam,All India Muhammadan Educational Conference (AIMEC),Muhammadan-Anglo-Oriental Defence Association,C
2698,When did Pakistan become an Islamic Republic?,1947,1956,1965,1973,B
2699,"Islamia College, Peshawar was founded in _____________.",In 1901,In 1905,In 1909,In 1913,D
2700,Why was the Simon Commission sent to India?,To look into Indian constitutional matters and suggest reform.,To choose members of the Indian Council.,To settle disputes between the government and the Congress leaders.,To set up a government organization.,A
2701,The Electoral College of Pakistan for the election of the President of Pakistan consists of:,The members of the provincial assemblies,The members of both Houses,The members of both Houses and the members of the provincial assemblies,The members of the National Assembly,C
2702,British signed the Treaty of Durand line with ___________.,Wazir Akbar Khan,Dost Muhammad Khan,Abdur Rehman Khan,Jamal Khan Barakzai,C
2703,Pakistan successfully tested its nuclear devices in:,in May 1998,in June 1998,in July 1998,in August 1998,A
2704,Who sent a French General against the Mujahideen of Syed Ahmed Barelvi?,Ajit Singh,Ranjit Singh,Tara Singh,The British,B
2705,Which party won the most seats in the 2013 general elections?,PML-N,PPP,PTI,MQM,A
2706,The British Indian government announced the partition of Bengal in 1905 because of ___________.,Muslim's demand,Hindu's demand,Administrative requirements,Financial constraints,C
2707,In which year was PIA established?,In 1957,In 1956,In 1955,In 1964,C
2708,Who were the first to translate the Holy Quran into the Urdu language?,Shah Waliullah and Shah Abdul Aziz,Shah Abdul Qadir and Shah Rafiuddin,Syed Ahmed Barelvi and Shah Ismail Dehlvi,None of these,B
2709,"Pakistan conducted its nuclear tests on May 28, 1998, at:",Ras Koh Hills,Chaghi Hills,Toba Kakar Range,Kirthar Mountains,B
2710,International Children's Day is observed on ________.,On February 20th,On January 1st,On March 1st,On November 20th,D
2711,When was the All-India Muslim League founded?,1905,1906,1912,1920,B
2712,Which is the largest lake of Pakistan?,Drigh Lake,Manchar Lake,Kunjhar Lake,Saif-ul-Malook Lake,B
2713,A senator is elected for how many years?,4,5,6,None of these,C
2714,"Out of the following early problems of Pakistan, which one had no direct connection with India?",Canal Water Dispute,Division of Assets,Refugee Crisis,Language problem,D
2715,Which river does not flow in Balochistan?,Hingol,Dasht,Kech,Shyok,D
2716,Who introduced Neo-Sufism?,Shah Waliullah,Syed Ahmad Barelvi,Sir Syed Ahmad Khan,Mohammad Ilyas,B
2717,The National School of Public Policy was established in:,Rawalpindi,Karachi,Lahore,None of these,C
2718,When did the First Anglo-Sikh War take place?,1845,1848,1849,1853,A
2719,If the provincial chairman is not present at the meeting:,The Minister of Zakat will preside,The Commissioner will preside,The D.C. will preside,None of the above,B
2720,Benazir Bhutto was assassinated in which year?,2005,2006,2007,2008,C
2721,What was the real name of Tipu Sultan?,Hyder Ali,Fateh Ali,Sher Khan,Farid Khan,B
2722,When did Nawab Waqar-ul-Mulk become the secretary of the Aligarh Institute?,1906,1907,1908,None of these,C
2723,Khanpur Dam is located on:,Kabul River,Haro River,Indus River,Gomal River,B
2724,"Shahab-ud-Din Muhammad, also known as Shahab-ud-Din Ghori, was killed by a member of which clan?",Khokhar,Gakhar,Rajput,Mughal,A
2725,"During Akbar's reign, the theory of Wahdatul Wajood was presented by whom?",Ibn Arabi,Mujaddid Alf Sani,Khwaja Baqi Billah,Hazrat Mian Mir,A
2726,"Where was the Khilafat Committee formed on March 20, 1919?",Delhi,Bombay,Karachi,Calcutta,B
2727,Mohmand Dam is proposed to be constructed on the ______ River?,Chitral,Swat,Indus,None of these,B
2728,"Who among the following is titled ""Tiger of Mysore""?",Mir Muin-ud-Din,Fateh Muhammad,Hyder Ali,Tipu Sultan,D
2729,The Shimla Conference was convened by Lord Wavell on __________.,"On June 25, 1945","On June 24, 1945","On June 26, 1945","On June 27, 1945",A
2730,The constituency of the Gilgit-Baltistan Assembly is called ________.,PS,PP,PB,GBLA,D
2731,When did the first battle of Tarain take place?,In 1191 AD,In 1195 AD,In 1196 AD,In 1197 AD,A
2732,The Sindh Assembly was the first British Indian legislature to pass a resolution in favor of Pakistan. Who moved the resolution?,G. M. Syed,Ubaidullah Sindhi,Ghulam Hussain Hidayatullah,Quaid-e-Azam himself,A
2733,Who was the first minister of communication in Pakistan?,I. I. Chundrigar,Sardar Abdur Rab Nishtar,Liaquat Ali Khan,Ghulam Muhammad,B
2734,When was the Liaquat-Nehru Pact signed?,in April 1952,in April 1950,in March 1950,in June 1951,B
2735,"The ancient Greek historian, Megasthenes, was in the court of _________.",Harsha,Chandragupta Maurya,Ashoka,None of these,B
2736,"Famous Punjabi writer Waris Shah wrote his famous book ""Heer Ranjha"" living in the town of:",Harbanspura,Malka Hans,Takht Hazara,Jhang,B
2737,Who was the opponent of Alexander the Great in the Battle of Hydaspes?,Chandragupta,Ashoka,Raja Dahir,King Porus,D
2738,A Sindhiology department has been established in the university of:,Jamshoro,Karachi,Hyderabad,Quaid-e-Azam,A
2739,The ancient port city of Banbhore is famous for the folk tale of _________.,Heer Ranjha,Sassui & Punnhun,Sohni Mahiwal,Noori Jam Tamachi,B
2740,Who was the Premier of Punjab during the Interim Government?,Malik Khizr Hayat Khan Tiwana,Sir Sikandar Hayat,Ch. Khaleeq-uz-Zaman,Liaquat Ali Khan,A
2741,Who was the leader of the 'Young Bengal Movement'?,Raja Ram Mohan Roy,Henry Vivian Derozio,David Hare,Debendranath Tagore,B
2742,Quaid-e-Azam served as Governor-General of Pakistan for _________ months.,12 months,13 months,14 months,None of these,B
2743,When did Bangladesh separate from Pakistan?,1956,1962,1971,1978,C
2744,Train to Pakistan is a famous novel by:,Khushwant Singh,Hassan Askari,Sheikh Rasheed,None of these,A
2745,Pakistan's first cabinet was sworn in on:,"on 14th August, 1947","on 15th August, 1947","on 20th August, 1947","on 25th August, 1947",B
2746,Who was the first president of the Indian National Congress?,Allan Octavian Hume,Womesh Chandra Bonnerjee,Dadabhai Naoroji,Badruddin Tyabji,B
2747,"When did the British Parliament pass the ""Indian Independence Act""?","On February 20, 1947","On March 24, 1947","On July 18, 1947","On August 14, 1947",C
2748,"How many political parties were in the 'Pakistan National Alliance' (PNA), a political alliance formed in 1977?",6,9,13,15,B
2749,Where is the tomb of Nur Jahan located?,Agra,Sirhind,Delhi,"Shahdara, Lahore",D
2750,The second Round Table Conference was held from:,From November 1930 to January 1931,From September 1931 to December 1931,From November 1932 to December 1932,From January 1932 to March 1932,B
2751,Who was the distinguished regent for the young emperor Akbar?,Bairam Khan,Abul Fazl,Faizi,None of these,A
2752,How many memorandums of understanding (MOUs) and agreements were initially part of the China-Pakistan Economic Corridor (CPEC) framework (around its 2015 launch)?,41,51,61,71,B
2753,When did Sir Syed found the Scientific Society?,1862,1864,1866,1870,B
2754,Which river is not flowing from Jammu & Kashmir?,Indus,Chenab,Ravi,None of these,C
2755,"The State Bank of Pakistan started working on July 1, 1948, with an initial paid-up capital of __________ rupees.",Twenty Million,Thirty Million,Twenty Billion,Thirty Billion,B
2756,Who stood against Akbar's Din-i-Ilahi?,Shah Wali Ullah,Sheikh Sirhindi,Sir Syed Ahmad Khan,Aurangzeb,B
2757,The highest peak of the Salt Range is?,Nanga Parbat,Sakesar,Malka Parbat,None of these,B
2758,Who imposed the second Martial Law in Pakistan?,Muhammad Ayub Khan,Sikandar Mirza,Muhammad Yahya Khan,None of these,C
2759,In which year did the Ojhri Camp tragedy occur?,"on 10th April, 1988","on 10th June, 1988","on 10th May, 1988","on 10th August, 1988",A
2760,Indian Dy. Prime Minister after partition,Sardar Patel,Nehru,Azad,Mountbatten,A
2761,Who initiated the Orangi Pilot Project?,Ali Hameed Khan,Waseem Abidi,Akhtar Hameed Khan,None of these,C
2762,The tenure of the National and Provincial Assemblies in Pakistan is ____________.,4 years,5 years,6 years,3 years,B
2763,Quaid-e-Azam resigned from the Congress in the year:,1925,1922,1920,1918,C
2764,Who organized the Faraizi Movement after Haji Shariatullah's death?,Mir Sadiq,Mohsinuddin Ahmad (Dudu Miyan),Syed Ahmad Barelvi,Maulana Maududi,B
2765,Which charismatic Bengali leader served as the Prime Minister of Pakistan?,Huseyn Shaheed Suhrawardy,Khawaja Nazimuddin,Nurul Amin,Feroz Khan Noon,A
2766,Which amendment to the 1973 Constitution declared Ahmadis as non-Muslims?,First,Second,Third,Fourth,B
2767,"On which agreement did the Muslim League, Congress, and Sikh leaders fully agree with Lord Mountbatten:",Government of India Act 1935,Indian Independence Act 1947 (based on the 3rd June Plan),Objective agreement of 1948,None of these,B
2768,Who was the Foreign Secretary of Britain at the time of Durand Agreement?,Lord Mountbatten,Viceroy Curzon,Sir Mortimer Durand,Sir Cyril Radcliffe,C
2769,What was Quaid-e-Azam's mother's name?,Emibai Jinnah,Rattanbai Jinnah,Mithibai Jinnah,Dina Wadia,C
2770,The Montagu-Chelmsford Reforms are also known as _____.,Government of India Act 1935,Government of India Act 1919,Government of India Act 1892,Government of India Act 1909,B
2771,"Cotton textile, the largest industry of Pakistan, employs an industrial labor force of magnitude is ________.",80 percent,65 percent,50 percent,40-45 percent,D
2772,The tomb of Sher Shah Suri is located in which city?,Delhi,Jhelum,Agra,Sasaram,D
2773,Who was the Viceroy of India during the Simon Commission?,Lord Curzon,Lord Mountbatten,Lord Irwin,Lord Wavell,C
2774,Who is the father of Allama Iqbal?,Poonja,Muhammad Ali,Sheikh Noor Muhammad,Javed Iqbal,C
2775,Longest railway platform (station) of Pakistan is _________.,Lahore Station,Karachi Station,Rohri Station,None of the Above,C
2776,When did Pakistan establish its first Atomic Energy Commission?,In 1950,In 1955,In 1956,In 1960,C
2777,Which country supported Pakistan in the establishment of Gwadar port?,China,Iran,Saudi Arabia,Russia,A
2778,"What was the real name of Sher Shah Suri's son, who ascended the throne as Islam Shah?",Farid Khan,Hasan Sur,Jalal Khan,Kamran Mirza,C
2779,Which Indian political leader did not attend the first Round Table Conference?,Gandhi,Muhammad Shafi,Zafarullah Khan,None of these,A
2780,"In the 1956 Constitution, how many seats were reserved for women from West Pakistan in the National Assembly?",10,8,5,4,C
2781,Which was the largest administrative agency in the former FATA region?,South Waziristan,Khyber Agency,Mohmand Agency,None of these,A
2782,Who was the first Secretary-General of Pakistan?,Chaudhry Muhammad Ali,Chaudhry Shaukat Ali,Chaudhry Liaquat Ali,Maulana Muhammad Ali Jauhar,A
2783,Who is believed to be the builder of Badshahi Mosque?,Shah Jehan,Aurangzeb,Dara Shikoh,None of these,B
2784,The Sayyid (Saddat) Dynasty was founded by:,Khizr Khan in 1414,Bahlul Lodi in 1451,Alauddin Khilji in 1290,Ghiyas ud din Tughluq in 1320,A
2785,Who among the following was the longest-serving Chairman of the Senate?,Mian Muhammad Soomro,Wasim Sajjad,G.I. Khan,Habibullah Marwat,B
2786,Which of these battles proved decisive in the Anglo-French rivalry in India?,Battle of Wandiwash,Battle of Assaye,Battle of Chillianwala,Battle of Seringapatam,A
2787,On which date did the British pass the Indian Councils Act of 1861?,"On August 1, 1861","On August 2, 1861","On August 5, 1861","On August 7, 1861",A
2788,Dr. Arif Alvi as president of Pakistan was the:,12th,13th,14th,15th,B
2789,Who launched the Khilafat Movement against the British?,Muhammad Ali Jinnah,The Ali brothers (Maulana Muhammad Ali and Shaukat Ali),Allama Iqbal,Sir Syed Ahmed Khan,B
2790,"Who is known in history as 'Mujaddid Alf Sani', the reformer of the second millennium?",Shaikh Ahmed Sirhindi,Shah Waliullah,Sir Syed Ahmed Khan,None of these,A
2791,Who was the writer of 'Asar-ul-Sanadeed?,Sir Sayyid Ahmad Khan,Abul Kalam Azad,Choudhry Rahmat Ali,Allama Iqbal,A
2792,The last major constitution for British India was the ________.,"Government of India Act, 1935",Indian Councils Act of 1892,"Government of India Act, 1919","Indian Councils Act, 1909",A
2793,Labour Day is observed on ____________.,On February 21,On May 9,On May 1,On March 22,C
2794,Sir Syed received his early education from his ____________.,Father,Mother,Paternal Grandfather,Maternal Grandfather,D
2795,The first charter of human rights is considered to be the _________.,International Charter of Human Rights,U.N. Charter,Khutba-e-Hajjat-ul-Vida,French Constitution,C
2796,Which of the following Englishmen was honored by the Mughal king Jahangir with the title of 'Khan'?,Vasco Da Gama,William Hawkins,Sir Thomas Roe,John Watts,B
2797,"""Maritime"" is a security agency of which country?",China,France,Germany,Pakistan,D
2798,Which article of the 1973 Constitution declares that the President is the 'Head of the State'?,Article 40,Article 41,Article 42,Article 43,B
2799,The capacity of the Neelum-Jhelum Hydropower Plant is ___________.,960 MW,950 MW,990 MW,969 MW,D
2800,"The founder of ""Zamindar"" (newspaper) was ___________.",Ch. Rahmat Ali,Allama Iqbal,Maulana Zafar Ali Khan,Maulana M. Ali Johar,C
2801,In which year did the East India Company (EIC) occupy Punjab?,In 1846,In 1850,In 1847,In 1849,D
2802,Which dynasty ruled after the Slave Dynasty?,Sadaat,Tughleq,Lodhi,Khilji,D
2803,Khojak Tunnel is located in __________.,KPK,FATA,Balochistan,Sindh,C
2804,"Who chose the name ""Pakistan""?",Quaid-e-Azam,Allama Iqbal,Hafiz Jalandhri,Chaudhry Rehmat Ali,D
2805,The 'Sangathan' Movement was started by __________.,Dr. Hedgewar,Dr. Moonje,Swami Shraddhanand,None,B
2806,"On November 26, 1964, the first PTV television station was established in the city of ______.",Lahore,Karachi,Dhaka,Rawalpindi,A
2807,The Kashmore district was separated from Jacobabad in the year ________.,In 2002,In 2004,In 2006,In 2010,B
2808,Who was the last Governor of undivided Punjab?,Abdur Rab Nishtar,Sir Evan Jenkins,Francis Mudie,Ghulam Muhammad,B
2809,Which party started Quit India Movement:,Congress,All India Muslim League,Unionist Party,Republican Party,A
2810,Which is the oldest district of Balochistan?,Jhal Magsi,Quetta,Lehri,Lasbela,B
2811,What is the length of the Peshawar to Karachi railway route?,"1,605 km","1,661 km","1,681 km","1,725 km",C
2812,Who proposed the division of undivided Punjab through voting:,Boundary Commission,Muslims of the Constituent Assembly,Non-Muslims of the Punjab Legislative Assembly,None of these,C
2813,Minimum age for the Prime Minister of Pakistan is:,33,25,38,35,B
2814,The First Women Bank Limited commenced its business on ________.,"On November 2, 1989","On December 2, 1989","On December 2, 1988","On November 1, 1990",B
2815,Mr. Jinnah presented his 14-Points in March 1929 at the Muslim League's session held in:,Delhi,Lucknow,Lahore,Karachi,B
2816,Which is the national flower of Pakistan?,Jasmine,Rose,Sunflower,Marigold,A
2817,Who was the first Commander-in-Chief of the Pakistan Army?,G.M. Ayub Khan,Gen. George Murphy,Gen. Sadique Chaudhry,Gen. Frank Messervy,D
2818,"Which school was attacked in May 2021 in Kabul, Afghanistan?",Army Public School,Sayed Al-Shuhada School,Wisdom School,None of these,B
2819,The period from 1206 AD to 1526 AD in Indian history is known as the era of the ____?,Mughal Empire,Khalji Dynasty,Delhi Sultanate,Lodhi Dynasty,C
2820,Mohenjo Daro is called:,Mount of the Dead,Mound of the Dead,Heap of the Dead,Legacy of the Dead,B
2821,Federal Public Service Commission (FPSC) is governed by ____:,FPSC Ordinance 1977,FPSC Parliamentary Act 1977,FPSC Ordinance 1926,FPSC Rules 1977,A
2822,Ahmed Nadeem Qasmi was not a:,Poet,Novelist,Columnist,Short Story Author,B
2823,Who serves as the acting president in the absence of the President of Pakistan?,Prime Minister,Speaker National Assembly,Chairman Senate,Foreign Minister,C
2824,Who among the following is the current President of Azad Jammu and Kashmir?,Raja Farooq Haider,Ch. Abdul Majid,Masood Khan,Barrister Sultan Mehmood Chaudhry,D
2825,The Indian National Congress was formed on:,1883,1884,1885,1886,C
2826,Who established Scientific Society in 1864?,Syed Ahmad Khan,Shibli Naumani,Allama M. Iqbal,Muhammad Ali Jinnah,A
2827,When was Air Commodore Muhammad Mahmood Alam born?,"On July 6, 1935","On June 6, 1936","On May 6, 1936","On March 6, 1936",A
2828,Sir John Hubert Marshall was Director-General of the Archaeological Survey of India. He was responsible for the excavations of:,Harappa,Mohenjo-Daro,Both A & B,None of the above,C
2829,Simli Dam is located near ________.,Mirpur,Attock,Islamabad,Hassan Abdal,C
2830,"Whose government removed the 8th Amendment from the 1973 Constitution, which had given immense powers to the president?",Nawaz Sharif's government,Benazir's government,Moeen Qureshi's Government,Mairaj Khalid's government,A
2831,Benazir Bhutto became the first female prime minister of Pakistan in ________.,In 1988,In 1990,In 1997,None of these,A
2832,"In connection with land reforms, the Punjab Tenancy Act was passed in ________.",In 1877,In 1887,In 1897,None of these,B
2833,"Who was the first minister of internal affairs, information & education in Pakistan?",Fazlur Rahman,Raja Ghazanfar Ali Khan,Liaquat Ali Khan,Sardar Abdur Rab Nishtar,A
2834,Who was the successor of Zaheer-ud-Din Babar?,Humayun,Jehangir,Shah Jehan,None of these,A
2835,Who became the first elected president of Pakistan on 17th Feb 1960?,Z.A. Bhutto,Sikandar Mirza,Mohammad Ayub Khan,Ch. Mohammad Ali,C
2836,Which constitutional amendment was enacted in Pakistan in 1985?,7th Amendment,8th Amendment,6th Amendment,10th Amendment,B
2837,Who was the Prime Minister of Pakistan during the enforcement of the first constitution?,Mohammad Ali Bogra,Khawaja Nazimuddin,Chaudhry Mohammad Ali,Ibrahim Ismail Chundrigar,C
2838,"The book ""Indian Musalmans,"" published in 1871, was written by __________.",Joseph Rudyard Kipling,Syed Ameer Ali,Sir Syed Ahmed Khan,William Wilson Hunter,D
2839,Who was the first President of Azad Kashmir?,Sardar Muhammad Ibrahim Khan,Sardar Muhammad Abdul Qayyum Khan,Sardar Sikandar Hayat Khan,Maulana Muhammad Yousaf,A
2840,The concept of the armed forces acting in aid of civil power is laid down in which article of the 1973 Constitution?,Article 245,Article 270,Article 243,Article 200,A
2841,The capital of Pakistan is _________.,Lahore,Islamabad,Kabul,Karachi,B
2842,Junaid Jamshed was a lead vocalist of ____ band.,Junoon,Vital Signs,Strings,Jul,B
2843,Which foreign leader among the following addressed the Parliament of Pakistan for the third time?,Mahathir Mohamad,Tayyip Erdogan,King Salman,Hassan Rouhani,B
2844,Who was the last Governor General of East Pakistan?,Sahibzada Yaqub Khan,Abdul Motaleb Malik,General Tikka Khan,None of these,B
2845,The Charismatic Leader: Quaid-i-Azam Mohammad Ali Jinnah and the Creation of Pakistan book was written by:,Sir Sikandar Hayat,Stanley Wolpert,Hector Bolitho,None of these,D
2846,Nawab Akbar Bugti was assassinated on _____________.,"On August 26, 2006","On December 27, 2007","On October 28, 2008","On August 1, 2009",A
2847,Faiz Ahmad Faiz was born in?,Lahore,Karachi,Multan,None of these,D
2848,The boundary commission which partitioned Bengal and Punjab was headed by ________.,Adorn Radcliffe,Cecil Radcliffe,Sir Cyril Radcliffe,Thomas Radcliffe,C
2849,The Kartarpur Corridor was supposed to open for the birthday of Guru Nanak:,550th,549th,540th,None,A
2850,On which date did Pakistan emerge as an independent state?,11-Aug-47,17391,14-Aug-47,17394,C
2851,The Maharaja of Kashmir signed the so-called Instrument of Accession to India on ________.,on 15-Oct-1947,on 21-Oct-1947,on 26-Oct-1947,on 29-Oct-1947,C
2852,The Separate Electorate System was introduced through:,The Government of India Act 1935,The Lucknow Pact,The Morley Minto Reforms of 1909,The Rowlatt Act,C
2853,Faisal Masjid is located in:,Faisalabad,Islamabad,Lahore,Karachi,B
2854,The Quran and Sunnah are declared the supreme law of Pakistan under the ____ Amendment:,9th,10th,11th,8th,A
2855,The Doctrine of Necessity in Pakistan was first time used by:,Chief Justice Muhammad Munir,Chief Justice Iftikhar Ch,Chief Justice Kazim Ali,None of these,A
2856,Pakistan protested against construction of Baglihar Dam because:,It was in violation of the UN Charter,It was a violation of the Simla Agreement,It was a violation of the LOC,It was a violation of the Indus Water Treaty,D
2857,What was the total number of Basic Democrats in 1965?,80000,81500,85500,84200,A
2858,Shah Abdul Latif Bhittai is the famous Sindhi Poet of __________.,In the 16th century,In the 17th century,In the 18th century,In the 19th century,C
2859,Who was the first President of the Indian National Congress?,Womesh Chunder Bonnerjee,Dadabhai Naoroji,George Yule,Badruddin Tyabji,A
2860,The first president of Pakistan went to Bosnia Herzegovina.,Ayub khan,Zulfiqar Ali Bhutto,General Pervaiz Mushraf,Iskandar Mirza,C
2861,Who was the Lord of India during the Second World War?,Lord Irwin,Lord Linlithgow,Lord Harding,None of these,B
2862,Which of the following Mughal rulers banned music in his regime?,Akbar,Jahangir,Shah Jahan,Aurangzeb,D
2863,Pakistan Red Crescent Society was formed on:,10-Jan-47,10-Oct-47,20-Dec-47,None of above,C
2864,"The pamphlet ""Now or Never"" was written in 1933 by ___________:",Ch. Rahmat Ali,Shaukat Ali,Syed Ameer Ali,None of these,A
2865,Objective Resolution was presented in the Constituent Assembly on which date?,in August 1947,on 7th March 1949,in September 1948,in March 1950,B
2866,Abdur Rahman Chughtai was a prominent name in the field of?,Music,Painting,Science,Media,B
2867,By whom the formula of 3rd June 1947 to divide India was announced?,Lord Atllee,Lord Wovell,Lord Mount Batten,None of these,C
2868,Akbar was born in Umerkot in:,1546,1646,1746,1542,D
2869,A party must secure _________ seats to form a government in the National Assembly of Pakistan.,148,172,169,116,C
2870,Supreme Court building in Islamabad was designed by Kenzo-Tange. He was _______?,Turkish,Japanese,Chinese,Greek,B
2871,"To secure the throne of Ghazni, Mahmud had to defeat his brother, named?",Mas'ud,Sabuktigin,Ayaz,Ismail,D
2872,When did Quaid-i-Azam join the Congress?,1905,1906,1913,1916,B
2873,When was the Kashmir issue taken to the United Nations by India?,"on August 15, 1947","on January 1, 1948","on January 26, 1949",None of these,B
2874,General Qamar Javed Bajwa took oath as Army Chief on __________.,"On November 23, 2016","On November 25, 2016","On November 27, 2016","On November 29, 2016",D
2875,The Faiz Mahal was built by _________.,Ghulam Shah Kalhoro,Mir Sohrab Khan Talpur,Seth Jehangir,Humayun,B
2876,The first capital of the Soomra Dynasty was __________.,Mehrabpur,Tharri,Mirpur Khas,Thatta,B
2877,How many members were there in the first Constituent Assembly for Pakistan?,59,69,79,89,C
2878,"What is the name of the highest lake in Pakistan, which was recently discovered by Omar Ahsan?",Rush Lake,Barah Lake,Attabad Lake,Paristan Lake,D
2879,Which kind of system of Government was introduced by the 1962 Constitution?,Autonomous,Presidential,Bicameral,Confederate,B
2880,"At the time of independence in 1947, which was the biggest city of Pakistan?",Lahore,Karachi,Dhaka,Rawalpindi,B
2881,"Which province, at first, introduced a law to check animal diseases?",KPK,Sindh,Punjab,Balochistan,C
2882,Who was Pakistan's first High Commissioner to India from August 1947 to April 1948?,Abdur Rab Nishtar,Khuwaja Nizamddin,Zahid Hussain,None,C
2883,Where is the shrine of Khawaja Ghulam Fareed located?,Pakpattan,Muzaffargarh,Mithankot,Multan,C
2884,The first Urdu newspaper published after the creation of Pakistan was:,Jang,Dawn,Imroze,Nawa-i-Waqt,C
2885,"Who was the first president of Anjuman-e-Himayat-e-Islam, Lahore?",Khalifa Hamid-ud-Din,Qazi Aleem-ud-Din,Khalifa Majeed-ud-Din,None of the above,A
2886,What percentage of people spoke Bengali in East Pakistan?,About 55 percent,About 75 percent,About 85 percent,Over 98 percent,D
2887,How many seats are reserved for non-Muslims in the Khyber Pakhtunkhwa Provincial Assembly?,8,5,4,2,C
2888,Baglihar Dam is constructed on which river?,Chenab,Sutlej,Indus,Ravi,A
2889,Who was the ruler of the ancient kingdom located between the Jhelum and Chenab rivers?,King Porus,Darius III,Darius II,Alexander the Great,A
2890,Who was the first Governor of Balochistan?,Lt. Gen. Riaz Hussain,Ghous Bakhsh Bizenjo,Nawab Akbar Bugti,Khair Bakhsh Marri,A
2891,For how many years did Sultan Iltutmish rule?,20,25,30,None of these,B
2892,The area of the Federally Administered Tribal Areas (FATA) is ______ square kilometers.,"18,925 km²","22,123 km²","24,532 km²","27,220 km²",D
2893,"How many seats are reserved for women in the ""Senate of Pakistan""?",4,13,17,21,C
2894,When did the First World War take place?,1914-1918,1919-1923,1901-1905,1939-1945,A
2895,What was the relationship between Muhammad Bin Qasim and Hajjaj Bin Yousaf?,Brother,Father,Grandfather,Nephew and Son-in-law,D
2896,Defence Day is observed on:,on 6th September,on 12th September,on 17th September,on 21st September,A
2897,When did Quaid-i-Azam return from self-exile and become the President of the AIML?,1932,12479,1935,1936,B
2898,The Khilafat movement was started by:,Muhammad Ali Jinnah,Muhammad Ali Jauhar,Dr. Zakir Hussain,Fakhrudin Ali Ahmad,B
2899,The first SAARC summit was held in 1985 in:,Kathmandu,Dhaka,Colombo,New Delhi,B
2900,Who was the first governor of Sindh?,Ghulam Hussain Hidayatullah,Ayub Khuhro,Dinshaw Maneckji,Shaikh Din Muhammad,A
2901,When did East Pakistan separate to become Bangladesh?,1965,1970,1971,1973,C
2902,Pakistan purchased the Gwadar enclave from:,Singapore,Oman,Iran,China,B
2903,"The National Highway Authority (NHA) manages national highways, motorways, and expressways.",35,36,38,55,D
2904,How many members are there in SAARC?,7,8,9,10,B
2905,When did the Indian Mutiny take place?,1849,1857,1865,1902,B
2906,In which year did Gandhi start the Non-Cooperation Movement?,1920,1921,1922,1923,A
2907,Jamia Millia Islamia was initially established at:,Aligarh,Delhi,Lucknow,None of these,A
2908,When did the East India Company get permission from Jahangir for commercial trade?,1600,1608,1610,1611,B
2909,When did the Soviet Union officially dissolve?,"On September 26, 1991","On December 26, 1991","On September 26, 1992","On December 26, 1992",B
2910,The Quit India Movement was launched by Gandhi in:,1919,1928,1940,1942,D
2911,"The title ""Nur Jahan"" bestowed upon Mehr-un-Nisa means ____?",Light of the world,Queen of the Palace,Empress of the Age,Flower of the Garden,A
2912,To which dynasty did the first woman ruler of the Delhi Sultanate Razia Sultan belong?,Slave,Mughal,Khilji,Lodhi,A
2913,Pakistan Army launched operation Radd-ul-Fasaad across the country in:,2017,2018,2019,2020,A
2914,Who is the President of the Oxford Union from Pakistan?,Israr Kakar,Imran Khan,Amjad Saqib,Khurram Dastagir,A
2915,When did Pakistan become a member of the United Nations?,in August 1947,in October 1947,in September 1947,in December 1948,C
2916,When was Quaid-e-Azam elected as the President of the First Constituent Assembly?,"on August 11, 1947","on August 14, 1947","on August 15, 1947","on August 18, 1947",A
2917,The national flag of Pakistan was designed by:,Ameer Ghulam Ali Chaghla,Hafeez Jalandhri,Amiruddin Kidwai,None of these,C
2918,"Who wrote the famous Sufi text, 'Kashf-ul-Mahjub'?",Hazrat Data Ganj Bakhsh (Ali Hujwiri),Maulana Altaf Hussain Hali,Maulana Shibli Nomani,Maulana Zakaullah,A
2919,"Pakistan created a 3rd border crossing to Iran for trade and development on 21 April 2021, which is:",Chaman,Rimadhan,Mand-Pishin,None of these,C
2920,The Battle of Khanwa was fought in 1527 between Babur and which other ruler?,Ibrahim Lodhi,Rana Sanga,Daulat Khan Lodhi,Mahmud Lodhi,B
2921,"Of the neighbouring districts, the closest to Lahore city is:",Gujranwala,Faisalabad,Okara,Sheikhupura,D
2922,Who constructed five canals to remove scarcity of water?,Alauddin Khaliji,Ghyas-ud-Din Tughlaq,Feroz Shah Tughlaq,Akbar,C
2923,What was the specified term for members of the Senate in the original 1973 Constitution?,5 years,4 years,6 years,7 years,C
2924,For how many years did the Soomro dynasty rule in Sindh?,Approx. 300 years (c. 1024-1351 AD),Approx. 350 years,Approx. 400 years,Approx. 250 years,A
2925,Nawab Sir Salimullah Khan was the President of the Bengal Provincial Muslim League in _________.,In 1907,In 1913,In 1915,None of these,A
2926,The Khilafat Movement was launched in the subcontinent in:,in 1916,in 1919,in 1922,in 1927,B
2927,The Treaty of Amritsar took place in:,1846,1857,1861,1935,A
2928,Sir Sikandar Hayat was the Chief Minister of Punjab in:,in 1935,in 1937,in 1940,in 1942,B
2929,The production of gram was estimated at ________ thousand tons in the economic survey of 2011-12.,483.3,493.3,473.3,None of these,B
2930,The London branch of the All-India Muslim League was started by _________.,Syed Ameer Ali,Sir Wazir Hassan,Hasan Bilgrami,Maulana Shaukat Ali,A
2931,The main occupation of the people of the Indus Valley Civilization was _____________.,Agriculture,Cattle Rearing,Hunting,Trade,A
2932,On which date is the death anniversary of Quaid-e-Azam observed?,On November 9,On September 11,On March 21,On October 11,B
2933,What was the name of Sir Syed Ahmad Khan's father?,Syed Alam Hussain,Syed Farid Ali,Mir Muhammad Muttaqi,None of them,C
2934,The Supreme Commander of the Pakistan Armed Forces is:,Army Chief,Prime Minister,President,Governor,C
2935,Ahmadis were declared non-Muslims in Pakistan in __________.,In 1974,In 1975,In 1977,In 1987,A
2936,Allama Iqbal got his Ph.D. degree from which University?,Oxford University (London),Cambridge University (London),Munich University (Germany),Lincoln's Inn University (London),C
2937,The Wakhan Corridor is located to the ____ of Pakistan?,West,East,North,'South-West,C
2938,The founder of the Indian National Congress is:,A. O. Hume,Nehru,Gandhi,None of these,A
2939,Mirani Dam is located in which Province?,Sindh,Punjab,Balochistan,KPK,C
2940,The Cabinet Mission Plan was announced in the year:,in February 1945,in February 1946,in February 1947,None of these,B
2941,Which is considered one of the oldest languages in Pakistan?,Sindhi,Punjabi,Pashto,Brahui,A
2942,At what age did Alexander the Great die?,30,36,33,39,C
2943,When was it announced that Jinnah would act as Legal Guide to the Assembly in drafting the Constitution?,in August 1947,in September 1947,in October 1947,in November 1947,A
2944,Who is considered the founder of the All India Muslim League?,Sir Agha Khan,Nawab Salimullah Khan,Syed Amir Ali,Muhammad Ali Jinnah,B
2945,"In respect of religion, what term was set for the President and Prime Minister in the 1956 Constitution?",He may be a Muslim,He must not be Hindu,He must not be Christian,He must be a Muslim (this condition applied only to the President; the PM could be,D
2946,The first coin of Pakistan was designed by __________.,A. R. Chughtai,Abdul Majeed,Brandley,Douglas Gray,C
2947,Khyber is a ________ .,Pass,Mountain,Road,None of these,A
2948,What percentage does the housing sector contribute to Pakistan's GDP?,0.25 percent,1 percent,1.5 percent,None of these,C
2949,Who was the architect and town planner of Islamabad?,Vedat Dalokay,Constantinos Apostolou Doxiadis,Yahya Merchant,Abdur Rab Nishtar,B
2950,Who was the head of the Cabinet Mission?,Lord Wavell,Lord Alexander,Lord Pethick-Lawrence,None of these,C
2951,"The ""Act of 1935"" contained how many schedules?",8,9,10,10,C
2952,What was the real name of Shah Wali Ullah?,Qutubddin Ahmed Faruqi,Qutubddin Ahmed Siddiqui,Qutubddin Ahmed,None of these,C
2953,The Karachi radio station was inaugurated by Liaquat Ali Khan on:,on 1st July 1948,on 14th August 1948,on 11th September 1948,on 25th December 1948,B
2954,The 1937 Elections were held in eleven provinces of India Sub-Continent according to:,Act of 1935,Act of 1919,Act of 1927,Act of 1936,A
2955,The Silsilah-i-Chishtiyah was founded in the subcontinent by whom?,Khwaja Baha-ud-Din Naqshband,Khwaja Moinuddin Chishti Ajmeri,Shaikh Baha-ud-Din Zakariya,None of these,B
2956,The Abbasid Caliph Al-Qadir Billah conferred which of the following titles upon Sultan Mahmud?,Ghazi,Yamin-ud-Dawlah,Sultan-e-Azam,Shahanshah,B
2957,Ruling party in Punjab after elections:,Hindu Election Board,Khalsa National Board,Unionist Party,Akalis,C
2958,Who was the first Governor of West Pakistan?,Sardar Abdur Rab Nishtar,Mushtaq Ahmad Gurmani,Ghulam Mustafa Khan,Malik Amir Muhammad Khan,B
2959,The constituency of the Balochistan Assembly is called __________.,PS,PP,PB,PK,C
2960,Nanga Parbat is part of the ________.,Hindu Kush,Karakoram,Pamir,Himalayas,D
2961,In which year did Muhammad bin Qasim die?,In 715 AD,In 716 AD,In 717 AD,In 718 AD,A
2962,Who is the youngest person in Pakistan to receive the Nishan-i-Haider?,Captain Muhammad Sarwar,Major Aziz Bhatti,Sowar Muhammad Hussain Janjua,Flt. Lt. Rashid Minhas,D
2963,The Tehzeeb-ul-Akhlaq magazine was published in:,1865,1870,1875,1880,B
2964,"Where is Attabad Lake, a newly born lake in 2010, situated in Pakistan?",Punjab,KPK,Gilgit-Baltistan,Balochistan,C
2965,"'Harappa is a city in Punjab, about 24 km south-west of:",Sahiwal,Multan,Narowal,Makran,A
2966,Who was the last prime minister of United Punjab?,Sir Evan Jenkins,Khizer Tiwana,Sikandar Hayat,None of these,B
2967,The Interim Constitution of Pakistan was based on:,The Government of India Act 1935 only,The Lahore Resolution of 1940,A new constitution drafted in 1947,The Indian Independence Act 1947 and the Indian Act 1935 (amended),D
2968,Al-Qanun fi al-Tibb was written by:,Ibn-e-Rushd,Ibn al-Baytar,Ibn-e-Sina,Al-Khwarizmi,C
2969,Who was the first Chief of Army Staff of the Pakistan Army?,Gen. Zia-ul-Haq,Gen. Tikka Khan,Gen. Ayub Khan,Gen. Aslam Beg,C
2970,The 1909 Act is also known as:,Minto-Morley Reforms,Montagu-Chelmsford Reforms,Govt. of India Act,None of these,A
2971,"The Anti-Terrorism Act (ATA), Pakistan's primary anti-terrorism legislation, was promulgated in:",1997,1997,2009,2017,A
2972,SAARC has its headquarters in:,"Dhaka, Bangladesh","Kathmandu, Nepal","Colombo, Sri Lanka","Thimphu, Bhutan",B
2973,The Tirich Mir peak is located in which mountain range?,Hindu Kush,Karakoram,Suleman,Koh-e-Sufaid,A
2974,The crescent in the Pakistani Flag represents ___________.,happiness,development,progress,None of the Above,C
2975,The Sukkur Barrage is also known as the ___________.,Chenab Barrage,Kandyaro Barrage,Ravi Barrage,Lloyd Barrage,D
2976,The Zakat system was introduced in Pakistan in __________.,In 1990,In 1967,In 1980,In 1998,C
2977,Who is the 'National Artist of Pakistan'?,Sadequain Naqqash,Abdur Rahman Chughtai,Abdul Rahim Nagori,Lubna Agha,B
2978,The Millat and the Menace of Indianism' was written by _____________.,Muhammad Ali Jauhar,Chaudhry Rahmat Ali,Shaukat Ali,None of these,B
2979,When was the Sui Northern Gas Pipelines Limited (SNGPL) company established?,In 1962,In 1963,In 1964,In 1965,B
2980,The tomb of Hazrat Sultan Bahu is in _________.,Kasur,"Shorkot, Jhang",Mithankot,Pakpattan,B
2981,What is the height of Sakaser Peak?,"1,600 m","1,500 m","1,680 m","1,700 m",B
2982,Which two countries are involved in the implementation of the Kohala Hydroelectric Power project?,India and China,India and Pakistan,Pakistan and China,India and Bangladesh,C
2983,The period from 1979 to 1989 in Pakistan is known as the era of __________.,Neutrality,Alliances,Non-alignment,Bilateralism,C
2984,The total operational oil refineries in Pakistan are:,3,4,5,6,A
2985,"Who wrote ""Muslim League, Yesterday and Today""?",G. Allana,Syed Matlub,G.M. Naeem,A.B. Rajput,D
2986,Lord Canning was the Governor-General of India during the:,Battle of Plassey,Sepoy Mutiny (1857),Formation of the Indian National Congress,First World War,B
2987,"Before 1857, how many universities on the Western pattern were established in India?",1,6,3,5,C
2988,In which year was the Third Battle of Panipat fought between Ahmad Shah Abdali and the Marathas?,In 1757,In 1761,In 1762,In 1764,B
2989,The term of the National Assembly of Pakistan is?,4 years,5 years,6 years,None of these,B
2990,When did Tipu Sultan die?,1798,1799,1800,None of these,B
2991,The Indus Waters Treaty between India and Pakistan was brokered by the:,United Nations,World Bank,United States,United Kingdom,B
2992,Pervez Musharraf replaced ______ as Army Chief:,Abdul Waheed Kakar,Jahangir Karamat,Asif Nawaz Janjua,None of these,B
2993,The East India Company was established on __________.,"On December 31, 1600","On December 31, 1616","On December 31, 1700",None of These,A
2994,The C. R. Formula was devised by ____________.,Abul Kalam Azad,C. Rajagopalachari,V. P. Menon,Lord Wavell,B
2995,How many times has Pakistan become Olympic Champion in Hockey?,Two,Three,Four,Five,B
2996,"The Kamran Baradari, situated on the banks of river Ravi in Lahore, was built by whom?",Kamran Mirza,Humayun,Akbar,Babur,A
2997,What was the real name of Nawab Mohsin-ul-Mulk?,Nawab Hizar Hayat,Muhammad Ilahi,Syed Mehdi Ali,Nawab Mushtaq Hussain,C
2998,"Who was appointed as caretaker Prime Minister on March 25, 2013?",Mian Muhammad Soomro,Justice (R) Nasir-ul-Mulk,Mir Hazar Khan Khoso,Javed Jabbar,C
2999,"In ____________ A.D, Subuktigin, a Turkish slave, became the master of Ghazni.",in 965,in 873,in 977,in 882,C
3000,"Who wrote ""The Loyal Muhammadans of India""?",Sir Muhammad Zafar Ullah Khan,Rehmat Ali,Fazal-ul-Haq,Sir Syed Ahmad Khan,D
3001,The Cabinet Mission arrived in India in ___________.,In 1944,In 1945,In 1947,In 1946,D
3002,When was the Tashkent Pact signed by Ayub Khan and Lal Bahadur Shastri?,on 10th January 1966,on 10th February 1966,on 3rd November 1965,on 3rd March 1965,A
3003,When was the Liaquat-Nehru Pact between India and Pakistan signed?,1950,1949,1947,None of these,A
3004,Who imposed the third Martial Law on Pakistan?,Gen Ayub Khan,Gen Yahya Khan,Gen Zia-ul-Haq,Gen Pervez Musharraf,C
3005,What was the name of Jahangir's pet antelope for whom the Hiran Minar was built?,Sheikhu,Hiran,Mansraj,Moti,C
3006,Who appoints the Chief Election Commissioner of Pakistan?,The President,The Prime Minister,The Federal Government,None,A
3007,The Punjab government has converted Federal Minister ''''''s house into a Panahgah.,Ayaz Sadiq,Rana Sanaullah,Ishaq Dar,None of these,C
3008,The Agra Fort was primarily constructed by:,Akbar,Shah Jahan,Babur,None of these,A
3009,Who visited Afghanistan as President of Pakistan in 1956?,Ch. Mohammad Ali,Dr. Khan Sahib,Iskandar Mirza,Mohammad Ali Bogra,C
3010,Who is the author of the book 'Majma-ul-Bahrain' (Mingling of Two Oceans)?,Shah Jahan,Hazrat Mian Mir,Gulbadan Begum,Dara Shikoh,D
3011,When was EBODO promulgated in Pakistan?,in 1958,in 1950,in 1959,in 1961,C
3012,"Pakistan conducted nuclear tests on May 28, 1998, at _________.",Koh-e-Sufaid,The Chaghi Hills,The Toba Kakar Range,Ras Koh Hills,B
3013,The Karoonjhar Mountains are located in __________.,Khairpur,Thatta,Sanghar,Tharparkar,D
3014,When did Urdu become the national language of Pakistan?,In 1947,In 1956,In 1962,In 1973,D
3015,Which of the following mountaineers went missing on K2?,Sajid Ali Sadpara,Muhammad Ali Sadpara,Majid Ali Sadpara,All of the above,B
3016,Quaid-e-Azam Muhammad Ali Jinnah fixed his salary as Governor-General of Pakistan at _________.,One rupee,Three rupees,Four rupees,None of these,A
3017,The author of 'My Life: A Fragment' is __________.,Mohammad Ali Jouhar,K. K. Aziz,Mushir-ul-Hasan,None of these,A
3018,Who suggested the partition of India plan in the 1917 Socialist International Conference?,Kheiri Brothers,Arya Samaj,Allama Iqbal,Sir Syed Ahmad Khan,A
3019,What was Bhutto's portfolio in the Ayub government from 1963-1966?,Finance Minister,Foreign Minister,Interior Minister,Commerce Minister,B
3020,Who was the Maharaja of Kashmir in 1947?,Lord Elgin,Sheikh Abdullah,Hari Singh,Maharaja Ranjit Singh,C
3021,When was Sri Lanka made a British colony?,in 1796,in 1802,in 1815,in 1833,B
3022,"When was Abul A'la Maududi awarded a death sentence by a military court over the ""Qadiani issue""?",In March 1953,In April 1953,In May 1953,None of these,C
3023,In which year did Madr-e-Millat Fatima Jinnah die?,in 1965,in 1967,in 1969,in 1971,B
3024,"In Pakistan, the first population census was conducted in:",1947,1951,1955,None of these,B
3025,Who was the first Pakistani to climb K2?,Mohsin Rizvi,Ashraf Aman,Nasir Hussain,Zahid Ali,B
3026,When did Zia die in the plane crash?,1985,1986,1987,1988,D
3027,Which of the following cities was the former capital of Pakistan?,Lahore,Rawalpindi,Peshawar,Karachi,D
3028,Lahore Resolution was passed in:,1935,1940,1943,1947,B
3029,"The book ""Khutbat-e-Ahmadiyya"" is written by _________.",Dr. Safdar Mahmood,Abdul Haleem Sharar,Sir Syed Amir Ali,Sir Syed Ahmed Khan,D
3030,Which of the following is in the Northern Areas of Pakistan?,Neelum Valley,Gojal Valley,Naltar Valley,All of these,D
3031,Every person arrested and detained in custody shall be produced before a Magistrate within what timeframe?,Immediately,Within 24 hours,The same day,Within 48 hours,B
3032,When was Mirza Asadullah Khan Ghalib born?,1817,1797,1831,1786,B
3033,Muhammad Ali Johar was a student of:,Madrassah Rahimyah,Islamia College Peshawar,Aligarh University,Madrassah Deoband,C
3034,"The Badshahi Mosque is in Lahore, built by Aurangzeb in:",1783,1773,1673,1873,C
3035,Which controversial book by Sir William Muir disturbed Sir Syed Ahmad?,Life of Buddha,Life of Mahomet,Spirit of Islam,History of Saracens,B
3036,What is the major dispute between India and Pakistan?,Water problem,Kashmir Issue,Ladakh issue,None of these,B
3037,"In January 1966, the Tashkent Agreement was concluded between Ayub Khan and the Indian PM:",Nehru,Lal Bahadur Shastri,Indira Gandhi,Morarji Desai,B
3038,What official name was given to Pakistan in the 1956 Constitution?,United States of Pakistan,Republic of Pakistan,Islamic Pakistan,Islamic Republic of Pakistan,D
3039,The Jinnah Barrage has been built on which river?,Indus,Jhelum,Chenab,None of these,A
3040,How many soldiers were awarded the Nishan-e-Haider for their service in the 1971 war?,5,7,3,2,C
3041,"Under the 1973 Constitution, the powers of the two houses of Parliament are _________.",Equal,Not equal,Less,None of these,B
3042,Bhutto was the ____ PM of Pakistan.,6th,8th,9th,10th,C
3043,"Which ancient city is considered as ""Pearl of Gandhara Civilization""?",Hasan Abdal,Taxila,Wah,Kamra,B
3044,Subedar Abdul Khaliq was famous for his achievements in:,Swimming,Athletics,Snooker,Boxing,B
3045,Who appointed an eight-member National Security Council to work as the 'supreme governing body' after his military coup?,Field Marshal Ayub Khan,General Pervez Musharraf,General Zia-ul-Haq,President Zulfiqar Ali Bhutto,C
3046,Campbellpur is the old name of __________.,Khanewal,Attock,Abbottabad,Sargodha,B
3047,When was the US Embassy in Karachi established?,on 14 August 1947,on 15 August 1947,on 6 August 1947,on 10 August 1947,B
3048,The main reason for the Partition of Bengal was:,Religious grounds,Administrative requirements,On Muslims' demands,None of these,B
3049,Who was the fourth Prime Minister of Pakistan?,Khawaja Nazimuddin,Muhammad Ali Bogra,Chaudhry Muhammad Ali,Feroz Khan Noon,C
3050,"The resolution of non-cooperation with the British Government was passed in the meeting of the ""All-India National Congress"" in 1920, which was held at _________.",Madras,Bombay,Nagpur,Calcutta,D
3051,"The Pakistan Planning Commission was established in 1953. A precursor, the Development Board, was established in:",1948,1955,1956,1960,A
3052,The name of NWFP was changed to KPK in which amendment of the 1973 constitution?,14th,16th,17th,18th,D
3053,Who laid the foundation of the city of Agra?,Sikandar Lodhi,Babur,Shah Jahan,Sir Syed Ahmed Khan,A
3054,Pakistan had an atomic experience in:,1997,1998,1999,2000,B
3055,For how many years did the Suri dynasty rule?,12,16,17,None of these,B
3056,Which women's services were distinguished in the Civil Disobedience Movement?,Begum Jahanara Shahnawaz,Begum Salma Tasadduq Hussain,Both of them,None of them,C
3057,"""A Brief History of Time"" was written by:",Stephen King,Stephen Hawking,Yuval Harari,None of these,B
3058,When was the Organization of Islamic Cooperation (OIC) established?,in September 1969,in May 1970,in May 1971,in May 1972,A
3059,"The ""Bogra Formula,"" which was presented on October 7, 1953, is also called?",Grossi's Formula,National Democratic Formula,None of these,Constitutional Formula,D
3060,What controversy emerged in Banaras in 1867?,Urdu-Hindi Controversy,Partition of Bengal,Two-Nation Theory,Quit India Movement,A
3061,Which city of Pakistan is called the Gateway of Pakistan?,Karachi,Lahore,Quetta,Islamabad,A
3062,Muhammad bin Qasim built the city of ________ as his capital in Sindh.,Thatta,Mansura,Sehwan,Mehrabpur,B
3063,FATA was an acronym for _________.,Federally Administered Tribal Areas,Federally Administered Territory Areas,Both A & B,None of them,A
3064,Number of members later added to Constituent Assembly,6,8,10,12,C
3065,What was the proportional share of Pakistan in the assets at the time of partition:,675 million rupees,700 million rupees,725 million rupees,750 million rupees,D
3066,Central National Muhammadan Association was a political organization founded by Syed Ameer Ali in:,1875,1876,1877,1878,C
3067,The Kartarpur Corridor links which Gurdwara to India:,Panja Sahib,Darbar Sahib,Sacha Sauda,Rohri Sahib,B
3068,"The ""City of Universities"" is ________.",Mirpurkhas,Larkana,Hyderabad,Jamshoro,D
3069,Havaldar Lalak Jan Shaheed was awarded Nishan-e-Haider for his acts of bravery and valour during the:,1965 War,1970 War,Kargil operation,Operation Zarb-e-Azb,C
3070,"According to 2017 census, the population density in Sindh is approximately _________.",395 per km²,239 per km²,207 per km²,305 per km²,A
3071,"Mir Qasim, who fought in the Battle of Buxar, was the Nawab of which region?",Awadh,Bengal,Hyderabad,Karnal,B
3072,____ is the largest dam of Pakistan.,Tarbela,Mangla,Warsak,Gomal Zam,A
3073,What was the duration of the reign of Lord Minto II in the Sub-continent?,from 1901 to 1906,from 1910 to 1915,from 1905 to 1910,from 1899 to 1904,C
3074,Who took the oath of Quaid-e-Azam Muhammad Ali Jinnah as the first Governor- General of Pakistan?,Muhammad Munir,Liaquat Ali Khan,Abdur Rashid,Muhammad Shahabuddin,C
3075,Sindh has 7 divisions and _________ districts.,32,30,34,None of these,B
3076,Which is the largest district of FATA by population?,Bajaur,Khurram,Mohmand,None of these,A
3077,"The first Foreign Minister of the country, Zafarullah Khan, had made his mark as a __________.",Lawyer,Administrator,Both of them,None of them,C
3078,The siege of Chitor is considered to be a famous military enterprise of Mughal Emperor:,Babur,Aurangzeb,Jahangir,Akbar,D
3079,In which year was the Nehru Report published?,1927,1928,1929,None of these,B
3080,A pamphlet written by Sir Syed to describe the similarities between Muslims and Christians was:,Risala Asbab-i-Baghawat-i-Hind,Sarkashi Zila Bijnor,Tabyin-ul-Kalam,None of the above,C
3081,"Who is known as the ""Father of Civil Service in India""?",Muhammad Ali Jinnah,Jawaharlal Nehru,Charles Cornwallis,Louis Mountbatten,C
3082,What was the old name of PIA?,Independence Airways,Kolachi Airways,Orient Airways,Air Pakistan,C
3083,What is the total length of the Pakistan-Iran border?,595 km,695 km,909 km,805 km,C
3084,When did the Congress Ministries resign from their offices?,in October 1939,in November 1939,in December 1939,in January 1940,B
3085,The capital of British India was transferred from Calcutta to '''' in the year 1911.,Delhi,Mumbai,Hyderabad,Bangalore,A
3086,Which of the following deserts is known as the 'friendly desert'?,Thar,Cholistan,Thal,Nara,A
3087,Pakistan Steel Mills was constructed in the reign of:,Zia ul Haq,Benazir Bhutto,Muhammad Khan Junejo,None of these,D
3088,Whom did Lord Mountbatten replace in 1947 as Viceroy of India?,Lord Irwin,Lord Curzon,Sir Stafford Cripps,Lord Wavell,D
3089,"Lahore, the area of Punjab, joins which city in India?",Shakargarh,Amritsar,Agra,None of these,B
3090,Who wrote 'Bhutto Ka Akhri 323 Din?,Brig. Siddique Salik,Colonel Riffat Ullah,Colonel Rafiuddin,None of these,C
3091,Which of the following districts of Punjab are the main cotton growing areas?,"Gujranwala, Sheikhupura, Sialkot","Vehari, Multan, Bahawalpur","Faisalabad, Jhang, Sargodha","Chakwal, Jhelum, Rawalpindi",B
3092,The total number of barrages on the Indus River is ________.,6,8,10,11,A
3093,Where were the first telegraph lines laid from and to?,Bombay to Thane,Calcutta to Agra,Delhi to Lahore,Calcutta to Bombay,B
3094,The last Governor-General of Pakistan was:,Ghulam Muhammad,Iskander Mirza,Quaid-e-Azam,None of these,B
3095,"The famous place ""Makli"" in Sindh is a:",Park,Museum,Fortress,Graveyard,D
3096,Who abrogated the 1956 Constitution of Pakistan?,Sikandar Mirza,Ayub Khan,Yahya Khan,None of these,A
3097,"""Pakistan: The Heart of Asia"" was written by _______.",Zulfikar Ali Bhutto,Fatima Chaudhry,Shireen Amir Begum,Liaquat Ali Khan,D
3098,Simli Dam was built on the ____________ river.,Jhelum,Kurang,Gomal,Soan,D
3099,Which one of the following areas in Pakistan is known for the largest iron ore deposits?,Chitral,Kalabagh,Salt Range,Kalat,B
3100,Gorakh Hill Station is in which range?,Karakoram,Kirthar Mountains,Sulaiman Range,Himalayas,B
3101,Sindh was separated from Bombay in:,1929,1935,1936,1947,C
3102,In which district of Sindh is the Lakhi mountain pass located?,Jamshoro,Shikarpur,Khairpur,Mirpur Khas,A
3103,Which of the following is a function of the Speaker of the National Assembly?,Presides over the meetings of the assembly,Maintains discipline in the House,Both of them,None of them,C
3104,Which one of the following is the biggest man-made lake found in Pakistan?,Manchar Lake,Hub Lake,Keenjhar Lake,Saif-ul-Malook Lake,C
3105,The Battle of Karnal was fought Between the Mughal Emperor Muhammad Shah and ____.,Aurangzeb,Akbar,Nadir Shah,Bahadur Shah,C
3106,Who was the first Prime Minister of Azad Kashmir?,Sardar Muhammad Ibrahim Khan,Khan Abdul Hameed Khan,K. H. Khurshid,Mirwaiz Muhammad Yousuf Shah,B
3107,Dehli pact is also known as__________.,india Pact,Jinnah-Nehru Pact,Liaquat-Nehru Pact,Gandhi-Liaqat Pact,C
3108,Havaldar Lalak Jan received Nishan-e-Haider in:,1971,1965,1999,None of the above,C
3109,The Kirthar Mountains are located in _________.,Sindh,Gilgit-Baltistan,Punjab,FATA,A
3110,Which one of the following is the largest division of Pakistan?,Bahawalpur Division,Malakand Division,Lahore Division,Kalat Division,D
3111,"During COVID-19, what did Pakistan offer India?",Ambulances,Doctors,Financial Support,None of these,A
3112,Martial law was lifted by General Zia on:,on 30th December 1985,on 14th August 1984,on 30th March 1985,on 30th December 1984,A
3113,Who wrote Asar-us-Sanadid?,Mirza Ghalib,Sir Syed Ahmad Khan,Maulana Muhammad Ali Jauhar,None of these,B
3114,When did Jinnah reach Karachi to take part in the first meeting of the Constituent Assembly?,in August 1947,in September 1947,in October 1947,in November 1947,A
3115,When did Mountbatten address the Constituent Assembly of Pakistan?,on 13th August 1947,on 15th August 1947,on 14th August 1947,on 16th August 1947,C
3116,Which power generation project is located in the vicinity of Muzaffarabad (AJK)?,Neelum Jhelum,Thermal,Chashma,None of these,A
3117,Approximately how many islands are there in Pakistan?,12,17,9,None of these,A
3118,What other names is the War of Independence 1857 known by?,Sepoy Mutiny and Indian Mutiny,Revolt of 1947,Civil Disobedience Movement,Non-Cooperation Movement,A
3119,Pakistan joined SCO as a full member on _______?,on 09 June 2015,on 09 June 2016,on 09 June 2017,none of these,C
3120,Which is the oldest university of Pakistan?,Punjab University,Zakariya University,University of Agriculture,University of Jamshoro,A
3121,"In the Objective Resolution of 1949, sovereignty belongs to:",Allah Almighty,Parliament,People,Khalifa,A
3122,How many districts are there in Azad Jammu & Kashmir?,6,10,8,12,B
3123,The Pakistan initiatives for mothers and newborn (PAIMAN) was designed to work for:,Against child labor,Protection of women,Women rights,Maternal and newborn health issues,D
3124,Name the first famous feature film of Pakistan in the English language.,Immaculate Conception,Beyond the Last Mountain,Lala Bashir in Trouble,Jinnah,B
3125,Which is the highest park situated more than 4114 meters above sea level?,Green Park,Northern Area Park,Ayub Park,Deosai National Park,D
3126,When was PNSC (Pakistan National Shipping Corporation) established?,in March 1976,in March 1977,in March 1979,in March 1975,C
3127,When was Sui Northern Gas Pipelines Limited (SNGPL) converted into a public limited company?,In June 1961,In July 1962,In January 1963,In January 1964,D
3128,The joint session of Congress and the All India Muslim League of 1916 was held in which city?,Bombay,Lucknow,Delhi,Dhaka,B
3129,"Mujaddid Alf Sani presented the theory of Wahdatul Shahood, which was a response to which other theory?",Din-i-Ilahi,Sulh-i-Kul,Wahdatul Wajood,Bhakti Movement,C
3130,The National Mosque of Pakistan is __________.,Shah Jahan Mosque,Badshahi Mosque,Faisal Mosque,Mosque Tooba,C
3131,The Mughal king Humayun recaptured the Delhi darbar in ____.,1550,1555,1560,None of these,B
3132,What is the national tree of Pakistan?,Neem,Peepal,Sheesham,Deodar,D
3133,Who was the ruler of Kashmir at the time of partition?,Gulab Singh,Ranbir Singh,Pratap Singh,Hari Singh,D
3134,Benazir Bhutto was the chairperson of which political party?,PML(N),MQM,PPP,PTI,C
3135,Pakistan is a bridge state between___________.,South Asia and Southeast Asia,South Asia and Southwest Asia,South Asia and Central Asia,South Asia and North Asia,C
3136,Lala Lajpat Rai was a famous Punjabi leader associated with:,Dev Samaj,Arya Samaj,Unionist Party,All India Muslim League,B
3137,The Second Session of the Khilafat Conference was held in Amritsar on:,in Oct 1919,in Dec 1919,in Oct 2020,None of these,B
3138,Where was Sir Syed Ahmad Khan buried?,Delhi,Aligarh,Lahore,Karachi,B
3139,The Second Constituent Assembly of Pakistan was formed in:,1954,1955,1956,None of these,B
3140,"Maulana Muhammad Ali Jauhar wrote the constitution of the Muslim League, which was known as the _________.",Jauhar's Book,League's Book,Green Book,None of these,C
3141,Which city is known as the 'Paris of Sindh'?,Shikarpur,Dadu,Ghotki,Tharparkar,A
3142,Who was the father of Allama Iqbal?,Shaikh Abdul Rahim,Shaikh Ahmed Deen,Shaikh Muhammad Iqbal,Shaikh Noor Muhammad,D
3143,The total length of Pakistan coastline is approximately,600 KM,700 KM,800 KM,1046 KM,D
3144,Former President Iskander Mirza was buried in _________.,Pakistan,Iran,Saudi Arabia,Afghanistan,B
3145,Banjosa Lake is situated in:,Swat,Gilgit Baltistan,AJK,Karachi,C
3146,Approximately what proportion of Pakistan's total land area is covered by forests?,5 percent,6 percent,3 percent,2 percent,A
3147,The East India Company itself dissolved by the act of parliament in which year?,In 1914,In 1785,In 1874,In 1757,C
3148,Abu-al-Fath Daud was the Ismaili ruler of __________.,Lahore,Multan,Sindh,Depalpur,B
3149,The official language of AJ&K is __________.,Urdu,Kashmiri,Punjabi,None of them,A
3150,The annulment of the Partition of Bengal occurred in:,1905,1906,1909,1911,D
3151,"The son of Ghiyasuddin Tughluq, Juna Khan, ascended the throne under what title?",Sikander-i-Sani,Ulugh Khan,Shah Alam,Muhammad bin Tughluq,D
3152,Zulfikar Ali Bhutto's death anniversary is observed on:,On April 4th,On July 5th,On September 11th,On December 16th,A
3153,'Quaid-e-Azam inaugurated _ on 1st July 1948.,Radio Pakistan Karachi Station,State Bank of Pakistan,Agha Khan Foundation,Walika Textile Mill,B
3154,Why did Syed Amir Ali resign from the Muslim League in 1913?,Due to health issues,The party had no clear-cut policy,He had a disagreement with Jinnah,He faced pressure from the British,B
3155,The period from 1963 to 1978 in Pakistan is known as the era of __________.,Neutrality,Alliances,Non-alignment,Bilateralism,D
3156,The Muslim League was founded at Decca on:,on 1 October 1906,on 15 August 1905,on 30 December 1906,on 25 December 1907,C
3157,"In which year was the state of Jammu and Kashmir sold to the Dogra chief, Gulab Singh?",In 1844,In 1846,In 1848,In 1847,B
3158,Maktoobat-e-Imam Rabbani is one of the writings of ________.,Shah Waliullah,Sir Syed Ahmed Khan,Allama Iqbal,Mujaddid Alf Sani,D
3159,When were the Delhi proposals presented?,In 1926,In 1928,In 1927,In 1925,C
3160,Which was the first princely state to accede to Pakistan?,Bahawalpur,Swat,Umerkot,Chitral,A
3161,Name the Indian Prime minister who was awarded Nisan-e- Pakistan.,Lal Bahadur Shashtri,Sonia Gandhi,Morarji Ranchhodji Desai,Narendra Modi,C
3162,In which year was Sir Syed Ahmed Khan transferred to Bijnor?,In 1854,In 1855,In 1856,In 1857,B
3163,What is the full form of NADRA?,National Digital and Registration Authority,National Database and Registration Authority,National Dues and Regulation Authority,None of the above,B
3164,The Lahore Session of the Muslim League (1940) was presided over by:,Liaquat Ali Khan,Muhammad Ali Jinnah,A.K. Fazlul-Haq,Sir Abdullah Haroon,B
3165,The 'Zakat and Ushr' Ordinance was enforced on __________.,"On December 20, 1980","On June 20, 1980","On June 22, 1981","On March 23, 1980",B
3166,"The three-century-old heritage site, Khudabad Mosque, is present in which district of Sindh?",Dadu,Karachi,Khairpur,Umarkot,A
3167,The submarine cased in the 1971 war was:,PNS Ghazi,NS Ghazi,PPS Ghazi,PSS Ghazi,A
3168,Who was elected as the 10th Prime Minister of Pakistan Non-Party based election in 1985:,1983,1984,1985,1986,C
3169,Name the political party launched by Air Marshal Asghar Khan:,Pakistan Democratic Party,Justice Party of Pakistan,Tehreek-e-Istiqlal,None of these,C
3170,The first female Governor of Sindh was:,Begum Afifa,Begum Hidayatullah,Begum Hameeda Haroon,Begum Ra'ana Liaqat Ali,D
3171,Balochistan was given the status of a full province on:,on 14th August 1947,on 14th October 1955,on 1st July 1970,on 20th December 1971,C
3172,Name the king who fell down from his horse while playing Polo and died:,Iltutmish,Qutb-ud-din Aibak,Ghiyas-ud-din Balban,None of these,B
3173,The height of Pakistan's highest mountain Pak-Godwin Austin is as high as:,"26,250 ft","27,250 ft","28,250 ft",None of these,C
3174,The Lucknow Pact between the Indian National congress and the Muslim league was signed in________.,In 1900,In 1906,In 1916,In 1930,C
3175,Few individuals significantly alter the course of history. Fewer still modify the map of the world. Hardly anyone can be credited with creating a nation-state. Mohammad Ali Jinnah did all three. Who made these remarks about Quaid-e-Azam?,Stanley Wolpert,Ian Stephens,Lawrence Ziring,None of these,A
3176,"Under the 1973 Constitution, who is the head of the cabinet?",Chief Justice,Prime Minister,Speaker of NA,President,B
3177,When was the Criminal Investigation Department (CID) formed in Pakistan?,1991,1995,1997,1999,B
3178,"According to the Government of India Act of 1935, elections in the subcontinent were conducted in which year?",1935,1936,1937,1938,C
3179,"In terms of area, the biggest district of Punjab is:",D.G. Khan,Bahawalpur,Rajanpur,Lahore,B
3180,Who was the last Viceroy of India?,Lord Mountbatten,Lord William,Charles Metcalfe,Lord Harding,A
3181,"The ""Day of Deliverance"" was celebrated against Congress's brutality on ________.","On September 22, 1939","On October 22, 1939","On November 22, 1939","On December 22, 1939",D
3182,From which country did Pakistan purchase Gwadar?,Kuwait,Oman,Iran,Qatar,B
3183,Which mineral is used in the manufacturing of high-speed machinery and stainless steel?,Rock salt,Chromite,Lignite,China clay,B
3184,The official language of Jammu and Kashmir is what?,Kashmiri,Urdu,Urdu and Hindi,None of these,B
3185,When did Pakistan build its first nuclear power plant?,in Nov-72,in Aug-71,in May-74,None of these,A
3186,The Nehru Report was published in:,1927,1928,1929,1930,B
3187,Defense Day is celebrated in Pakistan since:,in 1955,in 1966,in 1969,in 1965,B
3188,When did America declare Pakistan a front-line state against the War on Terror?,2001,2008,2019,None of these,A
3189,Governor George Cunningham was directed to dismiss NWFP Congress Ministry on,on 11 August 1947,on 22 Aug 1947,on 13 August 1947,on 15 August 1947,B
3190,Which province passed resolution in 1938 for Pakistan:,Punjab,Sindh,NWFP,None of these,B
3191,Pakistan tested the Ghauri Ballistic Missile System in:,2016,2017,2018,2019,D
3192,Z. A. Bhutto stepped in as the President and civilian Chief Martial Law Administrator of Pakistan on ___________.,"On December 20, 1970","On December 20, 1971","On December 20, 1972","On December 20, 1973",B
3193,The Sadiq Garh Palace is in _________.,Khairpur,Sheikhupura,Bahawalpur,Mirpur,C
3194,Secretary of Indian Ministry of States,Jagjivan Ram,Rajagopalachari,Sardar Patel,V.P. Menon,D
3195,When did Quaid-e-Azam join the Muslim League?,on 10 October 1913,on 13 November 1913,on 15 December 1913,on 25 December 1913,A
3196,Pakistan became a full member of the Shanghai Cooperation Organization in?,2015,2016,2017,2018,C
3197,The earliest known mosque in the subcontinent is situated in ____________.,Banbhore,Rohri,Sukkur,Thatta,A
3198,The Shandur Pass connects _________.,Upper Swat with Lower Swat,Chitral with Gilgit,Bannu with Afghanistan,Gilgit with Kashgar,B
3199,In which city is the famous Wazir Khan Mosque located?,Lahore,Thatta,Peshawar,Bahawalpur,A
3200,For how many days did the War of 1965 last?,16 days,17 days,18 days,19 days,B
3201,Which city in Pakistan is famous for its sports goods?,Peshawar,Lahore,Sialkot,Islamabad,C
3202,Who succeeded Gen. Zia-ul-Haq?,Ghulam Ishaq Khan,Farooq Leghari,Asif Ali Zardari,None of the above,A
3203,Data Ganj Bakhsh came to Lahore during the reign of which Ghaznavid Sultan?,Sultan Mahmud,Sabuktigin,Ismail,Sultan Mas'ud,B
3204,Liaquat Ali Khan joined the Muslim League in which year?,In 1913,In 1916,In 1920,In 1923,D
3205,"Silver Tanka, the basis of the modern rupee, was introduced by:",Aibak,Iltutmish,Balban,Razia Sultana,B
3206,Which of the following is a cottage industry?,Cement,Sugar,Handicraft,Textile,C
3207,"According to area, the largest district of Khyber Pakhtunkhwa is ___________.",Peshawar,Swat,Chitral,Mardan,C
3208,Name the Pakistani who wins 'Young scientist award 2021' in Biotechnology:,Umar Masood,Usman Yaseen,Hasan Naeem,Muhammad Waseem,A
3209,Pakistan receives 'Western Depression' rainfall in which months?,from September to March,from December to March,from June to September,from July to August,B
3210,The first government of Benazir Bhutto was dismissed in:,in 1989,in 1990,in 1991,in 1992,B
3211,The President under the 1973 Constitution is elected:,By direct election,By National Assembly,By Joint Session of the National Assembly and Senate,By two Houses of the Parliament and the four Provincial Assemblies,D
3212,Urdu is a word from the Turkish language that means _________.,With,Arms,Army,Literature,C
3213,Who is called the Father of History?,Tacitus,Polybius,Herodotus,Ibn Khaldun,C
3214,The Afghan government appointed ___________ to facilitate the 'muhajirin' during the Hijrat Movement of 1920.,Dr. Abdul Ghani,Kamal Khan,Abdul Majeed,None,A
3215,"The ruins of Harappa, discovered in 1921, are located in the ________ district.",D. I. Khan,Sahiwal,Bahawalpur,Bahawalnagar,B
3216,Which city is called the 'City of Lions' in Pakistan?,Dera Murad Jamali,Mandi Bahauddin,Jacobabad,Khanozai,B
3217,Sir Sikandar Hayat Khan was the leader of the:,Muslim League,Unionist Party,Congress Party,Khaksar Tehrik,B
3218,The welcome address of the Lahore Resolution session in 1940 was made by:,Nawab of Bahawalpur,Shah Nawaz Mamdot,Sir Sikandar Hayat Khan,Maulana Zafar Ali Khan,B
3219,Which of the following was a contemporary of eight Indian Rulers?,Amir Khusro,Iltutmish,Balban,None of these,A
3220,The first constituent assembly of Pakistan was dissolved in.,1952,1954,1956,1958,B
3221,The Punjab Tianjin University of Technical Education is in __________.,Rawalpindi,Faisalabad,Lahore,Multan,C
3222,National Voters' Day is celebrated every year on ________ by the ECP.,On December 7,On June 19,On December 9,None of these,A
3223,Who was the last Governor-General of Pakistan?,Quaid-e-Azam,Ghulam Muhammad,Khawaja Nazimuddin,Major Gen. Sikandar Mirza,D
3224,"At the time of creation, how many radio stations were there in Pakistan?",5 Radio Stations,2 Radio Stations,1 Radio Station,3 Radio Stations,D
3225,"The Pakistan People's Party was launched on November 30, 1967, in __________.",Lahore,Karachi,Hyderabad,Rawalpindi,A
3226,Which amendment to the 1973 Constitution declared Ahmadis as non-Muslims?,First,Second,Third,Fourth,B
3227,The Ain-i-Akbari and the Akbarnama were written by which famous court historian of Akbar?,Todar Mal,Mian Tansen,Faizi,Abul Fazl,D
3228,"Which river is called the ""Nile of Pakistan""?",Chenab,Indus,Ravi,None of these,B
3229,"In which year was Allama Iqbal given the title of ""Sir""?",1916,1918,1922,1924,C
3230,Under whose supervision did the allied Indian forces fight during the 1857 revolt?,Lord Canning,Bahadur Shah Zafar,Mangal Pandey,William Hodson,B
3231,Shahab-ud-Din Muhammad Ghuri defeated Pirthviraj in the year 1192 in the field of:,Panipat,Nagpur,Tarori or Tarain,None of these,C
3232,When were the elections for National and Provincial assemblies held in 1988?,10th and 11th November,17th and 18th November,18th and 19th November,16th and 19th November,D
3233,Fairy Meadows is located in the _________ district of Gilgit-Baltistan.,Gilgit,Hunza,Diamer,Nagar,C
3234,The Pakistan Navy celebrates 'Navy Day' every year on __________ to honor the heroic achievements of Navy Ghazis and Shuhadas.,On September 3,On September 5,On September 7,On September 8,D
3235,The Sindh Provincial Museum is located in ________.,Jamshoro,Karachi,Larkana,Hyderabad,D
3236,"The ""All-India Muslim League"" observed the ""Direct Action Day"" on ________.","On August 6, 1944","On August 6, 1945","On August 6, 1946","On August 16, 1946",D
3237,When was the Battle of Plassey fought?,1727,1749,1757,1773,C
3238,Who became the Governor General of Pakistan in 1951:,Sikandar Mirza,Ghulam Muhammad,Muhammad Ali Bogra,Ch. Muhammad Ali,B
3239,"The other name of Kot Diji Fort, located in Khairpur, is __________.",Fort Khairpur,Fort Ahmedabad,Fort Ahmed,Fort Mir Ahmed,B
3240,Manora Island is located in:,Karachi,Makran,Kalat,None of these,A
3241,The longest river in Pakistan is ____?,Ravi,Sutlej,Chenab,Indus,D
3242,The Tirich Mir mountain is in which mountain range?,Karakoram,Hindu Kush,Himalayas,Sulaiman,B
3243,Pakistan won the first and only ICC T-20 Cricket World Cup under the captaincy of:,Younus Khan,Imran Khan,Shahid Afridi,Inzamam-ul-Haq,A
3244,When was the Radcliffe Award announced?,on 18th July 1947,on 17th June 1947,on 5th August 1947,on 17th August 1947,D
3245,Which area has the biggest deposits of iron ore in Pakistan?,Koh-e-Sulaiman,Chitral,Kalabagh,Swat,C
3246,Who is the current chairperson of the Competition Commission of Pakistan?,Vadiyya Khalil,Rahat Kaunain Hassan,Joseph Wilson,None of these,B
3247,Who was the first female PM of a Muslim democratic country?,Benazir Bhutto,Fatima Jinnah,Fahmida Mirza,None,A
3248,Who was the first C-in-C of the Pakistan Army?,Muhammad Ayub Khan,General Sir Frank Walter Messervy,Sikandar Mirza,None of these,B
3249,CTD stands for:,Capital Training Department,Counter Terrorism Department,Central Travelling Department,None of these,B
3250,Which is the oldest university of Pakistan?,Punjab University,Peshawar University,Sindh University,None of these,A
3251,Who laid the foundation stone of the mosque that became the nucleus for Islamia College Peshawar?,Haji Sahib of Turangzai,Sir Sahibzada Abdul Qayyum Khan,Sir George Roos-Keppel,None of these,A
3252,When was Urdu introduced as an official language in the subcontinent by the British Government?,In 1832,In 1826,In 1827,In 1828,A
3253,What is the national bird of Pakistan?,Parrot,Chakor,Peacock,Sparrow,B
3254,The last Governor of the undivided Punjab was:,Francis Maudi,Sir Evan Jenkins,Abdul Rab Nishtar,Chundrigar,B
3255,President Ghulam Ishaq Khan dissolved the National Assembly (Benazir's government) in:,in 1989,in 1990,in 1992,in 1993,B
3256,What was the name of Pakistan's submarine used in the 1965 and 1971 War against India?,Hatf,Ghazi,Humayun,Ghauri,B
3257,On which river was the Mirani Dam constructed?,Gomal River,Dasht River,Kabul River,Indus River,B
3258,A statue of which animal was discovered at Harappa?,Deer,Cow,Bull,Lion,C
3259,The Jahangiri Mahal is located in __________.,Fatehpur Sikri,Agra Fort,Lahore Fort,Delhi,B
3260,Kashf-al-Mahjoob was written by:,Rumi,Hazrat Ali Hajveri,Data Ganj Bakhsh,Baba Farid,B
3261,Which was the first Urdu newspaper issued from Calcutta?,Dawn,Jam-i-Jahan Numa,Al-Aman,Tarjaman-ul-Quran,B
3262,There are ________ schedules in the 1973 Constitution.,4,7,5,10,B
3263,"After independence, the first industrial unit inaugurated by Quaid-e-Azam was the __________.",Karachi Steel Mill,Karachi Nuclear Power Plant,Valika Textile Mills,None,C
3264,Jamrud Fort is located near ________.,Peshawar,Abbottabad,Charsadda,Attock,A
3265,The highest population density in Pakistan is in ___________.,Punjab,FATA,Islamabad,Sindh,C
3266,Renowned journalist Dr. Ajmal Niazi passed away on:,on 18th September 2021,on 18th October 2021,on 18th November 2021,on 18th December 2021,B
3267,"The patriotic song ""Qasam Us Waqt Ki"" was sung by:",Junaid Jamshed,Shafqat Amanat Ali,Rahat Fateh Ali Khan,None of these,A
3268,When was the Pakistan Broadcasting Corporation (PBC) established as a statutory body?,"On December 20, 1970","On December 20, 1972","On December 20, 1974","On December 20, 1976",B
3269,"Qamar Javed Bajwa, former Army Chief of Staff of Pakistan, belongs to:",Punjab Regiment,Sindh Regiment,Balochistan Regiment,Northern Light Infantry,C
3270,The city famous for its surgical instruments is:,Lahore,Jhelum,Sialkot,Faisalabad,C
3271,Who was appointed the first principal of Darul ulum Deoband?,Maulana Mamluk Ali,Haji Muhammad Abid,Maulana Muhammad Qasim,None of these,C
3272,"In which year was Zakat and Ushr ordinance was promulgated, as a result of which Zakat and Ushr department came into existence?",in 1978,in 1976,in 1980,in 1973,C
3273,Who was the first Governor of Punjab?,Sardar Abdur Rab Nishtar,Sir Francis Mudie,Ibraim Ismail Chundrigar,Sir Agha Khan,B
3274,"Who is the author of the book ""The Sole Spokesman: Jinnah, the Muslim League and the Demand for Pakistan""?",Stanley Wolpert,Ayesha Jalal,H. M. Seervai,K. K. Aziz,B
3275,"When was Quaid-e-Azam elected by Bombay's Muslims to the newly constituted ""Imperial Legislative Council""?",In 1900,In 1905,In 1909,In 1915,C
3276,How many Round Table Conferences were convened by the British government in London between 1930 and 1932?,Three,Two,Five,None of these,A
3277,In whose regime was the first census undertaken in India?,Lord Ripon,Lord Dalhousie,Lord Minto,Lord Mayo,D
3278,Who was the driving force behind the Diamer Bhasha and Mohmand Dams Fund?,Justice Mansoor Ali Shah,Justice Saqib Nisar,Mr. Sajid Nisar,Justice Azmat Saeed,B
3279,The Moti Masjid (Pearl Mosque) inside the Lahore Fort was built by ____________.,Humayun,Jahangir,Akbar,Babur,B
3280,Under which chapter of the Elections Act 2017 are political parties mentioned?,Chapter 1,Chapter 11,Chapter 9,None of these,B
3281,Who was assassinated by Udham Singh?,Sir Michael O'Dwyer,General Reginald Dyer,Sir William Curzon Wyllie,Lord Charles Hardinge,A
3282,What type of products does the Utility Stores Corporation primarily sell?,Groceries,Seafood,Fruits,Vegetables,A
3283,Where was Ghazi Ilm-ud-Din buried after his execution?,"Miani Sahib Graveyard, Lahore",Baitul Muqaddas,"Jama Masjid, Delhi","Jinnah Mausoleum, Karachi",A
3284,The War of Independence started on?,on 10 May 1857,on 20 May 1857,on 30 May 1857,None of these,A
3285,Pakistan was Inevitable a book was written by:,Waheeduz Zaman,Mohsin Hamid,Syed Hassan Riaz,Abid Ullah Jan,C
3286,The tomb of Abdullah Shah Ghazi is located in which major city?,Lahore,Karachi,Islamabad,Rawalpindi,B
3287,Who was the first member of the Pakistan Army to receive the Nishan-e-Haider?,Muhammad Tufail,Raja Muhammad Sarwar,Shabir Sharif,None of these,B
3288,The Objective Resolution was presented in the Constituent Assembly by ____?,Khawaja Nazimuddin,Liaquat Ali Khan,Ghulam Muhammad,A. K. Fazlul Huq,B
3289,Who among the following Sultans of Delhi assumed the title 'Sikandar-i-Sani' (the second Alexander)?,Balban,Alauddin Khilji,Muhammad bin Tughlaq,Sikandar Lodhi,B
3290,Who was the second Governor-General of Pakistan?,Sardar Abdur Rab Nishtar,Liaqat Ali Khan,Khawaja Nazim ud din,Muhammad Ali Bogra,C
3291,"In the 1973 Constitution, who was declared non-Muslim through an amendment?",Qadianis/Ahmadis,Hindus,Christians,Jews,A
3292,Who was the Viceroy of India at the time of the Quit India Movement?,Lord Wavell,Lord Walington,Lord Linlithgow,None of these,C
3293,"According to the International Federation of Journalists, what was Pakistan's rank as a dangerous country for journalists?",4th,5th,6th,None of these,B
3294,What is the total area of the tribal district of North Waziristan?,"5,002 km²","4,707 km²","4,500 km²","4,654 km²",B
3295,"Setting a new precedent, Pakistan, for the first time in its 70-year history, appointed a female diplomat named ________.",Razia Sultan,Mahira Razzaq,Sherry Rehman,Fozia Fayyaz Ahmed,D
3296,Who among the following was the second Governor-General of Pakistan?,Iskandar Mirza,K. Nazimuddin,Malik G. Muhammad,Liaquat Ali Khan,B
3297,"Roti, Kapra aur Makaan' was the slogan of which political leader?",Nawaz Sharif,Benazir Bhutto,Zulfikar Ali Bhutto,Zia ul Haq,C
3298,Quaid-e-Azam's 14 points were presented in response to ___________.,3rd june plan,Rowlett Act,Nehru Report,Lucknow Pact,C
3299,The Unionist Party (Punjab) was formed in __________.,In 1920,In 1921,In 1923,In 1924,C
3300,The world's largest earth-filled dam is __________.,Mangla Dam,Warsak Dam,Tarbela Dam,Barotha Dam,C
3301,Pakistan purchased Gwadar port from which country:,Oman,Saudi Arabia,Qatar,UAE,A
3302,Reports by United Nations Development Programme (UNDP) as well as the Pakistan Council of Research in Water Resources (PCRWR) have alerted that Pakistan will reach absolute water scarcity by the year:,2020,2022,2025,2028,C
3303,The general election of 2013 was held on _________.,on May 10,on May 11,on May 12,None of these,B
3304,Which among the following is the longest river in Balochistan?,Hingol,Dasht,Porali,Bolan,A
3305,Who was the first President of Pakistan?,Muhammad Ali Jinnah,Sikandar Mirza,Ayub Khan,Liaquat Ali Khan,B
3306,On which date is Yum-e-Takbir celebrated in Pakistan?,on 17 May 1998,on 16 July 1998,on 28 May 1998,on 1st May 1998,C
3307,'Chain of Justice' was introduced by __________.,Aurangzeb,Akbar the Great,Jahangir,Sher Shah Suri,C
3308,"The title of ""Ambassador of Hindu-Muslim Unity"" was given to Quaid-e-Azam by:",Gandhi,Vijay Lakshmi Pandit,Sarojini Naidu,Allama Iqbal,C
3309,"In 1194 AD, Muhammad Ghuri put which of his commanders in charge of his Indian territories?",Malik Ayaz,Qutbuddin Aibak,Muhammad bin Sam,Mas'ud Ghuri,B
3310,"The first edition of Asar-us-Sanadid appeared in 1846, written by:",Maulana Hali,Sir Syed Ahmad Khan,Allama Iqbal,Ghalib,B
3311,The Ganda Singh border connects:,Ferozpur-Qasur,Sialkot-Gurdaspur,Amritsar-Lahore,None of these,A
3312,When was the Liaquat-Nehru Pact between India and Pakistan signed?,1950,1955,1958,1964,A
3313,"Which airline, a precursor to PIA, eventually ceased operations after being nationalized?",Pakistan Airways,Orient Airways,Crescent Airways,Star Air Aviation,B
3314,Sami Ullah Khan is famous in which sport:,Cricket,Hockey,Squash,Football,B
3315,Sir Sikandar Hayat Khan was the leader of the __________.,Muslim League,Unionist Party,Congress,None of these,B
3316,Who gave a proposal to form a new political party for the Muslims of India?,Nawab Mohsin-ul-Mulk,Nawab Waqar-ul-Mulk,Nawab Saleem Ullah Khan,Nawab Bahadur Yar Jung,C
3317,"Which of the following lakes is called the ""Paradise of Birds""?",Hina Lake,Keenjhar Lake,Manchar Lake,Haleji Lake,D
3318,The Indus Waters Treaty was signed in:,1958,1960,1962,1964,B
3319,The 1956 Constitution provided equal partnership between East and West Pakistan in the ________.,Administration,Economic field,Political field,All of these,D
3320,"The provincial governments of Congress resigned and All-India Muslim League as a mark of relief observed the ""Day of Deliverance"" on:",on 22 Oct. 1939,on 22 Nov. 1939,on 22 Dec. 1939,None of these,C
3321,Friday was declared an official holiday in ___________.,In 1977,In 1978,In 1979,In 1980,A
3322,Who was the first Chairman of the Pakistan Atomic Energy Commission (PAEC)?,Dr. I. H. Usmani,Dr. Abdus Salam,Dr. Nazir Ahmad,Mr. Saleem Mehmud,C
3323,Who conquered Kashmir around the year 1819?,Ranjit Singh,Gulab Singh,Dogra Singh,Hari Singh,A
3324,First Commander-in-Chief of Pakistan Navy?,Rear Admiral H.M.S. Choudhri,Rear Admiral James Wilfred Jefford,Vice Admiral Syed Mohammad,Admiral K. Niazi,B
3325,In which city is Hiran Minar located?,Sheikhupura,Multan,Faisalabad,None of these,A
3326,The Holy Quran was first translated into Persian by:,Shah Ismail Shaheed,Shaikh Ahmad Sirhindi,Shah Waliullah,None of these,C
3327,What is the average height of the Karakoram range?,"7,000 m","7,500 m","7,100 m","7,300 m",A
3328,Who is known as the father of Pakistan's nuclear bomb?,Dr. Samar Mubarakmand,Dr. Ishfaq Ahmad,Dr. Abdul Qadeer Khan,Munir Ahmad Khan,C
3329,Which is the largest library of Pakistan?,National Library Islamabad,Punjab Public Library,Quaid-e-Azam Library,None of these,A
3330,Which is the largest excavated mine in Pakistan?,Lakhra Coal Mines,Ghazi China Clay Mines,"The Salt Mines, Khewra","Salt Mines, Kalabagh",C
3331,"'Who gave Muhammad Ali Jinnah the title ""Quaid-i-Azam""?",Maulana Mazharuddin Shaheed,Mahatma Gandhi,Lord Willingdon,Chaudhry Rehmat Ali,A
3332,Parveen Shakir was killed in a road accident in which city?,Lahore,Karachi,Islamabad,None of these,C
3333,"Who was the author of ""Emergence of Pakistan""?",I.H Qureshi,Waheed-ud-Zaman,Ch. Muhammad Ali,None of these,C
3334,"In ______, Sir Syed Ahmed Khan wrote the book 'Loyal Muhammadans of India'.",in 1848,in 1859,in 1860,in 1870,C
3335,The Upper Swat Canal originates from __________.,Malakand,Abazai,Kabul,Jhelum,A
3336,Qutb-ud-Din Aibak died in 1210 while playing what?,Hockey,Polo,Kabaddi,None of these,B
3337,"""You can guide or misguide the people. You can make or mar the biggest personality. The power of the _______ is great. The power is, however, a trust. At the same time, I expect you to be fearless."" - M.A. Jinnah",Political Masses,Pen,Books,Media,D
3338,____ defines the dance of Punjab.,Bhangra,Khattak,Ho Jamalo,Lewa,A
3339,The Lahore Resolution was supported by Qazi Muhammad Isa from the province of?,Punjab,Sindh,KPK,Balochistan,D
3340,Razia Sultana reigned for _______ years.,3,4,5,6,B
3341,"The Lodhi Dynasty, also known as the Afghan Dynasty, was founded by whom?",Sikandar Lodhi,Ibrahim Lodhi,Bahlol Lodhi,Daulat Khan Lodhi,C
3342,Which political party in Sindh is more popular?,PPP,MQM,PTI,None of these,A
3343,Who built the Charminar in Hyderabad?,Sultan Muhammad Quli Qutb Shah,Sultan Muhammad Ibrahim Qutb Shah,Sultan Muhammad Ali Adil Shah,None of these,A
3344,Patients died after a protest by a group of lawyers against doctors in 2019 at:,"Punjab Institute of Cardiology, Lahore","Jinnah Hospital, Lahore","PKLI, Lahore",None of these,A
3345,"The Golden Jubilee of the Indian National Congress (1885-1935) fell in 1935, The session closest to this, held in April 1936, was at ______.",Karachi,Delhi,Lucknow,Not anywhere,A
3346,Who was the governor of Multan and Lahore who invited Babur to invade India?,Bahlol Lodhi,Ibrahim Lodhi,Sikandar Lodhi,Daulat Khan Lodhi,D
3347,Congress did not attend which Round Table Conference?,First,Second,Both (A) & (B),None of these,A
3348,"The Ghazi Brotha Dam in Attock, Punjab, is located on the ____ River.",Dasht,Kabul,Indus,None of these,C
3349,The Chinese province adjoining Pakistan is:,Tibet,Xinjiang,Shanghai,Beijing,B
3350,The Jehangir Kothari Parade is located in __________.,Thatta,Karachi,Multan,Lahore,B
3351,What language and scripts did the Hindu community want to replace Urdu and Persian with during the Urdu-Hindi Controversy?,Bhasha and Nagari scripts,Arabic and Urdu,English and Hindi,Sanskrit and Bengali,A
3352,The Siachen ceasefire agreement is effective from:,2001,2003,2004,2005,B
3353,Inventors' Day is celebrated on _____________.,On November 9,On April 8,On April 31,On April 23,A
3354,When was the August Offer announced by the British Government?,14831,15203,26-Aug-41,15575,A
3355,When did West Pakistan become One Unit?,in 1954,in 1955,in 1956,in 1958,B
3356,The first postal stamp in Pakistan was issued in:,in 1947,in 1948,in 1949,in 1950,B
3357,Which country first accepted Pakistan?,Iran,Saudi Arabia,America,None of these,A
3358,The length of the Siachen Glacier is ___________.,60 km,76 km,50 km,80 km,B
3359,Which of the following books was authored by a lady of the Mughal royal house?,Babar Namah,Akbar Namah,Humayun Namah,Badshah Namah,C
3360,The only Vice-President of Pakistan was:,Noorul Amin,Fazal Haq,Fazal Elahi Chaudhry,Chaudhry Zahoor Elahi,A
3361,The Congress declared complete independence for India as its goal at its session held at:,Calcutta in 1928,Allahabad in 1930,Lahore in 1929,None of these,C
3362,The National Agricultural Museum is located in _______.,Faisalabad,Multan,Hyderabad,Peshawar,A
3363,When did Qutb-ud-din Aibak officially establish the Delhi Sultanate?,1205,1206,1207,None of these,B
3364,Who was the first Viceroy after the 1857 war?,Harding,Canning,Curzon,None of these,B
3365,Who filled the power vacuum when President Zia-ul-Haq passed away?,Farooq Leghari,Ghulam Ishaq Khan,Fazal Elahi,Rafique Tarar,B
3366,The State Bank was inaugurated by Quaid-e-Azam on:,on 1st of January 1947,on 1st of June 1947,on 1st of July 1948,None of the above,C
3367,Which is the most thinly populated province of Pakistan:,Punjab,Sindh,KPK,Balochistan,D
3368,"The shrines of Shah Rukn-e-Alam, Shah Shams, and Mai Maharban are located in ________.",Kasur,Sherkot,Lahore,Multan,D
3369,Which general election saw the lowest voter turnout in Pakistan's history?,in 1997,in 2008,in 2013,in 1993,A
3370,Who presided over the Allahabad Session of the Muslim League in 1930?,Muhammad Ali Jinnah,Allama Iqbal,Sir Agha Khan,Maulana Muhammad Ali Jauhar,B
3371,Operation Searchlight was started by the Pakistan Army in __________.,East Pakistan,Sri Lanka,India,Kashmir,A
3372,The __________ industry is the backbone of Pakistan's economy.,Agricultural,Petroleum,Mining,None of these,A
3373,Most widely spoken language in Pakistan is:,English,Urdu,Punjabi,Sindhi,C
3374,Pakistan got the status of Test cricket in ___________.,In 1950,In 1951,In 1952,In 1953,C
3375,Who is the first Sikh senator belonging to KPK?,Lal Chand,Gurdeep Singh,Shunila Ruth,None of these,B
3376,The world's longest glacial system outside the polar regions (the Biafo Glacier) is located in __________.,America,Canada,Iceland,Pakistan,D
3377,The flag of Pakistan was designed by:,Abdur Rahman Chughtai,Ameer-ud-din Khidwai,Hafeez Jalandhari,Sadequain,B
3378,Name the first president of the Balochistan Muslim Student Federation.,Fayyaz Khan,Ahmad Fazal Ghazi,Zafar Ullah,Ijaz Hassan,B
3379,How many articles were there in the 1956 Constitution?,200 articles,259 articles,254 articles,234 articles,D
3380,The designer of the 'Dars-e-Nizami' curriculum in the subcontinent was _________.,Maulana Muhammad Ali Jauhar,Mulla Nizamuddin Sihalivi,Maulana Shibli Nomani,None of these,B
3381,Who is credited with introducing a comprehensive land revenue system in India during his reign?,Sher Shah Suri,Babur,Humayun,Ibrahim Lodhi,A
3382,Quaid-e-Azam resigned from membership of Congress in __________.,In 1913,In 1916,In 1920,In 1922,C
3383,What percentage of Pakistanis can speak or understand Urdu?,More than 50 percent,More than 70 percent,More than 80 percent,More than 95 percent,C
3384,Pakistan exploded its first nuclear bomb on:,on 11th May 1998,on 28th May 1998,on 30th May 1998,on 1st June 1998,B
3385,In which province does the Thal Desert lie?,Punjab,Sindh,Khyber Pakhtunkhwa,Baluchistan,A
3386,The Nehru Report was published in:,1927,1928,1929,None of these,B
3387,The Saraiki language is more dominantly spoken in ________.,North Punjab,West Punjab,South Punjab,East Punjab,C
3388,How many seats in the National Assembly are reserved for non-Muslims?,8,5,10,12,C
3389,On which river is the Marala Barrage constructed?,Chenab,Indus,Kabul,Jhelum,A
3390,Who presented the poor man's Budget in 1946?,Liaquat Ali Khan,Ch. Muhammad Ali,Abdur Rab Nishtar,Quaid-e-Azam,A
3391,When was the Pakistan NH&MP (Motorway Police) established?,In 1987,In 1990,In 1997,In 2000,C
3392,Who was appointed as the first Governor General of Bengal by the Regulating Act of 1773?,Lord Linlithgow,Lord Warren Hastings,Lord Mountbatten,Lord Wellesley,B
3393,"The book ""Secular and Nationalist Jinnah"" was written by:",Kamran Javed,Iqbal Qureshi,Ajeet Jawed,None of these,C
3394,Lord Linlithgow put forward the proposal of the August Offer in?,1939,1940,1941,1942,B
3395,Which article of the 1973 Constitution is related to the secret ballot?,38,226,280,None of these,B
3396,The famous Sher Shah Suri's Rohtas Fort is found near the city of ______?,Multan,Bahawalpur,Jhelum,None of these,C
3397,The Mountbatten Plan regarding the partition of India was officially declared on:,"on Jun 3, 47","on Jul 17, 47","on Aug 14, 47",None of these,A
3398,"According to the Constitution of 1956, there shall be a ______ legislature in the country.",Bicameral,Unicameral,Tricameral,None of these,B
3399,Operation Radd-ul-Fasaad means?,Path to Peace,Sharp up Cutting Strike,Path of Salvation,None of these,D
3400,Which is the largest man-made lake in Pakistan?,Hub Lake,Mangla Lake,Keenjhar Lake,Babusar Lake,C
3401,What is the total area of Pakistan in square kilometers?,796096 km²,"881,913 km²",695095 km²,None of these,A
3402,The Cabinet Mission reached Delhi on:,on 24th February 1946,on 24th March 1946,on 24th April 1946,on 24th May 1946,B
3403,The annulment of the Partition of Bengal took place in ________.,In 1906,In 1908,In 1909,In 1911,D
3404,The major dispute between Pakistan and India is?,Border dispute,Water issue,Ladakh crisis,None of these,D
3405,Which Muslim leader received the title of 'Knighthood' in 1888?,Rahmat Ali,Sir Syed Ahmad Khan,Maulana Muhammad Ali Jauhar,Maulana Shaukat Ali,B
3406,Who was Akbar's nurse-in-chief?,Mumtaz,Hamida Begum,Jahanara,Maham Anaga,D
3407,"In 2018, FATA merged with which province?",Punjab,Balochistan,KPK,None of these,C
3408,The English East India Company was formally established in which year?,In 1600,In 1605,In 1588,In 1556,A
3409,"In 1928, the Aga Khan III advocated for the independence of each province at the ""All- Parties Convention"" held in _________.",Patna,Hyderabad,Calcutta,None of these,C
3410,Which pass connects Chitral with the Wakhan Corridor of Afghanistan?,Baroghil Pass,Malakand Pass,Muztagh Pass,Dorah Pass,A
3411,From where does the Indus River rise?,China,The Tibetan Plateau,Jammu,Kashmir,B
3412,Satpara Lake is in:,Skardu,Gilgit Baltistan,Haripur,None of these,A
3413,When did Pakistan conduct nuclear tests?,on 28-May-98,on 29-May-98,on 30-May-98,None of these,A
3414,The foundation of the Bahawalpur state was laid in 1748 by whom?,Mir Qamaruddin Khan,Nadir Shah,Lord Clive,Nawab Bahawal Khan Abbasi,D
3415,Qarardad-e-Lahore was written and prepared by __________.,Maulana Zafar Ali Khan,A. K. Fazlul Huq,Sir Zafarullah Khan,Sardar Abdur Rab Nishtar,C
3416,Which Pakistani former cricket player is popularly known as the Asian Bradman?,Zaheer Abbas,Javed Miandad,Hanif Muhammad,Majid Khan,A
3417,The most Muslim majority-populated princely state was:,Hyderabad,Junagadh,Bhopal,Kashmir,D
3418,The main headquarters (Markaz) of the Tablighi Jamaat is in ________.,Raiwind,Delhi,Dhaka,None of these,A
3419,Which of the following was not a caretaker prime minister of Pakistan?,Malik Meraj Khalid,Moin Ul Haq,Balakh Sher Mazari,None of these,B
3420,The highest mountain of the Hindukush range is:,Nanga Parbat,K2,Tirich Mir,None of these,C
3421,In which year was Kashmir sold to Gulab Singh?,in 1845,in 1846,in 1848,in 1849,B
3422,Which major international treaty was signed post-World War I?,Treaty of Versailles,Treaty of Paris,Treaty of London,Treaty of Berlin,A
3423,Who laid the foundation stone of Quaid's Mazar?,Liaquat Ali Khan,Ayub Khan,Ghulam Muhammad,Khawaja Nazimuddin,B
3424,Which area is known as the 'gun factory' of the tribal areas?,Darra Isa Khel,Darra Khyber,Darra Adam Khel,Kohat,C
3425,The Younis Khan Sports Complex is situated in which city?,"Miranshah, North Waziristan","Wana, South Waziristan",Bannu,Peshawar,A
3426,Kandhkot Gas Field is located in:,Punjab,Sindh,KPK,Balochistan,B
3427,The Indian Rebellion of 1857 (War of Independence) began on 10th May from the town of:,Jhansi,Gwalior,Meerut,Lucknow,C
3428,How many districts are in Sindh?,25,27,29,30,D
3429,"Who inaugurated the State Bank of Pakistan on July 1, 1948?",Quaid-e-Azam,Malik Ghulam Muhammad,Liaquat Ali Khan,Allama Muhammad Iqbal,A
3430,"Which gas field among the following is the second largest gas field in Pakistan, which is being operated by OGDCL?",Bobi Gasfield,Chachar Gas Field,Qadirpur Gas Field,Uch Gas Field,C
3431,Sahibzada Abdul Qayyum Khan is renowned for his services to education in:,Punjab,Sindh,NWFP (KPK),Balochistan,C
3432,Which system was introduced by President Ayub Khan?,Local Bodies,Bilateral,Basic Democracies,None of these,C
3433,The 'Seven Queens of Sindh' are mentioned in the poetry of __________.,Mashriq Ki Betiyan,Shah Jo Risalo,Sindh Ja Surma',Pirs of Sindh',B
3434,What kind of system of government was introduced by the 1962 Constitution?,Autonomous,Presidential,Bicameral,Confederate,B
3435,The Walled City of Lahore was originally surrounded by how many gates?,12,13,14,None of these,B
3436,Current literacy rate in Pakistan is estimated?,55 percent,60 percent,65 percent,None of these,C
3437,How much amount was allocated for the agriculture sector in the 7th five year plan?,Rs.13600 million,Rs.14600 million,Rs.15600 million,None of these,C
3438,President of China confers the highest Chinese scientific award to which Pakistani Scientist?,Prof. Dr. Atta-ur-Rahman,Dr. Abdul Qadeer Khan,Dr. Samar Mubarakmand,None of these,A
3439,The Sufi poet Shah Abdul Latif Bhittai was born in ________.,Bhit Shah,Hala Haveli,Herat,Las Bela,B
3440,Keenjhar Lake is also called __________.,Birds Lake,Kalri Lake,Jhari Lake,None of these,B
3441,Who was the commander-in-chief of the rebel forces in the 1857 War of Independence?,Tipu Sultan,General Bakht Khan,Sher Khan,Azam Khan,B
3442,What was Sikandar Mirza's profession?,Lawyer,Businessman,Army man/Civil servant,Landlord,C
3443,"On August 7, 1947, Muhammad Ali Jinnah left India for the last time and flew to ____________.",Quetta,Lahore,Karachi,None of these,C
3444,What is the longest glacier in the Karakoram and second-longest in the world's non- polar areas?,Hispar Glacier,Siachen Glacier,Biafo Glacier,None of these,B
3445,"What is the shape of Lower Kachura Lake, also known as Shangrila Lake?",Circle,Heart,Triangle,Teardrop,C
3446,The State Bank of Pakistan was inaugurated by:,Ghulam Ishaq,Quaid-e-Azam,Zahid Hussain,None of these,B
3447,Khanki Headworks is situated on the River Chenab in which District?,Narowal,Gujranwala,Mianwali,Lahore,B
3448,"At the time when the Khilafat delegation visited England in 1920, the British PM was?",Lloyd George,Churchill,Chamberlain,None of these,A
3449,What is the number of general seats in the assembly of Balochistan?,20,38,45,51,D
3450,Pakistan has no diplomatic relations with:,France,Israel,New Zealand,None of these,B
3451,The Wardha scheme of education was written by:,Mahatma Gandhi,Jawaharlal Nehru,Zakir Hussain,Maulana Abul Kalam Azad,C
3452,What proportion of Pakistan's total population is typically within the working-age group of 15 to 60 years?,50 percent,45 percent,48 percent,55 percent,A
3453,Allama Iqbal wrote poetry in Urdu and _____________.,English,French,Persian,Arabic,C
3454,Who was Sisakar?,Wazir of Hajjaj bin Yusuf,Wazir of Muhammad bin Qasim,Wazir of Raja Dahir,None of these,C
3455,"When did the Cabinet Mission arrive in Delhi, India?",16-May-46,16885,19-Feb-46,17030,B
3456,The construction of the Qutb Minar was completed by which Sultan?,Aram Shah,Qutbuddin Aibak,Iltutmish,Balban,C
3457,Parashpura is the old name of____________.,Swat,Charsadda,Peshawar,None of these,C
3458,The 20th Amendment was signed by President Asif Ali Zardari on:,on 01/21/2012,on 02/28/2012,on 03/28/2012,None of these,B
3459,The capital of Azad Jammu & Kashmir is ___________.,Muzaffarabad,Bhimber,Mirpur,Bagh,A
3460,The area of Azad Jammu & Kashmir is ___________.,"12,297 km²","13,297 km²","14,297 km²","11,297 km²",B
3461,Agra Summit was a two-day summit which remained:,Successful,Inconclusive,Delayed Till Further,None of these,B
3462,"'Gandhi-Jinnah talks were held in 1944 to discuss the C.R. Formula, prepared by:",Vallabhai Patel,V.P. Menon,Abul Kalam Azad,Chakravarti Rajagopalachari,D
3463,Pakistan joined the South East Asia Treaty Organization (SEATO) in the year:,1951,1952,1953,1954,D
3464,How many years Lodhi dynasty ruled India?,46,55,75,None of these,C
3465,Maleeha Lodhi served as ambassador of:,US,UK,UN,All of these,D
3466,Which Pakistani cricket player became the 8th international player to score 194 runs?,Hafeez Kardar,Saeed Anwar,Misbah-ul-Haq,Younis Khan,B
3467,Arya Samaj was founded in:,1870,1875,1880,1885,B
3468,Gomal Zam Dam is located in___________.,Punjab,Sindh,Khyber Pakhtunkhwa,Balochistan,C
3469,"During the period of ""One Unit,"" who was the first governor of West Pakistan?",Ameer Muhammad Khan,Muhammad Sharif Khan,Akhtar Hussain,Mushtaq Ahmad Gurmani,D
3470,"In Pakistan, the term 'Changa Manga Politics' is used for:",Kickback,Horse trading,Bribery,None of these,B
3471,Who administered the oath of Mr. Liaquat Ali Khan as the first Prime Minister?,Justice Abdur Rasheed,M.A. Jinnah,Sir Francis Mudie,Lord Mountbatten,B
3472,Quaid-e-Azam Mausoleum is a beautiful landmark in:,Lahore,Karachi,Peshawar,Quetta,B
3473,Name the crop sown on the largest area of Pakistan.,Rice,Sugarcane,Cotton,Wheat,D
3474,The first census in India was conducted during the period of:,Lord Lytton,Lord Ripon,Lord Mayo,Lord Curzon,C
3475,FATA merger bill was passed in National Assembly:,"on May 11, 18","on May 14, 18","on May 24, 18","on May 25, 18",C
3476,Durand Line is the border between:,Pakistan-Iran,Pakistan-India,Pakistan-Afghanistan,None of these,C
3477,Who is called the founder of National Conference?,Liaquat Ali Khan,Muhammad Ali Jinnah,Sheikh Abdullah,Hari Singh,C
3478,"At the time of independence, 9 railway systems were operating in India. How many were in Pakistan out of 9?",5,4,2,3,C
3479,"First Pakistani documentary film, shown in Karachi cinemas on 30-08-1947, depicted",Independence Day,"Events from 2nd to 15th August, 1947",Quaid's visit,Muslim League working,B
3480,Name Pakistan's surface-to-surface ballistic missile capable of delivering multiple warheads using MIRV technology.,Shaheen-II,Ababeel,Nasr,Ghauri,B
3481,The Indus Basin Treaty was concluded on:,on 19 September 1960,on 1 August 1960,on 20 September 1960,on 29 August 1960,A
3482,Who was the first acting Governor General of Pakistan?,Khawaja Nazimuddin,Iskandar Mirza,Ch. Ghulam Muhammad,Ayub Khan,A
3483,Who was the first Governor of West Punjab in 1947?,Iftikhar Mamdot,Francis Mudie,Abdur Rab Nishtar,None of these,B
3484,Muhammad bin Qasim attacked India in:,706 AD,712 AD,719 AD,723 AD,B
3485,"The world's highest passes, such as Khunjerab, Lawari, and Shandur, are situated in which mountain ranges?",Himalayan Range,Western Mountain Range,Karakoram and Hindu Kush Ranges,Hindu Kush Range,C
3486,"How many provinces was India divided into according to the Government of India Act, 1935?",9,10,11,12,C
3487,The Azad Kashmir government was set up on:,on 14th August 1947,on 27th September 1947,on 24th October 1947,on 1st November 1947,C
3488,"Which leader of the Indian National Congress termed the Lahore Resolution of 1940 as ""Jinnah's fantastic proposals""?",M.K. Gandhi,Jawaharlal Nehru,Rajagopalachari,Motilal Nehru,B
3489,When was the Sui Northern Gas Pipelines Limited (SNGPL) company established?,In 1962,In 1963,In 1964,In 1965,B
3490,Harappa is situated in province,Punjab,Sindh,KPK,Balochistan,A
3491,"Which is the highest peak in Pakistan, with a height of 8,611 m above sea level?",Nanga Parbat,K2,Tirich Mir,Mount Everest,B
3492,What was Quaid-e-Azam's response to the Khilafat movement?,He actively led the movement,He remained away from it,He opposed it publicly,He supported it financially,B
3493,When was the first Five Year Plan launched in Pakistan?,in 1954,in 1955,in 1956,in 1957,B
3494,The Government of Pakistan established the Indus River System Authority in the year ________.,In 1960,In 1972,In 1983,In 1992,D
3495,The total number of Prime Ministers who served until 1958 is ____________.,Five,Seven,Eight,None of these,B
3496,When was the Oil and Gas Development Company Limited (OGDCL) founded?,"On June 20, 1961","On August 20, 1961","On September 20, 1961","On October 20, 1961",C
3497,Who is the father of Local Self-Government in India?,Bal Gangadhar Tilak,Sardar Patel,Lord Ripon,Nagarjuna,C
3498,Which Round Table Conference did Allama Iqbal not attend?,First,Second,Third,All of them,A
3499,On which date is Kashmir Solidarity Day observed in Pakistan?,on 5th February,on 14th August,on 6th September,on 23rd March,A
3500,"Before the partition of India in 1947, how many princely states existed?",480,360,562,670,C
3501,Who is the current Chairman of the Joint Chiefs of Staff Committee (CJCSC) of Pakistan?,General Rashad Mahmood,General Ashfaq Parvez Kayani,General Zubair Hayat,General Nadeem Raza,D
3502,Who was chosen by Quaid-e-Azam as his financial advisor?,Sir Jeremy Raisman,Sir Archibald Rowlands,Sir Victor Turner,None of them,B
3503,"Who metaphorically called the ""spiritual guide"" a shopkeeper?",Shaikh Ahmed Sirhindi,Shah Waliullah,Sir Syed Ahmed Khan,None of these,B
3504,How many Muslim League members were included in the interim government?,4,5,6,None of these,B
3505,Which city is called 'Madinat-ul-Auliya' (City of Saints)?,Multan,Sehwan,Ajmer,Pakpattan,A
3506,The Indus Valley Civilization is known as a Pre-Aryan Civilization because of the evidence of _________.,Art,Copper,Pottery,Script,B
3507,When was the 1956 Constitution abrogated?,"On October 6, 1958","On October 7, 1958","On October 8, 1958","On October 9, 1958",B
3508,The Day of Deliverance was observed by All India Muslim League on:,"on 22nd December, 1939","on 3rd June, 1947","on 23rd March, 1946","on 14th August, 1947",A
3509,Who strongly supported the idea of Pan-Islamism in the subcontinent?,Syed Ameer Ali,Sir Syed Ahmad Khan,Liaquat Ali Khan,None of them,B
3510,The first census of Pakistan was held in:,1947,1949,1951,1956,C
3511,Separate electorates for the Muslims were implemented from _____.,1909,1919,1935,1940,A
3512,Area of Pakistan (km²):,696096 km²,746096 km²,796096 km²,846096 km²,C
3513,Packages Limited was founded in:,1940,1956,1988,2000,B
3514,The satellite Badr-1 was designed and fabricated by ________ in Pakistan.,KRL,Kamra Aeronautical Eng.,SUPARCO,KANNUP,C
3515,In which year did Sultan Mahmud capture Lahore after a long siege?,In 1021 AD,In 1026 AD,In 1000 AD,In 1027 AD,A
3516,Who was the first female vice-chancellor of Aligarh University?,Begum Sultan Jahan,Fatima Jinnah,Sarojini Naidu,Begum Ra'ana Liaquat Ali Khan,A
3517,"Sir sultan Muhammad shah, the agha khan headed the historic simla deputation which successfully presented Muslim demands on 01, October 1906 before:",Lord Curzon,Lord Irwin,Lord Minto,None of these,C
3518,Which is the largest industry in Pakistan?,Leather,Textile,Garments,None of these,B
3519,How much of the total GDP is shared by livestock?,15 percent,9 percent,10 percent,11 percent,B
3520,The Sindhi language is based on __________.,Persian,Arabic,Dravidian,Sanskrit,B
3521,Rawal Dam is constructed on which river?,Indus,Kabul,Kurang,None of these,C
3522,"When did Muhammad Ali Bogra present his constitutional draft, the 'Bogra Formula', to the Assembly?","On October 7, 1953","On October 8, 1953","On October 9, 1953","On October 10, 1953",A
3523,Sir Syed Ahmad Khan received his early education primarily from his _________.,Father,Maternal grandfather,Mother,Maternal grandmother,B
3524,"The ""City of Universities"" is ________.",Mirpurkhas,Larkana,Hyderabad,Jamshoro,D
3525,The Chairman of the Boundary Commission of the Punjab & Bengal was:,Mountbatten,Auchinleck,Gracey,Sir Cyril Redcliffe,D
3526,The Simla deputation met the Viceroy at Simla on:,on 30 December 1906,on 15 September 1905,on 1 October 1906,on 3 June 1907,C
3527,Which street still reminds the people of Lahore of the great daily of Munshi Mehboob Alam?,Circular Street,Anarkali,Munshi Street,Paisa Akhbar Street,D
3528,"An irrigation system, ""The Karez,"" is practiced only in:",Punjab,Balochistan,KPK,Sindh,B
3529,Pakistan is the _________ largest sugar producer and eighth-largest consumer in the world.,4th,5th,6th,7th,B
3530,The Basic Principles Committee presented its report in:,in March 1949,in September 1950,in December 1952,in October 1953,B
3531,"The search for suitable words for the National Anthem, with music set by A.G. Chagla, ended with its approval on:",on 14 August 1947,on 23 March 1956,on 13 August 1954,on 1 January 1950,C
3532,How many prisoners of war were held in Bangladesh for prosecution after the 1971 war?,193,194,195,196,C
3533,When was Anjuman-e-Himayat-e-Islam founded?,1881,1882,1883,1884,D
3534,Khabikki Lake is in the _________ district.,Lahore,Peshawar,Khushab,Rawalpindi,C
3535,Which mountain range separates Pakistan from Afghanistan?,Hindu Kush,Himalayas,Pamir,Karakoram,A
3536,The population census of 2017 was the _____ census in a row.,5th,6th,7th,8th,B
3537,The Pakistan ideology is based on which theory?,Two Nation Theory,One Nation Theory,Three Nation Theory,None of these,A
3538,Which fund was established by the Muslim League to counter the propaganda of the Indian National Congress post-1937 elections?,The Manshoor Fund,The Press and Propaganda Fund,The Dawn Fund and Trust,None of these,B
3539,Jan Sher Khan got Hilal-e-Imtiaz in which year?,1989,1993,1997,2002,C
3540,All India national congress was established by a British civil servant in 1885. Name the officer:,Madan mohan,Lord Dufferin,A.O. Hume,None of these,C
3541,The annual Sindh Culture Day is celebrated every year on the __________.,On 1st December,On 2nd December,On 3rd December,On the first Sunday of December,D
3542,The C. R. Formula was devised by ____________.,Abul Kalam Azad,C. Rajagopalachari,V. P. Menon,Lord Wavell,B
3543,Who was a prominent person convicted in the Rawalpindi Conspiracy case?,Faiz Ahmad Faiz,Habib Jalib,Shorish Kashmiri,None of these,A
3544,"Muhammad Ali Bogra, the then Prime Minister of Pakistan, presented his constitutional formula to the Constituent Assembly on __________.","On September 7, 1953","On October 7, 1953","On November 7, 1953",None of these,B
3545,PTV started its transmission on ___________.,"On November 20, 1964","On April 20, 1964","On December 26, 1968","On November 26, 1964",D
3546,"""Myth of Independence"" was written by:",Ayub Khan,Zulfikar Ali Bhutto,Altaf Gauhar,G.W. Choudhury,B
3547,Who was the second Chief Minister of Punjab?,Iftikhar Hussain Mamdot,Mian Mumtaz Daultana,Feroz Khan Noon,Sardar Abdur Rab Nishtar,B
3548,What is the total area of Pakistan?,"860,912 Sq Km","790,098 Sq Km","796,096 Sq Km","881,913 Sq Km",D
3549,Who was the Prime Minister of England when the Regulating Act of 1773 was passed?,William Pitt the Younger,Lord North,Ramsay McDonald,Lord Pethick Lawrence,B
3550,Who was the first Governor of Bengal Province?,M.A. Khuro,Noor al Amin,Kh. Nazimuddin,Sir Feroz Khan Noon,D
3551,Who is called the 'Spiritual Father of Pakistan'?,Muhammad Ali Jinnah,Muhammad Iqbal,Syed Ahmad Khan,None of the Above,B
3552,Which of the following glaciers are present in the Karakoram Range?,"Siachen, Hispar and Biafo",Batura,Chogo Lungma and Yengunta,All of the above,D
3553,Bengal was divided into two parts. In which part were the Muslims in the majority?,Western Bengal,Eastern Bengal,North-Western Bengal,None of these,B
3554,The Simon Commission was appointed by the British government in:,in November 1927,in January 1928,in March 1929,in December 1926,A
3555,Which Congress leader did not participate in the First Round Table Conference (1930)?,Mahatma Gandhi,Jawaharlal Nehru,Dr. B.R. Ambedkar,Muhammad Ali Jinnah,A
3556,The newspaper 'Hamdard' was edited by ___________.,Maulana Shaukat Ali,Maulana Muhammad Ali Jauhar,Maulana Zafar Ali Khan,None of these,B
3557,Which document was first drafted to give pace to the constitution-making process?,Pakistan Act,Independence Act,Representative Act,Objective Resolution,D
3558,"Which missile was successfully launched by Pakistan on February 11, 1989?",Hatf-I,Hatf-II,Anza-I,Anza-II,B
3559,The Dasht River is located in ________.,Khyber Pakhtunkhwa,Punjab,Sindh,Balochistan,D
3560,The national poet of Pakistan is __________.,Hafeez Jalandhri,Allama Iqbal,Josh Malihabadi,None of these,B
3561,The First Battle of Panipat was fought in:,1524,1526,1525,None of these,B
3562,The Qisas and Diyat Ordinances were enforced in Pakistan on __________.,"On August, 1980","On September, 1985","On September, 1990","On November, 1992",C
3563,"In 1960, which city was the temporary capital of Pakistan?",Rawalpindi,Karachi,Quetta,Peshawar,A
3564,Which country first recognized Pakistan?,Iran,Turkey,Egypt,Afghanistan,C
3565,Which city served as the interim capital of Pakistan from 1959 to 1968?,Rawalpindi,Multan,Peshawar,Lahore,A
3566,Pakistan was granted Test cricket status in ___________.,In 1950,In 1951,In 1952,In 1953,C
3567,Who was the second Governor General of Pakistan after the death of Muhammad Ali Jinnah?,Khawaja Nazim-ud-Din,Chaudhry Muhammad Ali,Malik Feroz Khan Noon,Ghulam Muhammad,A
3568,Who was an early political mentor to Quaid-e-Azam?,Mahatma Gandhi,Gopal Krishna Gokhale,Sir Syed Ahmed Khan,Lord Minto,B
3569,Which Pakistani climber died recently with foreign climbers at K2?,Sajid Ali Sadpara,Mohammad Ali Sadpara,Gulzar Ahmed Sadpara,None of these,B
3570,"Tuzuk-i-Jahangiri, the autobiography of Jahangir, was written in which language?",Turkish,Arabic,Urdu,Persian,D
3571,Which personality wrote an official biography of Quaid-e-Azam?,Ayesha Jalal,Stanley Wolpert,Hector Bolitho,Muhammad Jahangir,C
3572,Who among the following was the first president of Pakistan?,Quaid-i-Azam,Iskandar Mirza,Ayub Khan,Z.A. Bhutto,B
3573,The British Parliament passed the Indian Independence Act on:,on 18-May-47,on 18-Jun-47,on 18-Jul-47,on 18-Aug-47,C
3574,Name the first woman member of the All-India Muslim League Working Committee.,Begum Mohammad Ali Jouhar,Begum Viqar-un-Nisa Noon,Begum Jahanara Shahnawaz,Begum Salma Tasadduq,A
3575,The Thal Desert is located in ____.,Gilgit,Punjab,KPK,None of these,B
3576,The Dark green field in the flag of Pakistan represents:,Muslim majority,Minority,Both majority and minority,None of these,A
3577,Balban saved the infant Muslim Sultanate in India from the ________ peril.,Portuguese,Mongol,Mughal,None of these,B
3578,Who was the last ruler of the Lodi Dynasty?,Bahlol Lodi,Ibrahim Lodi,Akbar Lodi,None of these,B
3579,In ____ the 8th Constitutional Amendment was adopted by the Parliament.,in Nov-85,in Dec-85,in Nov-84,in Sep-84,A
3580,For approximately how many years did the Delhi Sultanate last?,250 years,320 years,190 years,410 years,B
3581,"The Pakistan Army launched ""Operation Radd-ul-Fasaad"" across the country on _________.","On January 13, 2017","On February 2, 2017","On February 15, 2017","On February 22, 2017",D
3582,Where was Maulana Muhammad Ali Johar buried after his death?,Lahore,Delhi,Baitul Muqaddas (Jerusalem),Karachi,C
3583,"Pakistan earns ________ annually from the export of various wood products, excluding sports goods.",1.0 billion rupees,1.5 billion rupees,2.0 billion rupees,2.5 billion rupees,B
3584,Which pass connects Parachinar and Kohat with Afghanistan?,Khyber Pass,Kurram Pass,Gomal Pass,None of these,B
3585,Who coined the name of Pakistan?,Sir Syed Ahmad Khan,Ch. Rehmat Ali,Quaid-e-Azam,None of these,B
3586,The Kargil War ended through which agreement?,Delhi Agreement,Washington Agreement,Simla Agreement,None of these,B
3587,The area of KPK is ________.,"98,421 km²","104,641 km²","107,521 km²","101,741 km²",D
3588,The most important offer by Muslims in the Delhi proposals was:,Constitutional reforms in NWFP,Separation of Sindh from Bombay,One-third of seats for Muslims,A separate electorate,D
3589,Alauddin Alam Shah abdicated the throne in favour of whom?,Khizr Khan,Muhammad Shah,Daulat Khan Lodhi,Bahlol Lodhi,D
3590,Which of the following was the first dynasty of the Delhi Sultanate?,Khilji Dynasty,Mamluk Dynasty,Tughlaq Dynasty,Lodhi Dynasty,B
3591,The National Dress of Pakistan is__________.,Nicker Shirt,Pent Shirt,Shalwar kameez,Dhoti Kurta,C
3592,Which members were part of the 1946 Cabinet Mission?,"Lord Pethick-Lawrence, A.V. Alexander, and Stafford Cripps","Lord Linlithgow, Lord Willingdon, and Lord Mountbatten","Jawaharlal Nehru, Liaquat Ali Khan, and C. Rajagopalachari","Ramsay MacDonald, Clement Attlee, and Lord Zetland",A
3593,"When was the 17th amendment bill ratified by the President, after getting passed by both houses of Majlis-e-Shura?","on Dec 29, 2003","on Dec 30, 2003","on Dec 31, 2003",None of these,C
3594,When were Qadianis declared non-Muslims:,1970,1974,1975,1976,B
3595,The national reptile of Pakistan is the _________.,Rohu Fish,Indus Dolphin,Mugger Crocodile,All of these,C
3596,The Fourth Anglo-Mysore War was fought between Tipu Sultan and the British under Lord Wellesley ________.,during 1798-99,during 1698-99,during 1898-99,during 1998-99,A
3597,Former President Pervaiz Musharraf resigned in:,2007,2008,2009,2010,B
3598,"Who was the very first ruler in history to officially assume the title of ""Sultan""?",Mahmud of Ghazni,Sabuktigin,Alptigin,Al-Qadir Billah,A
3599,For how many years was Zia-ul-Haq elected as the President of Pakistan in the referendum of 1984?,6 years,5 years,4 years,3 years,B
3600,Sindh was separated from the Bombay Presidency in __________.,In 1936,In 1938,In 1940,In 1942,A
3601,"Dr. Begum Ashraf Abbasi, the 1st Lady Deputy Speaker of Pakistan, belongs to __________.",Hyderabad,Islamabad,Larkana,Karachi,C
3602,The Pakistan Maritime Museum is located in which city?,Karachi,Lahore,Islamabad,Gwadar,A
3603,When did Sir Syed Ahmad Khan start his career as Sarishtedar?,1831,1837,1838,1839,C
3604,The largest cantonment of the Pakistan army is located in:,Jhelum,Karachi,Kharian,Multan,C
3605,Which kind of system of Government was introduced in the 1973 Constitution?,Presidential,Parliamentary,Autonomous,Unilateral,B
3606,The Rohtas Fort is situated beside which river?,Jhelum,Chenab,Kahan,Indus,C
3607,Pervez Musharraf returned from which country when he imposed Martial Law?,Bangladesh,Bhutan,Sri Lanka,India,C
3608,Which innovative battle technique did Babur famously use in the First Battle of Panipat?,Tulughma,Scorched earth,Guerrilla warfare,Phalanx,A
3609,Nadir Shah of Iran defeated which Mughal Emperor in the Battle of Karnal in 1739?,Shah Alam II,Akbar II,Muhammad Shah,Aurangzeb,C
3610,Shah Wali Ullah was born in:,1703,1705,1707,None of these,A
3611,Census is held in Pakistan after every:,5 years,10 years,15 years,None of these,B
3612,Partition of Bengal was annulled after:,6 years,7 years,8 years,9 years,A
3613,Under which treaty did the British sell the state of Jammu and Kashmir to Gulab Singh?,The British Treaty,The Kashmir Treaty,The Treaty of Amritsar,The Indian Treaty,C
3614,In which city is the tomb of Qutbuddin Aibak located?,Delhi,Ajmer,Ghazni,Lahore,D
3615,HRCP stands for__________.,Human Rights Committee of Pakistan,Human Rights Conference of Pakistan,Human Rights Commission of Pakistan,None of these,C
3616,Who was the first woman head of the Muslim Women Students' Federation?,Begum Jehan Ara,Begum Shaista Ikramullah,Begum Nusrat,None of these,B
3617,The Kargil War was fought between India and Pakistan in:,1998,2000,1997,None of these,D
3618,The atomic blast done by Pakistan was measured __________ on Richter scale.,3.5,4.7,5.5,None of these,C
3619,Who was the first Chief Minister of Sindh after independence?,Yusuf Haroon,Muhammad Ayub Khuhro,Qaim Ali Shah,None of these,B
3620,Who is known as the founder of Tahrik-e-Reshmi Rumal (The Silk Letter Movement)?,Maulana Qasim Nanotvi,Maulana Mahmood-ul-Hassan,Maulana Hussain Ahmad Madani,Maulana Shabir Ahmad Usmani,B
3621,The city of _________ was the birthplace of the Mughal Emperor Akbar.,Umerkot,Islamkot,Larkana,Thatta,A
3622,Muhammad bin Qasim was born in __________.,In 693 AD,In 694 AD,In 695 AD,In 696 AD,C
3623,When was the Jinnah Barrage constructed?,In 1965,In 1946,In 1971,In 1969,B
3624,The age of Quaid-e-Azam at the time of his death was:,More than 70 years,More than 71 years,More than 72 years,None of these,B
3625,Pakistan officially joined the United Nations (UN) on ___________.,"On October 30, 1947","On September 30, 1947","On August 30, 1947","On March 30, 1948",B
3626,What percentage of Kashmir is under the control of China?,0.05,0.1,0.15,0.2,D
3627,Khunjerab Pass connects which two countries?,Pakistan-China,Pakistan-India,India-China,None of these,A
3628,Who was the second Prime Minister of Pakistan?,Liaquat Ali Khan,Khawaja Nazim-ud-Din,Ch. Muhammad Ali,None of these,A
3629,What is the real name of Lal Shahbaz Qalandar?,Shah Muhammad Qasim,Hazrat Usman Marwandi,Abdul Rasool,None of these,B
3630,Which of these personalities are buried within the Mazar-e-Quaid mausoleum complex?,"Fatima Jinnah, Liaquat Ali Khan, Nurul Amin, Abdur Rab Nishtar","Fatima Jinnah, Ayub Khan, Begum Rana Liaquat, I.I. Chundrigar","Fatima Jinnah, Liaquat Ali Khan, H.S. Suhrawardy, G.M. Syed","Liaquat Ali Khan, Nurul Amin, Yahya Khan, Bartle Frere",A
3631,Who was appointed the first President of the Muslim League?,Nawab Mohsin-ul-Mulk,Nawab Viqar-ul-Mulk,Nawab Saleem Ullah,Sir Agha Khan,D
3632,Raja Dahir belonged to which dynasty?,Rai Dynasty,Pala Dynasty,Gupta Dynasty,Chach Dynasty,D
3633,Name the first Pakistani female cricketer to take 100 wickets in ODIs:,Sana Mir,Javeria Khan,Marina Iqbal,Sadia Yousaf,A
3634,Why did Quaid-i-Azam say that Kashmir is the jugular vein of Pakistan?,Kashmir contains huge reserves of mineral resources,It is the most beautiful place on earth,The sources of several major rivers vital to Pakistan are in or flow through Kashmir,None of these,C
3635,What was the response of Allama Iqbal to the Lucknow Pact?,He supported it strongly,He opposed it strictly,He was neutral,He was not politically active at the time,B
3636,The first private airline in Pakistan was:,Hajvery,Orient,Shaheen,Bhoja,A
3637,Who was the penultimate Viceroy of India?,Warren Hastings,Lord Wavell,Lord Canning,Lord Minto,B
3638,Which of the following is not a potential flashpoint between the US and China?,Taiwan,Senkaku Islands,Hawaii,North Korea,C
3639,"According to the Second Draft Constitution (Bogra Formula), the Head of State was to be elected for _________ years.",4 years,5 years,6 years,7 years,B
3640,MPA stands for _________.,Member of Provincial Assembly,Motion Picture Artist,Member of Pakistan Assembly,Master in Public Accounts,A
3641,Who bestowed the National Reconciliation Ordinance (NRO) in the political history of Pakistan?,Zia-ul-Haq,Pervez Musharraf,Ayub Khan,Yahya Khan,B
3642,How many days did the 1965 War continue?,10,12,17,25,C
3643,The All Pakistan Music Conference was organized on what date?,15 Sept. 1959,14 Oct. 1959,11-Mar-59,None of these,A
3644,"Who said, ""The Instrument of Accession to India is illegal and fraudulent""?",Quaid-e-Azam,Liaquat Ali Khan,Raja Ghazanfar Ali,Abdur Rab Nishtar,A
3645,Who announced the Communal Award in 1932?,Ramsay MacDonald,Lord Irwin,Lord Curzon,Lord Wavell,A
3646,"After the Nehru Report, The Fourteen Points were presented by:",Maulana Shaukat Ali,Maulana Muhammad Ali Jauhar,Quaid-e-Azam,None of these,C
3647,In which year was the Arya Samaj founded?,1870,1875,1877,1878,B
3648,When did Pakistan sign the Baghdad Pact (CENTO)?,on 23rd September 1955,on 1st October 1955,on 6th December 1956,on 23rd September 1954,A
3649,Who composed the National Anthem of Pakistan?,Allama Iqbal,Hafeez Jalandhari,Ahmed G. Chagla,None of these,B
3650,Where Pakistan's first Postal Stamp was printed?,Karachi,New York,London,Lahore,C
3651,The first session of the first Constituent Assembly of Pakistan was held on _________.,"On July 20, 1947","On August 10, 1947","On August 11, 1947","On August 14, 1947",B
3652,When did Lord Curzon announce the Partition of Bengal?,"on 16th October, 1904","on 16th October, 1905","on 16th October, 1906","on 16th October, 1907",B
3653,When was Nadwatul Ulema established?,1884,1893,1894,1896,C
3654,Which is the second largest province of Pakistan by area?,Punjab,Sindh,Khyber Pakhtunkhwa,Balochistan,A
3655,Islamabad was declared the capital of Pakistan in __________.,In 1959,In 1960,In 1961,None of these,B
3656,The Prevention of Electronic Crimes Act ('PECA') was promulgated in:,2014,2016,2018,2023,B
3657,Renowned Urdu writer Mushtaq Ahmad Yusufi by profession was:,Civil servant,Newscaster,Banker,Publisher,C
3658,"Who is the author of the book ""The Daughter of the East""?",K.K. Aziz,G. Allana,Benazir Bhutto,Ayesha Jalal,C
3659,Mirpur is a famous city of ________.,Khyber Pakhtunkhwa,Punjab,Azad Kashmir,None of these,C
3660,Indian Khilafat Deputation visited England to put their views before LIyod George in:,in 1940,in 1930,in 1920,None of these,C
3661,When was the Simla Agreement signed?,1971,1972,1973,1974,B
3662,Who was the last king of the Mughal Empire?,Bahadur Shah Zafar,Babur,Humayun,None of these,A
3663,The National Finance Commission (NFC) is constituted under which Article of the Constitution?,Article 160,Article 170,Article 180,Article 190,A
3664,Which of the following American Presidents did not visit Pakistan?,Dwight D. Eisenhower,Lyndon B. Johnson,Bill Clinton,Barack Obama,D
3665,Where was the AIML founded?,Delhi,Karachi,Dhaka,Lucknow,C
3666,Who was first captain of Pakistan Hockey Olympic Team?,Ali Iqtadar Shah Dara,Hamidullah Khan Burki,Manzoor Hussain Atif,Munir Ahmed Dar,A
3667,Who was the first Chief Minister of Sindh?,Kh. Nazimuddin,M.A. Khuro,Ghulam Hussain Hidayatullah,Muhammad Ayub Khuhro,D
3668,Who was the Prime Minister of Britain during the partition of India?,Clement Attlee,Lord Mountbatten,Winston Churchill,Chamberlain,A
3669,Mangla Dam is situated in which province?,Punjab,KPK,Sindh,None of these,D
3670,Who was appointed by Quaid-e-Azam as the first ambassador of Pakistan to Iran?,Abdur Rab Nishtar,Qazi Muhammad Isa,Agha Shahi,Raja Ghazanfar Ali,D
3671,Who was the first president of the All-India Muslim Students Federation?,Hasan Jamil,Raja Sahib of Mahmudabad,Laeeq Ahmad,Ateeq-ur-Rehman,B
3672,The third Prime Minister of Pakistan was:,Chaudhry Muhammad Ali,Muhammad Ali Bogra,Ibrahim Ismail Chundrigar,Khawaja Nazimuddin,B
3673,_____ was the first state which joined Pakistan in 1947.,Kalat,Chitral,Bahawalpur,Gilgit,C
3674,Pakistan defeated ____ to win the Cricket World Cup in 1992.,India,England,Australia,Sri Lanka,B
3675,The National Assembly consists of _______ members.,200,300,372,342,D
3676,Where was Mirza Ghalib buried?,Lahore,Delhi,Agra,Hyderabad,B
3677,The latest internet clampdown in occupied Kashmir by the Indian government started on:,on 05 August 2019,on 15 August 2019,on 25 August 2019,None of these,A
3678,What was the popular local term for the Grand Trunk Road?,Badshahi Sarak,Shah Rah,Gernaili Sarak,Suri Marg,C
3679,When was the Hudood Ordinance enforced?,on 10th Feb 1979,on 10th Feb 1981,on 1st March 1980,on 10th March 1979,A
3680,"The second-highest mountain in the world, K2, is located in __________.",Gilgit-Baltistan,KPK,FATA,Kashmir,A
3681,Who was the second President of the Indian National Congress?,Womesh Chunder Bonnerjee,Dadabhai Naoroji,Badruddin Tyabji,None of these,B
3682,The total area of Quetta City in km² is __________.,"2,656 km²","3,702 km²","5,723 km²","7,523 km²",A
3683,Who was the Speaker of the National Assembly during the Bhutto era (1973-1977)?,Sahibzada Farooq Ali,Abdul Jabbar Khan,Syed Fakhar Imam,Syed Yousaf Raza Gillani,A
3684,The first Foreign Minister of Pakistan was __________.,Sir Zafarullah Khan,Khawaja Nazimuddin,Ghulam Mohammad,None of these,A
3685,Who was the President of Pakistan after the death of Zia-ul-Haq:,Ghulam Ishaq Khan,Farooq Leghari,Muhammad Rafiq Tarar,None of these,A
3686,The Chairman of a Zakat Committee:,May be Muslim,Can be Christian,Can be Jew,Must be Muslim,D
3687,When was PPPP established?,1962,1965,1967,1970,C
3688,CPEC is also called ______ for Pakistan?,Asian Tiger,Game Changer,World Bank,None of these,B
3689,The book 'Political Parties in Pakistan' (1947-1958) is written by ___________.,K. K. Aziz,M. Rafique Afzal,M. Waseem,None,B
3690,Who was the Chief of Army Staff of Pakistan in 1970?,General Ayub Khan,General Yahya Khan,General Tikka Khan,General Zia-ul-Haq,B
3691,What was the purpose of the Minto-Morley Reforms in 1909?,Separate Provinces,Separate Electorates,Equal Proportion,None of these,B
3692,"The book ""In the Line of Fire"" was written by:",Nawaz Sharif,Benazir Bhutto,Pervez Musharraf,Imran Khan,C
3693,Pakistan issued its first coin on:,on 14th August 1947,on 3rd January 1948,on 1st July 1948,on 23rd March 1949,B
3694,Mohandas Karam Chand Gandhi resigned from Congress in _______:,on 15 April 1932,on 30 October 1934,on 30 October 1944,None of these,B
3695,Who had the shortest tenure as Governor-General of Pakistan?,Muhammad Ali Jinnah,Khawaja Nazimuddin,Ghulam Muhammad,Iskander Mirza,D
3696,What was the approximate installed hydroelectricity generation capacity of Tarbela Dam for many years?,"3,478 MW","3,378 MW","3,578 MW","3,278 MW",A
3697,An early constitutional draft (1956) declared _________ as the sole official language.,Urdu,Bengali,Both a & b,None of these,C
3698,"In which city is the largest railway workshop, Mughalpura, located?",Gujranwala,Multan,Karachi,Lahore,D
3699,Bahauddin Zakariya was born at _________.,Kot Kehror,Kot Lakhpat,Kot Lakhan,None of these,A
3700,In which year was the Muslim League in Baluchistan established:,1933,1935,1937,1939,D
3701,The institution of Basic Democracies was introduced in ________ to utilize concealed unemployment in the rural sector.,In 1959,In 1956,In 1961,In 1958,A
3702,The famous 'Nili-Ravi' of Sahiwal is a breed of ________.,Camel,Buffalo,Cow,Horse,B
3703,When was the State of Swat formally included in Pakistan?,1968,1969,1970,1971,B
3704,"The total population of transgenders, according to the 6th Population Census of 2017 in Pakistan, is ________.",10100,10418,12121,12450,B
3705,Who was the Caretaker Prime Minister of Pakistan for the 2018 general election?,Justice (retd) Nasir-ul-Mulk,Maleeha Lodhi,Justice (retd) Tassaduq Hussain Jillani,None of them,A
3706,When was the All India Muslim League (AIML) established?,2466,30-Dec-06,30-Dec-07,4830,B
3707,Which Article in the 1973 Constitution of Pakistan deals with Jammu and Kashmir?,230,240,245,257,D
3708,When did Quaid-i-Azam join the AIML?,1906,1913,1916,1917,B
3709,The local Zakat fund is maintained by the:,Chief Administrator,Banks,Provincial Admin,None of the above,A
3710,The city of Guava is ________.,Badin,Tando Muhammad Khan,Shahdadkot,Larkana,D
3711,Which of the following functions as the central bank of Pakistan?,NBP,BOP,CBP,SBP,D
3712,How many Muslim seats did the AIML win in Bengal in 1937?,37,119,70,104,A
3713,"The book ""Thoughts on Pakistan"" was written by:",Stephen Cohen,Khalid Bin Sayeed,Dr. Ishtiaq Hussain,B.R. Ambedkar,D
3714,Which province gave the AIML majority seats in the 1937 elections?,Bengal,United Province,Punjab,Sindh,B
3715,Maharaja Ranjit Singh had lost vision in his left eye as a result of:,Congenital defect,Stab wound,Arrow wound,Smallpox,D
3716,The longest-serving prime minister of Pakistan is __________.,Yousaf Raza Gillani,Mian Muhammad Nawaz Sharif,Liaquat Ali Khan,Muhammad Ali Bogra,B
3717,The non-Muslim member of the Punjab Boundary Commission was:,Karan Singh,Teja Singh,Jeta Singh,None of these,B
3718,The military operation ended in East Pakistan in ______ 1971.,April,May,September,December,D
3719,Who was the first elected president of Pakistan?,Ayub Khan,Iskander Mirza,Z.A. Bhutto,Benazir Bhutto,A
3720,The 'Tiger of Mysore' was the title of __________.,Titu Mir,Nadir Shah,Tipu Sultan,None of these,C
3721,The author of 'The Case for Pakistan' is ____________.,Rafiq Afzal,S.M. Ikram,I.H. Qureshi,None of these,A
3722,The National Flag of Pakistan was designed by:,Amiruddin Kidwai,Hafeez Jalandhri,Ahmed Ghulam Ali Chagla,None of these,A
3723,When was the Indian Council Act passed?,1855,1858,1861,1884,C
3724,Who was the third Prime Minister of Pakistan?,Liaquat Ali Khan,Khawaja Nazimuddin,Muhammad Ali Bogra,None of the Above,C
3725,The Karakoram Highway starts in Pakistan from:,Islamabad,Tarbela,Hasan Abdal,None of these,C
3726,"Abdul Khaliq, a Pakistani sprinter who won 36 international gold medals, is known as:",Flying Bird of Pakistan,Flying Bird of Asia,Flying Boy of Asia,None of above,B
3727,Who was the first CM of Balochistan?,Ataullah Mengal,Ghous Bakhsh Bizenjo,Nawab Akbar Bugti,Jam Ghulam Qadir Khan,A
3728,The Islamabad Accord was signed in 1993 by how many Afghan Mujahideen factions?,2,6,4,None of these,B
3729,Mohtrama Fatima Jinnah joined the Muslim League in:,in 1937,in 1938,in 1939,in 1940,C
3730,The Khilafat in Turkey was abolished on:,on 10 November 1922,on 29 October 1923,on 3 March 1924,on 15 April 1925,C
3731,Who was the first Asian and Indian to win the Nobel Prize?,Rabindranath Tagore,Allama Iqbal,Maulana Maududi,Syed Ahmad Khan,A
3732,Faiz Mahal is in__________.,Ghotki,Thatta,Khaipur,Karachi,C
3733,"The ""Nehru Report"" was published in ___________.",In April 1927,In August 1927,In April 1928,In August 1928,D
3734,The Cripps Mission reached the Subcontinent in what year?,1942,1943,1944,1945,A
3735,____ Necropolis was inscribed as a UNESCO World Heritage Site.,Makli,Thatta,Jamshoro,None of these,A
3736,The rock formation in Balochistan that resembles a standing woman is known as the __________.,The Girl of Sorrows,The Queen of Beauty,The Princess of Hope,None of these,C
3737,"Akbar's empire covered the whole of India, including ________, except the Southern Peninsula and Assam.",Kabul,Kashmir,Kandhar,All of these,D
3738,How many seats were reserved in the assembly for Muslims in the Lucknow Pact?,01-Feb,01-Mar,01-Apr,01-May,B
3739,When was the Indus Water Treaty signed between India and Pakistan?,In 1960,In 1962,In 1969,None of these,A
3740,Who prepared the Pirpur Report of 1938?,Quaid-i-Azam,Raja Syed Muhammad Mehdi of Pirpur,Allama Iqbal,Maulana Mohammad Ali Jauhar,B
3741,Ajodhan is the old name of ___________.,Jacobabad,Attock,Pakpattan,Panjnad,C
3742,Which city is called the 'City of Glass and Bangles'?,Matiari,Hyderabad,Hala,Khairpur,B
3743,The Council of Islamic Ideology has how many seats for women?,1,2,3,4,A
3744,How many Mughal emperors ruled over the subcontinent?,15,17,19,21,B
3745,"The ""Khaksar Tehreek"" was established in 1930 by ________.",Mahatma Gandhi,Allama Iqbal,Quaid-e-Azam,Allama Inayatullah Mashriqi,D
3746,"Chaudhry Rehmat Ali, who proposed the name ""Pakistan"", is buried in?",Karachi,London,Oxford,Cambridge,D
3747,"What was the original name of Ghiyasuddin Tughluq, the founder of the Tughluq Dynasty?",Juna Khan,Ghazi Malik,Ulugh Khan,Khusrau Khan,B
3748,When did Pakistan join the Non-Aligned Movement (NAM)?,1973,1976,1979,1982,C
3749,"When did Chaudhary Rehmat Ali introduce the term ""Pakistan"" in his pamphlet?",In 1930,In 1928,In 1926,In 1933,D
3750,In which annual session of the All-India Muslim League was the Lahore Resolution passed?,Twenty-sixth,Twenty-seventh,Twenty-ninth,Thirtieth,B
3751,The Silk Road connects Pakistan with which country?,China,India,Iran,None of these,A
3752,Who was the second president of the Muslim League?,Sir Agha Khan,Sir Ali Mohummad Khan,Nawab Salimullah Khan,Muhammad Ali Jinnah,B
3753,"The 18th Amendment to the Constitution of Pakistan (1973), passed in 2010, is renowned for what major political reform?",It established Shariat Courts in the country.,It changed the official name of the country to the Islamic Republic of Pakistan.,It removed the power of the President to dissolve the assemblies and granted greater provincial autonomy.,It introduced a bicameral legislature with a Senate and National Assembly.,B
3754,Fort St. George was built by the British in ___________.,Surat,Madras (now Chennai),Agra,Delhi,B
3755,D. F. Mulla was a famous personality of Indo-Pak. He relates to __________.,Sociology,Literature,Law,History,C
3756,The Nehru Report recommended principles for:,The new Constitution of India,The partition of Bengal,An economic alliance with Britain,The abolition of the princely states,A
3757,The Pakistan Mineral Development Corporation was established in ________.,In 1974,In 1978,In 1981,In 1979,A
3758,The Nehru Report was published in:,in 1927,in 1928,in 1929,in 1930,B
3759,What was the purpose of the 21st Amendment to the Constitution?,To establish military courts for terrorism offenses,To impose Shariah law,To create Speedy Trial Courts,To remove the power of the President,A
3760,"According to the 1998 census, what was the population density in Balochistan?",18-28 per km²,28-39 per km²,39-59 per km²,59-82 per km²,B
3761,"Liaquat Ali Khan, the first Prime Minister of Pakistan, was assassinated on 16th October 1951 in which city?",Lahore,Karachi,Islamabad,Rawalpindi,D
3762,"Under the Karachi agreement in July 1949, Pakistan got control over which area?",Kargil,Siachen,Gilgit,Sialkot,B
3763,Asrar-e-Khudi' was translated into Indonesian by ________.,M. Burhan Rangkuti,Professor Hell,Madame Eva Meyerovitch,Prof Arberry,A
3764,"Reko Diq, a large copper and gold deposit, is in the __________ district of Balochistan.",Loralai,Chagai,Lasbela,Jafarabad,B
3765,What was the name of DIG Traffic who died in a suicide blast in Lahore during the year 2017?,Captain Zaheer,Captain Mubeen,Imtiaz Gondal,Captain Akhtar Hussain,B
3766,"The Kartarpur Corridor is located in which district of Punjab, Pakistan?",Narowal,Lahore,Sialkot,Bahawalpur,A
3767,When did Quaid-e-Azam participate in the Round Table Conference in London?,In 1927,In 1928,In 1929,In 1930,D
3768,When was Pakistan's first postal stamp issued?,"On July 5, 1948","On July 6, 1948","On July 7, 1948","On July 9, 1948",D
3769,Who was the founder of the daily Nawa-e-Waqt?,Hameed Nizami,Zia Shahid,Majeed Nizami,Arif Nizami,A
3770,The total track length of railways in Pakistan is __________.,"5,740 km (3,566 mi)","12,929 km (8,033 mi)","7,300 km (4,536 mi)","11,881 km (7,383 mi)",D
3771,Who was the Viceroy of India at the time of the partition of Bengal?,Lord Curzon,Lord Wavell,Lord Minto,None of these,A
3772,Muhammad bin Qasim was born in which city?,Makkah,Madinah,Ta'if,Basra,C
3773,"Wakhan, a narrow strip of Afghanistan, separates Pakistan from which Central Asian country?",Uzbekistan,Kazakhstan,Tajikistan,Turkmenistan,C
3774,The end of the War of Independence 1857 was officially declared in:,in August 1858,in September 1858,in October 1858,in November 1858,D
3775,"Hazrat Amir Khusrau, the first Urdu poet, was by birth _______?",Iranian,Afghani,Indian,Tajikistani,C
3776,Lord Mountbatten communicated his government's plan for the transfer of power on __________.,"On January 3, 1947","On June 3, 1947","On June 3, 1948","On January 3, 1948",C
3777,FATA was merged in 2018 into which province?,Punjab,Sindh,KPK,Balochistan,C
3778,"When Humayun came to Sindh in 1541-42, it was under the regime of __________.",Mirza Shah Baig Arghun,Mirza Shah Hassan Arghun,Mirza Nadir Shah Arghun,Mirza Nizam Shah Arghun,B
3779,The first railway line between Karachi and Kotri was opened in __________.,In 1896,In 1861,In 1871,In 1900,B
3780,Who started the Faraizi Movement?,Maulana Muhammad Ali Jauhar,Haji Shariatullah,Allama Iqbal,Sir Agha Khan,B
3781,The real name of Noor Jahan was:,Mehr-un-Nissa,Nigaar Begum,Nagina Begum,Rukhsar-un-Nissa,A
3782,The world's largest tribal society is ________.,Pashtun,Baloch,Brohi,Afridi,A
3783,Pakistan purchased Gwadar from ____.,Oman,Iran,Kuwait,None of these,A
3784,The last town on the Karakoram Highway in Pakistan before the Chinese border is _________.,Sost,Astore,Bunji,None of these,A
3785,Pakistan Maritime Security Agency belongs to which branch?,Pak Army,Pak Air Force,Pak Navy,Pak Rangers,C
3786,The 1st US ambassador to Pakistan was___________.,Stephen Cohen,Gorge Hampen,Paul H. Ealing,None of these,C
3787,Who presented the Objective Resolution in the Constituent Assembly?,Quaid-e-Azam,Liaquat Ali Khan,Ghulam Muhammad,Khawaja Nazimuddin,B
3788,Mahmud of Ghazni attacked India in which century:,10th Century,11th Century,12th Century,13th Century,B
3789,"In the Objectives Resolution of 1949, sovereignty belongs to ____.",Parliament,ALLAH,Khalifa,None of these,B
3790,In which constitution was a Bicameral Legislature provided for the first time?,In 1949,In 1956,In 1962,In 1973,D
3791,Which school did Sir Syed establish in Ghazipur?,Gulshan School,Victoria School,Jam-i-Jahan Numa,Aligarh Institute,B
3792,When was the Tarbela Dam completed?,1967,1973,1976,None of these,C
3793,"Under the ""Indus Waters Treaty of 1960"", Pakistan has the right to the waters of which rivers?","Ravi, Sutlej, and Chenab","Sutlej, Chenab, and Jhelum","Chenab, Jhelum, and Indus",None of these,C
3794,What was the venue of the oath taking of Quaid-e-Azam and Liaquat Ali Khan?,Lahore,Islamabad,Karachi,Rawalpindi,C
3795,Mohenjo Daro was discovered in:,In 1909,In 1921,In 1922,None of these,C
3796,"In the Sub-Continent, the first synchronous census was held in ________.",in 1881,in 1872,in 1891,None of these,A
3797,PCO issued by General Pervez Musharraf in November 2007 stands for:,Provisional Constitutional Order,Provincial Constitutional Order,Provisional Constitutional Ordinance,Provincial Constitutional Ordinance,A
3798,"Pakistan, being an Alma Ata signatory in 1978, launched the National Program for Family Planning and Primary Health in:",1994,1968,1973,1985,A
3799,When was Pakistan National Highways & Motorway Police established?,In 1987,In 1990,In 1997,In 2000,C
3800,Which political party was formed by Ayub Khan?,Muslim League,Republican Party,Convention League,Awami League,C
3801,"From Karachi, the farthest point on the Makran Coastal Highway is __________.",Pasni,Jiwani,Gwadar,Ormara,B
3802,Pakistan's first plastic road inaugurated in which city?,Lahore,Karachi,Islamabad,None of these,C
3803,Who was not a member of the First Cabinet of Pakistan?,Sardar Abdur Rab Nishtar,Hussain Shaheed Suhrawardy,Jogendra Nath Mandal,Malik Ghulam Muhammad,B
3804,"Who drafted the ""Wardha Scheme"" of basic education under the guidance of Gandhi?",Abul Kalam Azad,Jawaharlal Nehru,Dr. Zakir Hussain,None of these,C
3805,What was the real name of Nawab Viqar-ul-Mulk?,Mushtaq Hussain,Mehdi Ali Khan,Sultan Muhammad Shah,Hassan Bilgrami,A
3806,The boundary line between Azad Kashmir and Indian-administered Kashmir is called the __________.,Line of Control,Durand Line,Oder-Neisse line,The Radcliffe Line,A
3807,Pakistan purchased Gwadar from which country?,Oman,U.A.E.,Iran,None of these,A
3808,"Under the 2nd phase of Land Reforms, the maximum allowable holding was fixed at ________ irrigated acres.",100,150,130,180,A
3809,On which river(s) was the Indian claim to ownership conceded?,Sutlej,Beas,Ravi,All of these,D
3810,The National Animal of Pakistan is ________?,Lion,Tiger,Markhor,None of these,C
3811,The first capital of Pakistan was:,Karachi,Lahore,Hyderabad,None of these,A
3812,Dogra dynasty bought Kashmir from the British in the year.,1836,1846,1856,1866,B
3813,"What is the shape of Lower Kachura Lake, also known as Shangrila Lake?",Circle,Heart,Triangle,Tear drop,B
3814,The first Cabinet of Pakistan consisted of ______ members.,5,7,9,11,B
3815,The immediate cause for the invasion of Sindh in 712 AD was the interception of a ship sent by the king of?,Persia,Ceylon,Egypt,Oman,B
3816,The 1st head of the state who visited Pakistan after independence was:,President of Iran,President of Indonesia,Ameer of Qatar,None of these,B
3817,The Partition of Bengal was annulled under the British Monarch:,King George VI,King George IV,King George V,King George II,C
3818,The highest civil award is the __________.,Nishan-e-Imtiaz,Nishan-e-Sadarat,Nishan-e-Hyder,Nishan-e-Pakistan,D
3819,The Regional Cooperation for Development (RCD) was established in 1964 and was annulled in _______.,In 1969,In 1979,In 1989,None of these,B
3820,How many major barrages are located in Sindh province?,3,4,5,7,A
3821,Which Prime Minister of Jammu and Kashmir was dismissed shortly after Gandhi's visit in 1947?,Ram Chandra Kak,Mehr Chand Mahajan,Sheikh Abdullah,None of them,A
3822,"Sir Syed Ahmed Khan wrote the book ""The Loyal Mohammedans of India"" in ______.",In 1848,In 1859,In 1860,In 1870,C
3823,The Nehru Report was published by Motilal Nehru in:,in 1927,in 1928,in 1929,in 1930,B
3824,"_____ set up a ""Chain of Justice"".",Aurangzeb,Jahangir,Babar,Akbar,B
3825,Nawaz Sharif became Prime Minister of Pakistan for the first time on,"In February, 1997","In December, 1988","In November, 1990","In May, 1993",C
3826,In which year Smart Card (Smart National Identity Card) Issued in Pakistan?,In 2010,In 2011,In 2012,In 2014,C
3827,Name the Chief Election Commissioner who conducted two Presidential Elections.,Qazi Muhammad Farooq,F.M. Khan,Akhtar Husain,Justice N.A. Nusrat,A
3828,The Khilafat movement was ended by:,Quaid-e-Azam,Gandhi,Maulana Muhammad Ali Jauhar,None of these,B
3829,"""Wali Tangi Dam"" is located in __________.",Punjab,Sindh,KPK,Balochistan,D
3830,The major language of the former FATA region is __________.,Pashto,Urdu,Balochi,None of them,A
3831,Khilafat Movement was started by:,Maulana Muhammad Ali Johar,Quaid-e-Azam,Allama Iqbal,None of these,A
3832,Sir Syed Ahmed Khan retired as a Judge in ________.,In 1876,In 1878,In 1879,None of these,A
3833,Which of the following acts of the East India Company provided a joint government of British India by the company and the Crown with the government holding the ultimate authority?,Regulating Act 1773,'Pitt's India Act 1784,Charter Act 1786,Charter Act 1793,B
3834,In which city is the Pakistan Naval War College located?,Karachi,Lahore,Multan,Rawalpindi,B
3835,The first Urdu newspaper in the Indian subcontinent was:,Koh-i-Noor,Jam-e-Jahan Numa,Urdu Akhbar,Sadiq-ul-Akhbar,B
3836,Which kind of system of government was introduced in the 1962 Constitution?,Bicameral,Presidential,Parliamentary,None of these,B
3837,Which educational scheme was introduced by the Congress alongside the Wardha Scheme?,Vidya Mandir,Shuddhi,Sangathan,Khilafat,A
3838,"In terms of area, which is the largest district of Punjab?",Bahawalpur,Lahore,Multan,Rahimyar Khan,A
3839,What was the real name of Tipu Sultan?,Sultan Fateh Ali Khan Shahab,Sultan Nusrat Ali Khan Shahab,Sultan Azmat Ali Khan Shahab,Sultan Shafqat Ali Khan Shahab,A
3840,Which of the following forts was built by Akbar?,Attock Fort,Lahore Fort,Kot Diji,Both a & b,D
3841,Former President Pervez Musharraf resigned in ________.,in August 2007,in September 2007,in September 2008,in August 2008,D
3842,Which country has announced to give Rs. 2.3 billion to Pakistan for weather radar system installation in Multan?,China,Japan,Korea,France,B
3843,The term of Government of Benazir Bhutto for second time was:,1988-90,1990-93,1993-96,2005-07,C
3844,The highest official rank in the Pakistan Air Force is ___________.,Air Marshal,Supreme Marshal,Air Chief Marshal,Chief of Air Force,C
3845,"In the context of Pakistan political and judiciary history, what does PCO stand for?",Provisional Constitutional Ordinance,Provisional Constitutional Order,Provisional Court Order,None of these,B
3846,The Lucknow Pact was an agreement reached between the Indian National Congress and the _______ at a joint session of both parties held in Lucknow in December 1916.,Muslim League (AIML),Awami League (AL),Bharatiya Janata Party (BJP),None of these,A
3847,The real name of Gama Pehlwan was:,Ghulam Mohammad Baksh Butt,Mehr Din Shams,Kazim Khawar Hayat,None of these,A
3848,Who was the Finance Minister in the first cabinet of Pakistan?,Raja Ghazanfar Ali Khan,Sardar Abdur Rab Nishtar,Malik Ghulam Muhammad,I.I. Chundrigar,C
3849,"Jinnah, Pakistan and Islamic Identity: The Search for Saladin is a book based on conversations and interviews of those who were close to Jinnah. Who wrote this book?",Ayesha Jalal,Akbar S. Ahmed,Stanley Wolpert,Hector Bolitho,B
3850,Why did Syed Amir Ali resign from the Muslim League in 1913?,The Muslim League did not do sufficient work for its members,It criticized the Government,It started supporting the Hindu cause,The party had no clear-cut policy,D
3851,Ahmad Shah Abdali launched his early invasions against:,Mughals,Sikhs,Marathas,British,A
3852,In which of the following cities was the All India Muslim League founded?,Dhaka,Delhi,Lahore,Allahabad,A
3853,Which of the following PMs was a former ambassador to the USA?,Muhammad Ali Bogra,Chaudhry Muhammad Ali,Khawaja Nazimuddin,None of these,A
3854,_______ seats are reserved for non-Muslims in the National Assembly.,10,20,30,40,A
3855,"Which city is called the ""City of Perfumes""?",Islamabad,Rawalpindi,Lahore,Hyderabad,D
3856,The Planning Board was turned into the Planning Commission in:,in 1950,in 1951,in 1953,in 1955,B
3857,The main demand of the Simla Deputation was __________.,Funds for establishing a university for Muslims,Equal rights and justice for Muslims,Equal employment opportunities,Separate Electorate,D
3858,Mohenjo-daro is located on the west bank of the Indus in the __________ region of Sindh.,Upper Sindh,Lower Sindh,Central Sindh,Southern Sindh,A
3859,The system of diarchy remained operational during:,1921-1937,1922-1937,1923-1937,None of these,A
3860,George Cunningham took oath as First Governor of,Sindh,N.W.F.P.,Baluchistan,Punjab,B
3861,The Pakistan government is unable to spend on people's welfare due to:,Foreign debts and payments,Trade deficit,Fiscal deficit,None of these,A
3862,In FATA the tribal laws and judiciary function is looked by the _________.,Jirgha,Federal Govt,Tribes Council,All of them,D
3863,"The constitution of the All-India Muslim League, known as the 'Green Book', was written by __________.",Mohsin-ul-Mulk,Maulana Muhammad Ali Jauhar,Nawab Salimullah of Dacca,None of these,B
3864,Name the Minister of Education of Punjab:,Dr. Murad Raas,Khawaja Salman Rafiq,Raja Ashfaq Sarwar,None of these,A
3865,Which person wrote the official biography of Quaid-e-Azam?,Stanley Wolpert,Hector Bolitho,Sharif Mujahid,None of these,B
3866,"Sir Syed Ahmed Khan advocated for the inclusion of Indians in the Legislative Council in his famous book, 'The Causes of the Indian Revolt', as early as __________.",in 1850,in 1858,in 1870,None of these,B
3867,Pakistan's ______ got 5th spot in weightlifting in the Tokyo Olympics 2020:,Yasin Kamran,Babar Tauseef,Talha Talib,None of these,C
3868,The Salt Range is situated between the rivers Soan and ______.,Chenab,Jhelum,Kabul,Haro,B
3869,Who is the current governor of the State Bank of Pakistan?,Ashraf Mahmood Wathra,'Dr. Shamshad Akhtar,'Dr. Raza Baqir,None of these,C
3870,Which province has the longest coastline?,Balochistan,Sindh,Khyber Pakhtunkhwa,None of these,A
3871,Which newspaper issued by Ghulam Rasool:,Hamdard,Comrade,Inqalab,None of these,C
3872,Who is the only person in Pakistan to have served as Deputy Prime Minister of Pakistan?,Chaudhry Shujaat Hussain,Chaudhry Pervaiz Elahi,Nur-ul-Amin,Abdul Monem Khan,B
3873,Dr. Abdus Salam got the Nobel Prize in:,1978,1979,1980,1981,B
3874,Who replaced Nazimuddin as Governor General?,I.I. Chudrigar,Liaquat Ali Khan,Ghulam Muhammad,Sir Feroz Khan Noon,C
3875,Which of the following was the first private airline licensed in April 1993 to operate in Pakistan?,Hajveri Airline,Orient Airline,Bhoja Airline,None of these,A
3876,The Central Muhammadan Association was founded by:,Sir Syed Ahmed Khan,Syed Ameer Ali,Nawab Salimullah Khan,The Ali Brothers,B
3877,"The ""Do or Die"" slogan in the Quit India Movement was raised by:",Jinnah,Gandhi,Raja Acharya,None of these,B
3878,In which year did Fatima Jinnah die?,in 1971,in 1965,in 1967,in 1970,C
3879,Anwar Gargash was the Minister of State for Foreign Affairs of which country?,UAE,Oman,Kuwait,Saudi Arabia,A
3880,Pakistan signed Partial Test Ban Treaty (PTBT) in which year?,in 1977,in 1978,in 1976,in 1979,B
3881,"According to the Constitution of 1956, there shall be a ____ legislature in the country:",Bicameral,Unicameral,Tricameral,None of these,B
3882,Which province is famously known as 'the land of hospitality'?,Khyber Pakhtunkhwa,Sindh,Balochistan,Punjab,A
3883,Which type of offence is seen under Anti-Terrorism Act 1997?,Kidnapping for ransom,Hostage-taking,Hijacking,All of these,D
3884,Urdu daily restarted in Karachi as first national Urdu daily on,on 21 Sept 1947,on 5 Aug 1947,on 15 Oct 1947,on 25 Dec 1947,C
3885,Ramiz Raja is the ____ Chairman of the Pakistan Cricket Board.,35th,36th,37th,None of these,B
3886,Warsak dam is situated on which river?,Indus,Swat,Kabul,Chenab,C
3887,"Dina Wadia, the daughter of Quaid-e-Azam, was born in London on _______.","On August 15, 1919","On July 15, 1919","On June 16, 1919","On June 17, 1919",A
3888,Who was the first Chief Minister of Sindh?,Allah Bakhsh Soomro,Ayub Khuhro,Ghulam Hussain Hidayatullah,Abdul Sattar Pirzada,B
3889,Who was the last commander of Pakistan forces in East Pakistan?,Abdullah Khan Niazi,Iqbal Khan,Hameed Gul,Tikka Khan,A
3890,Where was the Lahore Resolution passed in 1940?,"Minto Park, Lahore (Iqbal Park)",Delhi,Bombay,Karachi,A
3891,Viceroy of India from 1943 to 1947:,Lord Mountbatten,Lord Wavell,Lord Minto,Lord Chelmsford,B
3892,Who was the first Chief Minister of Bengal Province?,Kh. Nazimuddin,Ghulam Hussain Hidayatullah,Noor al Amin,M.A. Khuro,A
3893,Siachen Glacier is located in which district?,Gilgit,Skardu,Ghanche,Astore,C
3894,The massive floods of July/August 2010 covered ____ of the land of Pakistan.,Half,One-third,One-fifth,Two-thirds,C
3895,Balochistan got the status of a province on:,on 14th August 1947,on 1st January 1955,on 1st July 1970,on 20th December 1971,C
3896,The Objectives Resolution was presented in the Constituent Assembly on:,on 2nd March 1949,on 7th March 1949,on 12th March 1949,on 17th March 1949,B
3897,Pakistan conducted nuclear tests on:,"on May 22, 98","on May 24, 98","on May 28, 98",None of these,C
3898,For how much did the British sell Kashmir to Gulab Singh under the Treaty of Amritsar?,80 Lakh rupees,75 Lakh rupees,65 Lakh rupees,55 Lakh rupees,B
3899,The teachings of Sayyid Ahmad Barelvi were primarily influenced by __________.,Mujaddid-i-Alf-i-Sani,Shah Waliullah,Both of them,None of these,C
3900,"In FY2025, agriculture in Pakistan grew at an average annual rate of _______.",2.12 percent,0.31 percent,0.56 percent,1.50 percent,C
3901,Who has been appointed as Corps Commander Lahore in 2025?,Lt Gen Amir Riaz,Lt Gen Asim Bajwa,Lt Gen Fayyaz Hussain Shah,Lt Gen Arif Alam,C
3902,When Haji Shariat Ullah left Fridpur for Makkah?,In 1801,In 1802,In 1799,In 1800,C
3903,Faisal Mosque in Islamabad was designed by a/an ________ architect.,Pakistani,Turkish,Egyptian,Moroccan,B
3904,"In March 1942, who came to the subcontinent with proposals to solve constitutional problems?",Lord Wavell,Sir Stafford Cripps,Clement Attlee,Lord Pethick-Lawrence,B
3905,"Which country's border shared with Pakistan stretches for approximately 2,250 km?",India,Afghanistan,Iran,China,B
3906,In which year did the British annex NWFP?,in 1843,in 1849,in 1857,in 1877,B
3907,The Baltoro glacier is situated in the __________ mountain range.,Karakoram,Sulaiman,Hindu Kush,Himalayas,A
3908,The Rowlatt Act came into operation in __________.,In 1917,In 1918,In 1919,In 1920,C
3909,Who wanted to become the joint Governor-General of both India and Pakistan?,Lord Mountbatten,Lord Curzon,Lord Linlithgow,None of these,A
3910,Pakistan a hard country was written by?,Ashfaq Ahmed,K.K Aziz,Anatol Lieven,None of these,C
3911,Indian Independence Act got royal assent on:,on 18th July 1947,on 15th August 1947,on 14th August 1947,None of these,A
3912,Jansher Khan won the Junior Squash Championship in:,1986,1984,1981,None of these,A
3913,Who was the spearhead of the 1857 War of Independence?,Bahadur Shah Zafar,Mangal Pandey,Lord Canning,Mirza Ghalib,B
3914,The demand for a separate electorate for Muslims was conceded in:,1909,1916,1919,1928,A
3915,Quaid-e-Azam Muhammad Ali Jinnah enrolled in which school?,Sindh Madarsa School Karachi,Darul-Uloom High School,Sindh Madrassah-tul-Islam,Mission Public School Karachi,C
3916,Who is called 'Mujahid-e-Awal' of the Kashmir Freedom Movement?,Sardar Muhammad Ibrahim Khan,Sardar Muhammad Abdul Qayyum Khan,Sardar Sikandar Hayat Khan,Maulana Muhammad Yousaf,B
3917,Jammu and Kashmir comprises how many distinct geographical divisions?,5,4,3,6,C
3918,The Kunhar River is also called:,Chitral River,Swat River,NilNikoes,None of these,D
3919,Syed Ahmad Shaheed started the Jihad Movement against ____.,Deen-e-ilahi,Sikh Rulers,Hindus,None of these,B
3920,The total length of the road network in Pakistan is approximately __________.,"260,000 km","271,223 km","292,222 km","331,113 km",A
3921,Who hoisted the Muslim League flag at the Punjab Secretariat in 1946?,Jamilla,Noor Jehan,Begum Liaquat Ali Khan,Maria Khanum,A
3922,Who prepared the Wardha Educational Scheme introduced by the Congress?,Dr. Zakir Hussain,Maulana Azad,Motilal Nehru,Jawaharlal Nehru,A
3923,The PML-N got _______ votes in the 2013 general elections.,12.8 million,13.8 million,14.8 million,15.8 million,C
3924,Atta Shad and Ishaq Shamin are notable poets of:,Balochi,Sindhi,Pashto,Punjabi,A
3925,Who was Muhammad Ali Bogra?,Minister of State,Foreign Minister,Law Minister,None of these,B
3926,The first British factory in the subcontinent was opened in 1613 in which city?,Calcutta,Surat,Madras,Bombay,B
3927,Which river flows in Balochistan?,Zhob River,Bolan River,Dasht River,All of these,D
3928,Kallar Kahar Lake is in ________.,Peshawar,Muzaffarabad,Gilgit-Baltistan,Chakwal,D
3929,The 'Seven Queens of Sindh' are famously mentioned in the poetry of __________.,Mashriq Ki Betiyan,Shah Jo Risalo,Sindh Ja Surma,Pirs of Sindh,B
3930,The length of the Pakistan and Afghanistan border is __________.,"2,052 km","2,152 km","2,252 km","2,430 km",D
3931,Which slave king is buried in Lahore?,Ibrahim Lodi,Ghiyas al-Din Balban,Iltutmish,Qutb-ud-din Aibak,D
3932,The Zhob and Kalachi rivers are in:,KPK,Sindh,Balochistan,None of these,C
3933,The first nuclear power plant was established in Pakistan at:,Karachi,Lahore,Islamabad,Mianwali,A
3934,"At the NAM Summit in Durban (1998), which issue was discussed concerning Pakistan?",Palestine problem,Environment Pollution,Kashmir Problem,Repayment of Loans,C
3935,Hindu Mahasabha was founded in 1915 by:,Madan Mohan Malaviya,Karam Chand Gandhi,Moti Lal Nehru,None of these,A
3936,Which regiment of the Pakistan Army has been awarded the maximum number of Nishan-e-Haider medals?,Balochistan Regiment,The Punjab Regiment,Sindh Regiment,Frontier Force Regiment,B
3937,"The Pakistan Forest Institute, a national organization, was established in __________.",In 1953,In 1947,In 1957,None of these,B
3938,The last constitution of British India was the:,Government of India Act 1919,Government of India Act 1935,Simon Commission Report,Indian Independence Act 1947,B
3939,"In 1498, the Portuguese explorer Vasco da Gama reached which Indian city?",Calicut,Goa,Agra,Delhi,A
3940,The Tashkent Agreement was signed in ______ 1966.,January,February,March,April,A
3941,Who is the current head of the Pakistan Atomic Energy Commission?,Dr. Raja Ali Raza Anwar,Dr. Samar Mubarakmand,Dr. Saleem Ahmad,None of these,A
3942,What is the new name of Kashmir Highway?,Ladakh Highway,Srinagar Highway,Poonch Highway,None of these,B
3943,Where did Bahadur Shah Zafar die?,Delhi,Rangoon,Calcutta,Agra,B
3944,Who is known as the first female car mechanic in Pakistan?,Sadaf Nawaz,Uzma Nawaz,Mehwish Nawaz,Nazia Nawaz,B
3945,The head of the cabinet is __________.,The President,The Chairman of the Senate,The Prime Minister,The Interior Minister,C
3946,The most urban province of Pakistan is:,Punjab,KPK,Sindh,Baluchistan,C
3947,Which city is called the 'Valley of Flowers'?,Peshawar,Quetta,Lahore,Karachi,A
3948,Who was the only Vice-President of Pakistan?,Ghulam Muhammad,Noor-ul-Amin,Khawaja Nazimuddin,Feroz Khan Noon,B
3949,Zulfikar Ali Bhutto served as which Prime Minister of Pakistan from 1973 to 1977?,7th,8th,9th,10th,C
3950,"In the 1937 provincial elections, how many total provincial seats did the Congress win?",489,711,104,1585,B
3951,One of the main objectives of the All-India Muslim League at the time of its creation was:,To be loyal to the British Government,To demand a separate country,To start an armed struggle,To merge with the Congress party,A
3952,Who is Zia Mohyeddin?,Actor,Politician,Scientist,None of these,A
3953,The 1999 war is also called the:,Afghan Civil War,Kashmir Conflict,Kargil War,War in North-West Pakistan,C
3954,Quaid-e-Azam Solar Park is located near the city of:,Multan,Bahawalpur,Lahore,Rawalpindi,B
3955,"Humayun regained his throne in 1555 with the assistance of Shah Tahmasp, the ruler of ____?",Afghanistan,Turkey,Persia,Oman,C
3956,"The Suleman Mountain, one of the Western Ranges, is as high as:","1,100 m","2,200 m","3,300 m","3,400 m",D
3957,The office of District Magistrate was abolished by the ___________.,"Local Government Ordinance, 2001",Amendments in the code of Criminal Procedure,18th Amendment in the Constitution,"Police Order, 2002",A
3958,Who was appointed Governor of West Pakistan by Ayub Khan?,Ameer Muhammad Khan,Dr. Khan Sahib,Nawab Gormani,Iskandar Mirza,A
3959,Which of the articles talks about permanent settlement in Kashmir?,35-A,37-A,40-A,111,A
3960,"The Karachi Nuclear Power Plant (KANUPP), the first nuclear power plant in Pakistan, was established in _________.",In 1970,In 1972,In 1974,In 1976,B
3961,Khanki Headworks is located on which river?,Chenab,Jhelum,Indus,Ravi,A
3962,The pamphlet 'Now or Never' was written by whom?,Chaudhry Rehmat Ali,Quaid-e-Azam,Sir Syed Ahmed Khan,None of these,A
3963,When did Pakistan recognize the People's Republic of China?,1948,1950,1949,1951,B
3964,The period of the Rabi agricultural season is ___________.,From October to May,From May to August,From October to June,From January to May,A
3965,Who was appointed as Chief Martial Law Administrator in 1958?,Ghulam Ishaq Khan,Chaudhry Pervez Elahi,Ayub Khan,Zia-ul-Haq,C
3966,Which country accepted Pakistan first?,Iran,Iraq,China,Indonesia,A
3967,"As per his final wish, the tomb of Emperor Babur is located in which city?",Delhi,Peshawar,Kabul,Agra,C
3968,The Command and Staff College of the Pakistan Army is located in:,Rawalpindi,Islamabad,Nowshera,Quetta,D
3969,Who led the funeral prayers of Quaid-e-Azam?,Maulana Shabbir Ahmad Usmani,Maulana Maududi,Muhammad Ali,None of these,A
3970,"Which famous personality of Pakistan, who served as the only Pakistani and also the first Asian to preside over the International Court of Justice and also served as President of the UN General Assembly?",Liaqat Ali Khan,Gen.Ayub Khan,M.Zafarullah Khan,Ch.Muhammad Ali,C
3971,Which province of West Pakistan was divided into two parts in 1947?,Punjab,Sindh,KPK,Balochistan,A
3972,The Pakistan National Movement was formed by ____?,Chaudhry Rehmat Ali,Syed Amir Ali,Allama Iqbal,None of these,A
3973,The oldest intelligence agency in Pakistan is the _____________.,ISI,IB,MI,None of these,B
3974,The Guddu Barrage was constructed on the _________.,River Ravi,River Indus,River Jhelum,River Sutlej,B
3975,"Who is considered as the ""Iconic Squash Player"" of Pakistan?",Hashim Khan,Atlas Khan,Roshan Khan,Alam Khan,A
3976,Inam Land in the Mughal Period was assigned to which people?,Teachers,Doctors,Ulema and Scholars,None of these,C
3977,"Shalamar Garden, Lahore, is an important garden, a feature of:",French,Chinese,English,Mughal,D
3978,Which Article of the Constitution gives the Supreme Court Suo Motu powers?,Article 144(3),Article 154(3),Article 164(3),Article 184(3),D
3979,'Lakh Baksh' was a title given to the ruler ________.,Iltutmish,Balban,Raziya,Qutb-ud-din Aibak,D
3980,The boundary line in the Rann of Kutch disputed between Pakistan and India is known as the __________.,24th Parallel Line,19th Parallel Line,17th Parallel Line,39th Parallel Line,A
3981,When was the separate electorate system for Muslims accepted in India?,1909,1916,1935,1946,A
3982,Ahmad Shah Abdali launched his early invasions against the __________.,Mughals,Marathas,Sikhs,None of these,B
3983,The shrine of Shah Abdul Latif Bhittai is located in _________.,Sibi,Bhit Shah,Jacobabad,Hala,B
3984,Which date was observed as Black Day due to Indian forces landing in Azad Kashmir?,on 7th March 1949,on 24th October 1947,on 27th October 1947,on 11th September 1948,C
3985,"At the time of the 1971 War, who was the C-in-C of the Pak Army?",General Ayub Khan,Lt. General Gul Hassan,General Tikka Khan,General Agha Muhammad Yahya Khan,D
3986,Who was the first CM of Balochistan?,Ataullah Mengal,Ghous Bakhsh Bizenjo,Nawab Akbar Bugti,Jam Ghulam Qadir Khan,A
3987,Queen Victoria's Proclamation was made in:,in 1857,in 1858,in 1861,in 1877,B
3988,The proposed Kalabagh Dam will produce how much electricity?,3000 MW,3600 MW,4000 MW,None of these,B
3989,In what year was Alexander the Great born?,In 326 BC,In 323 BC,In 330 BC,In 356 BC,D
3990,Ninety-three percent of small farms (less than 12.5 acres each) accounted for ________ percent of the total cultivated area.,40 percent,50 percent,60 percent,70 percent,C
3991,Who represented the Congress at the Second Round Table Conference?,Nehru,Jinnah,Gandhi,Sardar Patel,C
3992,Excavations at Mohenjo-daro have revealed __________ in earthen vessels.,Millet grains,Lentils,Rice grains,None of these,A
3993,What agreement did Pakistan sign in November 2016 related to global climate?,UN Convention on Paris Climate,UN Convention on Drugs,UN Convention on Social Justice,None of these,A
3994,Mia Sahib Dino Farooqui was the renowned Sindhi poet of __________.,Ghazal,Bait,Geet,Kaafi,D
3995,The fate of Khyber Pakhtunkhwa (former NWFP) at the time of independence was decided by:,referendum,election,jirga,none of these,A
3996,Razia Sultana was the daughter of __________.,Qutb-ud-din Aibak,Iltutmish,Aurangzeb,Muhammad bin Tughlaq,B
3997,"The 'One Unit' scheme, implemented in 1955, amalgamated the four provinces of West Pakistan into a single province. What was the stated primary objective of this policy?",To promote a single national language,To facilitate the construction of a new capital,To create political parity between West and East Pakistan,To streamline the agricultural tax system,C
3998,When were the private banks nationalized in Pakistan?,In 1974,In 1973,In 1972,In 1971,A
3999,Who was the first Prime Minister of Azad Kashmir?,Sardar Muhammad Ibrahim Khan,Khan Abdul Hameed Khan,Sardar Sikandar Hayat Khan,Maulana Muhammad Yousaf,B
4000,"Kahoo-Jo-Daro, near Mirpurkhas, is an archaeological site of which religion?",Judaism,Buddhism,Hinduism,Sikhism,B
4001,The first Urdu-language newspaper in the Indian subcontinent was ____________.,Jam-e-Jahan Numa',Nawa-i-Waqt',Imroz',Indian Gazette',A
4002,Head of Pakistani UN delegation appointed 13 Sep 1947,Qazi Issa,Mrs. Tasaddaq Hussain,Muhammad Zafarullah Khan,Sardar Patel,B
4003,K in the word PAKISTAN is derived from:,Kazakhstan,Karachi,Kashmir,None of these,C
4004,"The cotton textile industry, the largest industry of Pakistan, employs an industrial labor force of a magnitude of ________?",80 percent,65 percent,50 percent,None of these,D
4005,When did Pakistan first participate in the Olympics after independence?,1948,1952,1956,1960,A
4006,"Who was the second Governor of the ""State Bank of Pakistan""?",Ishrat Kamal,Saeed Hamid,Abdul Qadir,None of these,C
4007,Military Courts were established in Pakistan through the 21st Amendment for a period of:,2 years,3 years,4 years,5 years,A
4008,The historic fort of Bala Hissar in Peshawar was constructed by which emperor?,Akbar,Sher Shah Suri,Shah Jahan,Babur,D
4009,Who was invited to form the NWFP Government after dismissal of Congress Ministry?,Abdul Qaiyum Khan,Sardar Shaukat Hayat,Ghulam Hussain,Abdur Rab Nishtar,A
4010,Who was the master architect responsible for the design of the Taj Mahal?,Muhammad Sharif,Ustad Isa,Asif Khan,Wazir Khan,B
4011,"Which Sultan of Delhi adopted the title 'Sikander-i-Sani', meaning the Second Alexander?",Ghiyasuddin Balban,Iltutmish,Jalaluddin Khalji,Alauddin Khalji,D
4012,When did Benazir Bhutto die?,on 12/27/2007,on 08/27/2007,on 10/18/2007,None of these,A
4013,In which month Pakistan got No. 1 position in ICC Test Ranking for the first time?,"in August, 2016","in September, 2016","in July, 2016","in October, 2016",A
4014,Which amendment in the 1973 Constitution redefined the territories comprising Pakistan?,First,Second,Third,Fourth,A
4015,"Which Pakistani Poet Got ""Lenin Prize""?",Habib Jalib,Faiz Ahmad Faiz,Ahmad Faraz,None of these,B
4016,Iran & Pakistan established diplomatic relations on,on 5 August 1947,on 6 August 1947,on 22 Aug 1947,on 15 August 1947,C
4017,Who was the first governor of Punjab after independence?,Sir Francis Mudie,Sardar Hayat Khan,Sir Herbert William,None of these,A
4018,"Until now, how much of the water-logged and saline land in Pakistan has been reclaimed?",12 million acres,18 million acres,16 million acres,14 million acres,B
4019,By how many member(s) the Executive Council of the Governor General was enlarged under the Indian Council Act of 1861 ?,One member,Two members,Four members,None of these,A
4020,Gwadar port is in the province of:,Punjab,Sindh,KPK,Balochistan,D
4021,At which location did Al-Biruni carry out the experiment to find the radius of the earth?,Ghazni,Lahore,Nandana,Khwarazm,C
4022,When did the Muslim League join the Interim Government?,17047,17100,17107,17030,B
4023,The Public Representative and Officers Disqualification Act (PRODA) was promulgated by PM Liaqat Ali Khan in,In 1950,In 1947,In 1949,In 1948,C
4024,The translation of Tuzuk-i-Baburi into Persian was carried out by whom?,Abul Fazl,Faizi,Abdul Rahim,Todar Mal,C
4025,Who was the Viceroy of India at the time of the Partition of Bengal in 1905?,Lord Curzon,Lord Wavell,Lord Minto,Lord Elgin,A
4026,Dadabhai Naoroji worked for India in:,India,England,Spain,Both A and B,D
4027,What were the names of Muhammad Ali Jinnah's parents?,Jinnah Poonja and Mithi Bai,Jinnah Poonja and Abadi Begum,Sheikh Noor Muhammad and Imam Bibi,Maulana Azad and Amjadi Bano,A
4028,Nadwatul Ulama was established in:,1673,1773,1873,1894,D
4029,Abdul Sattar Edhi was born in:,"Bantva, Nepal","Bantva, Bangladesh","Bantva, Iran","Bantva, India",D
4030,"Under Ayub Khan's land reforms, what was the maximum acreage of irrigated land an individual could own?",300 acres,500 acres,700 acres,"1,000 acres",B
4031,Mention the organization(s) of the Muslim University.,Muslim University Students Union,Muslim League,Muslim Students Federation,All of these,D
4032,Pakistan remained a British Dominion until what year?,1950,1956,1954,1965,B
4033,The Council of Common Interests (CCI) resolves the disputes of ___________.,Provinces,Federation,Power sharing between the Federation and provinces,All,C
4034,HIT stands for __________.,Heavy Industries Taxila,Heavy Industries Tools,Heavy Industries Tax,None of them,A
4035,The famous Urdu translation of 'Shah Jo Risalo' was done by _______.,Shaikh Ayaz,Makhdoom Bilal,Dr. Nabi Bakhsh Baloch,No one has translated it into Urdu,A
4036,When did Allama Muhammad Iqbal start his political career?,In 1925,In 1923,In 1926,In 1924,C
4037,The Tashkent Declaration between Pakistan and India was signed on:,1960,1966,1976,None of these,B
4038,Muhammad Bin Qasim was written by:,M. Islam,Aslam Rahi,Naseem Hijazi,None of above,C
4039,Who enforced Shariah law in Pakistan?,Zulfikar Ali Bhutto,Pervez Musharraf,General Zia-ul-Haq,Benazir Bhutto,C
4040,The Simla Conference was held on:,on 14th June 1945,on 24th June 1945,on 4th July 1945,on 14th July 1945,B
4041,Farid-ud-Din Ganjshakar was a distinguished ________ of Islam.,reformer,Sufi Saint and Mystic,economist,socialist,B
4042,Who was the Viceroy of India from 1899 to 1905?,Lord Curzon,Lord Irwin,Lord Mountbatten,Lord Attlee,A
4043,The Khudai Khidmatgar Movement was started by:,Abdul Ghani Khan,Solar Aslam Khan,Abdul Ghaffar Khan,Inayatullah Mashriqi,C
4044,The 1956 Constitution adopted which legislative system?,Bicameral,Unicameral,Tricameral,None of these,B
4045,On which date did Gandhi launch the Civil Disobedience Movement?,13-Mar-30,11054,10984,11274,A
4046,When did East Pakistan become Bangladesh?,on 16th December 1971,on 14th August 1971,on 23rd March 1971,on 16th December 1970,A
4047,In which year was the Radcliffe Award announced?,1944,1945,1946,1947,D
4048,Kashmir was sold to Gulab Singh in _________.,In 1845,In 1865,In 1890,In 1846,D
4049,"The ""Durand Line"" was drawn between the two countries ______.",Pakistan-China,Pakistan-India,Pakistan-Afghanistan,None of these,C
4050,Who was the first student of Darul Uloom and what title did he receive?,Sir Syed Ahmad Khan,"Maulana Mahmood-ul-Hasan, Sheikh-ul-Hind",Maulana Azad,Maulana Maududi,B
4051,Habba Khatoon was a famous poetess of which language?,Balochi,Pashto,Hindko,Kashmiri,D
4052,The only national election held on a non-party basis was in ___________.,In 1977,In 1985,In 1988,In 1990,B
4053,Who was Abd-ul-Malik?,The first student who met with Quaid-e-Azam,The first martyr of the Pakistan Movement,The first supporter of the Muslim League,None of these,B
4054,"In Punjab, Radcliffe gave an unjust award, including the following tehsils in the Indian side:","Sheikhupura, Kasur","Gurdaspur, Pathankot","Ferozepur, Hoshiarpur","Shakargarh, Pakpattan",B
4055,Name the pact in which the Muslims and Hindus of British India agreed to separate electorates:,Congress-League Pact,Reforms Act,Delhi Pact,Lucknow Pact,D
4056,Tanda Dam is located in which province of Pakistan?,Khyber Pakhtunkhwa,Punjab,Sindh,Balochistan,A
4057,"In which year did the Second Battle of Tarain take place, resulting in a victory for Ghuri?",In 1192 AD,In 1191 AD,In 1194 AD,In 1206 AD,A
4058,Who was the last Viceroy of India?,Lord Mountbatten,Lord Hardinge,Lord William,None of these,A
4059,Jinnah met Lord Mountbatten first time on:,on 28 March 1947,on 2 April 1947,on 5 April 1947,on 8 April 1947,C
4060,How many articles are there in the 1962 Constitution?,230,250,280,565,B
4061,"The Wafaqi Mohtasib, appointed by the president, is not eligible for any extension of tenure or re-appointment under any circumstances. What is the duration of his tenure?",5 years,6 years,2 years,4 years,D
4062,When did PTV start color transmission?,in December 1978,in December 1975,in December 1973,in December 1976,D
4063,Noor Jahan came from _______ in the reign of the Mughal Emperor Akbar the Great:,Iran,Azerbaijan,Egypt,Uzbekistan,A
4064,Astola Island is located in ____________.,Sindh,Balochistan,Punjab,KPK,B
4065,The Pakistan-China border agreement was signed in ____.,1963,1956,1965,None of these,A
4066,Payam-e-Mashriq' was translated into German by _____________.,Professor Alessandro Bausani,Professor Hell,Madame Eva Meyerovitch,Prof. A. J. Arberry,B
4067,Who was the first Chief Minister of KPK?,Khan Abdul Qayyum Khan,Sardar Abdur Rashid Khan,Sardar Bahadur Khan,Mufti Mahmud,A
4068,When was the foundation stone of the Pakistan Monument laid?,"On May 25, 2004","On May 30, 2004","On June 5, 2004","On June 15, 2004",A
4069,The first female Governor of Pakistan was:,Shaista Suhrawardy Ikramullah,Begum Ra'ana Liaquat Ali Khan,Begum Shams-un-Nihar,None of the above,B
4070,The Ishkoman Valley is in __________.,Punjab,Gilgit-Baltistan,Balochistan,KPK,B
4071,When did the partition of Bengal take place?,In 1904,In 1906,In 1905,In 1907,C
4072,The 'Khyber Pass' is located in the __________ range.,Karakoram Range,Himalayas Range,Hindu Kush Range,Sulaiman Range,C
4073,When was Lahore High Court established?,In 1913,In 1916,In 1919,In 1925,C
4074,The first Mughal emperor Babur's tomb is situated in __________.,Agra,Delhi,Lahore,Kabul,C
4075,The area of Sindh province is _________.,"140,914 km²","130,914 km²","140,814 km²","120,914 km²",A
4076,The federal government established the Thar Coal Authority in which year?,In 2005,In 2007,In 2008,In 2009,C
4077,Shakir Ali Museum is located in which city of Pakistan?,Lahore,Peshawar,Faisalabad,Islamabad,A
4078,Baloch Culture Day is celebrated annually on ________.,on March 1,on March 2,on March 3,on March 4,C
4079,Who was the first Prime Minister of Pakistan?,Liaquat Ali Khan,Khawaja Nazimuddin,Quaid-e-Azam,I. I. Chundrigar,A
4080,In which park is Minar-e-Pakistan located?,Greater Jinnah Park,Greater Iqbal Park,Greater Gulshan Park,Greater Shalimar Garden,B
4081,Pakistan's first cricket Test match was played in _________.,England,India,Australia,Sri Lanka,B
4082,"Who was the founder of the English-language daily newspaper ""Dawn""?",Liaquat Ali Khan,Z. A. Suleri,Quaid-e-Azam,None of them,A
4083,"During 'One Unit,' who was the first Governor of West Pakistan?",Nawab Mushtaque Ahmed Gormani,Dr. Khan Sahib,Ch. Rehmat Ali,Mohammad Ayub Khan,A
4084,The Public Representative Disqualification Act (PRODA) was promulgated by PM Liaquat Ali Khan in:,in January 1949,in March 1950,in August 1948,in December 1951,A
4085,Who was the PM after Zafarullah Jamali in 2004?,Nawaz Sharif,Ch. Shujaat Hussain,Shaukat Aziz,Yousaf Raza Gillani,B
4086,"What is the name of the poet whose collection of poetry is called ""Shah Jo Risalo""?",Khushal Khan Khattak,Waris Shah,Makhdum Muhammad Hashim,Shah Abdul Latif Bhittai,D
4087,The local accents of Sindhi are ________.,Lari & Thari,Kachi,Waehali,All of the above,D
4088,Who was the PM of India during the Indo-Pak War of 1965?,Lal Bahadur Shastri,Indira Gandhi,Rajiv Gandhi,Jawaharlal Nehru,A
4089,The Lucknow Pact granted the right of separate electorates to the:,Hindus,Christians,Sikhs,Muslims,D
4090,Who was the Prime Minister of Pakistan during the enforcement of the first constitution?,Muhammad Ali Bogra,Huseyn Shaheed Suhrawardy,Choudhry Mohammad Ali,Feroz Khan Noon,C
4091,Who held the portfolio of Communications in the first cabinet of Pakistan?,Malik Ghulam Muhammad,Zafarullah Khan,I.I. Chundrigar,Sardar Abdur Rab Nishtar,D
4092,Which political party was formed by Air Marshal Asghar Khan?,National Awami Party,Tehrik-i-Istiqlal,Tehreek-e-Labbaik,Awami League,B
4093,Who is known as the father of Local Self-Government?,Lord Mountbatten,Sardar Patel,Lord Ripon,Nagarjuna,C
4094,"Who is the current Chairman Joint Chiefs of Staff Committee (CJCSC), Pakistan?",General Rashad Mahmood,General Nadeem Raza,General Zubair Hayat,None of these,B
4095,Prime Minister Imran Khan inaugurated the Kartarpur Corridor in:,in Sep-19,in Oct-19,in Nov-19,None of these,C
4096,Name the largest desert of Pakistan.,Thal,Thar,Cholistan,None,B
4097,Imran Khan won the World Cup in:,1995,1993,1994,1992,D
4098,Where was the first regular session of the AIML held?,Lucknow,Karachi,Delhi,Lahore,B
4099,"Who headed the committee that drafted the AIML constitution known as the ""Green Book""?",Nawab Salimullah Khan,Maulana Muhammad Ali Johar,Sir Agha Khan,Quaid-i-Azam,B
4100,When did Indians first get representation in the Viceroy's Executive Council?,1906,1909,1935,1947,B
4101,East India Company was established in:,1500,1550,1600,1650,C
4102,Rohtas Fort is 8 km from Dina. It was built by:,Sher Shah Suri,Akbar the Great,Aibak,None of above,A
4103,Derawar Fort is located in the district:,Jhelum,Bahawalpur,Muzaffarabad,Chakwal,B
4104,Kalabagh is located in which province?,Punjab,Sindh,KPK,Balochistan,A
4105,The tomb of famous Sindhi Mir Abdul Hussain Sangi is located in___________.,Hyderabad,Larkana,Mitiari,Karachi,C
4106,Who launched the Home Rule League from Madras in 1917?,Annie Besant,Sarojini Naidu,Maulana Muhammad Ali Johar,Quaid-i-Azam,A
4107,Gwadar Port is being constructed in the province of ________.,Punjab,Sindh,Khyber Pakhtunkhwa,Balochistan,A
4108,"According to the Indus Waters Treaty, Mangla Dam is built on which river?",Chenab,Indus,Jhelum,None of these,C
4109,The first session of the first Constituent Assembly of Pakistan was held on ____ 1947.,on 10 August 1947,on 11 August 1947,on 15 August 1947,None of these,A
4110,In which city was Benazir Bhutto born?,Karachi,Lahore,Larkana,Islamabad,A
4111,The second largest city of Pakistan is:,Rawalpindi,Lahore,Multan,Quetta,B
4112,What is Sadequain famous for?,Painting,Calligraphy,Music,Both Painting and Calligraphy,D
4113,What is the average height of the Koh-e-Sufaid range?,"3,200 m","3,500 m","3,000 m","5,560 m",C
4114,The Lahore Resolution was seconded from Punjab by:,Ch. Rehmat Ali,Abdullah Hussain,Maulana Zafar Ali Khan,None of these,C
4115,Shah Jahan was succeeded by:,Humayun,Aurangzeb,Akbar,None of these,B
4116,Which provincial Chief Minister was dismissed by Governor-General Ghulam Muhammad over the 'One Unit' scheme?,Chief Minister of NWFP,Chief Minister of Sindh,Chief Minister of Punjab,Chief Minister of Balochistan,B
4117,General Seats of FATA in the National Assembly are __________.,18,16,14,12,D
4118,Hiran Minar was built by __________.,Akbar,Noor Jehan,Humayun,Jahangir,D
4119,When was the first Constitution of Pakistan enforced?,"On March 23, 1956","On March 24, 1956","On March 25, 1956","On March 26, 1956",A
4120,"During the Kalhora regime, __________ was the official language of Sindh.",Arabic,Persian,Urdu,Sindhi,B
4121,PODO & EBDO were promulgated by Ayub Khan to:,Make a strong government,Disqualify the leaders of East Pakistan,Get a majority,None of these,B
4122,Who was finance minister before becoming Governor General of Pakistan?,Ghulam Muhammad,I.I. Chundrigar,Ishaq Khan,Ch. Muhammad Ali,A
4123,The first movement launched against the British in India was:,Non-Cooperation Movement,Khilafat Movement,Quit India Movement,Swadeshi Movement,D
4124,Dars-e-Nizami was established during the reign of:,Akbar,Humayun,Jahangir,Aurangzeb,D
4125,Who were the Muslim members of the Nehru Report?,Ali Imam & Shoaib Qureshi,Ali Imam and M. A. Johar,Hasrat Mohani & Agha Khan,None of the above,A
4126,Who was a formal teacher of Syed Ahmed Barelvi?,Shaikh Ahmed Sirhindi,Shah Waliullah,Shah Abdul Aziz,None of these,C
4127,What was the name of Shah Waliullah's father?,Shah Abdur Rahim,Qutbuddin Alam,Syed Alam Hussain,None of these,A
4128,Which is the largest barrage in Pakistan?,Jhelum Barrage,Qadirabad Barrage,Sukkur Barrage,Rasul Barrage,C
4129,The famous book Asar-ul-Sanadeed was written by:,Syed Ahmed Barelvi,Sir Syed Ahmed Khan,Shah Wali Ullah,Sheikh Ahmed Sirhindi,B
4130,"With the launching of the Badr-1 satellite, Pakistan became the first _______ country to enter the area of peaceful application of outer space technology.",Asian,Islamic,SAARC,None of these,B
4131,"The Pir Ilahi Bux Tower, also known as the Literacy Tower, is located in which city of Sindh?",Hyderabad,Sukkur,Karachi,Shikarpur,C
4132,Amir Khusro was the disciple of:,Hazrat Nizamuddin,Moinuddin Chishti,Ganj Shakar,Hazrat Ali Hijveri,A
4133,"The first cabinet of Pakistan consisted of how many members, including the Prime Minister?",Five,Six,Seven,Nine,C
4134,The Hiran Minar (Deer Tower) in Sheikhupura was built by Jahangir in memory of what?,His pet antelope,Nur Jahan,Jodha Bai,A victorious battle,A
4135,Bolan Pass is located in which province?,Balochistan,Khyber Pakhtunkhwa,Sindh,Punjab,A
4136,What is the name of Quaid-e-Azam's house in Karachi?,Wazir Mansion,Governor House,Flagstaff House,Quaid Manzil,A
4137,The 25th Amendment was for:,Amending the procedure for appointments and qualifications,Re-establishing military courts for two more years,Adjusting seats in the Parliament of Pakistan,The merger of FATA into KPK,D
4138,Allama Iqbal's tomb was built in:,in 1948,in 1950,in 1951,in 1955,C
4139,Who leads the sessions of the National Assembly of Pakistan under the presidency of the Speaker?,President,PM,Opposition Leader,Deputy Speaker,D
4140,Which District of Sindh connects with the Three provinces?,Sukkur,Qambar @ Shahdadkot,Kashmore @ Kandhkot,None of these,C
4141,"Who drafted the ""Heads of Agreement"" in May 1947?",Lord Mountbatten,V.P. Menon,Liaquat Ali Khan,Jawaharlal Nehru,B
4142,Which of the following Fort is built by Akbar?,Red Fort,Fort of Daulatabad,Agra Fort,Fort of Ahmednagar,C
4143,"According to the 1956 Constitution, the President of Pakistan should be:",Muslim,Non-Muslim,Both A & B,None of these,A
4144,"When did the Government of India Act, 1935 come into force?",13150,13606,12844,13850,B
4145,Who was the first Governor-General of Bengal?,Canning,Hastings,Bentinck,Wellesley,B
4146,Jawaharlal Nehru was the ____ of Motilal Nehru:,Brother,Son,Father,Cousin,B
4147,The geographical area of Pakistan is __________ million hectares.,95,79.6,60,None of these,B
4148,What is the total length of the Abdul Hakeem-Lahore (M-3) motorway?,230 km,550 km,180 km,365 km,A
4149,Who was the second Governor-General of Pakistan?,Liaquat Ali Khan,Abdur Rab Nishtar,Raja Ghazanfar,Khawaja Nazim-ud-Din,D
4150,Who was the Foreign Minister during the tenure of Zulfiqar Ali Bhutto?,No Minister appointed,Abdul Qayyum Khan,Abdul Hafeez Pirzada,None of these,D
4151,Who was the Viceroy of India at the time of partition?,Sir Stafford,Lord Mountbatten,Sir Red Cliff,Sir Ganga Ram,B
4152,The Sindh Assembly passed a resolution in favour of partition from India in:,1915,1928,1943,1968,C
4153,The Pakistan People's Party (PPP) was established in which year?,1965,1966,1967,1968,C
4154,The first Viceroy of British India was:,Clive,Canning,Hardinge,None of these,B
4155,"Who gave the Presidential Address in the Resolution of Lahore, 23rd March 1940:",Quaid-e-Azam,Liaquat Ali Khan,A.K. Fazlul Haq,Maulana Muhammad Ali Jauhar,A
4156,"Kazi Saeed-ud-Din Ahmad, an Aligarh geographer, demarcated how many Muslim- majority areas to substantiate the two-nation theory?",Four,Six,Eight,None of these,A
4157,How many land reclamation schemes have been completed by the government?,50,60,58,65,C
4158,The national anthem of Pakistan was written by _________.,Quaid-e-Azam,Allama Iqbal,Hafeez Jalandhri,Chaudhry Rehmat Ali,C
4159,"On August 4, 2020, the government published a map of Pakistan and announced that if anybody uses an incorrect map of Pakistan, they will face:",Five million fine,Five years jail,Both A & B,None of these,C
4160,The highest official rank in the Pakistan Army is _________.,Lieutenant,Major General,General,None of them,C
4161,Sir Syed Ahmad Khan died in 1898 and was buried at ____:,Lahore,Delhi,Dhaka,Aligarh,D
4162,Which is the most urbanized province in Pakistan?,Khyber Pakhtunkhwa,Sindh,Punjab,Balochistan,B
4163,Darawar Fort was built by Sadiq Muhammad Khan. It is near _______.,Abbottabad,Bahawalpur,Thatta,Lahore,B
4164,Who was the first President of Pakistan?,Muhammad Ali Jinnah,Malik Ghulam Muhammad,Sikandar Mirza,Khawaja Nazimuddin,C
4165,The first administrator of Karachi was __________.,Muhammad Ghulam,Syed Hashim Raza,Chaudhry Muhammad Ali,None of the above,B
4166,When was the Lucknow Pact signed?,1913,1916,1917,1919,B
4167,The Day of Deliverance was observed due to the:,Start of World War II,End of Congress Ministry,Passing of the Lahore Resolution,Failure of the Cripps Mission,B
4168,The Jinnah Barrage has been built on the _________ river.,Indus,Jhelum,Chenab,None of these,A
4169,Pakistan left the Commonwealth in 1972 but rejoined it again in which year?,In 1972,In 1989,In 1998,In 2001,B
4170,"According to Auto Policy 2021, auto companies are bound to provide cars in:",2 months,3 months,4 months,None of these,A
4171,When was the Martial Law of Ayub Khan abolished?,"On June 25, 1962","On June 20, 1962","On June 18, 1962","On June 8, 1962",D
4172,How many Muslim seats were secured by the All India Muslim League in the 1945-46 election of provincial assemblies?,396,425,441,None of these,B
4173,Risala Asbab-e-Baghawat-e-Hind was written by?,Sir Syed Ahmad Khan,Sir Agha Khan,Altaf Hussain Hali,None of these,A
4174,For how many years did the Slave Dynasty rule the Delhi Sultanate?,82,84,86,None of these,B
4175,Amir Khusro was the famous poet in the Court of:,Zaheer-ud-Din Babar,Jalal-ud-Din Akbar,Ibraheem Lodhi,Alauddin Khalji,D
4176,Which of the following countries recognized Pakistan first?,Iran,Syria,Afghanistan,None of these,A
4177,How many districts are in Punjab?,34,36,30,None of these,B
4178,"Who was the first President of Anjuman Himayat-i-Islam, Lahore?",Haji Abid,Qazi Abdul Ghaffar,Qazi Khalifa Hameed,None of these,C
4179,"During the era of East India Company, the areas of Behar, Orissa, and Assam were included in:",Haryana,Bengal,Hyderabad,Punjab,B
4180,Who was Pakistan's first female commercial pilot?,Aysha Farooq,Shukriya Khanum,Maryam Mukhtiar,Sana Aziz,B
4181,Round Table Conferences were held in ____.,London,Delhi,Calcutta,None of these,A
4182,The first indigenous Constitution was given to Pakistan by ____________.,Muhammad Ali Jinnah,Liaquat Ali Khan,Zulfiqar Ali Bhutto,Chaudhry Muhammad Ali,D
4183,One Unit was established in which year?,1953,1954,1955,1956,C
4184,Who introduced the system of Basic Democracies?,Iskandar Mirza,Ayub Khan,Zulfiqar Ali Bhutto,None of these,B
4185,How many Chiefs of Army Staff (COAS) of Pakistan have been selected from the Baloch Regiment?,Two,Three,Four,None of these,C
4186,"Harappa is a city in Punjab, about 24 km southwest of:",Sahiwal,Multan,Narowal,Makran,A
4187,The Basic Democracy system was introduced in:,in October 1958,in May 1959,in March 1962,in June 1965,B
4188,JF-17 Thunder was inducted in which year?,2008,2010,2012,2016,B
4189,For how many years did Aurangzeb Alamgir rule?,40,49,52,None of these,B
4190,Who was the first and the last Chief Executive in the history of Pakistan?,General Ayub Khan,General Tikka Khan,General Pervez Musharraf,General Raheel Sharif,C
4191,"Takht-i-Bhai is an archaeological site of Buddhist civilization, located near the city of ______:",Texila,Peshawar,Mardan,Char Sadda,C
4192,"Muhammad Ali Jauhar, younger brother of Maulana Shaukat Ali, was buried in:",Türkiye,Saudi Arabia,Jerusalem,Karachi,C
4193,In 1928 Agha Khan III advocated independence of each province at the meeting of All parties convention in:,Patna,Hyderabad,Calcutta,None of these,C
4194,"Razia Sultana, the daughter of Iltutmish, became the first empress of the Delhi Sultanate in _______.",In 1235 AD,In 1236 AD,In 1237 AD,In 1238 AD,B
4195,The first president to visit Pakistan was from:,Saudi Arabia,Indonesia,Turkey,Afghanistan,B
4196,Which of the following were the main demands of the Simla Deputation?,Complete independence from British rule,The cancellation of the partition of Bengal,"Seats in Legislature, Quota in government services, and Seats for Judges in court",The formation of a separate Muslim state,C
4197,The War of Independence 1857 was officially declared ended in:,in August 1858,in September 1858,in October 1858,in November 1858,D
4198,The operational control of Gwadar was handed over to which country in 2013?,Singapore,Oman,China,Indonesia,C
4199,Who rejected the verdicts of some jurists that idol worshippers were liable to be murdered?,Mahmud of Ghazni,Shams-ud-Din Iltutmish,Jalal-ud-Din Khalji,None of these,C
4200,Quaid-e-Azam University is located in ________.,Rawalpindi,Abbottabad,Multan,Islamabad,D
4201,Who won PSL 4 in 2019?,Multan Sultans,Quetta Gladiators,Peshawar Zalmi,Karachi Kings,B
4202,Arya Samaj was against:,Sikhs,Christians,Muslims,All of these,D
4203,The third Round Table Conference was held in London from:,from September 1931 to December 1931,from 17 November 1932 to 24 December 1932,from January 1933 to February 1933,from 5 March 1931 to 10 April 1931,B
4204,Who was the first and last person to hold the title of 'Chief Executive' in the history of Pakistan?,General Tikka Khan,General Pervez Musharraf,General Raheel Sharif,General Ayub Khan,B
4205,The headquarters of the Pakistan Red Crescent Society is located in ___________.,Islamabad,Karachi,Lahore,Rawalpindi,A
4206,Gadani Beach is located in __________.,Balochistan,Sindh,KPK,Punjab,A
4207,"Who was the first person to oppose Akbar's Din-i-Ilahi, promulgated in 1582?",Khwaja Baqi Billah,Mujadid Alf Sani,Mian Tansen,Hazrat Mian Mir,A
4208,When did Ayub Khan enforce the new constitution in Pakistan?,"On January 9, 1962","On February 6, 1962","On March 13, 1962","On June 8, 1962",D
4209,"Which famous Persian poet, known as the ""Homer of the East"", was associated with Mahmud's court?",Utbi,Baihaqi,Ferdowsi,Farrukhi Sistani,C
4210,Nadwatul Uloom was founded in:,in 1890,in 1892,in 1894,None of these,C
4211,Name the biggest park (area-wise) in Pakistan.,Bagh-e-Jinnah (Lahore),Ayub National Park,Changa Manga,Central Karakoram National Park,D
4212,The tools and weapons of the Harappan civilization were mostly made of _________.,Stone only,Stone and copper,"Copper, bronze, and iron","Copper, tin, and bronze",D
4213,"In 1943, the Indian National Army was led by:",Subhash Chandra Bose,Dadabhai Naroji,Lala Lajpat Rai,None of these,A
4214,What were the national languages declared in the 1956 Constitution?,Urdu,Bengali,Both a & b,None of these,C
4215,"The Tashkent Declaration, which formally ended the 1965 Indo-Pak war, was signed with the mediation of which country?",USA,China,Soviet Union,United Kingdom,C
4216,"To solve the Sir Creek problem, which proposal given by Pakistan to India was rejected by India?",Both countries should go for another arbitration,Both countries should go for international arbitration,Both countries should share the creek equally,None of these,B
4217,When did Mohammad Ali Bogra present the Bogra Formula in the assembly?,In January 1953,In April 1953,In September 1953,In October 1953,D
4218,The Indus Waters Treaty was signed on:,on 19th September 1958,on 19th September 1960,on 19th September 1962,on 19th September 1965,B
4219,Pakistan joined the United Nations on:,30th September 1947,01st January 1948,25-Dec-47,10-Dec-47,A
4220,The Karakoram Pass connects ________.,Kashmir and India,Kashmir and China,Qila Abdullah and Chaman,Chitral and Nuristan,B
4221,In which session of the Muslim League was the Pakistan Resolution passed?,25th,26th,27th,28th,C
4222,"The ""First Pakistan Olympic Games"" were inaugurated by Quaid-e-Azam in:",Lahore,Karachi,East Pakistan,Quetta,B
4223,S.H.O stands for:,Station Head Officer,Station House Officer,Station High Officer,None of these,B
4224,What was the purpose of the Scientific Society founded by Sir Syed?,Scientific research,Translation bureau,Military training,Religious education,B
4225,"Sher Shah Suri, a great builder, ruled from 1540 AD to ________.",In 1544 AD,In 1545 AD,In 1546 AD,None of these,B
4226,When was the Liaquat-Nehru Pact between India and Pakistan signed?,In 1950,In 1955,In 1964,In 1951,A
4227,Hoshu magazine was introduced by ___________.,G. Allana,Ibrahim Joyo,Atta Mohd Bhanbhro,Rasool Bux Palejo,C
4228,The tomb of Babur is in which city?,Delhi,Kabul,Lahore,Baku,B
4229,Sadpara Lake is located near ___________.,Astore,Skardu,Kharmang,Gilgit,B
4230,"Who has written the book entitled ""The Making of Pakistan""?",I.H. Qurashi,Muhammad Ali Chaudhry,Waheed-uz-Zaman,K.K. Aziz,D
4231,When was the first constitution abrogated and Martial Law proclaimed?,in September 1958,in October 1958,in November 1958,in December 1958,B
4232,"The Kalabagh iron deposits are one of the largest in Pakistan, with an estimated reserve of __________.",Over 309 million tons,Over 509 million tons,Over 709 million tons,None of these,A
4233,Who was the first Foreign Minister of Pakistan?,Liaquat Ali Khan,Sir Zafarullah Khan,M. A. H. Ispahani,Muhammad Ali Bogra,B
4234,Which city of Sindh is famous for 'Palla' fish?,Dadu,Jamshoro,Hala,Sukkur,B
4235,The passes in the Hindu Kush mountains primarily connect Pakistan with __________.,China,Afghanistan,Tajikistan,None of these,B
4236,The first recipient of the Nishan-e-Haider was?,Captain Muhammad Sarwar,Rashid Minhas,Major Tufail Muhammad,None of these,A
4237,Which cricket player played an important role in the Kartarpur Corridor?,Navjot Singh Sidhu,Venkatesh,Ajay Sharma,None of these,A
4238,How much is contributed by agriculture to the GNP of the country?,2 percent,35 percent,39.20 percent,20.09 percent,D
4239,"In Lahore, the Central Business District is being developed at:",DHA Area,Walton,Kot Lakhpat,None of these,B
4240,Agartala Conspiracy was instigated by:,Faiz Ahmad Faiz,Shorish Kashmiri,Mujibur Rahman,Maulana Bhashani,C
4241,Who founded the Indian National Congress in 1885?,Lord Dufferin,A.O. Hume,Dadabhai Naoroji,W.C. Banerjee,B
4242,Ilm-ul-Iqtisad was written by ____________.,Al-Ghazali,Al-Mawardi,Allama Iqbal,None of these,C
4243,The last Governor-General of Pakistan was:,Iskander Mirza,Sir Khawaja Nazimuddin,Sir Ghulam Muhammad,Muhammad Ali Jinnah,A
4244,"In 1955, the Muslim League formed a coalition government with which party?",United Front,Jamaat-e-Islami,Republican Party,Awami National Party,C
4245,The 'Day of Deliverance' was observed on the advice of __________.,The Muslim League,Quaid-e-Azam,Sir Aga Khan,Chaudhry Rahmat Ali,B
4246,"Nusrat Fateh Ali Khan, a vocalist, singer and musician, died in:",1997,1998,2000,None of above,A
4247,Which range is located in the south of Pakistan?,Himalayas,Karakoram,Kirthar,None of these,C
4248,How many sources of rainfall are in Pakistan?,One,Two,Three,Four,D
4249,Jogendra Nath Mandal was the:,First Foreign Minister of India,Assassin of Mohandas Karamchand Gandhi,First Minister of Minorities of Pakistan,First Law and Labour Minister of Pakistan,D
4250,Krishna Kumari Kohli has become the first Hindu Dalit woman senator in Pakistan. She represents:,PPP,PTI,MQM,PMLN,A
4251,The British appointed especially ______ to crush the Indian Freedom Movement.,General Reginald Dyer,Sir Charles Tegart,Sir John Simon,Lord Linlithgow,A
4252,"The youngest mountains of the world, the Himalayas, are present in _________.",Pakistan,China,India,Burma,A
4253,How many districts are there in the Province of Sindh?,21,24,25,30,D
4254,"The Buddhist territory of Ladakh, which forms part of the state of Jammu and Kashmir, lies on the border of __________.",Sialkot,Tibet,Gilgit,Hunza,B
4255,Which is the smallest division in Pakistan?,Quetta,Rawalpindi,Karachi,Larkana,C
4256,Painting reached its highest level of development during the reign of which Mughal emperor?,Akbar,Aurangzeb,Jahangir,Shah Jahan,C
4257,Who is the leader of the Hurriyat Conference?,Yaseen Malik,Ali Gillani,Mir Wayaz Umar Farooq,None of these,D
4258,When was Zulfikar Ali Bhutto born?,on 5 January 1928,on 15 February 1928,on 20 March 1929,on 1 April 1929,A
4259,What is the average height of the Chaghi Range?,"3,500 meters","2,500 meters","4,000 meters","3,000 meters",D
4260,Who was the first female Governor of Gilgit-Baltistan?,Qamar-uz-Zaman Kaira,Begum Shama Khalid,Wazir Baig,Pir Karam Shah,B
4261,The Treaty of Srirangapatna was signed between Tipu Sultan and ________.,Robert Clive,Lord Cornwallis,Warren Hastings,None of these,B
4262,Justice (Retd) Sardar Muhammad Iqbal became the first Wafaqi Mohtasib (Federal Ombudsman) of Pakistan on __________.,"On February 25, 1983","On March 25, 1983","On April 25, 1983","On May 25, 1983",A
4263,A constituency of the Balochistan Assembly is denoted by ________.,PS,PPP,BPK,PB,D
4264,Shah Burj was constructed by which Mughal Empire?,Aurangzeb,Jahangir,Shah Jahan,Babar,C
4265,"During 'One Unit,' who was the first Chief Minister of West Pakistan?",Nawab Mushtaque Ahmed Gormani,Dr. Khan Sahib,Ch. Mohammad Ali,Mohammad Ayub Khuhro,B
4266,Jahangir Khan was associated with which game?,Cricket,Squash,Hockey,Badminton,B
4267,The search for suitable words for the National Anthem with the music set by A.G. Chagla finally ended with the approval in:,1955,1953,1954,1956,C
4268,The tomb of Qutb-ud-din Aibak is in:,Delhi,Lahore,Hyderabad,None of these,B
4269,Second largest city of Punjab by population?,Gujranwala,Multan,Faisalabad,Bahawalpur,C
4270,Which of the following is a famous book written by the scholar Shah Waliullah?,Fatawa-i-Alamgiri,Hujjatullah-Al-Baligha,Majma-ul-Bahrain,Tuzuk-i-Jahangiri,B
4271,Who appointed an eight-member National Security Council to work as the 'supreme governing body' after his military coup?,Field Marshal Ayub Khan,General Pervez Musharraf,General Zia-ul-Haq,President Zulfiqar Ali Bhutto,B
4272,King Porus was the ruler of which kingdom?,Macedonian Kingdom,Epirus Kingdom,Paurava Kingdom,Chach Kingdom,C
4273,Who was the first Governor of the State Bank of Pakistan?,Zahid Hussain,Ishrat Hussain,Shamshad Akhtar,Raza Bakir,A
4274,The annulment of Partition of Bengal was done by:,King George IV,Edward VII,Charles I,King George V,D
4275,"K2, the second-highest peak in the world, is in:",Hindukush,Himalayas,Karakoram,Nanga Parbat,C
4276,When was the Water Apportionment Accord signed between the provinces of Pakistan?,In 1982,In 1991,In 1988,In 1998,B
4277,Borstal Jails/Institutions are meant for:,Women Prisoners,Condemned Prisoners,Juvenile Prisoners,Hardened Prisoners,C
4278,The integration of West Pakistan was done in:,1954,1955,1956,None of these,B
4279,MAO College was shifted to Pakistan after independence into which building?,Kinnaird College,Sanatana Dharma College,Forman Christian College,None of these,B
4280,First head of state to visit Pakistan was from:,Iran,China,Kuwait,None of these,A
4281,Shakarparian Park is situated in?,Islamabad,Murree,Bahawalpur,Rawalpindi,A
4282,When were the 2018 elections held in Pakistan?,on 11-Jul-18,on 25-Jul-18,on 25-Jun-18,None of these,B
4283,Who was appointed the first headmaster of MAO School?,Theodore Beck,John Borthwick Gilchrist,Henry Siddons,Syed Amir Ali,C
4284,"The ""All-India Muslim League"" observed the ""Direct Action Day"" on __________.","On June 6, 1944","On June 8, 1945","On June 8, 1946","On August 16, 1946",D
4285,"""Warsak Dam"" has been built on the river:",Indus,Korang,Kabul,Sutlej,C
4286,"The title ""Ambassador of Hindu-Muslim Unity"" was given to Mr. Jinnah by:",Allama Iqbal,Sarojini Naidu,Mustafa Kamal,None of these,B
4287,Veteran Actor Moeen Akhtar was famous for which type of acting?,Tragedy,Romantic,Comedy,None of these,C
4288,Which is the largest airport in Pakistan by area?,Jinnah International Airport,Allama Iqbal International Airport,New Islamabad International Airport,Chaklala Airport,C
4289,The largest oil refinery in Pakistan is:,Attock Oil Refinery,Pak-China Oil Refinery,Pak-Arab Oil Refinery,None of these,C
4290,Anna Molka Ahmed was a famous ____.,Painter,Dramatist,Film maker,None of these,A
4291,"Who announced the Communal Award on August 16, 1932?",Winston Churchill,Ramsay MacDonald,Lord Willingdon,Stanley Baldwin,B
4292,"Who was the first woman to be appointed as Permanent Representative of Pakistan to the UN, New York?",Ms. Tehmina Janjua,Ms. Maleeha Lodhi,Begum Shaista Ikramullah,Begum Ra'ana Liaquat Ali Khan,B
4293,The Indus Water Treaty was mediated by:,IMF,US,World Bank,UN,C
4294,Benazir Bhutto was assassinated on ___________.,"On June 15, 2008","On October 21, 2007","On January 19, 2008","On December 27, 2007",D
4295,"On the advice of Quaid-e-Azam, which prominent female leader was instrumental in organizing the women's wing of the Muslim League?",Begum Ra'ana Liaquat Ali Khan,Begum Salma Tasadduq Hussain,Begum Shaista Ikramullah,Begum Jahanara Shahnawaz,A
4296,When did Pakistan purchase Gwadar from Oman?,in 1960,in 1948,in 1958,in 1962,C
4297,Pakistan celebrates 'Youm-e-Takbeer' on __________.,On May 15,On May 24,On May 28,On June 1st,C
4298,Who was the first federal foreign minister of Pakistan?,Muhammad Zafarullah Khan,Liaquat Ali Khan,Khawaja Nazimuddin,Zulfiqar Ali Bhutto,A
4299,The highest non-operational military award is the ________.,Tamgha-e-Basalat,Tamgha-e-Imtiaz,Tamgha-e-Khidmat,Sitara-e-Basalat,D
4300,Pakistan's first Constituent Assembly was dissolved in:,1954,1953,1957,1958,A
4301,The capital city of Gilgit-Baltistan is ________.,Ghanchay,Nagar,Chilas,Gilgit,D
4302,Karachi linked by air to all provincial capitals on,on 23 September 1947,on 25 September 1947,on 6 Oct 1947,on 11 October 1947,C
4303,When did Alexander the Great invade India?,552 BC,326 BC,44 BC,None of these,B
4304,Salwan Kot is the old name of __________.,Quetta,Multan,Lahore,Sialkot,D
4305,Provincial autonomy was enhanced under the:,12th amendment,13th amendment,18th amendment,14th amendment,C
4306,How many new districts were created in 2004 in the Province of Sindh?,3,4,6,7,C
4307,How many articles and schedules are there in the Act of 1935?,250 sections and 8 schedules,321 sections and 10 schedules,400 sections and 12 schedules,350 sections and 9 schedules,B
4308,"Before leaving India, whom did Timur appoint as the governor of Multan, Lahore, and Dipalpur?",Daulat Khan Lodhi,Bahlol Lodhi,Khizr Khan,Nasiruddin Mahmud,C
4309,Which of the following women participated in all three Round Table Conferences?,Fatima Jinnah,Sarojini Naidu,Begum Jahan Ara Shahnawaz,Amrit Kaur,C
4310,How many major rivers flow in Khyber Pakhtunkhwa province?,Six,Seven,Eight,Nine,C
4311,What was the election symbol of Fatima Jinnah in the Presidential Election of 1965?,Star,Moon,Laltain,Ball,C
4312,Quaid-e-Azam joined the All India Muslim League on:,'10th October 1912,'10th October 1913,'14th October 1914,None of the above,B
4313,When was PIA founded?,in 1954,in 1955,in 1952,in 1950,A
4314,"Pakistan celebrates ""Youm-e-Takbeer"" on ____________.",On May 15th,On May 24th,On May 28th,On June 1st,C
4315,Sardar Farooq Ahmad Khan Leghari served as President of Pakistan from:,from 10 October 1993 to 02 December 1998,from 14 July 1993 to 02 November 1998,from 14 November 1993 to 02 December 1997,from 17 November 1996 to 12 December 1997,C
4316,"In the presidential election of 1965, Ayub Khan got which election symbol?",Shaheen,Lalten,Rose,Jasmine,C
4317,How many Muslim League members were in the 1946 interim cabinet?,3,4,5,6,C
4318,Who was the first governor of Punjab after Sir Francis Moody?,Sardar Abdur Rab Nishtar,I. I. Chundrigar,Mushtaq Ahmed Gurmani,Mian Aminuddin,A
4319,The Supreme Judicial Council is comprised of how many Judges?,3,5,6,17,B
4320,When did Lord Curzon become Viceroy of India?,1896,1897,"December 30, 1898",1900,C
4321,"After facing defeats, Humayun fled to which country in 1541 to take asylum?",Afghanistan,Turkey,Arabia,Persia,D
4322,What was the original name of the Mughal emperor Jahangir?,Khurram,Sheikhu,Salim,Daniyal,C
4323,How many articles were there in the 1962 Constitution?,225 Articles,250 Articles,275 Articles,290 Articles,B
4324,Which is the longest glacier in the Karakoram and the second-longest in the world's non-polar areas?,Hispar Glacier,Siachen Glacier,Passu Glacier,Sokha Glacier,B
4325,What was Gulbadan Begum's relationship to Emperor Humayun?,Sister,Aunt,Mother,Daughter,A
4326,The Islamabad High Court's (IHC) first female judge was sworn in on 13th December 2019.,Lubna Saleem Pervaiz,Ayesha Malik,Tahira Safdar,Syeda Tahir,A
4327,When did Lord Mountbatten arrive in Delhi as the new Viceroy of India?,"On February 22, 1947","On March 22, 1947","On April 22, 1947","On May 22, 1947",B
4328,Who was Pakistan's first Civil Martial Law Administrator?,Ayub Khan,Sikandar Mirza,Zulfiqar Ali Bhutto,Pervez Musharraf,C
4329,The budget of the Federal Government for 2021-22 was:,4.7 trillion,8 trillion,8.4 trillion,None of these,C
4330,"Sabuktigin, the founder of the Ghaznavid Dynasty, was a Turkish slave of whom?",Alptigin,Mas'ud,Ismail,Mahmud,A
4331,How many major deserts are there in Pakistan?,5,7,8,10,A
4332,When did Sayyid Ahmad Shaheed and his Mujahids attack Sikh forces?,In 1820,In 1823,In 1825,In 1826,D
4333,Pakistan Air Force Day is celebrated on _________.,On February 21,On March 8,On March 21,On September 7,D
4334,Mian Sir Fazl-i-Husain belonged to which caste?,Jutt,Rajput,Mughal,None of these,A
4335,"Which pass connects Dera Ismail Khan with Ghazni, Afghanistan?",Dargai Pass,Bolan Pass,Gomal Pass,Tochi Pass,C
4336,"The resolution of non-cooperation with the British Government was passed at the meeting of the ""All-India National Congress"" in 1920, which was held at:",Madras,Bombay,Nagpur,Calcutta,D
4337,Urdu Defence Association was founded In August 1900 In _____ City.,Delhi,Karachi,Luckhnow,Calcutta,C
4338,Who has the power to grant pardons or commute sentences passed by any court or tribunal in Pakistan?,The Prime Minister,The President,The Chief Justice of Pakistan,The Chief of Armed Forces,B
4339,The Qissa Khwani Bazar is in which district of Pakistan?,Lahore,Peshawar,Hyderabad,Quetta,B
4340,Katas Raj Temples are revered Hindu temples in Pakistan. In which district do the temples reside?,Jhelum,Chakwal,Mianwali,Dera Ghazi Khan,B
4341,Who abolished the 'One Unit' scheme?,Z.A. Bhutto,General Yahya Khan,Syed Attiullah Shah,Field Marshal Ayub Khan,B
4342,The downfall of effective Muslim rule in India is considered to have started with the demise of ________.,Akbar,Aurangzeb,Bahadur Shah Zafar,None of these,B
4343,The Anjuman-i-Himayat-i-Islam was started in _________.,In 1849,In 1884,In 1885,None of these,B
4344,Which city did Qutbuddin Aibak make the capital of the empire?,Lahore,Ghazni,Multan,Delhi,D
4345,The Moplah Rebellion of 1921 took place in which region?,Punjab,Gujarat,"Malabar Coast, Kerala",Bengal,C
4346,Emperor Humayun died in 1556 after slipping from the stairs of which building?,Palace,Library,Mosque,Fort,B
4347,Ormara Port is in which province of Pakistan?,Punjab,Sindh,KPK,Balochistan,D
4348,What does RSS stand for?,Rashtriya Swayam Sewak Sangh,Rashtriya Sangh Samiti,Rashtra Sewa Sangh,Rashtriya Sewa Samiti,A
4349,"Who wrote ""Daughter of the East""?",Rabindranath,Benazir Bhutto,Sirimavo Bandaranaike,None of these,B
4350,What major event happened in Kanpur in 1913?,Kanpur Mosque tragedy,Jallianwala Bagh massacre,Lucknow Pact,Silk Letter Conspiracy,A
4351,Emperor Zaheer-ud-Din Muhammad Babur was born in __________.,Delhi,Kabul,Sasaram,Andijan,D
4352,The first US Embassy in Karachi was established on __________.,"On May 15, 1947","On August 15, 1947","On June 15, 1947","On September 15, 1947",B
4353,When Iskander Mirza became president of Pakistan:,"on Mar 23, 1956","on Mar 23, 1948","on Mar 27, 1956","on Aug 23, 1948",A
4354,Meister Eckhart was:,An Italian Preacher,A German Theologian,A Greek Philosopher,A Chinese Freedom Fighter,B
4355,In which year was One Unit created?,In 1953,In 1954,In 1955,In 1956,C
4356,When was the princely state of Swat formally incorporated into Pakistan?,"On April 4, 1969","On July 28, 1969","On June 29, 1970",None of these,B
4357,When was the second Martial Law imposed in Pakistan?,on 26th March 1969,on 7th October 1958,on 7th July 1977,on 23rd March 1971,A
4358,The foundation stone of the Quaid's Mausoleum was laid by __________.,Iskander Mirza,Yahya Khan,President Ayub Khan,Liaquat Ali Khan,C
4359,"The Government of Pakistan established the ""Indus River System Authority"" in the year:",in 1960,in 1970,in 1980,in 1992,D
4360,Bahadur Shah Zafar was declared the Emperor of India by the mutineers in ________.,In 1856 AD,In 1857 AD,In 1859 AD,In 1860 AD,B
4361,Name the taxi service whose client data was breached:,Uber,Careem,Airlink,Albayrak,B
4362,The Great Tragedy was written in 1971 by:,Zulfikar Ali Bhutto,Yahya Khan,Sheikh Mujibur Rahman,A. K. Brohi,A
4363,The constituency of the Azad Kashmir Assembly is called __________.,GBLA,PPLA,LA,PS,C
4364,The Pakistan Forest Institute is located in __________.,Karachi,Rawalpindi,Lahore,Peshawar,D
4365,Who first gave the title 'Quaid-e-Azam' to Muhammad Ali Jinnah?,Maulana Muhammad Ali Jauhar,Maulana Mazharuddin Shaheed,Allama Iqbal,Sir Syed Ahmed Khan,B
4366,"The three eastern rivers, the Ravi, the Beas, and the Sutlej, enter Pakistan from __________.",Afghanistan,India,Iran,China,B
4367,This first flight of the Shaheen in 1999 was fired from the _________ base.,Ormara,Chaghi,Sonmiani Naval,Mehran,C
4368,Who was the British delegate in the United Nations when the Kashmir issue was first discussed in the UN?,Samuel Beckett,Ralph Bunche,Philip Noel-Baker,None of these,C
4369,When did Lord Mountbatten arrive in India?,20-Feb-47,17248,16-May-47,17321,B
4370,The former capital of Pakistan is:,Lahore,Karachi,Peshawar,Hyderabad,B
4371,"Who is known as the ""Father of Modern Lahore""?",Sir Ganga Ram,Shah Jahan,Akbar,Jahangir,A
4372,A writ issued by a High Court to order the production of a person in illegal confinement is:,Quo Warranto,Habeas Corpus,Certiorari,Mandamus,B
4373,The length of the Pakistan and Afghanistan border is ______?,2100 km,2350 km,2611 km,2869 km,C
4374,In which district is the proposed site for the Kalabagh Dam located?,Mianwali,Sahiwal,Bahawalpur,Attock,A
4375,The British Crown assumed direct control over India in which year?,1858,1860,1862,1864,A
4376,The Ministry of Foreign Affairs (MoFA) of Pakistan is located in:,Lahore,Karachi,Rawalpindi,Islamabad,D
4377,"Who among the following accepted Akbar's ""Din-e-Ilahi""?",Todar Mal,Man Singh,Birbal,None of these,C
4378,"After his resignation, Ayub Khan handed over control of the government to _____________.",Yahya Khan,Azam Khan,Musa Khan,Z.A. Bhutto,A
4379,Who was the first Sikh Senator of Pakistan?,Lal Chand Malhi,Ramesh Kumar Vankwani,Gurdeep Singh,None of these,C
4380,Which Cricket World Cup was jointly hosted by Pakistan and India?,1983,1987,2003,2011,B
4381,Who represented women at the Pakistan Resolution?,Shaista Ikramullah,Begum Ra'ana Liaqat Ali Khan,Begum Maulana Muhammad Ali Jauhar,None of these,C
4382,The Lahore Resolution of 1940 was presented by ____________.,Liaquat Ali Khan,Chaudhry Rahmat Ali,A. K. Fazlul Huq,None of them,C
4383,_______ operated the Besham terror attack on Chinese citizens from inside Afghanistan.,TTA,ITP,TLA,None of these,A
4384,"On 7 July 1972, Sindh announced that the Sindhi language would be used as ____.",National language,Official language,Medium of instruction,None of these,B
4385,"Iqbal started his law practice on October 22, __________.",In 1908,In 1907,In 1911,In 1910,A
4386,What is the full form of NADRA?,National Digital and Registration Authority,National Database and Registration Authority,National Dues and Regulation Authority,None of the above,C
4387,The Constitutional Reforms introduced in British India in 1909 are generally referred to as:,Montagu-Chelmsford Reforms,The Simon Commission Report,The Morley-Minto Reforms,The Cripps Mission,C
4388,Akbar became emperor at the age of:,9,11,13,17,C
4389,The Kabul River joins the River Indus near:,Attock,Jhang,Mianwali,Swabi,A
4390,Arfa Karim was famous in:,Engineering,Botany,IT,Chemistry,C
4391,Which leader translated the Lahore Resolution from English to Urdu?,Maulana Zafar Ali Khan,Sir Abdullah Haroon,Maulana Maududi,Qazi Isa,A
4392,Urdu was made the National Language of Pakistan in which year and with how many letters?,in 1955 with 31 letters,in 1954 with 37 letters,in 1953 with 32 letters,in 1952 with 36 letters,B
4393,In which year did Pakistan become a republic?,1947,1956,1973,1993,B
4394,How many Nishan-i-Haider have been awarded to the Air Force?,1,2,3,4,A
4395,Who is known as the 'Father of the Pakistan Air Force'?,Air Chief Marshal Mosa Khan,Air Marshal M. Asghar Khan,Air Chief Marshal Sohail Aman,None of these,B
4396,"Which Congress leader was called ""Show Boy of Congress"" by Quaid-e-Azam?",Gopal Acharia,Gandhi,Maulana Abu Kalam,Moti Lal Nehru,C
4397,Who among the following was the founder of the Mughal dynasty in India?,Akbar,Babur,Jahangir,Aurangzeb,B
4398,Who represented the Congress in the Second Round Table Conference?,Jawaharlal Nehru,Sardar Patel,Mahatma Gandhi,Subhas Chandra Bose,C
4399,How many members were there in the Simon Commission?,6 members,7 members,8 members,9 members,B
4400,Taleem-e-Balighan drama was written by:,Khawaja Moinuddin,Abdullah Hussain,Younus Javaid,None of these,A
4401,The Rann of Kutch is located between:,Punjab and Gujarat,Sindh and Indian Gujarat,Sindh and Amritsar,None of these,B
4402,"When did Liaquat Ali Khan move in the Constituent Assembly that the title of ""Quaid-e- Azam"" be used for Jinnah in official correspondence?",in July 1947,in August 1947,in September 1947,in October 1947,B
4403,The 1965 war started on:,on 4 September,on 5 September,on 6 September,on 7 September,C
4404,A senator is elected in Pakistan for how many years?,04 years,06 years,07 years,None of these,B
4405,Who first thought of the possibility of a Muslim republic embracing the present Central Asian states in the northwest of the subcontinent?,Abdul Halim Sharar,Syed Jamal-ud-Din Afghani,Ch. Rehmat Ali,None of these,B
4406,Mahmud's famous expedition where he captured Somnath was his ____ expedition.,1st,16th,17th,10th,B
4407,Who was the first Prime Minister of Azad Kashmir?,Sardar Muhammad Ibrahim Khan,Khan Abdul Hameed Khan,Sardar Sikandar Hayat Khan,Maulana Muhammad Yousaf,B
4408,I. I. Chundrigar supported the Pakistan Resolution from Bombay; who supported it from Bihar?,Nawab Muhammad Ismail Khan,Pir Ziauddin Andrabi,Mumtaz Daultana,Iftikhar Hussain Mamdot,A
4409,Where was Jamia Millia Islamia initially established before shifting to New Delhi?,Lucknow,Aligarh,Lahore,Mumbai,B
4410,The Khaksar Tehreek was established in 1931 by:,Allama Iqbal,Syed Ahmad Shaheed,Allama Inayatullah Khan Mashriqi,None of these,C
4411,Which newspaper supported the Nehru Report?,Dawn,The Statesman,Zamindar,Inqilab,C
4412,Who was the Viceroy of India during the Simon Commission's visit?,Lord Irwin,Lord Canning,Lord Mountbatten,None,A
4413,Which barrage is not present in Sindh province:,Guddu Barrage,Taunsa Barrage,Sukkur Barrage,Kotri Barrage,B
4414,The Day of Deliverance was observed by the Muslim League on:,on 3rd September 1939,on 1st November 1939,on 22nd December 1939,on 23rd March 1940,C
4415,Where is the headquarter of PTCL?,Karachi,Lahore,Islamabad,Rawalpindi,C
4416,When was the first PTV programme broadcast?,in November 1964,in September 1964,in October 1964,in December 1964,A
4417,The largest sector of Pakistan's economy is the _________ sector.,Industry,Services,Agriculture,Banking,B
4418,Where is the second-biggest thermal power plant in Pakistan located?,Kot Addu Power Plant (KAPCO),Guddu Combined Cycle Power Plant,Sahiwal Coal Power Plant,Port Qasim Coal Power Plant,A
4419,Rawal Lake is an artificial reservoir built on the ________ River.,Korang,Kabul,Indus,Ravi,A
4420,Diarchy was first introduced in the Government of India Act of ________.,in 1909,in 1919,in 1935,None of these,B
4421,Who replaced Khawaja Nazimuddin as Prime Minister in 1953?,Muhammad Ali Bogra,Ayub Khan,Yahya Khan,None of these,A
4422,The Shimla Deputation met the Viceroy at Shimla on __________.,"On October 1, 1906","On September 3, 1906","On October 5, 1907","On September 7, 1907",A
4423,"In the National Assembly of Pakistan, minorities are allocated ____ seats.",9,10,8,7,B
4424,"Approximately how many peaks in Pakistan are higher than 7,000 meters?",108,117,125,191,A
4425,The Jallianwala Bagh incident took place on:,"on 23 April, 1919","on 13 May, 1919","on 13 June, 1919","on 13 April, 1919",D
4426,Zakat funds were established under section:,6,7,8,9,B
4427,Which province was chosen as the site for Pakistan's nuclear bomb tests?,Punjab,Sindh,Khyber Pakhtunkhwa,Balochistan,D
4428,The Khojak Pass connects Chaman with __________.,Swat,Qila Abdullah,Kharan,Wakhan,B
4429,The Lieutenant-Governor of the North-Western Provinces (NWFP) in 1895-1896 was:,Libert,Montgomery,Anthony Patrick,Lord Ripon,C
4430,The minimum age for a candidate for the Senate is:,25 years,30 years,35 years,18 years,B
4431,How much salt reserve is deposited in the Khewra mine?,3.5 billion Tons,4.5 billion Tons,5.5 billion Tons,6.5 billion Tons,D
4432,When did Quaid-i-Azam join the Home Rule League?,6301,6379,6423,6545,B
4433,Who was the last Governor General and first Viceroy of India?,Lord Wellesley,Lord Canning,Lord Linlithgow,Lord Willingdon,B
4434,Which nursery school did Benazir Bhutto attend?,Bulbul Nursery School,St. John's Nursery School,Holy Family Nursery & KG School,Lady Jennings Nursery School,D
4435,The British sold Kashmir to Gulab Singh Dogra under the:,Treaty of Lahore,Treaty of Amritsar,Treaty of Gandamak,Treaty of Bassein,B
4436,What was the time of creation of Pakistan?,"11 p.m., 14 Aug 1947","12 a.m., between 14th & 15th Aug 1947","1 a.m., 15 Aug 1947","2 a.m., 15 Aug 1947",B
4437,Which of the following leaders led the Muslim League's delegation to the Simla Conference?,Jinnah and Liaquat,Jinnah and Nizamuddin,Liaquat and Nizamuddin,"Jinnah, Liaquat and Nizamuddin",D
4438,In which year did Sir Syed set up a school at Muradabad?,In 1856,In 1857,In 1858,In 1859,D
4439,Who is the Leader of the House in the National Assembly of Pakistan?,The President,The Prime Minister,The Opposition Leader,The Deputy Speaker,B
4440,"According to the Muhammad Ali Bogra Formula, the Central Legislature was to consist of _________ houses.",One,Two,Three,Four,B
4441,Shah Abdul Latif's 'Risalo' was first published by Dr. Ernest Trumpp from ________.,Paris,Leipzig,Bombay,London,B
4442,"Lord ________ issued an order dividing the province of Bengal into two parts on July 20, 1905.",Lord Lytton,Lord Curzon,Lord Hastings,Lord Wallington,B
4443,"Lawrence Garden, Lahore, was a gift from __________.",K. Lawrence,Engineer Lawrence,Governor Lawrence,None of these,D
4444,"Sir Syed Ahmed Khan established a Translation Society (later, renamed as 'Scientific society') in 1864. In which town was it founded?",Bijnaur,Aligarh,Ghazipur,None of these,C
4445,Where did Benazir Bhutto die?,Karachi,Lahore,Rawalpindi,London,C
4446,Mr. Javed Iqbal was formerly the Chairman of the:,Election Commission,National Accountability Bureau,Senate,National Assembly,B
4447,"According to the Human Development Index, the literacy rate of Pakistan in 2019 was:",56 percent,57 percent,58 percent,59 percent,D
4448,The range of the enhanced version of the Babur cruise missile is _________.,800 km,450 km,"1,500 km",700 km,D
4449,"Due to his generosity, Qutbuddin Aibak earned the title of ____?",Lakh Bakhsh,Ghazi,Sultan-e-Adil,Yamin-ud-Dawlah,A
4450,"According to Sir Syed Ahmad Khan, whose supervision was most formative in the development of his character?","His father, Mir Muttaqi","His mother, Aziz-un-Nisa","His grandfather, Syed Hadi",None of them,B
4451,Who is called the pioneer of Pakistan's relations with China?,Liaquat Ali Khan,Huseyn Shaheed Suhrawardy,Ayub Khan,Zulfikar Ali Bhutto,B
4452,Liaquat Ali Khan was killed by:,Aslam Khan,Naeem Agha,Said Akbar,None of these,C
4453,The Shakarparrian Hills are situated in _________.,Islamabad,Rawalpindi,Murree,Peshawar,A
4454,When was the first census held in the Indian subcontinent?,1881,1882,1883,1892,A
4455,"From 1947 to 1974, the railway system in West Pakistan was known as _______.",Pakistan Eastern Railways,Pakistan Western Railway,Pakistan Northern Railways,Pakistan Southern Railways,B
4456,The first notable Hindi scholar of the Mughal period was ______.,Chand Bardai,Malik Muhammad Jayasi,Abdur Rahim Khan-i-Khanan,Mulla Wajhi,B
4457,The Hindu Kush range starts at the _________.,China Border,Pamir Plateau,Afghan Border,Karakoram Range,B
4458,When was PTV2 launched?,in 1992,in 1995,in 1988,in 1990,A
4459,"The tomb of the folk wiseman of Sindh, Watayo Faqeer, is in __________.",Sakrand,Tando Allahyar,Mehrabpur,Badin,B
4460,"In the Indus Valley, alluvial soil was used for making ________.",Bricks,Maps,Fertilizer,Drinks,A
4461,Jinnah-Gandhi talks were held in ______:,1942,1943,1944,1945,C
4462,"The book 'The Sole Spokesman: Jinnah, the Muslim League and the Demand for Pakistan' was written by __________.",Umera Ahmad,Ayesha Jalal,Liaquat Ali Khan,Aitzaz Ahsan,B
4463,Name the Pakistani who won the 'Young Scientist Award 2021' in Biotechnology:,Hassan Saleem,Umair Masood,Jawad Khan,Nouman Khawar,B
4464,The 22nd Amendment to the 1973 Constitution of Pakistan is related to the ____________.,Pakistan Army trial courts,Powers of the Election Commission,Related to the NRO,Not made yet,B
4465,"When did the Constituent Assembly pass the ""Objective Resolution""?",In February 1949,In March 1948,In April 1949,In March 1949,D
4466,Who was the only Vice-President in the history of Pakistan?,Nur-ul-Amin,Fazlul Qadir Chaudhry,Zulfikar Ali Bhutto,General Yahya Khan,A
4467,How many general seats does each province have in the Senate?,14,18,17,23,A
4468,Name the Prime Minister of India at the time of the 1965 War:,Indira Gandhi,Lal Bahadur Shastri,Morarji Desai,Sanjay Gandhi,B
4469,"The ""working boundary"" is the border between Pakistan and ________.",India,Afghanistan,Iran,Indian-occupied Kashmir,D
4470,Who was the first opposition leader of the Balochistan Assembly?,Jam Kamal Khan,Akbar Bugti,Jam Gulam Qadir Khan,Aslam Raisani,C
4471,Nathia Gali beach is in which city of Pakistan?,Murree,Islamabad,Karachi,Lahore,C
4472,JAMSHED MARKER distinguished himself in the field of:,Civil Service,Teaching,Diplomacy,Fiction writing,C
4473,The constituency of the Khyber Pakhtunkhwa Assembly is called ________.,PS,PP,PB,PK,D
4474,"Name the cricket stadium located in Khyber Agency, inaugurated by General Raheel Sharif in November 2016.",Younis Khan Cricket Stadium,Shahid Afridi Cricket Stadium,Gaddafi Stadium,Arbab Niaz Stadium,B
4475,In which year did the MAO College become Aligarh Muslim University?,In 1919,In 1920,In 1921,In 1922,B
4476,"Reko Diq, a large copper and gold deposit, is in the __________ district of Balochistan.",Loralai,Chagai,Lasbela,Jafarabad,B
4477,The National Monument of Pakistan is located in ___________.,Rawalpindi,Faisalabad,Islamabad,Lahore,C
4478,The Governor of former NWFP at the time of the independence of Pakistan in 1947 was:,Sir Olaf Caroe,Sir George Cunningham,Henry Grady,Rob Lockhart,B
4479,When did BBC start its first Urdu service?,on 13th January 1949,on 3rd November 1948,on 13th April 1949,on 1st July 1949,C
4480,Reforms for which provinces were mentioned in Quaid-e-Azam's fourteen points?,NWFP and Balochistan,Sindh and Punjab,Sindh and NWFP,Sindh and Gilgit Baltistan,A
4481,Zia Mohyeddin is a ______?,Singer,Actor,Comedian,None of these,B
4482,How many years did the Congress ministries last?,Four,Three,Two,None of these,C
4483,Who succeeded Zia-ul-Haq as President of Pakistan?,Nawaz Sharif,Benazir Bhutto,Ghulam Ishaq Khan,Pervez Musharraf,C
4484,Hassan Habib is associated with which sport:,Squash,Poker,Swimming,None of these,B
4485,The Cabinet Mission was sent to India in:,in March 1946,in May 1946,in April 1946,in June 1946,A
4486,"In the 1764 Battle of Buxar, who led the East India Company?",Dalhousie,Munro (Hector Munro),Ripon,None of these,B
4487,"The Indian Act of 1919 provided which type of legislature at the centre in place of the Imperial Legislative Council, consisting of one House?",Bicameral,Unicameral,'A & B,None of these,A
4488,The Siachen conflict was started between India and Pakistan in:,1985,1984,1986,1987,B
4489,Where is the tomb of Emperor Aurangzeb located?,Agra,Delhi,Aurangabad,Khuldabad,D
4490,The 1965 war started on:,on 06th September 1965,on 07th September 1965,on 08th September 1965,on 09th September 1965,A
4491,"The Durand Line, a single-page agreement, was signed in:",1890,1891,1892,1893,D
4492,Who was the first Chief Minister of Khyber Pakhtunkhwa?,Khan Abdul Qayyum Khan,Sahibzada Zafar Ali Khan,Abdul Ghafoor Hoti,None of them,A
4493,Who wrote the famous book 'Kitab-al-Hind' (also known as Tarikh-al-Hind)?,Ferdowsi,Al-Biruni,Utbi,Baihaqi,B
4494,Where is Siachen glacier located?,Gilgit,Skardu,Balochistan,Chitral,A
4495,"Which new province was created under the Government of India Act, 1935?",Punjab,Sindh,Assam,Bengal,B
4496,"The Treaty of Amritsar, also known as the ""Sale deed of Kashmir,"" was signed between which two parties?",Nawab Shuja-ud-Daula and Rohillas,Raja Gulab Singh and British Government,Tipu Sultan and British East India Company,Maharaja Ranjit Singh and British Government,B
4497,"The first Mughal emperor, Babur, died in ________.",In 1520 AD,In 1525 AD,In 1530 AD,None of these,C
4498,The creation of Bangladesh happened after which Indo-Pak war?,1948 War,1965 War,1971 War,Kargil War,C
4499,Articles 176 to ________ of the 1973 Constitution deal with the Supreme Court of Pakistan.,190,191,192,193,B
4500,In which year did Sir Syed return from England?,1869,1870,1875,1876,B
4501,Who was the first Commander-in-Chief of the Pakistan Army?,Gen. Sadiq Chaudhry,Gen. Frank Messervy,Gen. Muhammad Ayub Khan,Gen. George Murphy,B
4502,Which Sultan of the Slave Dynasty is credited with crushing the power of the 'Chahalgani' or 'The Forty'?,Shamsuddin Iltutmish,Ghiyasuddin Balban,Qutbuddin Aibak,Sultana Raziya,B
4503,The constitution of 1962 envisaged a Federal State with _____ form of government.,Unicameral,Presidential,Bicameral,Parliamentary,B
4504,When was the Communist Party banned in Pakistan?,1950,1954,1958,None of these,B
4505,When was the Kashmir issue taken to the United Nations Security Council by Pakistan?,1947,1948,1949,1950,B
4506,Who succeeded Maharaja Ranjit Singh after his death?,Duleep Singh,Kharak Singh,Tipu Sultan,Haider Ali,B
4507,Mountbatten arrived in Delhi:,on 13 March 1947,on 22 March 1947,on 30 March 1947,on 2 April 1947,B
4508,What is the birth place of Quaid-e-Azam Muhammad Ali Jinnah?,Bagh-e-Jinnah,Karachi,Wazir Mansion,Mohatta Palace,C
4509,The tomb of Babur is in which city?,Delhi,Kabul,Lahore,Baku,B
4510,"The book 'The Sole Spokesman: Jinnah, the Muslim League and the Demand for Pakistan' was written by __________.",Umera Ahmad,Ayesha Jalal,Liaquat Ali Khan,Aitzaz Ahsan,B
4511,Which of the following is the youngest cricketer to take a hat-trick in a Test match?,Hassan Ali,Naseem Shah,Wahab Riaz,None of these,B
4512,"In the early 1930s, which leader or leaders became prominent in the Kashmiri freedom struggle?",Sheikh Muhammad Abdullah,Chaudhry Ghulam Abbas,Both of them,None of them,C
4513,"Who coined the name ""Pakistan"" for our country?",Liaquat Ali Khan,Choudhry Rehmat Ali,Fazlul Haq,Allama Iqbal,B
4514,Which Pakistani calligrapher is famous all around the world?,Sadequain,Ahmad Khan,Asghar Ali,None of these,A
4515,World Food Day is observed on ____ every year:,on 16 October,on 17 October,on 14 October,on 15 October,A
4516,"In the 14-points of Quaid-e-Azam, how much majority in central legislation was demanded:",01-Feb,01-Mar,01-Apr,01-May,B
4517,In which year did the Dogra dynasty buy Kashmir from the British?,1840,1846,1850,1866,B
4518,"At the time of the 1857 War of Independence, Sir Syed Ahmad Khan was Sadar Amin of?",Aligarh,Delhi,Bijnor,None of these,C
4519,Which Constitution did Pakistan adopt at independence as a working constitution?,Indian Independence Act 1947 and Government of India Act 1935 with amendments,Government of India Act 1919,Pakistan National Movement Charter,Lahore Resolution,A
4520,Who was the chairman of the Boundary Commission of India and Pakistan?,Cyril Radcliffe,Mountbatten,Lord Wavell,None of these,A
4521,Chilum Joshi is a festival celebrated in:,Kailash valley,Gilgit Baltistan,Chitral valley,Balochistan,A
4522,The former FATA comprised ___________ agencies.,5 Agencies,7 Agencies,8 Agencies,6 Agencies,B
4523,Allama Iqbal attended how many Round Table Conferences?,One,Two,Three,None of these,B
4524,Who represented Congress in the 1st Round Table Conference?,Gandhi,Nehru,Abul Kalam Azad,Nobody represented Congress,D
4525,The final result of the 1935 sub-continent election was announced in:,1935,1936,1937,None of these,C
4526,Working with Zia was written by:,Ayesha Jalal,K.M. Arif,Stanley Wolpert,Ishtiaq Ahmad,B
4527,Gwadar remained under Oman's rule for ___________ years.,172,174,176,None of these,B
4528,"In 2016, about _______ Afghans were sent back by Pakistan.",2 lac,4 lac,6 lac,8 lac,C
4529,"For what purpose did Jahangir install the famous ""Chain of Justice"" at his palace?",To punish criminals,To announce royal decrees,For speedy justice,To collect taxes,C
4530,When was the 1962 Constitution abrogated?,"On March 25, 1969","On March 29, 1969","On April 4, 1969","On April 14, 1969",A
4531,Who was Pakistan's first law Minister and interim head of the constituent assembly?,Chandra Chattopadyaya,Bhupendra Kumar Datta,Jogendra Nath Mandal,None of these,C
4532,What is the total area of Pakistan in square kilometers?,795096 km²,796090 km²,796096 km²,798096 km²,C
4533,When did Pakistan television start:,1962,1964,1974,None of these,B
4534,Which of the following only country did not pull out from the SAARC 19th Conference scheduled in November 2016 in Islamabad (Pakistan)?,Srilanka,Bangladesh,Nepal,Maldives,C
4535,"Under the Indus Waters Treaty, the use of which rivers was allocated to Pakistan?","Indus, Jhelum, Sutlej","Jhelum, Chenab, Beas","Indus, Jhelum, Ravi","Indus, Jhelum, Chenab",D
4536,Murree was constructed in 1853 at ____.,Sunny Bank,Nathia Gali,Sher Bangala,None of these,A
4537,Haji Shariatullah returned from Makkah in ___________.,In 1821,In 1818,In 1819,In 1822,B
4538,What was the primary purpose of the Cripps Mission?,To get support for World War I,To get support for World War II,To discuss the independence of Pakistan,None of these,B
4539,Who was the first elected president of Pakistan?,Iskander Mirza,Ayub Khan,Zulfikar Ali Bhutto,Fazal Ilahi Chaudhry,B
4540,A Navy Captain is equal in rank to an Army ____________.,Captain,Major,Colonel,Brigadier,C
4541,Who was the first Chairman of the Pakistan Atomic Energy Commission?,Dr. I. H. Usmani,Dr. Muhammad Abdus Salam,Dr. Nazeer Ahmad,Mr. Saleem Mehmud,C
4542,Dars-e-Nizamia was established during the reign of:,Babar,Akbar,Humayun,None of these,D
4543,"Who was the Minister for Internal Affairs, Information & Education in the first cabinet?",Malik Ghulam Muhammad,I.I. Chundrigar,Fazal ur Rehman,Ch. Khaliquzaman,C
4544,Mention the importance announcement (s) that was/were made by the Governor General Lord Hardinge in thier Darbar at Delhi in 1911?,Annulment of the partition of Bengal,Transfer of Capital from Calcutta to Delhi,Both of these,None of these,C
4545,How many seats did PTI win in the 2021 Senate election?,17,18,19,None of these,B
4546,"Makhdoom Muhammad Hashim Thattvi, an Islamic scholar, lived during the __________ regime.",Kalhora,Soomra,Samma,Arghun,A
4547,"Name the crop sown on the largest area of Pakistan,",Tobacco.,Sugar cane,Cotton,Wheat,D
4548,Pakistan receives monsoon rainfall in which months?,From June to August,From July to September,From June to September,From July to August,B
4549,Benazir Bhutto was born on:,on 21st May 1953,on 21st June 1953,on 21st July 1953,on 21st August 1953,B
4550,Cripps Proposals were presented in:,1940,1942,1941,1943,B
4551,In which district is the shrine of Shah Abdul Latif Bhittai located?,Hyderabad,Matiari,Dadu,Thatta,B
4552,The rule of the Sayyid Dynasty came to an end in which year?,In 1414,In 1451,In 1421,In 1434,B
4553,The capital of Gilgit Baltistan is _________.,Pamir,Gilgit,Hunza,Baltistan,B
4554,The construction of the Qutub Minar was started by _______.,Qutb-ud-din Aibak,Jalaluddin Khilji,Muhammad Ghauri,None of these,A
4555,Chittori is the historic ancestral graveyard of the Talpur Mirs located in _______.,Umerkot,Ghotki,Mirpur Khas,Kandhkot,C
4556,The first census was conducted in Pakistan in:,in 1948,in 1950,in 1951,in 1961,C
4557,"In 2016, about _______ Afghan refugees were sent back from Pakistan.",200000,400000,600000,800000,B
4558,"The mosque ""Quwwat-ul-Islam"" was built by Qutbuddin Aibak in which city?",Lahore,Delhi,Multan,Ajmer,B
4559,The Polio Eradication Campaign officially started in Pakistan in __________.,In 1990,In 1994,In 2000,In 2004,B
4560,Which political party was in power in the North-West Frontier Province (now KPK) at the time of Independence?,Muslim League,Indian National Congress,Justice Party,Tehreek-e-Khaksar,B
4561,Who is the current Chief Minister of Balochistan?,Jam Kamal Khan,Sanaullah Khan Zehri,Alauddin Marri,None of these,A
4562,Article 370 of the Indian constitution was related to:,Fundamental Rights,Special status for Kashmir,Emergency Provisions,Directive Principles,B
4563,Benazir Bhutto embraced shahadat in:,2005,2006,2007,None of these,C
4564,Who among the following published Hamdard newspaper?,Maulana Muhammad Ali Johar,Maulana Muhammad Shaukat Ali,Maulana Abdul Kalam Azad,Maulana Zafar Ali Khan,A
4565,Who is considered the first major poet of the Punjabi language?,Baba Farid,Shah Hussain,Bulleh Shah,None of them,A
4566,The beginning of the Mughal Empire started after the defeat of __________.,Ibrahim Lodhi,Sikandar Lodhi,Daulat Khan Lodhi,None of these,A
4567,Buland Darwaza (Gate of Victory) was built by Akbar the Great to commemorate his conquest of Gujarat at ____________.,Gujrat,Delhi,Fatehpur Sikri,Agra,C
4568,When did Mirza Ghalib die?,"February 15, 1869","March 10, 1870","November 9, 1877","December 25, 1876",A
4569,The cultural center of the Gandhara Civilization was:,Mohenjo Daro,Harappa,Taxila,Hyderabad,C
4570,When was the Utility Stores Corporation of Pakistan (Pvt.) Limited established?,In 1971,In 1972,In 1973,In 1974,A
4571,Article _______________ of the 1973 Constitution was amended through the 24th Constitutional Amendment.,Article 50,Article 51,Article 52,Article 53,B
4572,What is the length of the Bolan Pass?,89 km,90 km,95 km,None of these,A
4573,"The conquest of the Deccan, to which Aurangzeb devoted the last ______ years of his life.",22,24,16,26,D
4574,Which pass connects Pakistan with Afghanistan?,Khunjerab Pass,The Khyber Pass,Tochi Pass,Gomal Pass,B
4575,Ahmad Shah Durrani invaded India against:,Lodhi,Tughlaq,Mughals,None of these,C
4576,Who is the current Federal Tax Ombudsman?,Salman Farooqi,Tariq Bajwah,Mushtaq Sukhera,Dr. Arslan Subuctageen,D
4577,When did the Congress ministries resign from their offices?,In November 1927,In February 1928,In February 1929,In October 1939,D
4578,All Pakistan Women's Association (APWA) was established for:,Social Development of Women,Political Development of Women,Moral Development of Women,All of the above,D
4579,Who was the founder of the Faraizi movement?,Titu Mir,Haji Shariatullah,Dudu Miyan,Shah Waliullah,B
4580,Which crops are sown in the Rabi season?,"Tobacco, oilseed","Wheat, gram",Barley and mustard,All of them,D
4581,Which book of Allama Iqbal was published in 1923?,Baal-e-Jibreel,Bang-e-Dara,Payam-i-Mashriq,Zaboor-e-Ajam,C
4582,Name the longest river in Pakistan.,Indus,Kabul,Chenab,Sutlej,A
4583,President Zia's policies enabled the government to manage a complex __________.,Foreign policy,Co-existence,Family Planning,None of these,A
4584,What is the age of retirement of Supreme Court Judges?,60,62,65,66,C
4585,"Which years are known as the 'aligned years' in Pakistan's foreign policy, due to its membership in SEATO and CENTO?",from 1963 to 1972,from 1954 to 1962,from 1947 to 1953,None of these,B
4586,Who was the first General Secretary of the AIML?,Nawab Salimullah Khan,Nawab Viqar-ul-Mulk,Hassan Bilgrami,Nawab Mohsin-ul-Mulk,C
4587,The Government of India Act of 1935 contained how many sections?,320,321,322,323,B
4588,How many seats are reserved for women in the 1973 Constitution?,40,50,60,None of these,C
4589,The Objectives Resolution was passed on?,on 12-03-1949,on 07-03-1949,on 05-03-1949,None of these,A
4590,How many Muslim seats did the AIML win in the 1945-46 provincial assemblies?,30,104,446,119,C
4591,The Nanda dynasty of Pataliputra was overthrown by ________.,Kautilya,Brihadratha,Samudragupta,Chandragupta Maurya,D
4592,When did Bahadur Shah Zafar die?,1857,1858,1862,1866,C
4593,The British sent the Cripps Mission to India chiefly with a view to:,Placate the Muslims,Create divisions within the ranks of the Indian National Congress,Secure the cooperation of the Indians in its war efforts,Silence the opposition in the British Parliament,C
4594,Name the tallest building in Karachi.,HBL,MCB Tower,Bahria Icon Tower,Bakt Tower,C
4595,Whom did General Pervez Musharraf replace?,Mirza Aslam Beg,General Jahangir Karamat,General Khalid Maqbool,General Raheel Sharif,B
4596,"Originally the CPEC was an economic corridor worth ___ billion dollars, which later was increased to around 62 billion dollars:",46,56,44,42,A
4597,When did Pakistan conduct nuclear tests?,on 05/30/1998,on 05/28/1998,on 04/20/1998,None of these,B
4598,The Indus Waters Treaty between India and Pakistan was brokered by:,SEATO,World Bank,United Nations,None of these,B
4599,The foreign policy of Pakistan is:,Unilateralism,Bilateralism,Multilateralism,None of these,C
4600,Habib Bourguiba helped Tunisia get independence from France in:,1946,1956,1966,None of these,B
4601,The Prime Minister of Pakistan who had the shortest period in office was:,I. I. Chundrigar,Nurul Amin,Muhammad Ali Bogra,Feroz Khan Noon,A
4602,Who was the British Prime Minister at the time of partition of India?,Churchill,Attlee,Chamberlain,Eden,B
4603,"How many men were required to pull the manjaneeq named ""The Bride""?",100,250,400,500,D
4604,"According to which Constitution, Pakistan was officially named Islamic Republic of Pakistan:",1956,1962,1973,None of these,A
4605,The Khunjerab Pass connects Pakistan with ________.,India,China,Turkey,Iran,B
4606,The capital of the Mughal Empire was shifted from Agra to Delhi by __________.,Jahangir,Aurangzeb,Humayun,Shah Jahan,D
4607,Who abrogated the first constitution of Pakistan (1956)?,Zia-ul-Haq,Sikandar Mirza,Yahya Khan,None of these,B
4608,"Who wrote the book, 'The Life of Mahomet'?",Jane Austen,Sir William Muir,Charlotte Brontë,Michel H. Hart,B
4609,How many articles are there in the 1973 Constitution?,240 articles,250 articles,260 articles,280 articles,D
4610,The weekly 'Al-Hilal' was started by ____________.,Abul Kalam Azad,Jawaharlal Nehru,M. K. Gandhi,Iqbal,A
4611,Which city was made the capital of the Ghaznavid Empire of India?,Ghazni,Delhi,Lahore,Somnath,C
4612,The MAO College was inaugurated by ____________.,Lord Dufferin,Lord Lytton,Lord Hastings,Lord Ripon,B
4613,"The Legal Framework Order (LFO) was promulgated on March 30, 1970, by __________.",Ayub Khan,Yahya Khan,Z. A. Bhutto,None of these,B
4614,"Who was martyred in 1965 war and awarded ""Nishan-e-Haider""?",Major Aziz Bhatti,Major Shabbir Sharif,Captain Karnal Sher Khan,Pilot Officer Rashid Minhas,A
4615,"Who was the first Chief Minister of NWFP (now Khyber Pakhtunkhwa, in 1937)?",Sahibzada Zafar Ali Khan,Aslam Raisani,Sir Sahibzada Abdul Qayyum Khan,Ameer Haider Khan Hoti,C
4616,The 1970 general election was held under the ________.,Adult franchise basis,Legal Framework Order (LFO),Non-party basis,None of these,B
4617,In which year did Quaid-e-Azam join Congress?,1908,1906,1907,None of these,B
4618,"The famous book ""The Daughter of the East"" is written by:",Benazir Bhutto,K.K. Aziz,Herndon,Ayesha Jalal,A
4619,Who was the first Muslim Commander-in-Chief of the Pakistan Air Force?,Air Marshal Asghar Khan,Air Marshal Zafar Chaudhry,Air Marshal Anwar Khan,None of them,A
4620,Who was the girl from the Yarbu tribe who wrote a letter to Hajjaj bin Yusuf for help?,Fatima,Naheed,Zainab,Ayesha,B
4621,What is the old name of Lahore?,Mahmoodpur,Mansoora,Bilalabad,Pepri,A
4622,Waqar-ul-Mulk was the ____ of Aligarh Institute:,President,Secretary,Principal,None of these,B
4623,The Constitution of 1956 was:,Unicameral,Bicameral,Trilateral,None of these,A
4624,The Kargil incident happened in _________.,In 1998,In 1997,In 1999,In 2000,C
4625,"Changa Manga, a man-made forest, is in which province of Pakistan?",KPK,Punjab,Sindh,Balochistan,B
4626,The Indian National Congress formed the government in how many provinces in 1937 elections?,6,7,8,9,C
4627,Oldest city of Pakistan is:,Karachi,Lahore,Multan,Larkana,C
4628,"In Pakistan, sugar is made from sugarcane and ____.",Orange,Beet,Mango,None of these,B
4629,Which kind of Tax is a Federal subject?,Excise Tax,Property Tax,Zakat & Ushr,General Sales Tax,D
4630,In which year did Syed Jamal-ud-din Afghani die?,In 1895,In 1896,In 1897,In 1898,C
4631,India took the Kashmir dispute to the United Nations in:,1947,1948,1956,1973,B
4632,"The total number of recipients of the ""Nishan-e-Haider"" is ____________.",8,9,10,11,C
4633,Who among the following was the first Chief Minister of Punjab?,Nawab of Kala Bagh,Iftikhar Hussain Mamdot,M. Ali Johar,I.I. Chundrigar,B
4634,"As per section 31 of the Anti-Terrorism Act, 1997 a judgment or order passed, or sentence awarded by an Anti-Terrorism Court, subject to the result of an appeal under this Act shall be:",Preliminary,Tentatively,Final,None of these,C
4635,When did the Second Round Table Conference take place?,January to March 1931,"September 7 to December 1, 1931",November 1930 to January 1931,February to April 1932,B
4636,When did the British announce the separation of NWFP from Punjab?,1901,1932,1947,None of these,A
4637,Who acts as the Prime Minister of Pakistan in the absence of the Prime Minister?,The Senate Chairman,The Speaker of the National Assembly,The Chief Justice of Pakistan,The President,B
4638,Who was the first Emperor of the Tughlaq Dynasty in the Indian subcontinent?,Muhammad Bin Tughlaq,Feroz Shah Tughlaq,Ghiyasuddin Tughlaq,None of these,C
4639,High-tech exports of Pakistan stand at:,0.7 percent,0.8 percent,0.9 percent,None of the above,A
4640,Agricultural reforms after the 1857 War of Independence were conducted in:,Punjab,UP,Bengal,None of the above,A
4641,Warsak Dam has been built on the river:,Indus,Kunang,Kabul,Sutlej,C
4642,"Dr. Ruth Pfau, a German doctor renowned in Pakistan for treating leprosy and TB, died on:",on 10 August 2017,on 10 August 2016,on 10 August 2018,on 10 August 2015,B
4643,Who resigned from the Congress during the Nagpur Session in December 1920?,Jawaharlal Nehru,Sardar Patel,Quaid-i-Azam,Bal Gangadhar Tilak,C
4644,A Money Bill can be introduced in Parliament by:,The Finance Minister,A Cabinet member,Any member of Parliament,None of these,A
4645,Hamza Shahbaz is the ____ Chief Minister of Punjab.,19th,20th,18th,22nd,A
4646,How many women members are in the Senate of Pakistan?,15,17,18,None of these,B
4647,"Chaudhri Rehmat Ali first used the word ""Pakistan"" in his pamphlet ""Now or Never"" in:",1933,1935,1937,1938,A
4648,The Wadiya Mandar scheme is related to:,Education,Taxes,Equality,None of these,A
4649,The Dharmarajika Stupa in Taxila was built in the era of the:,Mughals,Kushans,Khilji,Mauryan Empire,D
4650,Who was the Viceroy in India during the Second World War?,Stafford Cripps,Lord Linlithgow,Lord Irwin,None of these,B
4651,The defeat of Nawab Siraj-ud-Daula in the Battle of Plassey is attributed to the betrayal of which commander?,Lord Clive,Mir Jaffar,Mir Qasim,Shah Alam II,B
4652,"According to the Legal Framework Order, the first general elections of Pakistan were held in:",1966,1970,1977,1952,B
4653,How much hydropower potential does Pakistan have for generating electricity?,35000 MW,60000 MW,80000 MW,None of these,B
4654,"Where was the annual session of the All-India Muslim League held in 1915, before the Lucknow Pact?",Mumbai (Bombay),Lahore,Kanpur,Dhaka,A
4655,Kashmir Solidarity Day is observed on:,on Jan. 25,on Feb. 5,on May 28,on Feb. 15,B
4656,The Shalimar Gardens were constructed by Shah Jahan in ____________.,In 1640,In 1642,In 1644,None of these,B
4657,How many general seats are there in the National Assembly of Pakistan after the 2023 delimitations for the 2024 elections?,266,272,282,292,A
4658,The largest Princely State by area at the time of partition was:,Hyderabad (Deccan),Kashmir,Bahawalpur,Bhopal,B
4659,The latest season of the PSL was held entirely in Pakistan for the ____ time?,First,Second,Third,None of these,A
4660,When was the Securities and Exchange Commission of Pakistan (SECP) founded?,"On January 1, 1997","On January 1, 1999","On January 1, 2001","On January 1, 2002",B
4661,"Nawab Waqar-ul-Mulk became secretary of the Board of Trustees, Aligarh, in the year:",1906,1907,1908,1909,B
4662,Who was the first President of the AIML?,Nawab Salimullah Khan,Sir Agha Khan,Muhammad Amir Ahmed Khan,Hassan Bilgrami,B
4663,Zahir-ud-Din Babur founded the Mughal Empire in India in ________.,In 1526 AD,In 1527 AD,In 1528 AD,In 1529 AD,A
4664,"Who presented the Lahore Resolution (Pakistan Resolution) on March 23, 1940?",Allama Iqbal,Liaquat Ali Khan,Quaid-e-Azam Muhammad Ali Jinnah,A. K. Fazlul-Haq,C
4665,"In the Lucknow Pact (1916), what portion of representation was granted to Muslims in legislative councils?",1 by 2,1 by 3,1 by 4,1 by 5,B
4666,Baluchistan became a province on:,on 1st July 1971,on 1st July 1970,on 1st July 1955,on 1st July 1969,B
4667,"Who is known as ""The Father of the Nation""?",Allama Iqbal,Sir Agha Khan,Quaid-e-Azam,Salimullah Khan,C
4668,"Who is known as the ""Breaker of Idols""?",Mahmud Ghazni,Babar,Aurangzeb,Akbar,A
4669,Which country has the largest irrigation system in the world?,India,Egypt,Bangladesh,Pakistan,D
4670,The mother language of Quaid-e-Azam was?,Gujarati,Sindhi,Marathi,Hindi,A
4671,Who was the founder of the Slave Dynasty in India?,Mahmoud Ghaznavi,Sher Shah Suri,Qutub-ud-Din Aibak,Ibrahim Lodhi,C
4672,"'Who assisted Quaid-i-Azam in preparing the famous ""Fourteen Points"" in 1929?",Maulana Muhammad Ali Johar,Allama Iqbal,Liaquat Ali Khan,Ghazi Mustafa Kamal Pasha,A
4673,In which year was the Indian Councils Act introduced?,1888,1892,1893,1896,B
4674,Shah Abdul Latif is the author of _____________.,Sassi Punnhun,Heer Ranjha,Shah Jo Risalo,Shahnama,C
4675,Who helped the Quaid-e-Azam in the preparation of fourteen points?,Sir Syed Ahmed Khan,Allama Iqbal,Maulana Muhammad Ali Johar,Liaquat Ali Khan,C
4676,How many major Ordnance Factories were there in the subcontinent in 1947 that fell to Pakistan or India after partition?,12,14,16,19,C
4677,The 18th Amendment to the 1973 Constitution was passed on _________.,"On April 7, 2009","On April 8, 2010","On April 10, 2010",None of these,B
4678,Risalo' is the best-known collection of romantic poetry in the ________ language.,Urdu,Sindhi,Arabic,Persian,B
4679,Khudi was a topic of:,Allama Iqbal,Faiz Ahmad Faiz,Ameer Khusro,None of these,A
4680,Who translated the Objectives Resolution into Urdu?,Quaid-e-Azam,Maulana Shabir Ahmad Usmani,Begum Maulana Mohammad Ali Jauhar,None of these,B
4681,"Who promulgated the Legal Framework Order (LFO) on March 30, 1970?",Ayub Khan,Zulfiqar Ali Bhutto,General Yahya Khan,General Zia,C
4682,"Where did Governor-General of India, Lord Mountbatten, address the Constituent Assembly of Pakistan:",Islamabad,Karachi,Delhi,Lahore,B
4683,"What magazine did Sir Syed establish on December 24, 1870?",Aligarh Gazette,Tarjaman-ul-Quran,Tahzib-ul-Akhlaq,Al-Aman,C
4684,After how many years are general elections held in Pakistan?,4,5,6,None of these,B
4685,"On which date was ""Dar-ul-Ulum Deoband"" formed?","On May 15, 1856","On May 18, 1873","On May 27, 1848","On May 30, 1866",D
4686,Which country won the first Hockey World Cup?,Pakistan,India,Spain,England,A
4687,NCOC stands for __________.,National Coordination and Operation Centre,National Command and Operation Centre,National Control and Operation Centre,National Centre for Operation and Coordination,B
4688,The Southeast Asian Treaty Organization (SEATO) was established as a collective defense in:,in September 1954,in October 1955,in January 1953,in December 1956,A
4689,"Muhammad Ali Bogra, 3rd Prime minister of Pakistan, was an ambassador of Pakistan to which country?",UK,France,USA,Germany,C
4690,"What was the main slogan of the Pakistan National Alliance (PNA), a political alliance formed in 1977?",Quran aur Sunnat,Nizam-e-Mustafa,Nizam-e-Shariat,None of These,C
4691,Where was the headquarters of the League of Nations?,London,Geneva,Paris,New York,B
4692,"Muhammad Ghauri conquered the whole of ________ India, up to Bengal.",South,North,East,None of these,B
4693,What major political decision did Gandhi make immediately after the Chauri Chaura incident?,Started the Civil Disobedience Movement,Ended the Non-Cooperation and Khilafat Movements,Joined the Congress Party,Called for the Quit India Movement,B
4694,The G.T. Road was constructed by __________.,Iltutmish,Muhammad Tughlaq,Feroz Tughlaq,Sher Shah Suri,D
4695,The Government of India Act 1935 was passed in August 1935. When was the act enforced?,in 1936,in 1937,in 1938,in 1939,B
4696,The Ashloks of Baba Fareed Ganj Shakar is included in which scripture:,Guru Granth,Gita,Ramayana,Mahabharata,A
4697,Sindh Sagar Doab area is situated in the desert of ________.,Gobi,Thar,Thal,Sahara,C
4698,The first underground drainage system was introduced by which civilization?,Indus Valley Civilization,Mesopotamian Civilization,Egyptian Civilization,Chinese Civilization,A
4699,The National Assembly approved the Constitution of 1973 on:,on 23rd March 1973,on 10th April 1973,on 12th April 1973,on 14th August 1973,B
4700,When did Cabinet Mission arrive?,In 1944,In 1945,In 1946,None of these,C
4701,What was the crude birth rate in Pakistan in the fiscal year 2011-12?,27.2 per 1000,35.4 per 1000,32.5 per 1000,31.8 per 1000,A
4702,Where was Zulfikar Ali Bhutto hanged?,Lahore,Karachi,Rawalpindi,Larkana,C
4703,When did the Indian Independence Act receive Royal Assent?,17353,17366,17386,17390,B
4704,The Pakistan Military Academy is located in:,Hasan Abdal,Kakul,Murree,Kohat,B
4705,In which year were Ahmadis declared non-Muslims in Pakistan?,in 1978,in 1977,in 1976,in 1974,D
4706,The density of the population in Pakistan is ________.,163 persons per km²,188 persons per km²,206 persons per km²,265 persons per km²,D
4707,When did the US accept the nuclear status of Pakistan?,2002,2004,2006,2008,B
4708,"Which province of Pakistan is known as ""Bab-ul-Islam""?",Punjab,Balochistan,Khyber Pakhtunkhwa,Sindh,D
4709,Geoffrey Prior took oath as Chief Commissioner of,Sindh,Baluchistan,NWFP,Punjab,A
4710,"What was the real name of Sir Agha Khan, the first president of AIML?",Nawab Zada Salimullah,Agha Salimullah,Sultan Mahomed Shah,None of these,C
4711,Ayub Khan was a member of the 'Ministry of Talents' in 1954. Who was the Prime Minister at that time?,Muhammad Ali Bogra,Ch. Muhammad Ali,Iskandar Mirza,Firoz Khan Noon,A
4712,"Geographically, Pakistan is situated in __________.",Central Asia,South Asia,North Asia,East Asia,B
4713,The total budget outlay of Pakistan for FY 2017-18 was:,4.5 trillion,5.6 trillion,4.75 trillion,None of these,C
4714,Quaid-e-Azam was born in:,1860,1866,1876,1878,C
4715,The first session of the Muhammadan Educational Conference was held in Bengal:,in 1886,in 1899,in 1906,None of these,C
4716,Who was the first Chief Minister of East Bengal?,Kh. Nazimuddin,Ghulam Hussain Hidayatullah,M.A. Khuro,Noor al Amin,D
4717,Pakistan lies between the latitudes _____________.,24°N to 37°N,25°N to 36°N,23°N to 36°N,25°N to 37°N,A
4718,When did Zulfikar Ali Bhutto visit the USSR (Russia)?,in 1972,in 1974,in 1975,in 1976,B
4719,Which of the following is not a river of Balochistan?,Mula,Dasht,Ghizer,None of these,C
4720,Where was Muhammad Ghuri when he was assassinated?,Damik,Lahore,Ghazni,Sohawa,A
4721,Which is the longest water tunnel in Pakistan?,Warsak,Khojak,Lowari,None of these,B
4722,What type of assembly was the 1947 assembly of Pakistan?,Constituent,Legislative,Both (A) & (B),None of these,C
4723,"Who played the male leading role in the Pakistani movie ""Armaan""?",Muhammad Ali,Waheed Murad,Santosh Kumaar,None of these,B
4724,Warsak Dam was completed in __________.,In 1960,In 1965,In 1970,In 1963,A
4725,"Currently, the president of Azad Kashmir is:",Sardar Masood Khan,Raja Farooq Haider,Sultan Mahmood,None of these,A
4726,Pakistan is expected to harvest its wheat crop during the first month of which Mela?,Mela Maveshiyan,Jashan-e-Baharan,Sibi Mela,None of these,B
4727,When did Jinnah visit East Pakistan as Governor General?,in March 1948,in May 1948,in August 1948,in September 1947,A
4728,"Under the Constitution of 1973, which language was declared as the national language of Pakistan?",Urdu,Punjabi,Bengali,Sindhi,A
4729,Which kind of system of Government was introduced in the 1973 constitution:,Parliamentary,Presidential,Autocracy,None of these,A
4730,"The famous book ""Causes of Indian Revolt"" was written by __________.",William Adam,Anand Mohan Bose,Sir Syed Ahmed Khan,Maulana Muhammad Ali Johar,C
4731,The 13th Amendment to the 1973 Constitution was passed in __________.,In 1996,In 1997,In 1998,In 1999,B
4732,The Pakistan Resolution was supported by Ch. Khaliq-uz-Zaman from UP. Who supported it from the Central Provinces (CP)?,Syed Abdur Rauf Shah,Sir Abdullah Haroon,Abdul Hameed Khan,I. I. Chundrigar,A
4733,What percentage of total polled votes in East Pakistan was secured by Awami League in 1970 elections?,54 percent,60 percent,75 percent,None of these,C
4734,By whose efforts did Muslim leaders get an appointment with Viceroy Minto?,Mr. White,Mr. Archbold,Mr. Clark,Mr. Stewart,B
4735,"According to the Mountbatten Plan, when was power to be transferred?","Midnight of August 14 and 15, 1947",17366,17386,17047,A
4736,The National Library of Pakistan' came into existence in __________.,In 1947,In 1951,In 1955,In 1950,B
4737,"According to the 1973 Constitution, the president is elected by:",Provincial Assembly,National Assembly,Senate,All of the above,D
4738,Liaquat Ali Khan was assassinated on:,on 14th October 1951,on 11th September 1948,on 12th September 1948,on 16th October 1951,D
4739,Pakistan's independence was first announced through which radio station?,Islamabad,Lahore,Karachi,Dhaka,B
4740,Which of the following women participated in all three Round Table Conferences?,Begum Jahanara Shahnawaz,Begum Salma Tasadduq Hussain,Begum Shaista Ikramullah,Begum Qazi Isa,A
4741,First Census was held in Pakistan in the year:,1951,1952,1953,1954,A
4742,When Quaid e Azam left Congress?,In 1913,In 1915,In 1920,In 1918,C
4743,The first international female swimmer of Pakistan is:,Rubab Raza,Anum Bandey,Kiran Khan,None of these,C
4744,Which is the first-ever law university in Pakistan?,Quaid-e-Azam,LUMS,SZABUL,Bahria University,C
4745,"King George V, at his coronation durbar in Delhi on December 12, 1911, announced _________.",Transfer of the seat of the Government of India from Calcutta to Delhi,Separate electorates for Muslims,The annulment of the separate electorates,The Partition of Bengal,A
4746,"Mirza Sultan Baig, who built the Gulabi Bagh in Lahore, held what position in Shah Jahan's administration?",Governor,Wazir,Admiral,Architect,C
4747,The First Constituent Assembly was formed on:,on 10-Jul-47,on 20-Jul-47,on 10-Aug-47,None of these,C
4748,"Vande Mataram, written by Bankim Chandra Chatterjee, is in the ___________ novel?",Anandamath,Nirmala,Gitanjali,None of these,A
4749,Akbarnama was written by:,Kalhan,Birbal,Ibn Battuta,Abul Fazl,D
4750,"In Pakistan, annually sugar consumption per capita is estimated as?",15 kg,20 kg,25 kg,None of these,C
4751,Who was the President of the USA during the First World War?,Franklin D. Roosevelt,Theodore Roosevelt,Woodrow Wilson,Harry Truman,C
4752,U.S. Economic Aid to Pakistan started in which year:,1950,1951,1958,1961,B
4753,Zulfiqar Ali Bhutto's first ministry was:,Industrialization,Commerce,Finance,Petroleum,B
4754,Who was the first viceroy of India?,Lord Ripon,Lord Canning,Lord Curzon,Lord Mountbatten,B
4755,Maulana Jalal-ud-Din Rumi was born in:,Balkh,Isfahan,Konya,None of these,A
4756,On which date was the first Constituent Assembly of Pakistan dissolved?,on 24th October 1954,on 1st November 1954,on 14th August 1954,on 10th September 1954,A
4757,The Nationalization Policy was introduced by:,Ayub Khan,Z.A. Bhutto,Zia-ul-Haq,Pervez Musharraf,B
4758,Who was the first Chief Minister of Punjab?,Khizar Hayat Tiwana,Mian Iftikharuddin,Mumtaz Daultana,Fazl-e-Hussain,A
4759,Where is the main campus of Al-Khair University located?,Sindh,AJK,KPK,Punjab,B
4760,Which Article of the 1973 Constitution of Pakistan provides for freedom of the press and freedom of expression?,Article 20,Article 19,Article 18,Article 17,B
4761,Who among the following is credited with popularizing the musical term Jugni for the first time?,Alam Lohar,None of these,Arif Lohar,Amjad Lohar,A
4762,Titu Mir struggled hard for the:,Indigo Planets,Muslim peasants of Bengal,All peasants of Bengal,Poor families of Assam,B
4763,Congress did not attend which Round Table Conference?,First,Second,Third,None of these,A
4764,Which mountain range is located in Sindh Province?,Himalayas,Karakoram Range,Kirthar Range,Salt Range,C
4765,The longest-serving prime minister of Pakistan is __________.,Yousaf Raza Gillani,Mian Muhammad Nawaz Sharif,Liaquat Ali Khan,Muhammad Ali Bogra,B
4766,Lowari Pass connects:,Dir with Chitral,Dir with Malakand,Chitral with Swat,Chitral with Malakand,A
4767,Kashmir Solidarity Day is observed in Pakistan on ____________.,On February 5,On May 1,On March 21,On June 6,A
4768,When was the 'One Unit' policy repealed?,on 23rd March 1969,on 1st July 1970,on 1st January 1971,on 14th August 1969,B
4769,"In July 2018, Pakistan Navy signed a contract for acquisition of four warships from:",Russia,China,Turkiye,USA,C
4770,When was Pakistan Standard Time adopted?,on 15th August 1947,on 1st March 1951,on 7th March 1949,on 1st October 1951,D
4771,What was the idea of Sir Syed Ahmed Khan?,To create an atmosphere of mutual understanding between the British government and the Muslims,To motivate the Muslims to learn Western education,To persuade Muslims to abstain from agitational politics,All of these,D
4772,"The Slave dynasty, founded by Qutbuddin Aibak, is also known by what other name?",Ghurid dynasty,Mamluk dynasty,Khilji dynasty,Yamini dynasty,B
4773,The Hindi-Urdu controversy started in:,in 1857,in 1867,in 1877,in 1885,B
4774,Qutb-ud-Din Aibak was succeeded on the Delhi throne by _________.,Aram Shah,Iltutmish,Razia Sultana,None of these,A
4775,In which year did Pakistan withdraw from SEATO?,in 1977,in 1973,in 1979,in 1985,B
4776,Makrani style is of which language?,Sindhi,Siraiki,Brahvi,Balochi,D
4777,Which was the first princely state to accede to Pakistan?,Swat,Umerkot,Bahawalpur,None of these,C
4778,Who was the governor of Sindh after Muhammad Bin Qasim?,Zaid bin Marwan,Yazid bin Muhallab,Habib bin Muhallab,Habib bin Muhallab,C
4779,Who among the following got Pride of Performance on Naat reciting?,Pathanay Khan,Alam Lohar,M. Azam Chishti,Ashfaq Ahmad,C
4780,Which of the following is the largest fort of Pakistan?,Rohtas Fort,Attock Fort,Jamrud Fort,Rani Kot Fort,D
4781,Ceasefire Line of Kashmir was drawn in the year:,1948,1949,1950,None of these,B
4782,The report submitted by the Nehru Committee in 1928 is known as the:,Nehru Report,Delhi Proposals,Fourteen Points,Lucknow Pact,A
4783,The coin 'rupiya' was first issued by:,Akbar,Sher Shah Suri,Alauddin Khilji,Muhammad bin Tughluq,B
4784,"In March 2006, who was appointed as the bowling coach for Pakistan?",Shoaib Malik,Waqar Younis,Ramiz Raja,Misbah-ul-Haq,B
4785,The area of Azad Jammu & Kashmir is ___________.,"12,297 km²","13,297 km²","14,297 km²","11,297 km²",B
4786,"Pakistan's first labor policy was devised in________, in which May 1 was declared an official holiday.",In 1970,In 1971,In 1972,In 1973,C
4787,'Pathway to Pakistan' is the autobiography of:,M.A.H. Ispahani,Chaudhry Khaliq-uz-Zaman,A.K. Fazl-ul-Haq,Sir Fazl-i-Hussain,B
4788,The minimum and maximum numbers of members of the Council of Islamic Ideology (CII) are ___________.,5 and 20,6 and 20,8 and 20,None of the Above,C
4789,Which body of water is located to the South of Pakistan?,Arabian Sea,India,China,Iran,A
4790,In which year did Prime Minister H. S. Suhrawardy visit China?,In 1956,In 1958,In 1957,In 1959,A
4791,"'What day did Muslims observe as the ""Day of Deliverance""?",16-Aug-32,14540,22-Dec-39,13606,C
4792,In which city of Pakistan was the 2nd Islamic Summit Conference held?,Karachi,Islamabad,Lahore,Peshawar,C
4793,Which of these offices is not considered a part of Parliament itself?,Election Commission,Prime Minister,Chairman of the Senate,Speaker of the National Assembly,A
4794,Who was the Governor of Bengal from 1760 to 1763?,Henry Vansittart,John Spencer,John Cartier,Warren Hastings,A
4795,Who established the Urdu Defence Society?,Nawab Waqar-ul-Mulk,Nawab Mohsin-ul-Mulk,Sir Syed Ahmad Khan,Syed Suleman Nadvi,B
4796,First Commander-in-Chief of Pakistan Air Force?,Air Marshal Asghar Khan,Air Marshal L. Parry Cane,Air Marshal Nur Khan,Air Marshal Rahim Khan,B
4797,Which is the longest river in Balochistan Province?,Bolan,Hingol,Dasht,Rukshan,B
4798,The total track length of Pakistan Railways is approximately ____________.,"11,881 km","9,931 km","11,133 km","14,153 km",A
4799,In which year did Pakistan become a member of the nuclear club?,1997,1998,1999,2000,B
4800,What is the name of the Sargodha Airbase?,Sakesar Airbase,Mushaf Airbase,Khanji Airbase,None of these,B
4801,The system of Dyarchy was in operation from 1921 to_________.,In 1930,In 1935,In 1937,In 1940,C
4802,Who was the Opposition Leader of the National Assembly of Pakistan from 1972 to 1975?,Maulana Mufti Mehmood,Khan Abdul Wali Khan,Sardar Bahadur Khan,Sharifuddin Pirzada,B
4803,The two principal monuments of Alauddin Khilji's reign - the Jama'at Khana Masjid and the Alai Darwaza - were constructed at __________.,Dhaka,Mumbai,Sialkot,Delhi,D
4804,Which is the most famous sport of Gilgit-Baltistan?,Cricket,Wrestling,Polo,Football,C
4805,The height of Nanga Parbat is ____________.,"8,126 m","7,521 m","6,125 m","9,500 m",A
4806,In which year was the Battle of Kannauj fought between Humayun and Sher Shah Suri?,In 1527,In 1530,In 1539,In 1540,D
4807,Approximately what proportion of Pakistan's total area is covered by the Balochistan province?,44 percent,35 percent,48 percent,50 percent,A
4808,"What was the ""Silk Letter Conspiracy""?",A movement led by Gandhi,A secret plan involving yellow silk letters sewn into a messenger's coat,A British law to control press,A protest against partition,B
4809,When did Quaid-e-Azam Muhammad Ali Jinnah take oath as the first Governor General of Pakistan?,on 14 August 1947,on 15 August 1947,on 16 August 1947,on 17 August 1947,B
4810,The Punjab Land Alienation Act was passed in _________.,In 1900,In 1905,In 1907,None of these,A
4811,Which street still reminds the people of Lahore of the great daily of Munshi Mehboob Alam?,Circular Street,Anarkali,Munshi Street,Paisa Akhbar Street,D
4812,"Prince Khurram ascended the throne in 1628 under which title, previously awarded to him by his father Jahangir?",Alamgir,Sheikhu,Nuruddin,Shah Jahan,D
4813,"In 1946, how many Muslim League Members were included in the Interim Government?",3,5,7,9,B
4814,Bhambore is an ancient city located in:,Khyber Pakhtunkhwa,Balochistan,Sindh,Punjab,C
4815,"Quaid-e-Azam Muhammad Ali Jinnah, founder of Pakistan, liked the tree most.",Chinnar,Sanober,Rubber,Daisy Palm,B
4816,What was the name of Alexander the Great's horse that died during the Indian campaign?,Pegasus,Bucephalus,Incitatus,Marengo,B
4817,From which one of the following sites was the famous bull-seal of the Indus Valley found?,Harappa,Chanhudaro,Lothal,Mohenjo-daro,D
4818,Clifton Beach is located in _________.,Hyderabad,Karachi,Jamshoro,Kotri,B
4819,A cash crop of Pakistan is:,Cotton,Wheat,Rice,None of these,A
4820,The length of LOC (Line of Control) in Kashmir is about:,600 km,740 km,780 km,800 km,B
4821,Naval War College is located in _______:,Karachi,Lahore,Quetta,Gwadar,B
4822,"At the time of Independence, which community was in the majority in the state of Kashmir?",Muslim,Hindu,Sikh,Christian,A
4823,On what date did India first cut off the flow of canal waters to West Punjab?,"On April 1, 1948","On May 1, 1948","On April 1, 1949",None of these,A
4824,The Mansabdari system introduced by Akbar was borrowed from the system followed in ____:,Syria,Türkiye,Mongolia,Afghanistan,C
4825,Jansher Khan was awarded Hilal-e-Imtiaz in:,1993,1997,1999,2001,B
4826,The first chairman of the Senate was:,Syedah Abida Hussain,Tasleem Jalt,Habib Ullah Khan,Abdul Malik Baloch,C
4827,Muhammad Khan Junejo became Prime Minister of Pakistan in:,1985,1986,1987,1988,A
4828,Total area of Pakistan:,"596,090 sq. km","686,096 sq. km","796,096 sq. km","776,086 sq. km",C
4829,"How did the reign of Alauddin Alam Shah, the last Sayyid ruler, end?",He was assassinated,He died in battle,He voluntarily abdicated,He was exiled,C
4830,The Area Study Centre at Quaid-i-Azam University is about:,Latin America,Central Asia,Europe,None of these,D
4831,When did the Balochistan States Union become a part of the West Pakistan province?,"On October 14, 1955","On November 14, 1955","On December 14, 1956","On January 14, 1957",A
4832,When did the Pakistan Assembly pass the resolution for changing the name of West Punjab to Punjab?,in December 1947,in January 1948,in July 1948,in August 1948,B
4833,What was the name of the first feature film released in Pakistan?,Dupatta,Chan Way,Teri Yadd,Heer Ranjha,C
4834,The Rowlatt Act was passed in:,1918,1919,1921,None of these,B
4835,What is the largest import item in Pakistan?,Palm oil,Gas,Ferrous waste,Petroleum,D
4836,The first capital of the Soomra Dynasty was __________.,Mehrabpur,Mansura,Mirpur Khas,Thatta,B
4837,"Who was the author of 'Taj-ul-Massir', a work patronized by Qutbuddin Aibak?",Minhaj-us-Siraj,Fakhruddin,Hasan-un-Nizami,Utbi,C
4838,The oldest intelligence agency in Pakistan is the _____________.,ISI,IB,MI,None of these,C
4839,For how many years did the Khalji dynasty rule the Delhi Sultanate?,25 years,30 years,35 years,None of these,B
4840,"Pakistan People's Party was launched on November 30, 1967 in:",Larkana,Karachi,Lahore,None of these,C
4841,Ghazi Ilm-ud-Din was hanged in 1929 for assassinating which person?,Motilal Nehru,Mahashay Rajpal,Lord Birkenhead,Syed Ataullah Shah Bukhari,B
4842,The original name of Mohsin-ul-Mulk was:,Molvi Mohummad Shah,Sultan Mahomed Shah,Mehdi Ali Khan,Adamjee Pir Bhai,C
4843,Which politician served as both Governor-General and Prime Minister of Pakistan?,Sir Zafarullah Khan,Khawaja Nazimuddin,Ghulam Muhammad,None of these,B
4844,What is the name of the Pakistan Space Agency?,PARCO,SUPARCO,PAEC,NDC,B
4845,"The Eighth Amendment in the Constitution of Pakistan, 1973 gave overriding powers to:",Prime Minister,The President,Chief Martial Law Administrator,Governor General,B
4846,What was the growth rate of Pakistan during fiscal year 2018-19?,3.08 percent,3.17 percent,3.29 percent,3.31 percent,C
4847,On which date was the Junejo government dismissed?,on 20th August 1986,on 29th May 1988,on 14th July 1987,on 10th October 1988,B
4848,In what year did Quaid-e-Azam propose his amendments to the Nehru Report?,In 1928,In 1929,In 1930,In 1931,B
4849,Which one of the following areas in Pakistan is known for the largest iron ore deposits?,Chitral,Kalabagh,Salt Range,Kalat,B
4850,In which year did Moinuddin Chishti migrate from Persia?,1192,1195,1197,1199,A
4851,Which of the following states acceded to Pakistan on 15th August 1947?,Jodhpur,Junagarh,Hyderabad,Swat,B
4852,Lal Suhanra National Park was established in:,1968,1972,1976,1991,B
4853,What is the average height of the Karakoram range?,"7,000 m","7,500 m","7,100 m","7,300 m",A
4854,A UN female bravery award was given to a Pakistani female soldier for her services in which country?,Congo,Lithuania,Luxemburg,South Sudan,A
4855,How many members were in the second Constituent Assembly of Pakistan?,60,80,70,100,B
4856,In which of the following cities was the Indian National Congress founded?,Delhi,Bombay,Kanpur,Allahabad,B
4857,Who was the Finance Minister in the first cabinet of the Dominion of Pakistan?,Ghulam Muhammad,I.I. Chundrigar,Mian Iftikharuddin,Fazlur Rahman,A
4858,ISPR stands for __________.,Inter Superior Personal Relations,Internal Services Public Relations,Inter Services Public Relations,Internal Superior Public Relations,C
4859,Quaid-e-Azam addressed the constituent assembly for the first time on:,"on 10th August, 1947","on 11th August, 1947","on 14th August, 1947","on 15th August, 1947",B
4860,"In 1906, who led the Simla Deputation to meet the Viceroy?",Allama Iqbal,Sir Agha Khan,Ch. Rehmat Ali,None of these,B
4861,Which area in Pakistan receives the heaviest snowfall in a year?,Kaghan Valley,Skardu,Gilgit,Nathia Gali,B
4862,In which administrative unit of Pakistan is the population growth rate the fastest?,Islamabad,Punjab,Sindh,FATA,A
4863,"In Pakistan, _______ of the population lives below the national poverty line, according to a 2017 estimate.",52.30 percent,29.50 percent,34.50 percent,41.50 percent,B
4864,Who introduced the constitution of 1973 in Pakistan?,Ayub Khan,Yahya Khan,Zulfikar Ali Bhutto,Zia-ul-Haq,C
4865,The Shahi Qila (Lahore Fort) is located in which city?,Lahore,Sukkur,Quetta,Peshawar,A
4866,Which two commanders were sent by Hajjaj and failed in their campaigns against Sindh before Muhammad bin Qasim?,Sisakar and Kiska,Ubaidullah and Budail,Yazid and Muhallab,Qasim and Naheed,B
4867,Article 6 of the Constitution deals with:,Impeachment of President,Fundamental Rights,High Treason,Education / Health,C
4868,Ali Masjid Fort is situated near:,Jamrud,Hangu,Kohat,Peshawar,A
4869,For what primary purpose did Alauddin Khalji introduce his famous market reforms?,To help the poor,To promote foreign trade,To weaken the nobles,To meet the expense of a large army,D
4870,National Highway Authority receipts to the tune of 1850 million rupees have been reported by May _________.,In 2002,In 2003,In 2004,In 2005,D
4871,"The Sindh Assembly seats have been increased, and now its strength is ________.",110,180,160,168,D
4872,For how many rupees did Gulab Singh sell Kashmir?,6.5 million,7.5 million,8.5 million,None of these,B
4873,Tobacco was introduced for cultivation during the reign of:,Akbar,Babar,Jahangir,Aurangzeb,C
4874,The Partition of Bengal occurred on __________.,"On October 15, 1905","On October 16, 1905","On October 17, 1906","On October 18, 1906",B
4875,The Council of Common Interests consists of how many members?,Four,Five,Seven,None of these,D
4876,Who was the first Secretary-General of SAARC?,Kant Kishore Bhargava,Abul Ahsan,Ibrahim Hussain Zaki,Yadav Kant Silwal,B
4877,"In February 2020, former Pakistani batsman, Nasir Jamshed, was sentenced to ____ months in prison in the UK for his role in a fixing scandal.",Seventeen,Eighteen,Nineteen,None of these,A
4878,"In 1942, Gandhi launched:",Non-Violence Movement,Quit India Movement,Anti-British Movement,Anti-Khilafat Movement,B
4879,Who defeated the Marathas in the third battle of Panipat?,Ahmad Shah Abdali,Babar,Abdullah Abdullah,Nadir Shah,A
4880,When did Pervez Musharraf impose martial law?,on 12-May-99,on 12-Jun-99,on 12-Sep-99,on 12-Oct-99,D
4881,"The book ""Jinnah: The Sole Spokesman"" is written by:",Syed Hassan Riaz,Ayesha Jalal,Stanley Wolpert,Jaswant Singh,B
4882,"On the execution of Muhammad Bin Qasim, the rule of the Caliph ended and Arab princes in Mansura (Sindh) and Multan (Punjab) established their independent dynasties in the subcontinent in the year:",861 AD,871 AD,881 AD,None of these,D
4883,The second meeting of the Khilafat movement was held in _______ in December 1919.,Delhi,Amritsar,Karachi,Lahore,B
4884,When was the first census conducted in Pakistan?,In 1951,In 1952,In 1953,In 1954,A
4885,Who supported Muslim participation in politics?,Wiqar-ul-Mulk,Mohsin-ul-Mulk,Maulana Zafar Ali Khan,Allama Iqbal,D
4886,Which rule began in Kashmir as a result of the Treaty of Amritsar?,Sikh,Mughal,Dogra,British,C
4887,"When did India, as an aggrieved party, first appear before the UN Security Council regarding Kashmir?",In March 1948,In February 1948,In January 1948,In April 1948,C
4888,Who was formal teacher of Syed Ahmed Barelvi?,Sheikh Ahmed Sirhandi,Shah Walliullah,Shah Abdul Aziz,None of these,C
4889,Who founded the school of Dars-e-Nizamia in Indo-Pak:,Mullah Nizam-ud-Din,Shaikh Sirhindi,Fareed-ud-din Atar,None of these,A
4890,"Iqbal served as Lecturer of what subject in Oriental College, Lahore?",Psychology,Political Science,Philosophy,Religion,C
4891,Congress is mainly a Hindu body which can never be sincere to the Muslims. Who said these lines?,Muhammad Ali Jinnah,Sir Syed Ahmad Khan,Fatima Jinnah,Rahmat Ali,B
4892,When did East Pakistan become Bangladesh?,in September 1971,in December 1971,in January 1972,in None of these,B
4893,Where was Bahadur Shah Zafar buried?,Delhi,Lahore,Rangoon,Bombay,C
4894,Who occupied the throne of Delhi for about two years immediately after the death of the last Tughluq Sultan?,Khizr Khan,Daulat Khan Lodhi,Bahlol Lodhi,Alauddin Alam Shah,B
4895,Pakistan recognized China in:,in 1948,in 1949,in 1950,in 1951,C
4896,M5 Motorway being built between Sukkur and Multan is about ______ long?,392 km,400 km,360 km,380 km,A
4897,The area of lowest rainfall in Pakistan is ________.,Nushki,Quetta,Thar,Nok Kundi,D
4898,The Pakistan National Alliance (PNA) against Bhutto consisted of:,7 political parties,9 political parties,11 political parties,13 political parties,B
4899,Who presided over the Muslim League session in 1940?,Quaid-e-Azam,Sir Agha Khan,Nawab Bahadar Yar Jang,Nawab Saleem Ullah,A
4900,Mughal painting reached its zenith under __________.,Jahangir,Shah Jahan,Humayun,Akbar,A
4901,When did the last Anglo-Mysore War begin?,1796,1797,1798,1799,C
4902,A major nationwide anti-militancy military operation launched in 2017 in Pakistan was titled:,Zarb-e-Momin,Zarb-e-Islam,Zarb-e-Azb,Radd-ul-Fasad,D
4903,In which year did Pakistan become a 'Republic'?,1942,1962,1956,1973,C
4904,During whose era did Sheikh Mujibur Rahman give his six points after release from jail?,Sikandar Mirza,Ayub Khan,Yahya Khan,None of these,B
4905,In which century did the famous Chinese pilgrim Faxian (Fa-Hien) visit India?,in 4th Century AD,in 5th Century AD,in 6th Century AD,in 7th Century AD,B
4906,Pakistan conducted its nuclear tests on __________.,"On May 28, 1998","On May 26, 1997","On June 28, 1999","On July 27, 1997",A
4907,Second Governor-General of Pakistan:,Muhammad Ali Jinnah,Khawaja Nazimuddin,Ghulam Muhammad,Sikandar Mirza,B
4908,"'One of the founders of the All India Muslim League, Salimullah Khan, was the Nawab of:",Dhaka,Pataudi,Bhopal,Chittagong,A
4909,Which mountain range is located between China and Pakistan:,Siwaliks,Hindu Kush Range,Great Himalayas,Korakoram,C
4910,Muhammad Ghuri was assassinated in 1206 AD by which tribe?,Jats,Gakhars,Qarmatians,Khokhar,D
4911,The city of Amritsar was founded in 1577 by which Sikh Guru?,Guru Arjan,Guru Nanak,Guru Ram Das,Guru Tegh Bahadur,C
4912,Who is recognized as the founder of the first Turkish rule in India?,Qutbuddin Aibak,Muhammad Ghuri,Shamsuddin Iltutmish,Aram Shah,A
4913,The Indian Khilafat Deputation visited England to put their views before Lloyd George in:,1940,1930,1920,None of these,C
4914,Who among the following is the current Secretary-General of SAARC?,Ahmed Saleem,Amjad Hussain Sial,Arjun Bahadur Thapa,Ghulam Sarwar,D
4915,Titu Mir's movement considered one of the Muslim reform movements mainly aimed at eradicating which of the following systems?,Against Hindu landlords and British Indigo planters,Working against Indian national movement,Polygamy,None of these,A
4916,"How many peaks above 8,000 meters are in Pakistan?",7,5,9,3,B
4917,The Pakistan-China border agreement was signed in:,1947,1953,1963,1967,C
4918,Who is the current Chief of the Naval Staff of the Pakistan Navy?,Admiral Syed Arifullah Hussaini,Admiral Naveed Ashraf,Admiral Shah Sohail Masood,Admiral Zafar Mahmood Abbasi,B
4919,Who ordered the excavation of Mohenjo-Daro in 1922?,Sir John Marshall,Sir Robert Peary,Robert Clive,Lord Lytton,A
4920,"Writer of national anthem, Hafeez Jalandhari, died in:",1982,1980,1976,1978,A
4921,Indus Water Treaty was signed in:,1960,1958,1961,1965,A
4922,Islam is declared as the state religion under which article of the 1973 Constitution of Pakistan?,Article 1,Article 2,Article 3,Article 4,B
4923,What was the color of the unified flag of the Pakistan National Alliance (PNA)?,Blue,Green,Yellow,Black,B
4924,When did Balochistan get the status of a province?,1947,1970,1973,None of these,B
4925,The Eighth Amendment in the Constitution of Pakistan strengthened the authority of the:,President,Prime Minister,Senator,None of these,A
4926,"Who was the valiant hero of the 1965 Pak-India war, posthumously awarded the Nishan- e-Haider?",Major Raja Aziz Bhatti,Major Tufail Muhammad,Lalik Jan,Mulla Faqir,A
4927,Baba-e-Sahafat' (Father of Journalism) is the title of ___________.,Zafar Ali Khan,Maulvi Abdul Haq,Ahsan Danish,Ghalib,A
4928,"""Keti Bandar"" is famous for:",Oil & Gas,Historical monuments,Fish Harbour,Ship Breaking,C
4929,Simon Commission was appointed by the British government in __________.,"In September, 1927","In October, 1927","In November, 1927","In December, 1927",C
4930,The National Security Council established the National Command Authority in ___________.,in February 2000,in March 2000,in September 2000,None of these,A
4931,When did the War of Independence of 1857 formally end?,"On October 1, 1858","On November 1, 1858","On July 8, 1859","On September 8, 1858",C
4932,What is the main condition of the Shimla Agreement?,Third-party mediation,Bilateralism (resolving issues bilaterally),UN intervention,Joint military control,B
4933,Name the architect of Mazar-e-Iqbal.,Nawab Zainunddin,Nawab Faizuddin,Nawab Zain Yar Jang Bahadur,Nawab Faiz Yar Jang Bahadur,C
4934,Pakistan began officially observing February 5 as Kashmir Solidarity Day in ________.,In 1948,In 2004,In 1990,None of these,C
4935,"Where did Quaid-e-Azam breathe his last on September 11, 1948?",Ziarat,Quetta,Murree,Karachi,D
4936,Baltit Fort was established in which century (foundations often cited around this period)?,7th CE,8th CE,9th CE,10th CE,B
4937,The master plan of Islamabad was drawn by which country's firm?,Russia,USA,Türkiye,Greece,D
4938,The purpose of Hanns Seidel Foundation (HSF) Pakistan is:,Insurance,Scholarships,Health,None of these,B
4939,"Who was the chief convener of the committee that drafted the constitution of the Muslim League, known as the Green Book?",Nawab Waqar-ul-Mulk,Maulana Muhammad Ali Jauhar,Sir Agha Khan,Muhammad Ali Jinnah,B
4940,When was the National Bank of Pakistan established?,1947,1948,1949,None of these,C
4941,"Sultana Raziya married Malik Altunia, who was the governor of which province?",Multan,Lahore,Delhi,Bhatinda,D
4942,Urdu-Hindi Controversy started in:,1865,1866,1867,1868,C
4943,Who was the first principal of the MAO school?,Theodore Beck,Sir Syed Ahmed Khan,Henry Siddons,Sir Agha Khan,C
4944,Islam is declared as the state religion under which article of the 1973 Constitution of Pakistan?,Article 1,Article 2,Article 3,Article 4,B
4945,The Ghaznavid dynasty completely came to an end when Muhammad Ghuri annexed Lahore in which year?,In 1179 AD,In 1191 AD,In 1206 AD,In 1186 AD,D
4946,Shah Waliullah was born in:,Agra,Delhi,Lahore,Lucknow,B
4947,Secretary of State for India in 1947:,Lord Linlithgow,Lord Ismay,Lord Listowel,Lord George,C
4948,Eden of Sindh is called _________.,Hyderabad,Karachi,Larkana,Sukkur,C
4949,First head of state to visit Pakistan (in 1947):,Iran,Kuwait,Turkey,Egypt,B
4950,Name the biggest railway workshop in Pakistan.,Mughalpura Workshop,Multan Workshop,Karachi Workshop,Rawalpindi Workshop,A
4951,The Indus Water Treaty was signed in:,1960,1961,1962,1963,A
4952,Ustad Bade Fateh Ali Khan was awarded Pride of Performance in:,1969,1972,1974,1976,A
4953,Which amendment relates to the Shariah Bill?,8th,9th,10th,11th,B
4954,Punjab is allocated 148 general seats in the National Assembly. How many seats are reserved for women from Punjab?,35,40,45,50,A
4955,When was the Oil and Gas Development Company Limited (OGDCL) founded?,"On June 20, 1961","On Aug 20, 1961","On Sept 20, 1961","On Oct 20, 2961",C
4956,When and where was Haji Shariatullah born?,"Faridpur, 1767","Faridpur, 1781","Sylhet, 1767","Sylhet, 1768",B
4957,Who was the ruler of Jammu and Kashmir in 1947?,Maharaja Gulab Singh,Maharaja Hari Singh,Raja Syed Muhammad Mehdi,Sultan Mahmud,B
4958,Syed Ahmad Shaheed's Jihad Movement was against:,Peshawar ruler,Sikh government,British rule,None of these,B
4959,D. F. Mulla was a famous personality of Indo-Pak; he was associated with ________.,Sociology,Literature,Law,History,C
4960,In what condition may the opposition declare a vote of no confidence against the PM in the National Assembly of Pakistan?,If the PM is mentally sick,If the PM is physically unwell,If the PM is violating the Constitution,All of the above,D
4961,"On what date was Article 370 of the Indian Constitution, regarding Jammu and Kashmir's special status, revoked?","On August 5, 2019","On September 6, 2019","On October 7, 2018","On November 8, 2018",A
4962,How many paragraphs are there in the Lahore Resolution?,3,4,5,6,C
4963,In which city is the office of FIFA House situated in Pakistan?,Lahore,Islamabad,Karachi,Peshawar,A
4964,KP stands for ________.,Pakistan Knowledge,Park for Kids,Personal Knowledge,Province of Khyber Pakhtunkhwa,D
4965,"The 19th SAARC Summit, which was postponed, was supposed to be held in which country?",Nepal,India,Pakistan,Sri Lanka,C
4966,General Zubair Hayat was the ___________ Chairman of the Joint Chiefs of Staff Committee (CJCSC) of Pakistan.,13th,15th,16th,17th,C
4967,Which Article of the Constitution of Pakistan gives the Supreme Court Suo Motu powers?,Article 184(2),Article 184(3),Article 194(3),None of these,B
4968,Who was appointed as the governor of Sindh after the death of Muhammad bin Qasim?,Hajjaj bin Yusuf,Yazid bin Muhallab,Sisakar,Ubaidullah,B
4969,Which pass connect Chitral with Dir in Khyber-Pakhtunkhwa?,Dorah pass,Shandur pass,Lowari pass,none of these,C
4970,Which political party was formed by Air Marshal Asghar Khan?,National Awami Party,Tehrik-i-Istiqlal,Tehreek-e-Labbaik,Awami League,C
4971,Which country is situated to the east of Pakistan?,China,India,Afghanistan,Iran,B
4972,In which year was the Rashtriya Swayamsevak Sangh (RSS) founded by Hedgewar?,1922,1923,1924,1925,D
4973,Which country is located to the east of Pakistan?,China,India,Iran,None of these,B
4974,The national fruit of Pakistan is __________.,Mango,Banana,Cherry,Apple,A
4975,"The Nimoo Bazgo Power Project is a run-of-the-river power project on the ________ River, situated at Alchi village, 75 kilometers from Leh in Indian-occupied Jammu and Kashmir.",Neelum,Jhelum,Chenab,Indus,D
4976,When did Quaid-e-Azam first address the constituent assembly:,on 10-Aug-47,on 11-Aug-47,on 15-Aug-47,None of these,B
4977,Punjab Government form a body for protection of women named as:,Punjab Women Protection Act,Punjab Women Protection Authority,Punjab Women Protection Commission,None of these,B
4978,Where was Nadwatul Ulema founded?,Kanpur,Lucknow,Delhi,Aligarh,A
4979,Where was the first Agriculture University established in Pakistan?,Peshawar,Lahore,Faisalabad,Quetta,A
4980,Quit India Movement was started from_________.,Chinai,Amritsar,Bombay,Delhi,C
4981,Muslim Bagh is famous for ___________.,Copper,Iron Ore,Gypsum,Chromite,D
4982,In which year did India occupy Kashmir?,1947,1952,1965,1973,A
4983,The most important feature of the Government of India Act 1935 was ______.,Proposed All India Federation,Bicameral Legislature,Provincial Autonomy,Communal representation,C
4984,The Malakand Pass connects ________.,Dir with Chitral,Peshawar with Chitral,Bannu with Afghanistan,Gilgit with Kashgar,B
4985,Which city of Punjab is known as the 'city of sand'?,Bahawalpur,Mianwali,Bhakkar,Layyah,C
4986,Ibrahim Lodhi was defeated by __________ in the First Battle of Panipat in 1526.,Akbar,Babar,Jahangir,Iltutmish,B
4987,Pakistan came into being on 27 Ramadan _________ A.H.,In 1361 A.H,In 1362 A.H,In 1365 A.H,In 1366 A.H,D
4988,Liaquat Ali Khan was born in:,in August 1896,in October 1895,in September 1894,in November 1895,B
4989,What is the length of the Tarbela Dam?,"2,786 m","2,795 m","2,743 m","2,701 m",C
4990,Which Chief Justice of Pakistan died in office nine days after taking the oath?,Iftikhar Muhammad Chaudhry,Sir Abdul Rashid,Muhammad Shahabuddin,Mohammad Haleem,C
4991,The number of reserved seats for the non-Muslims in National Assembly of Pakistan is _________.,Three,Six,Ten,Fifteen,C
4992,Fatima Jinnah contested the presidential election in:,1960,1962,1965,1966,C
4993,"At the time of the invasion of Debal, what was Muhammad bin Qasim's age?",Seventeen (17),Twenty (20),Twenty-two (22),Twenty-five (25),A
4994,A memorial stamp of Rs _______ was issued on Arfa Karim's birthday in 2012.,Rs. 2,Rs. 4,Rs. 7,Rs. 8,D
4995,Israel gave India in 2017 the Spyder Air Defense Missile System for using it against:,China,Pakistan,Sri Lanka,North Korea,B
4996,Independent candidates received ________ million votes in the 2013 general elections.,4.8 million,5.8 million,6.8 million,7.8 million,B
4997,The 18th Amendment was passed in the reign of which President?,Mamnoon Hussain,Asif Zardari,Arif Alvi,None of these,B
4998,When was Darul Uloom Deoband established?,1862,1864,1866,1867,C
4999,Drigh Lake is in district _________.,Tharparkar,Sanghar,Qambar Shahdadkot,Larkana,C
5000,The ruler of Junagarh at the time of independence was:,Muslim,Sikh,Hindu,None of these,A
5001,What was the total area of Khyber Pakhtunkhwa province before the merger of FATA?,"74,521 km²","40,914 km²","347,190 km²","205,344 km²",A
5002,"In a bicameral legislature, who can choose the vice chairman of the Mediation Committee?",The house in which the bill originated,The house in which the bill did not originate,Both of them,None of them,B
5003,"The ""Lucknow Pact"" between the Congress and the Muslim League was signed in which year?",In December 1911,In December 1915,In December 1912,In December 1916,D
5004,Ghiyas-ud-din Balban declared himself king of the Delhi Sultanate in the year _________.,1166 AD,1266 AD,1366 AD,None of these,B
5005,The Sulemanki Headworks is constructed on the ____________ river.,Ravi,Chenab,Sutlej,Jhelum,C
5006,Who was appointed as Pakistan's first female Hindu Civil Judge?,Kiran Bedi,Krishna Kumari,Suman Bodani,None of these,C
5007,"The local language of the city Umerkot is __________, which is one of the Rajasthani languages of Indo-Aryan family.",Sindhi,Marwari,Dhatki,Urdu,C
5008,"With regard to the division of powers, the 1962 Constitution provided __________.",A single list of subjects (Federal List),Two lists of subjects (Federal and Provincial),"Three lists of subjects (Federal, Provincial, and Concurrent)",None of these,B
5009,Who was the editor of the weekly newspaper 'Comrade'?,Maulana Muhammad Ali Jauhar,Ch. Rehmat Ali,Maulana Shibli Nomani,None of these,A
5010,The Wazir Khan Mosque is in _________.,Abbottabad,Lahore,Rawalpindi,Islamabad,B
5011,When was diarchy introduced in the Subcontinent?,1909,1916,1919,None of these,C
5012,Iftikhar Muhammad Chaudhry restoration as Chief Justice of Supreme Court on:,"on Jul 20, 07","on Aug 30, 07","on Nov 10, 07","on Dec 20, 07",A
5013,Who was the first Muslim president of the Indian National Congress?,Dadabhai Naoroji,Badruddin Tyabji,Annie Besant,Sarojini Naidu,B
5014,"Greater Iqbal Park in Lahore, where Minar-e-Pakistan is located, was previously called:",Nasir Bagh,Gol Bagh,Napier Park,Minto Park,D
5015,The Ilbert (Albert) Bill was presented in:,in 1881,in 1883,in 1885,in 1892,B
5016,Which city of Pakistan is known as the 'Paris of Asia'?,Lahore,Karachi,Islamabad,Faisalabad,B
5017,Who became the first ever non-Muslim (Hindu Dalit) woman elected to Pakistan's Senate?,Sonakshi Kumari,Krishna Kumari,Sonia Kumari,Payal Shivani,B
5018,"The Jinnah Bagh in Larkana, Sindh, was formerly known as _________.",Das Garden,Tajar Bagh,Gian Bagh,Larkana Bagh,C
5019,Faiz Ahmad Faiz received the Lenin Peace Prize from the Soviet Union in which year?,1952,1962,1972,None of these,B
5020,What is the minimum age of a senator under the 1973 Constitution?,25 years,30 years,35 years,40 years,B
5021,Second Constitution of Pakistan was enforced on:,on 14 August,on 1st March,on 8 June,on 27 October,C
5022,The Summer Olympics 2020 were to be held in:,Phnom Penh,Pyongyang,Tokyo,Yuncheng,C
5023,Tarbela is located in which province of Pakistan:,Punjab,Sindh,KPK,Balochistan,C
5024,"Pakistan foreign policy is the safe-guarding of its sovereignty, security and:",International Relations,External Trade,Territorial integrity,None of these,C
5025,"According to the World Bank, what was the growth rate of Pakistan in 2018?",5.4 percent,5.8 percent,5.12 percent,5.10 percent,B
5026,The National Anthem of Pakistan was officially adopted in ______.,In 1947,In 1948,In 1954,None of the Above,C
5027,Quaid-e-Azam met M.K. Gandhi for the first time in 1916 at ___________.,Delhi,Bombay,Calcutta,Lucknow,D
5028,What was the main difficulty which delayed constitution-making in Pakistan?,The exact nature of the state,Lack of interest among members of the Constituent Assembly,The distribution of powers between the federal and provincial governments,Corrupt administration,C
5029,The hottest place in Pakistan is __________.,Bahawalpur,Multan,Turbat,None of them,C
5030,When NWFP created as separate province by British government:,1901,1902,1903,1904,A
5031,How many major wars have India & Pakistan fought over Kashmir?,Two,Three,Four,Five,B
5032,The Maharaja of which Princely State wanted to join Pakistan?,Hyderabad,Junagarh,Jodhpur,None of these,B
5033,General Qamar Javed Bajwa was the ___________ Chief of Army Staff of Pakistan.,13th,15th,16th,None of these,C
5034,The most important cash crop of Pakistan after wheat is __________.,Maize,Millet,Sugarcane,Rice,D
5035,When did the Kargil War incident occur?,1997,1998,1999,None of these,C
5036,"Nawaz Sharif park, which was renamed, Allama Iqbal Park, is located in__________.",Karachi,Lahore,Rawalpindi,Islamabad,C
5037,The common value among the people of Pakistan is _________.,Dress,Language,Habits,Islam,D
5038,In which year was the Pakistan Fund established?,1945,1955,1947,1975,C
5039,Pakistan defeated which team to win the final of the 1992 World Cup?,England,Australia,West Indies,New Zealand,A
5040,Pakistan Television started in the regime of ________.,Zulfiqar Ali Bhutto,Yahya Khan,Zia-ul-Haq,Ayub Khan,D
5041,"The 'Ibadat Khana', where Akbar held religious discussions, is a famous structure in __________.",Fatehpur Sikri,The Red Fort of Delhi,The Agra Fort,Sikandra,A
5042,In which years did King Shah Faisal visit Pakistan?,in 1966 and in 1974,in 1971 and in 1977,in 1970 and in 1973,in 1965 and in 1977,A
5043,The Ojhri Camp incident occurred in which year?,1985,1988,2001,1999,B
5044,What is the title of the famous book written by Data Ganj Bakhsh?,Tarikh-i-Baihaqi,Kashf-ul-Mahjoob,Shahnama,Kitab-al-Hind,B
5045,Shaikh Ahmad Sarhindi (Mujaddid Alf Sani) was born on _____________.,In 1562,In 1563,In 1564,In 1565,C
5046,Who was Muhammad Ali Bogra?,Prime Minister,Foreign Minister,Law Minister,Parliamentary Minister,A
5047,For how many rupees did the British sell Kashmir?,50 lacs,60 lacs,75 lacs,1 crore,C
5048,Most of the dry fruits are grown in which province of Pakistan?,KPK,Punjab,Sindh,Balochistan,D
5049,Who among the following designed the National Flag of Pakistan?,Altaf Hussain,Ahmad Chagla,Ameer-ud-Din Kidwai,None of these,C
5050,"On September 9, 1958, Pakistan acquired Gwadar from:",Oman,Bahrain,Iran,None of these,A
5051,'Radcliffe unjustly included _ tehsils of Punjab in India.,"Kartarpur, Shakargarh, Narowal","Chunian, Pakpattan, Okara","Ferozepur, Kasur, Ajnala","Gurdaspur, Pathankot, Batala",D
5052,The Diamer-Bhasha Dam will be constructed on:,Kabul,Jhelum,Ravi,Indus,D
5053,The Water Apportionment Accord was concluded by the then Prime Minister Mian Nawaz Sharif in which year:,1991,1993,1997,1999,A
5054,Which of the following mountain peaks is called Killer Mountain?,Godwin Austen,Broad Peak,Raka Poshi,Nanga Parbat,D
5055,"The Asiatic Society, to enhance oriental research, was formed in 1784 by:",William James,William Jones,Wellesley,None of the above,B
5056,Zarb-e-Kalim' and 'Payam-e-Mashriq' were translated into Arabic by _________.,Madame Eva Meyerovitch,Dr. Abdul Wahab Azzam,Prof. A. J. Arberry,Professor Alessandro Bausani,B
5057,Rice is the ________ largest staple food crop in Pakistan and is also a major export item.,Second,Third,Fourth,None of these,A
5058,"Who was the leader of ""Mahasabha""?",Nehru,Gandhi,Tilak,Madan Malaviya,D
5059,In which area of Kashmir did a spontaneous armed rising against Dogra tyranny take place on the eve of Partition?,Doda,Srinagar,The Poonch region,Pulwama,C
5060,Who was the first female member of the AIML that attended all three Round Table Conferences?,Fatima Jinnah,Begum Jahanara Shah Nawaz,Sarojini Naidu,Annie Besant,B
5061,The newest district of Punjab out of the following is:,Nankana Sahib,Pakpattan,Kasur,Mandi Bahauddin,A
5062,An Interim Government was formed in India in 1946. Who was nominated as its Prime Minister?,Pandit Jawaharlal Nehru,Lord Wavell,Liaquat Ali Khan,None of these,A
5063,The total area of Federally Administered Area (FATA) is,"23,220 km²","25,220 km²","27,220 km²","21,220 km²",C
5064,When was the Communal Award introduced in India?,1930,1931,1932,None of these,C
5065,Who is called 'Mujahid-e-Awal' of the Kashmir Freedom Movement?,Sardar Muhammad Ibrahim Khan,Sardar Muhammad Abdul Qayyum Khan,Sardar Sikandar Hayat Khan,Maulana Muhammad Yousaf,B
5066,Pakistan became a full member of the Shanghai Cooperation Organization (SCO) in:,2012,2015,2017,2020,C
5067,"In accordance with the Constitution, which bill or bills must originate in the National Assembly?",Money Bills,Finance Bills,Both of them,None of them,C
5068,Pakistan purchased Gwadar from:,Iran,Afghanistan,Oman,None of these,C
5069,"In the context of Pakistan's political and judicial history, what does PCO stand for?",Pakistan's Courts Ordinance,Provisional Constitutional Order,Pakistan Constitutional Ordinance,Provisional Court Organization,B
5070,How many members were in the Committee of Basic Principles?,21,24,28,31,B
5071,The first television station was set up in Lahore on _________.,"On December 26, 1964","On September 27, 1964","On October 14, 1964","On November 26, 1964",D
5072,In December 1906 the session of All India Muslim league held in which city:,Chennai,Dhaka,Lucknow,Bombay,B
5073,The Baktar-Shikan missile system is ________.,Air-to-surface,Anti-aircraft,Anti-tank guided,Air-to-air,C
5074,"According to the Objectives Resolution, there should be a ________ form of government.",Federal,Parliamentary,Presidential,None of these,A
5075,What is total number of electoral college 1965?,70500,85000,80000,None of these,C
5076,Who started the Faraizi Movement in Bengal?,Haji Shariatullah,Allama Muhammad Iqbal,Maulana Muhammad Ali Jauhar,Sir Aga Khan,A
5077,Which is the longest railway tunnel in Pakistan?,Lowari Tunnel,Khojak Tunnel,Kachura Tunnel,Atrak Tunnel,B
5078,Proposed Kalabagh dam is located in which province?,Punjab,Sindh,KPK,Balochistan,A
5079,"""Kabaddi"" is the traditional game of:",Sindh,Punjab,KPK,Balochistan,B
5080,Which radio station already existed at the time of the creation of Pakistan?,Peshawar,Karachi,Quetta,None of these,A
5081,The Election Commission of Pakistan was established on _________.,"On March 23, 1956","On November 26, 1960","On August 14, 1973",None of these,A
5082,What is the name of Quaid-e-Azam's daughter?,Farzana,Rehana,Dina Wadia,Rukhsana,C
5083,"The Durand Line, the border between Pakistan and Afghanistan, was drawn in ________.",In 1890,In 1893,In 1896,None of these,B
5084,A U-turn came in the foreign policy of Pakistan after the world launched the war against terrorism in:,2000,2001,2003,2004,B
5085,When was Allama Muhammad Iqbal born?,"December 25, 1876","November 9, 1877","February 15, 1869","May 24, 1875",B
5086,When did the first electric train run in Pakistan?,in 1973,in 1975,in 1970,in 1972,C
5087,First US ambassador to Pakistan (assumed charge 23 Sep 1947)?,Paul H. Alling,Paul H. Ealing,Henry Grady,John Foster Dulles,B
5088,The Cyber Harassment Helpline was launched on:,"on December 1, 2014","on December 1, 2015","on December 1, 2016","on December 1, 2017",C
5089,How many members were in the committee set up to draft the constitution of the Muslim League?,30,45,60,75,C
5090,Pakistan left CENTO in:,1973,1979,1984,1988,B
5091,Which Article of the Constitution gives the Supreme Court Suo Motu powers?,Article 84(3),Article 184(3),Article 78(3),Article 122(3),B
5092,Madar-i-Millat Mohtarma Fatima Jinnah died in Karachi on _______.,"On July 6, 1967","On July 7, 1967","On July 8, 1967","On July 9, 1967",D
5093,"After the independence of Pakistan in 1947, which city was the first to welcome a large influx of refugees due to its proximity to the Indian border?",Karachi,Mirpur Khas,Hyderabad,Tharparkar,B
5094,"In India, English education was first initiated in Bengal in:",in 1813,in 1829,in 1835,in 1854,C
5095,Iran and Pakistan confirmed their mutual border by treaty in:,1948,1958,1968,None of these,B
5096,When did President Mamnoon Hussain sign the FATA merger bill?,on 31 January 2018,on 31 March 2018,on 31 May 2018,None of these,C
5097,"According to the 1998 census, what was the population density per km² in FATA?",115,170,190,230,B
5098,Sir Francis Maudi took oath as First Governor of West Punjab?,in July 1947,in August 1947,in September 1947,in October 1947,A
5099,What was the real name of Sir Agha Khan?,Sultan Muhammad Shah,Mushtaq Hussain,Mehdi Ali Khan,Hassan Bilgrami,A
5100,Which Province of Pakistan is called 'Bab-ul-Islam' (Gateway of Islam)?,Sindh,Punjab,Balochistan,Khyber Pakhtunkhwa,A
5101,Which of the following provinces of Afghanistan has no border with Pakistan?,Paktika,Nangarhar,Nimruz,Herat,D
5102,Mangla dam constructed on which river,Ravi,Jhelum,Chenab,Indus,B
5103,Who was the 6th Chairman of the Joint Chiefs of Staff Committee?,General Muhammad Sawar Khan,Air Marshal Farooq Feroz Khan,General Shamim Alam Khan,None of them,C
5104,Who announced the Partition of Bengal in 1905?,Lord Lytton,Lord Curzon,Lord Minto,Lord Ripon,B
5105,The All-India Muslim League was founded in 1906 in:,Delhi,Dhaka,Lahore,Allahabad,B
5106,Masjid Mahabat Khan is located in:,Lahore,Peshawar,Karachi,Islamabad,B
5107,"What was the name of Babur's father, who was the ruler of Farghana?",Abdul Rahim,Umar Sheikh Mirza,Rana Sanga,Ibrahim Lodhi,B
5108,Yaum-e-Takbeer in Pakistan is celebrated on:,on Sep 06,on Dec 16,on Mar 23,on May 28,D
5109,Who presented the Poor Man's Budget of the United India Interim Government?,Ghulam Muhammad,Liaquat Ali Khan,Sardar Abdur Rab Nishtar,Sardar Patel,B
5110,Who is the head of the State of Pakistan:,President,Prime Minister,Chairman Senate,Speaker National Assembly,A
5111,"The 'weightage' principle, granting minorities more seats than their population warranted, was based on the:",Nehru Report,Lucknow Pact,Simon Commission,Delhi Proposals,B
5112,Through which constitutional amendment were the Federally Administered Tribal Areas (FATA) merged with Khyber Pakhtunkhwa?,22nd,23rd,24th,25th,D
5113,Loyal Muhammadans of India was written by:,Maulana Muhammad Ali Jauhar,Sir Syed Ahmed Khan,Syed Ameer Ali,Allama Iqbal,B
5114,''Chauburji'' in Lahore was built by:,Aurangzeb Alamgir,Shah Jahan,'Princess Zeb-un-Nissa,Noor Jahan,B
5115,Pakistan is the _________ largest sugar producer and eighth-largest consumer in the world.,4th,5th,6th,7th,C
5116,Which of the following countries has not been recognized by Pakistan?,Georgia,Kiribati,Armenia,Albania,C
5117,Who was the UN Representative for demilitarization of Kashmir?,Sir Maurice Gwyer,Sir Owen Dixon,Sir Syed Ahmed,Sir George Cunningham,B
5118,"Sindh University, Jamshoro, was established in which year?",In 1944,In 1945,In 1946,In 1947,D
5119,No Zakat shall be charged from the assets of:,A person who died on the deduction date,On foreign currency,Both (A) & (B),None of the above,C
5120,When was Muhammad Ali Jinnah born?,"December 25, 1876","November 9, 1877","January 8, 1877","February 15, 1869",A
5121,Pakistan's national anthem was played for the first time in front of Raza Shah Pahlavi on:,on 13 Aug 1955,on 13 Aug 1953,on 13 Aug 1954,on 13 Aug 1952,C
5122,Sir Syed Ahmed Khan founded the Scientific Society in __________.,In 1858,In 1860,In 1864,In 1867,C
5123,Quaid-e-Azam Jinnah The Story of a Nation is a biography of Quaid-e-Azam written by:,Ayesha Jalal,G. Allana,Stanley Wolpert,Hector Bolitho,B
5124,Which report resulted from the AIML committee chaired by Raja Syed Muhammad Mehdi?,Shareef Report,Pirpur Report,Nehru Report,Simon Report,B
5125,Who translated the Pakistan resolution into Urdu?,Maulana Zafar Ali Khan,Allama Iqbal,Hafeez Jalandhari,Deputy Nazir Ahmad,A
5126,"Which amendment to the constituion 1973, declared Ahmadis as non-Muslim?",3rd Amendment,1st Amendment,2nd Amendment,4th Amendment,C
5127,Government Islamia College Lahore was established in:,1886,1892,1896,1878,B
5128,The national insignia of Pakistan is the __________.,Deodar,Indus Dolphin,Crescent and Star,None of the above,C
5129,Stinger missiles were given to Pakistan in which war?,1971 War,1965 War,Afghan War,None of these,C
5130,OGRA stands for:,Oil & Gas Regeneration Authority,Oil & Gas Regulatory Authority,Oil & Gas Reproduction Authority,Oil & Gas Restoration Authority,B
5131,Who succeeded Liaquat Ali Khan as Prime Minister?,Ghulam Muhammad,I.I. Chundrigar,Sir Feroz Khan Noon,Khawaja Nazimuddin,D
5132,The Punjab Government directed the administration to remove plaques bearing the names of politicians on development schemes installed since _________.,"On January 1, 2018","On February 28, 2018","On March 1, 2018","On March 1, 2017",C
5133,In which province is Kund Malir Beach located?,Sindh,Balochistan,Punjab,KPK,B
5134,Where and when was the First Round Table Conference inaugurated?,"St. James's Palace, London, November 12, 1930","Buckingham Palace, London, January 1931","Delhi, January 1931","Lahore, December 1930",A
5135,The Pothohar Plateau contains mineral deposits of _________.,Rock Salt,Gypsum,Oil,All of these,D
5136,The Hasni tribe is primarily settled in _________.,Southern KPK,Western Balochistan,Central Sindh,None of these,B
5137,"Who wrote the book 'Jinnah, Creator of Pakistan?",Muhammad Ali,Hector Bolitho,Stanley Wolpert,K. K. Aziz,B
5138,Who is the 'National Artist of Pakistan'?,Sadequain Naqqash,Abdur Rahman Chughtai,Abdul Rahim Nagori,Lubna Agha,B
5139,The boundary commission appointed at the time of independence was headed by:,Lord Wavell,Radcliffe,Irwin,Clive,B
5140,"Who wrote the book ""Khutbat-e-Ahmadiyya""?",Dr. Safdar Mahmood,Abdul Haleem Sharar,Sir Syed Amir Ali,Sir Syed Ahmed Khan,D
5141,"When was the Zainab Alert, Response and Recovery Act enacted?",2018,2019,2020,2021,C
5142,''Bala Hissar'' (The Elevated Fort) is situated at:,Quetta,Peshawar,Swat,Hyderabad,B
5143,When was Maulana Muhammad Ali Johar born?,1875,1877,1878,1876,C
5144,Guddu thermal power plant is located in which district of Sindh?,Hyderabad,Sanghar,Kashmore,Karachi,C
5145,The First Constituent Assembly of Pakistan was dissolved by Governor-General Malik Ghulam Muhammad on:,on 23rd March 1954,on 14th August 1954,on 24th October 1954,on 25th December 1954,C
5146,Sassui Pannuh is a Sindhi story. Sassui is known as _________.,Girl of Sorrows,Queen of Beauty,Princess of Hope,None of these,C
5147,"Abdul Sattar Edhi, who is known for his philanthropic services, was born in a town near:",Manawadar,Junagarh,Madras,Daulatabad,B
5148,Who was the Pakistani climber who got missing while trying to climb K2 along with 2 foreign climbers on 5 Feb. 2021?,Muhammad Ali Sadpara,Muhammad Sajid Sadpara,Nazir Ahmad Sadpara,None of these,A
5149,Which out of the following countries hosted most refugees in 2012?,Iran,Pakistan,Germany,France,B
5150,Mirani Dam is located in which province?,Punjab,Balochistan,Sindh,KPK,B
5151,"Which person held the positions of WAPDA chairman, Sindh governor, SBP governor, and President of Pakistan?",Waseem Sajjad,Ghulam Ishaq Khan,Fazal Ilahi Chaudhry,Rafiq Tarar,B
5152,"Identify a major glacier in Pakistan, one of the world's longest non-polar glaciers.",Baltoro Glacier,Batura Glacier,The Siachen Glacier,None of them,C
5153,The Simon Commission arrived in India on 3rd February ____:,1927,1928,1930,1931,B
5154,Who was the first President of the All India Muslim League?,Agha Khan III,Agha Khan II,Agha Khan IV,None of these,A
5155,Which Governor-General of Pakistan had the shortest tenure?,Quaid-e-Azam,Khawaja Nazimuddin,G. Muhammad,Iskandar Mirza,D
5156,"Mr. Α.'Ο Hume, on whose initiative the Indian National Congress was formed, was:",A former member of the Indian Civil Service,Governor General of India,A British educationist,Member of the British Parliament,A
5157,Who is the current Secretary-General of SAARC (as of early 2024)?,Esala Ruwan Weerakoon,Amjad Hussain B. Sial,Arjun Bahadur Thapa,Golam Sarwar,A
5158,The London branch of the Muslim League was started by:,Sir Agha Khan,Muhammad Ali Jinnah,Syed Amir Ali,Maulana Muhammad Ali Jauhar,C
5159,When is PCB (Pakistan Cricket Board) affiliated with the ICC?,"On July 28, 1948","On July 28, 1950","On July 28, 1952","On July 28, 1954",C
5160,Which country is located to the east of Pakistan?,Afghanistan,China,Iran,India,D
5161,Nawaz Sharif attended the US-Arab Islamic Summit 2017 in:,Riyadh,Jeddah,Rabat,None,A
5162,"Bahadur Shah, the last Mughal Emperor, was exiled to:",Mysore,Awadh,Rangoon,Baghdad,C
5163,The War of Independence of India started in:,1847,1853,1858,1857,D
5164,The Asian Games 2022 will be held in which city:,Seoul,Bangkok,Hangzhou,None of these,C
5165,"Maulana Muhammad Ali Jauhar started publishing his famous English newspaper ""Comrade"" in 1911 from ___________.",Lahore,Delhi,Agra,Calcutta,D
5166,Who was the founder of the Lodhi dynasty of India (1451-1526)?,Ibrahim Lodhi,Bahlul Lodhi,Sikandar Lodhi,None of these,B
5167,The most urban province of Pakistan is:,Punjab,KPK,Sindh,Balochistan,C
5168,Who was the first Chief of Army of Pakistan?,Zia-ul-Haq,Ayub Khan,General Sir Frank Messervy,Musharraf,C
5169,How many Muslim seats were secured by the All-India Muslim League in the 1945-46 elections for provincial assemblies?,396,425,441,None of these,B
5170,Campbellpur is the old name of __________.,Khanewal,Attock,Abbottabad,Sargodha,B
5171,The first Constituent Assembly of Pakistan was dissolved in:,1949,1954,1956,1962,B
5172,How many judges are serving in the Lahore High Court?,48,49,60,None of these,D
5173,"Ahmad Khan Kharal, the famous character of the War of Independence, belonged to?",Gogera,Satiana,Jhamra,Cheecha Watni,A
5174,"In 1946, _______ protested against the British Government for bad food and low salary.",Royal Indian Navy Officers,Punjab Labour Force,Indian Army,None of these,A
5175,When did Sir Syed Ahmad Khan die?,on 17 January 1898,on 27 March 1898,on 02 September 1898,None of these,B
5176,Javed Iqbal is chairman of the:,Election Commission,National Accountability Bureau,Senate,National Assembly,B
5177,Pakistan joined the Non-Aligned Movement in _____________.,In 1969,In 1979,In 1989,In 1999,B
5178,"The famous Ashokan inscriptions, carved on rocks, were founded in ____________.",Mansoora,Hangu,Skardu,"Shahbaz Garhi, Mardan",D
5179,Who was Mohammad Ali Bogra?,Prime Minister,Foreign Minister,Law Minister,Finance Minister,A
5180,"The Senate of Pakistan, before the 25th Amendment, comprised how many members?",104,100,96,87,A
5181,"The name of the province ""North-West Frontier Province"" was changed to Khyber Pakhtunkhwa, under which amendment of the Constitution?",15th,18th,19th,21st,B
5182,When was the Simla Agreement between Bhutto and Indira Gandhi signed?,on 2nd July 1972,on 16th December 1972,on 5th February 1972,on 3rd July 1973,A
5183,The current head of the Islamic Ideology Council is:,Qibla Ayaz,Mufti Muneeb ur Rahman,Abdul Khabir Azad,None of these,A
5184,The Battle of Tarain was fought between:,Muhammad of Ghori and Prithviraj Chauhan,Muiz ud-Din Muhammad and Prithviraj,Taj al-Din Yildiz and Prithviraj,None of these,A
5185,When was the first biogas plant established in Pakistan?,in 1975,in 1974,in 1977,in 1972,B
5186,On which river is the Kalabagh Dam supposed to be built?,Kabul,Jhelum,Sutlej,Indus,D
5187,"The first Gazette of Pakistan was issued on August 15, 1947, for the _________.",Announcement of the Independence of Pakistan,Appointment of the Governor-General of Pakistan,Appointment of the Chief Justice of Pakistan,None of these,B
5188,The international vehicle registration code for Pakistan is _________.,PAK,PK,PKN,None of them,B
5189,When was the agreement with Canada for Karachi's first nuclear power station signed?,in 1962,in 1965,in 1964,in 1967,B
5190,Mast Tawakali' was a prominent poet of the ____________.,Balochi language,Sindhi language,Pashto language,Brahui language,A
5191,Radcliff unjustly included '''' tehsils of Punjab in India.,"Kartarpur, Shakargarh, Narowal","Chunian, Pakpattan, Okara","Ferozepur, Kasur, Ajnala","Gurdaspur, Pathankot, Batala",D
5192,The Quaid-e-Azam Solar Park is located near which city?,Bahawalpur,Multan,Rahim Yar Khan,None of these,A
5193,How many members were in the Cabinet Mission of 1946?,2,3,4,5,B
5194,When did the Ojri camp tragedy take place?,on 18th April 1987,on 10th April 1988,on 25th March 1989,on 20th April 1988,B
5195,Tipu Sultan belonged to:,Mysore,Vijayanagara,Sarsour,None of these,A
5196,Nandana Fort is in:,Punjab,KPK,Sindh,None of these,A
5197,"Which territory was separated from India under the Government of India Act, 1935?",Ceylon,Burma,Afghanistan,Nepal,B
5198,The Thal Desert is located in ________.,Sindh,Gilgit,KPK,Punjab,D
5199,The Greater Thal Canal takes off from:,Lower Bari Doab Canal,Chashma Jhelum Link Canal,Warsak Canal,Kirthar Canal,B
5200,"The Baghdad Pact, which Pakistan joined in 1955, was later renamed as:",SEATO,CENTO,NATO,Warsaw Pact,B
5201,In which year did Musharraf became President:,1999,2000,2001,1998,C
5202,Who was the first governor of Punjab?,Sardar Abdur Rab Nishtar,Sir Francis Moody,I. I. Chundrigar,Mushtaq Ahmed Gurmani,B
5203,Liaquat Ali Khan was assassinated in:,Lahore,Karachi,Hyderabad,Rawalpindi,D
5204,"In the early 1970s, Pakistan played a role in rapprochement between which two countries?",United States and Soviet Union,India and China,United States and China,Pakistan and India,C
5205,Who was the first Governor-General of India after Independence?,Jawaharlal Nehru,Lord Mountbatten,Lal Bahadur Shastri,Chakravarti Raja Gopalacharya,B
5206,"The saint who is also known as ""Great Traveler"" was __________.",Rukn-ud-Din Alam,Jalal-ud-Din Bukhari,Jahanian Jahangasht,Data Ganj Bakhsh,C
5207,The first Commercial Bank of Pakistan was:,Habib Bank Limited,Muslim Commercial Bank,UBL,HSBC,A
5208,____________ the Lingua Franca of Pakistan?,Punjabi,Sindhi,Urdu,Pashto,C
5209,When was the MAO College at Aligarh started?,In 1875,In 1876,In 1877,In 1878,A
5210,Zahir-ud-din Babur was buried in:,Ferghana,Baghdad,Kabul,None of these,C
5211,How many times did Pakistan win the Hockey World Cup?,2 Times,4 Times,3 Times,5 Times,B
5212,Operation Zarb-e-Azb underwent in the former FATA. Azb was the name of:,Sword of the Holy Prophet (PBUH),Sword of Hazrat Ali (RA),A two headed Arrow,War against enemies of humanity,A
5213,Emperor Humayun was ousted by Sher Shah Suri. Humayun lived in exile for?,8 Years,12 Years,15 Years,17 Years,C
5214,"'Who was the Bengali writer of the novel ""Ananda Math"" from which the national anthem ""Bande Mataram"" was taken?",Bankim Chandra Chatterji,Rabindranath Tagore,Munshi Premchand,Sarat Chandra Chattopadhyay,A
5215,Who started the Non-Cooperation Movement?,Quaid-e-Azam,Gandhi,Ali Brothers,None of these,B
5216,Who was the first President of the Constituent Assembly of Pakistan?,Liaquat Ali Khan,Molvi Tamizuddin Din,Quaid-e-Azam,Ghazanfar Ali Khan,C
5217,World Tuberculosis Day is observed on ____________.,On March 21,On March 24,On March 26,On March 25,B
5218,In which year did Sir Syed receive the title of Knighthood?,In 1885,In 1886,In 1887,In 1888,D
5219,"Which Army Officer was the First Recipient of ""Nishan i Haider"" ?",Major Aziz Bhatti Shaheed,Major Muhammad Akram Shaheed,Captain Sarwar Shaheed,Major Shabir sharif shaheed,C
5220,Zinda Rood is a/an___________.,Biography of Javed Iqbal,Autobiography of Iqbal,Biography of Iqbal,None of these,C
5221,"'""Friends Not Masters"" was written by:",Zulfiqar Ali Bhutto,I.H. Qureshi,Ayub Khan,'Dr. Parvaiz Iqbal Cheema,C
5222,Who founded the Ghaznavid Dynasty in 977 AD?,Alptigin,Mahmud,Ismail,Sabuktigin,D
5223,Pakistan began observing February 5 as Kashmir Day to reiterate solidarity with the people of Jammu and Kashmir in ________.,In 1948,In 2004,In 2009,None of these,B
5224,Where was the first test tube baby of Pakistan born?,Karachi,Lahore,Islamabad,Peshawar,B
5225,"The ""All-Indian Muslim League"" observed the 'Day of Deliverance' after the resignation of the All-India Congress ministries. On what date was it observed?","on October 22, 1938","on December 22, 1938","on October 22, 1939","on December 22, 1939",D
5226,In which year was Allama Iqbal appointed as a member of the Punjab Legislative Council?,1923,1924,1925,1926,D
5227,Moomal Ji Maari (an archaeological site) is located in District.,Thatta,Mirpurkhas,Ghotki,Khairpur,C
5228,POA stands for:,Pakistan Olympic Association,Punjab Olympic Association,Private Olympic Association,None of these,A
5229,Who became the Chief Martial Law Administrator of Pakistan after Ayub Khan's resignation?,General Yahya Khan,General Tikka Khan,General Ahsan Khan,General Peerzada,A
5230,The period from 1990 till the present in Pakistan is known as the era of __________.,Neutrality,Alliances,Non-alignment,The Post-Cold War,D
5231,The power generating capacity of the Diamer-Bhasha Dam is:,4000 MW,4500 MW,4800 MW,None of these,B
5232,Who was the Viceroy of India at the time of the partition of Bengal?,Lord Minto,Lord Curzon,Lord Linlithgow,Lord Irwin,B
5233,The Indian Councils Act (Minto-Morley Reforms) was enacted into law in __________.,In 1909,In 1910,In 1911,In 1912,A
5234,Which is the largest lake in the world by surface area?,Caspian Sea,Lake Superior,Sea of Okhotsk,None of these,A
5235,Who founded the Sikh Empire in 1801?,Maharaja Ranjit Singh,Tipu Sultan,Nawab Shuja-ud-Daula,Syed Ahmad Barelvi,A
5236,In which year did Hindi get the status of an official language?,1898,1900,1905,1911,B
5237,"According to population, Multan is the ______ largest city of Pakistan.",5th,6th,7th,8th,C
5238,Pakistan has Constitution Day on:,on Mar 23,on Apr 10,on Aug 14,on Sep 06,B
5239,When was the 1973 Constitution enforced?,on 14th August 1973,on 1st March 1973,on 20th December 1972,on 10th January 1973,B
5240,When did Sir Syed Ahmed Khan die?,1896 AD,1897 AD,1895 AD,1898 AD,D
5241,Operation _______ was started by the Pakistan Army in East Pakistan:,Searchlight,Al Mizan,Sher Dil,Enduring Freedom,A
5242,MNA stands for ________.,Medical Nurse Association,Multi-National Architecture,Media Networking Area,Member of National Assembly,D
5243,The Quaid-e-Azam addressed government officials in Karachi on __________.,"On October 11, 1947","On October 12, 1947","On October 13, 1947","On October 14, 1947",A
5244,"An agreement for cooperation was signed during Turkish President ""Kennan Everno's"" visit to Pakistan in February 1980 in the field of __________.",Defence production,Tourism,Research and Development,Shipping,C
5245,Name the first-ever eye bank of Pakistan.,Eye Bank Foundation,Lions Eye Institute,Eye Bank Society Hospital,Al-Shifa Trust Eye Hospital,D
5246,MLA stands for _______.,Member of Law Advisory,Main Legislative Advisory,Member of Legislative Assembly,Member of Law Association,C
5247,Who was the last Viceroy of British India?,Lord Mountbatten,Lord William Bentinck,Charles Metcalfe,Lord Hardinge,A
5248,Morarji Desai received Nishan-e-Pakistan in:,1980,1990,1992,None of these,B
5249,The highest building in Pakistan is the __________.,MCB Tower,Pakistan Stock Exchange,Bahria Icon Tower,Marriott Hotel,C
5250,The idea of Pakistan was first conceived by:,Quaid-e-Azam,Allama Iqbal,Sir Agha Khan,Shaukat Ali,B
5251,Radcliffe awarded which district to India for support in Kashmir?,Firozpur,Gurdaspur,Pathankot,None of these,B
5252,When was the 1956 Constitution presented in the assembly?,on 14th August 1956,on 29th February 1956,on 23rd March 1956,on 25th March 1956,B
5253,"When Chaudhry Rehmat Ali issued the pamphlet Now or Never in 1933, where was he studying?",Cambridge,Oxford,Aligarh,Harvard,A
5254,When did the Government of Pakistan issue the Press and Publication Ordinance (PPO)?,In 1962,In 1963,In 1964,In 1965,B
5255,When did the Urdu language get official status in the subcontinent?,in 1831,in 1837,in 1833,in 1834,B
5256,The first session of the All India Muslim League was presided over by:,Sir Agha Khan,Nawab Waqar-ul-Mulk,Sir Adamjee Pir Bhai,Nawab Salimullah Khan,C
5257,The Indian National Congress was formed by Allan O. Hume in:,in 1884,in 1885,in 1886,in 1887,B
5258,Which is the highest peak of the Koh-e-Sulaiman range?,Tirich Mir,K2,Takht-e-Sulaiman,Sakaser,C
5259,Who was the first Federal Law minister of Pakistan:,Zafar Ullah Khan,Jogendra Nath Mandal,Malik Ghulam Muhammad,None of these,B
5260,"In 1899, Allama Iqbal completed his M.A. examination in which subject?",Persian,Islamiyat,Philosophy,Urdu,C
5261,"What was the real name of the renowned Islamic scholar Shah Waliullah, born in 1703?",Qutbuddin Ahmad,Abdul Rahim,Mir Qamaruddin,Siraj-ud-Daula,A
5262,When did the Congress ministries resign?,22-Oct-39,14601,17-Nov-32,11030,A
5263,"When did the AIML celebrate ""Victory Day""?",16813,16852,16-Aug-46,17047,A
5264,What was the purpose of the East India Company in the Subcontinent?,To increase their influence,Rule India,Trade,None of these,C
5265,The first ambassador of Pakistan to UNO was__________.,Sir Zaffar Ullah Khan,Sardar Abdur Rab Nishtar,Ahmed Shah Patras Bokhari,None of these,C
5266,The elevation of Islamabad from sea level is _________.,"1,600 ft","1,770 ft","1,500 ft","1,400 ft",B
5267,Where is Shah Jahan's tomb located?,Delhi,Sikan,Agra,Fatehpur,C
5268,When was Zulfikar Ali Bhutto hanged?,"on April 4, 1979","on July 5, 1977","on March 23, 1980","on August 17, 1988",A
5269,Which of the following was the representative organization of students in the Tehrik-e- Pakistan?,Muslim Students Unity,All-India Muslim Students Federation,Muslim Students Council,Muslim Youth Organization,B
5270,"The Chishti Order (Silsila) was founded in Chisht, Herat around 930 AD by _________.",Shaikh Bahauddin Zakriya,Khawaja Abu Ishaq Shami,Shaikh Abu Al Najib,Shaikh Ahmed Sirhindi,B
5271,Who was Pakistan's First Civil Martial Law Administrator?,Ayub Khan,Yahya Khan,Zulfikar Ali Bhutto,Zia-ul-Haq,C
5272,In which year did the Hindi-Urdu controversy start?,1867,1868,1869,1870,A
5273,Islam was declared as the State Religion of Pakistan in the Constitution of:,1973,1956,1962,None of these,A
5274,The British Indian government announced the partition of Bengal in:,1902,1905,1909,1916,B
5275,What is the ratio of unemployment in Pakistan?,5.79 percent,4.79 percent,6.79 percent,None of these,A
5276,When was the partition of Bengal annulled:,1908,1909,1911,1917,C
5277,The height of Mirani Dam is _________.,335 feet (102 m),135 feet (41 m),127 feet (39 m),None of these,C
5278,"Pakistan: A Personal History, a famous book, was written by:",Aitzaz Ahsan,Imran Khan,Latif Khosa,None of these,B
5279,GSP Plus provided how much relief on Pakistani goods?,0.63,0.66,0.6,None of these,B
5280,Under the Indus Water Treaty of 1960 Pakistan has the right to use exclusively the water of:,"Ravi, Sutleg and Chenab","Sutleg, Chenab and Jhelum","Chenab, Jhelum and Indus",None of these,C
5281,"The Afghanistan-Pakistan-India Pipeline (TAPI), also known as the ""Trans-Afghanistan Pipeline"", is a natural gas pipeline. Which country does it also include?",Kazakhstan,Uzbekistan,Turkmenistan,Azerbaijan,C
5282,"The Protection of Pakistan Act 2014, approved by the National Assembly, was to remain in force for ________.",Two years,Three years,Four years,Five years,A
5283,Who was the first Governor-General of Pakistan?,Liaquat Ali Khan,Muhammad Ali Jinnah,Khawaja Nazimuddin,Iskander Mirza,B
5284,When did the state of Kalat accede to Pakistan?,1947,1948,1949,None of these,B
5285,The Lodhi dynasty ruled the Delhi Sultanate from 1451 AD to _______.,In 1520 AD,In 1524 AD,In 1526 AD,In 1528 AD,C
5286,In which year was Broad Peak first climbed?,In 1953,In 1955,In 1954,In 1957,D
5287,When Pakistan Industrial Development Corporation (PIDC) was established:,1952,1956,1962,1968,A
5288,Guddu Barrage is situated in which province?,Punjab,Sindh,KPK,None of these,B
5289,The social code of conduct of Pashtun people is called:,Pashtunwali,Pashtun Constitution,Pashtun Structure,None of these,A
5290,Quaid-e-Azam Day is observed on ___________.,On May 1st,On May 15th,On May 21st,On December 25th,D
5291,When did Gandhi renounce his membership in Congress?,1934,1935,1933,1932,A
5292,What is the total area of Pakistan in square kilometers?,"695,095 km²","795,095 km²","796,096 km²",None of these,C
5293,Who was the first Commander-in-Chief of the Pakistan Navy?,James Wilfred Jefford,R.L. Archy,Frank Meservy,None of them,A
5294,"Under Ayub Khan's land reforms, what was the maximum acreage of irrigated land an individual could own?",300 acres,500 acres,700 acres,"1,000 acres",B
5295,Government of Balochistan created a new district _______ in the Nasirabad division in May 2013.,Bhag,Sorani,Lehri,None of these,C
5296,By which amendment was Article 58(2)(b) removed from the constitution?,10th,8th,7th,18th,D
5297,Zakat disbursement can be made through:,Crossed cheque,Bank advice,Both (A) & (B),None of the above,A
5298,How much of Pakistan's area is covered by plains and deserts?,73 percent,58 percent,42 percent,26 percent,C
5299,Who was the acting President of Gilgit-Baltistan before it joined Pakistan?,Hasan Khan,Mirza Ali,Malik Muhammad Miskeen,Shah Raees Khan,D
5300,The first agricultural reforms in Pakistan were introduced by Ayub Khan on _________.,"on June 24, 1959","on January 24, 1956","on January 30, 1959","on January 24, 1959",A
5301,Manchar Lake is situated in which district of Pakistan?,Jamshoro,Dadu,Sukkur,Ghotki,A
5302,What was Mohtrama Fatima Jinnah's profession?,Lawyer,Doctor,Dentist,Teacher,C
5303,"Before becoming Prime Minister, Muhammad Ali Bogra was the Ambassador of Pakistan to the ________.",UK,USA,France,Germany,B
5304,"Gwadar became part of Pakistan on September 8, ____________.",In 1949,In 1955,In 1958,In 1972,C
5305,"The day of Pakistan's nuclear tests, May 28, 1998, is officially known as:",Youm-e-Pakistan,Youm-e-Difah,Youm-e-Takbeer,Youm-e-Azadi,C
5306,'From Purdah to Parliament' is a book authored by:,Shaista Suhrawardy Ikramullah,Begum Ra'ana Liaquat Ali Khan,Begum Jahanara Shahnawaz,Begum Maulana Mohammad Ali Jauhar,A
5307,Tarbela Dam is on which river?,Indus,Ravi,Chenab,Jhelum,A
5308,The defense budget for 2021-22 was:,1200 billion,1370 billion,1450 billion,None of these,B
5309,Which party formed the government in Punjab after the 1937 elections?,Muslim League,Indian National Congress,Unionist Party,Akali Dal,C
5310,Atta Shad was a famous poet of the ________ language.,Balochi,Punjabi,Pashto,Sindhi,A
5311,Which of the following rulers belonged to Slave Dynasty ?,Akbar,Humayun,Iltumish,Ahmad Shah Abdali,C
5312,Pakistan joined NAM in:,1977,1978,1979,1980,C
5313,Hazrat Baba Farid Ganj Shakar died in:,1274,1280,1266,1290,C
5314,Daughter of the East is written by?,Fatima Bhutto,Benazir Bhutto,Nusrat Bhutto,None of these,B
5315,In which year did Gandhi arrive in South Africa to start resistance campaigns?,1892,1893,1896,1898,B
5316,"The pamphlet ""Now or Never"" was written in 1933 by _________.",M. Ali Johar,Sir Syed,Ch. Rahmat Ali,Allama Iqbal,C
5317,"Mohenjo-daro, a famous town of the Indus Civilization, is located on the _________.",Right Bank of the Indus River,Left Bank of the Indus River,West of the Indus River,None of them,A
5318,The foundation of Minar-e-Pakistan was laid in which year?,In 1960,In 1966,In 1970,In 1976,A
5319,The largest river of Pakistan is:,Indus,Jhelum,Chenab,None of these,A
5320,"On the advice of the Prime Minister and the Chief Minister, the President and the Governor are bound to dissolve the assemblies within:",24 hours,48 hours,72 hours,96 hours,B
5321,Who was Mohammad Ali Bogra?,Prime Minister,Foreign Minister,Law Minister,Parliament Minister,A
5322,Adiala Jail is located in ___________.,Multan,Rawalpindi,Gujranwala,Lahore,B
5323,The largest fort of Asia is Ranikot Fort. It is located near:,Larkana,Jamshoro,Hyderabad,Thatta,B
5324,Which of the following is not a landlocked country?,Bhutan,Nepal,Myanmar,Switzerland,C
5325,Who among the following accepted Din-i-Ilahi?,Todar Mal,Tansen,Birbal,Man Singh,C
5326,Which country released 572 Prisoners of Pakistan in Ramzan 2019?,UAE,Saudi Arabia,Kuwait,None of these,A
5327,For how many years did the British directly rule India (from 1858 to 1947)?,100,90,85,None of these,B
5328,Who among the following was not a member of the Cabinet Mission which visited India in 1946?,Sir Stafford Cripps,Lord Mountbatten,A. V. Alexander,None of these,B
5329,Who gave the name to the All-India Muslim League?,Nawab Viqar ul Mulk,Sir Agha Khan,Nawab Saleem ullah Khan,Sir Muhammad Shafi,C
5330,Which province of Pakistan has no desert?,Sindh,Punjab,Balochistan,KPK,D
5331,Identify the largest cantonment in Pakistan.,Kharian Cantt,Quetta Cantt,Okara Cantt,Karachi Cantt,A
5332,The profession of Fatima Jinnah was?,Scientist,Dentist,Architect,None of these,B
5333,Ahmad Shah Abdali was born in:,Baghdad,Multan,Cairo,None of these,B
5334,The years 2010-2020 were declared as the SAARC decade of:,Poverty Alleviation,Intra-regional Connectivity,Combating Terrorism,Cultural Exchange,B
5335,What does LFO stand for?,Legal Framework Ordinance,Legal Framework Order,Law Framework Order,None of these,B
5336,When were the Shalimar Gardens established?,1642,1672,1700,None of these,A
5337,Dr. Abdul Qadeer Khan did his Ph.D. from Leuven University of ____________.,Germany,Holland,Belgium,Austria,C
5338,SNGPL stands for _________.,Sui Northern Gas Pipelines Lahore,Sui Northern Gas Pipelines Limited,Sui Northern Gas Pakistan Limited,Sui Northern Gas Punjab Limited,B
5339,The Jallianwala Bagh massacre in Amritsar took place on:,"on Mar 13, 19","on Apr 13, 19","on May 13, 19","on Jun 13, 19",B
5340,"When the 1973 Constitution was promulgated, who was the Leader of the Opposition in the National Assembly?",Khan Abdul Wali Khan,Nurul Amin,Mufti Mehmood,Fakhar Imam,A
5341,Who was the first Muslim Commander-in-Chief of the Pakistan Army?,General Frank Messervy,General Douglas Gracey,Field Marshal Ayub Khan,General Tikka Khan,C
5342,Where did Pakistan open its first embassy?,Beijing,Afghanistan,Baku,None of these,D
5343,The Simon Commission report was published in which year?,1929,1930,1931,1932,B
5344,When did Pakistan win the second Hockey World Cup:,1969,1972,1978,1982,C
5345,The current motto of the Punjab Police is:,Serve with respect,Serve and protect,Performance with purpose,None of these,B
5346,Pakistan's GDP growth rate for the year 2017-18 was:,5.2 percent,5.3 percent,5.4 percent,None of these,C
5347,Pakistan was one of the first countries to open an embassy in:,Tashkent,Baku,Tirana,None of these,A
5348,After how many years did Pakistan get its first constitution?,5 years,7 years,9 years,11 years,C
5349,"The Pakistan National Alliance was founded on January 5, 1977. What was its main slogan?",Quran aur Sunnat',Nizam-e-Mustafa',Nizam-e-Shariat',None of these,B
5350,The ________ was also known as the 3rd June Plan?,Irwin Plan,Mountbatten Plan,Radcliffe Plan,None of these,B
5351,First Pakistani film released on 2nd Sep 1947?,Shahida,Teri Yaad,Pheray,Zeher-e-Ishq,B
5352,What is the total height of the K2 Peak?,"8,210 m","8,410 m","8,611 m","8,511 m",C
5353,The Jallianwala Bagh Massacre is also known as the:,Delhi Massacre,Gujranwala Massacre,Amritsar Massacre,None of these,C
5354,The All India Muslim Students Federation was formed in 1937 by:,Muhammad Ali Jinnah,Raja Sahib of Mehmudabad,Liaquat Ali Khan,I. I. Chundrigar,B
5355,At which place in Bengal was the East India Company given permission by the Mughals to trade and build a factory in 1651?,Qasim Bazar,Calcutta,Burdwan,Singur,A
5356,"Chaudhry Rahmat Ali, the architect of the name 'Pakistan', died on __________.","on February 12, 1950","on February 3, 1951","on February 3, 1953","on February 3, 1954",B
5357,"By which amendment was Article 58(2)(b) of the Constitution of Pakistan (related to the President's power to dissolve the National Assembly, previously associated with the 8th Amendment) restored after its initial repeal?",12th,13th,14th,17th,D
5358,Mahmud of Ghazni waged war against rebellious India in the year:,900 AD,1000 AD,1100 AD,1200 AD,B
5359,On which date did 31 Ulema present the 22 points of Islamic principles?,on 1st January 1950,on 15th August 1951,on 24th January 1951,on 13th April 1949,C
5360,Karez is the irrigation system of which province of Pakistan?,Punjab,Sindh,KPK,Balochistan,D
5361,A party must secure _________ seats to form a government in the National Assembly of Pakistan.,148,169,272,116,B
5362,The voter turnout was _______ percent in the 2008 general elections.,40,42,44,46,C
5363,Who presided over the first meeting of the Pakistan Constituent Assembly?,Quaid-e-Azam,J.N. Mandal,Liaquat Ali Khan,None of these,B
5364,"The Masjid Wazir Khan in Lahore was built under the supervision of its governor, named ____?",Asif Khan,Ustad Isa,Mirza Sultan Baig,Sheikh Ilm-ud-Din Ansari,D
5365,When was Pakistan Broadcasting Corporation established?,on 20th December 1972,on 25th March 1974,on 8th September 1975,on 10th February 1973,A
5366,Which of the following is famously known as the 'Gateway of Invaders'?,Khyber Pass,Karachi,Lahore,None,A
5367,Which is the highest peak of the Salt Range?,Tirich Mir,K2,Nanga Parbat,Sakesar,D
5368,Muhammad Ghauri was stabbed to death in ________.,In 1204 AD,In 1205 AD,In 1206 AD,None of these,C
5369,The Head of the Senate is called:,President,Speaker,Chairman,Administrator,C
5370,"Yahya Khan issued a Legal Framework Order (LFO), under which the first-ever general elections were scheduled. The elections were postponed and finally held on:","On December 5, 1970","On December 6, 1970","On December 8, 1970","On December 7, 1970",D
5371,"At the time of the Kargil conflict in 1999, the Chief of Army Staff was _________.",General Jahangir Karamat,General Aslam Beg,General Pervez Musharraf,General Waheed Kakar,C
5372,The range of the Hatf-III (Ghaznavi) missile is ________.,400 km,290 km,600 km,750 km,B
5373,Who was the First Caretaker Prime Minister of Pakistan?,Ghulam Haider,Chaudary Rehmat Ali,Ghulam Mustafa Jatoi,None of these,C
5374,"""Simly Dam"" is built on the River:",Jhelum,Korang,Soan,Gomal,C
5375,"Which city of Pakistan is called the ""Paris of Asia""?",Lahore,Karachi,Faisalabad,None of these,D
5376,Who founded Anjuman-i-Himayat-i-Islam in 1884?,Qazi Hameed-ud-Din,Hassan Ali Affandi,Sir Syed Ahmad Khan,A.O. Hume,A
5377,Which Muslim ruler established the Delhi Sultanate?,Qutb-ud-din Aibak,Sher Shah Suri,Razia Sultana,None of these,A
5378,The Lowari Pass connects ________.,Hunza with Gilgit,Dir with Chitral,Qila Abdullah with Chaman,Chitral with Nuristan,B
5379,Who was the first Prime Minister of Pakistan?,Gen. Ghulam Muhammad,I.I. Chundrigar,Liaquat Ali Khan,None of these,C
5380,When did President Muhammad Ayub Khan pass away:,1970,1971,1974,1975,C
5381,"Congress launched the ""Quit India movement"" against the British government in __________.",In 1940,In 1941,In 1942,In 1944,C
5382,"ARY News, a Pakistani news channel, was launched in ________.",In 2002,In 2004,In 2007,In 1999,B
5383,The second-largest gas field in Pakistan is __________.,Qadirpur Gas Field,Uch Gas Field,Bobi Gas Field,Chachar Gas Field,A
5384,The first Khilafat Conference was held at Delhi in:,in November 1918,in November 1921,None of these,in November 1919,D
5385,When Allama Iqbal became the president of All India Muslim League:,1928,1929,1930,1931,C
5386,The first census in India was made in the period of?,Lord Curzon,Lord Canning,Lord Mayo,Lord Irwin,C
5387,From where did the War of Independence 1857 start?,Delhi,Calcutta,Meerut,Bombay,C
5388,Who was the founder of the Lodhi dynasty of India?,Ibrahim Lodhi,Bahlul Khan Lodhi,Sikander Lodhi,None of these,B
5389,Who was the first Turkish ruler in the subcontinent?,Qutbuddin Aibak,Jahangir,Aurangzeb,Humayun,A
5390,"Who was the author of the book 'Jinnah: India, Partition, Independence'?",Imtiaz Gul,Jaswant Singh,Tariq Ali,G. W. Chaudhry,B
5391,What is the total length of the Hispar Glacier?,57 km,49 km,61 km,63 km,B
5392,The dissolution of the first Constituent Assembly in 1954 was ordered by which Governor-General?,Khawaja Nazimuddin,Ghulam Muhammad,Iskander Mirza,Muhammad Ali Jinnah,B
5393,How many members were in the Committee of Basic Principles?,20,22,24,26,C
5394,With which body does the power to extend or restrict the jurisdiction of a High Court lie?,The Governor,The President,The Parliament,The concerned State Legislature,C
5395,Who was the third President of Pakistan:,Ayub Khan,Yahya Khan,Zulfiqar Ali Bhutto,Fazal Elahi Chaudhry,B
5396,Which operation was started by the Pakistan Army to combat terrorism in 2014?,Zarb-e-Azb,Fair Play,Midnight Jackal,None of these,A
5397,Nandana Fort is situated in?,Jhelum,Swat,Karachi,Hyderabad,A
5398,The Sidhnai Canals start from the left bank of the Ravi at _________.,Rasul,Sidhnai,Balloki,Trimmu,B
5399,When did the second war between India and Pakistan start?,in September 1965,in December 1971,in October 1962,in July 1999,B
5400,Which city has the largest hockey stadium in Pakistan?,Karachi,Peshawar,Lahore,None of these,C
5401,Which is considered the first known book of Pashto prose?,Pata Khazana',Tazkira-tul-Aulia',Jat di Kartut',Aasar-ul-Sanadeed',A
5402,When was the Water and Power Development Authority (WAPDA) established?,"On February 12, 1958","On February 12, 1959","On February 12, 1960","On February 12, 1961",A
5403,"In the summer season, famous polo tournaments are held in ________.",Gilgit-Baltistan,Sindh,Punjab,None of them,A
5404,Which dam in Pakistan has the largest storage capacity?,Mangla,Gomal Zam,Tarbela,Simli Dam,C
5405,When was Quaid-i-Azam Muhammad Ali Jinnah elected President of the Constituent Assembly?,16-Aug-47,17390,12-Aug-47,17393,B
5406,"""Takht Bhai"", an ancient place, is situated in?",Charsadda,Malakand,Mardan,Peshawar,C
5407,Pakistan become Islamic republic in:,in 1947,in 1949,in 1956,in 1973,C
5408,Which politician served as both Governor-General and Prime Minister of Pakistan?,Khawaja Nazimuddin,Ghulam Muhammad,Iskander Mirza,None,A
5409,When did the Muslim League observe the Day of Deliverance?,on 19 September 1938,on 19 December 1939,on 19 November 1939,None of these,D
5410,The River Kabul joins the Indus River near:,Dera Ismail Khan,Kalabagh,Attock,Nowshera,C
5411,Who devised the Human Development Index (HDI)?,Dr. Ishrat Hussain,Mahbub ul Haq,Sartaj Aziz,Abdul Hafeez Shaikh,B
5412,Pakistan's parliament is divided into:,One house,Two houses,Three houses,None of the above,B
5413,What is the estimated number of people who migrated on partition of India in 1947?,6.5 Million,7.5 Million,8.5 Million,9.5 Million,C
5414,Who was responsible for the Jallianwala Bagh massacre:,Gen. Ford,Gen. Dyer,Gen. Patton,None of these,B
5415,Who initiated the Silk Letter Movement (Reshmi Rumal Tehreek)?,Mahmud al-Hasan,Fakhr-ud-Din Nizami,Maulana Zafar Ali Khan,Shabbir Ahmad Usmani,A
5416,The resolution for formation of All-Indian Muslim League was passed at the meeting of All India Educational Conference (1906) and was moved by:,Nawab Viqar ul Mulk,Nawab Mohsin ul Mulk,Nawab Salim ullah,None of these,C
5417,How much area of the original state of Jammu and Kashmir is controlled by India?,50 percent,55 percent,45 percent (Approx.),70 percent,C
5418,What was the share of industry for Pakistan on independence in terms of contribution to GDP?,Less than 7 percent,More than 20 percent,0.02,None of these,A
5419,The shortest boundary of Pakistan is with which country?,Iran,India,Afghanistan,China,D
5420,Samina Baig distinguished herself in the field of:,Mountaineering,Filmmaking,Journalism,Handicrafts,A
5421,Which is the national bird of Pakistan?,Parrot,Pigeon,Markhor,Chukar,D
5422,The Transgender Persons (Protection of Rights) Act was passed in Pakistan in?,2018,2020,2021,None of these,A
5423,"Who first announced in Urdu ""This is Pakistan Broadcasting Service""?",Mr. Zahoor Azar,Ghulam Mustafa Hamdani,A. S. Bukhari,Z. A. Suleri,B
5424,What is the distance of Kashmir from Pakistan?,350 miles,250 miles,150 km,150 miles,B
5425,The ruins of Harappa are situated in which district?,Multan,Okara,Lahore,None of these,D
5426,Which Pakistani scientist recently designed the world's first Eco-friendly aircraft engine?,Zahaib Bandhawa,Sara Qureshi,Zara Bilal,Sonia Memon,B
5427,The post of Commander-in-Chief was converted into which post in 1970?,Vice Admiral,Chief of Staff,Joint Chief of Staff,Chairman JCS,B
5428,Between which two cities did the first Indian train run?,Calcutta to Agra,Bombay to Thane,Delhi to Lahore,Bombay to Ahmedabad,B
5429,"From the following personalities, indicate the one who has represented Pakistan as the United Nations Representative:",Dr. Waheed Qureshi,Patras Bokhari,Faiz Ahmad Faiz,Ata ul Haq Qasmi,B
5430,Who did Quaid-e-Azam call the 'Show Boy' of Congress?,Mahatma Gandhi,Abul Kalam Azad,C. Rajagopalachari,None of these,B
5431,"When the Congress Ministries were formed in the provinces in June 1937, the Viceroy of India was:",Lord Willingdon,Lord Linlithgow,Lord Wavell,Lord Irwin,B
5432,What was Hajjaj bin Yusuf's relationship to Muhammad bin Qasim?,Brother,Cousin,Uncle and Father-in-law,Grandfather,C
5433,The first general elections in Pakistan were held in 1970 under the military government of President ___________.,Iskander Mirza,Yahya Khan,Ayub Khan,Zulfikar Ali Bhutto,C
5434,The Kirana Hills are present in ________.,India,Pakistan,Nepal,China,B
5435,The 'Sangathan' Movement was started by __________.,Dr. Hedgewar,Dr. B. S. Moonje,Swami Shraddhanand,None,C
5436,The national motto of Pakistan is _________.,"Faith, Struggle, Unity","Unity, Power, Discipline","Unity, Discipline, Sacrifice","Faith, Unity, Discipline",D
5437,Which among the following is the oldest city of Pakistan?,Lahore,Quetta,Bahawalpur,Multan,A
5438,In which city of Pakistan are the most Covid-19 (Corona) cases reported?,Lahore,Hyderabad,Multan,Karachi,A
5439,Which city in Pakistan is known as the 'City of Gardens'?,Karachi,Lahore,Gilgit-Baltistan,Quetta,A
5440,"At the time of the Kargil conflict in 1999, the Chief of Army Staff was _________.",General Jahangir Karamat,General Aslam Beg,General Pervez Musharraf,General Waheed Kakar,C
5441,The Shimla Agreement between Pakistan and India was signed in:,1970,1972,1973,1974,B
5442,The first railway track in modern-day Pakistan was established between __________.,Karachi and Kotri,Lahore and Okara,Peshawar and Jamrud,Quetta and Chaman,A
5443,The first Muslim ruler to introduce the system of price control in the sub-continent was:,Alauddin Khilji,Akbar,Sher Shah Suri,Babur,A
5444,"Which city is known as the ""Gateway to Pakistan""?",Lahore,Islamabad,Karachi,Peshawar,C
5445,The total world's population occupied by SAARC countries is approximately:,15 percent,21 percent,25 percent,30 percent,B
5446,Ayub Khan died in:,1971,1972,1973,1974,D
5447,"The word ""Pakistan"" was first introduced in ____ in 1933:",Daily Jang,Daily The Mail,Now or Never,Nawa-e-Waqt,C
5448,How many parties are in the All Parties Hurriyat Conference?,21,22,26,None of these,C
5449,Pakistan's first Liquefied Natural Gas (LNG) terminal is located at __________.,Karachi Port,Port Qasim,Gwadar Port,Keti Bandar,B
5450,Port Qasim is near which city of Pakistan?,Lahore,Gwadar,Karachi,None of these,C
5451,Which famous newspaper of Pakistan also publishes in the UK?,Nawa-i-Waqt,Jang,Mashriq,Dawn,B
5452,When was Fatima Jinnah born?,in August 1895,in August 1893,in October 1896,in July 1893,D
5453,Madr-e-Millat Fatima Jinnah died in the year _________.,In 1940,In 1950,In 1967,In 1970,C
5454,Pakistan National Movement was formed by __________.,Sir Agha Khan,Sikandar Hayat Khan,Ch. Rahmat Ali,None of these,C
5455,What type of missile is Ghaznavi?,SAM,Ballistic,Surface to Surface,Surface to Air,C
5456,Chaudhry Muhammad Ali was succeeded by:,Muhammad Ali Bogra,Feroz Khan Noon,Hussain Shaheed Suharwardi,Sardar Abdul Rab Nishtar,C
5457,"Maulana Abul Kalam Azad was born on November 11, __________.",In 1888,In 1889,In 1890,In 1891,A
5458,The Rawalpindi Conspiracy was an attempted coup d'état against the government of:,Khawaja Nazim-ud-din,Liaquat Ali Khan,Ch. Muhammad Ali,Noor-ul-Amin,B
5459,The National Accountability Bureau (NAB) was founded in ___________.,In 1996,In 1997,In 1998,In 1999,D
5460,In which year did Alexander the Great invade India?,In 356 BC,In 326 BC,In 323 BC,In 330 BC,B
5461,Which team won PSL 2019 in Karachi?,Karachi Kings,Multan Sultans,Quetta Gladiators,None of these,C
5462,How much did agriculture account for the GDP of Pakistan in 1947?,35 percent,53 percent,60 percent,None of the Above,B
5463,Havaldar Lalak Jan Shaheed was awarded the Nishan-e-Haider for his acts of bravery and valour during the:,1965 War,1970 War,Kargil Operation,Operation Zarb-e-Azb,C
5464,The climate of Pakistan is mostly _____________.,Hot and dry,Hot and moist,Cold and dry,Cold and moist,A
5465,"The Sangathan Movement, meaning ""binding or holding together forcefully,"" was sponsored by whom?",Jawaharlal Nehru,Pandit Madan Mohan Malaviya,Bal Gangadhar Tilak,Annie Besant,B
5466,Which is the longest glacier in the Karakoram and the world's longest non-polar glacier?,Hispar Glacier,Siachen Glacier,Passu Glacier,Sokha Glacier,B
5467,The name of the first Pakistani aircraft is:,JF-17 Thunder,JF8 Thunder,JF9 Thunder,JF11 Thunder,A
5468,"In the interim government of 1946, the Ministry of Finance was placed under ____?",Liaquat Ali Khan,J.N. Mandal,Raja Ghazanfar Ali,None of these,A
5469,"Dr. Abdus Salam, 1st Nobel Prize recipient of Pakistan, got his Ph.D. degree from which university?",University of London,Howard University,Oxford University,University of Cambridge,D
5470,The first Muslim ruler of Kashmir was __________.,Hari Singh,Ghulab Singh,Shah Mir,Bul Bul Shah,C
5471,Allama Iqbal was born in _________.,In 1876,In 1878,In 1869,In 1877,D
5472,"The Legal Framework Order (LFO), which unilaterally amended the constitution, was issued by _____________.",Yahya Khan,Ayub Khan,Zia-ul-Haq,None of these,A
5473,The Pakistan National Alliance (PNA) was a nine-party alliance launched against _________.,Nawaz Sharif,Z. A. Bhutto,Asghar Khan,The Establishment,C
5474,"Dyarchy system, meaning dual system of Government, was introduced in:",1909,1919,1929,None of these,B
5475,Which Indian Muslim leader called the Quit India Movement was against Muslims:,Liaqat Ali Khan,Quaid-e-Azam,Raja Ghazantar,None of these,B
5476,What was the main task of the First Constituent Assembly of Pakistan?,To draft the Constitution and act as a Federal Legislature,To organize elections,To form the Interim Government,To negotiate with the British,A
5477,"In 1339, _____________ became the first Muslim ruler of Kashmir.",Shah Mir,Sadr-ud-Din,Gulab Singh,Hari Singh,A
5478,Dr. Abdul Qadeer Khan did his Ph.D. from the University of Leuven in ____________.,Germany,Holland,Belgium,Austria,C
5479,Which Article of the 1973 Constitution relates to the National Language of Pakistan?,Article 215,Article 251,Article 257,Article 12,B
5480,"Bahadur Shah Zafar, the last King of the fallen Mughal Empire, was sent to:",Chittagong,Junagadh,Rangoon,Bengal,C
5481,The Porali River is located in _____________.,Balochistan,Punjab,Sindh,Khyber Pakhtunkhwa,A
5482,In which city of Sindh is the famous 'Hathi Dar' (Elephant Gate) located?,Sukkur,Shikarpur,Kot Diji,Sehwan,B
5483,Who among the following was convicted in the Rawalpindi Conspiracy Case?,Habib Jalib,Agha Shorish Kashmiri,Faiz Ahmad Faiz,None of these,C
5484,In which city is the National School of Public Policy located?,Islamabad,Lahore,Peshawar,None of these,B
5485,Which one of the following is the largest division in Pakistan?,Bahawalpur Division,Malakand Division,Lahore Division,Kalat Division,D
5486,What is the total length of the Ravi River?,610 km,635 km,695 km,720 km,D
5487,The Siachen Glacier is situated in the ________.,Hindu Kush,Sulaiman,Pamir,Karakoram,D
5488,"In July 1951, Pakistan and France reached an agreement for:",To open their embassies,Economic Ties,Mutual Trade,None of these,A
5489,Who among the Mughal emperors is often called the 'Master Builder'?,Akbar,Shah Jahan,Aurangzeb,None,B
5490,The 'Anjuman-i-Islamia Punjab' was founded for the renaissance of Islam in the year _________.,In 1849,In 1859,In 1869,None of these,B
5491,When did Pakistan join the International Labour Organization (ILO)?,1948,1949,1947,1950,C
5492,On which date was Captain Karnal Sher Khan martyred at Kargil?,"On June 5, 1999","On July 5, 1999","On August 5, 1999","On October 5, 1999",B
5493,Which Mughal Emperor died in 1556 after falling from a staircase?,Shah Jahan,Humayun,Jalal-ud-Din Akbar,None of these,B
5494,Qawwali was introduced by which Sufi Silsila?,Qadria,Chishtiya,Suhrawardia,None of these,B
5495,The practice of Sati was abolished by:,Lord Dalhousie,Lord William Bentinck,Lord Canning,Lord Mayo,B
5496,When did the Hyderabad army surrender to Indian forces?,"On September 17, 1948","On September 18, 1948","On September 19, 1948","On September 20, 1948",A
5497,Who was the first Pakistani doctor who lost his life due to Covid-19 infection and was posthumously awarded the Nishan-e-Kashmir on 27 March 2020?,Muhammad Usama,Usama Riaz,Usman Riaz,Muhammad Usman,B
5498,Who wrote the national anthem of Pakistan?,Masroor Anwar,A.G. Chagla,Hafeez Jalandhari,None of these,C
5499,"The Central Statistical Office, a precursor to the Pakistan Bureau of Statistics, was founded on _________.","On July 14, 1950","On July 14, 1954","On July 14, 1956","On July 14, 1958",A
5500,"The main role in the drama ""Waris"" was acted by?",Abid Ali,Talal Siddiqui,Mansoor Alam,None of these,A
5501,Who was the Viceroy of India when the Lahore Resolution was passed?,Lord Zetland,Lord Linlithgow,Lord Wavell,Lord Willingdon,B
5502,In which century the British began to come to the Indian Subcontinent?,In the 15th century,In the 16th century,In the 17th century,None of these,C
5503,Titu Mir formed a sect known as:,Tariqah-i-Muhammadiya,Muslims,Maulvis,Maulanas,A
5504,Pakistan officially joined the United Nations (UN) on ____?,1949,1947,1946,None of these,B
5505,Anarkali is buried in:,Anarkali,Secretariat,The Upper Mall,None,B
5506,What was the main difficulty which delayed the early Constitution making in Pakistan?,Exact nature of the State,Lack of interest among members of the Constituent Assembly,The distribution of powers between Federal and Provincial Governments,Corrupt administration,A
5507,The Civil Disobedience Movement was started by:,Quaid-e-Azam Muhammad Ali Jinnah,Mahatma Gandhi,Jawaharlal Nehru,Agha Khan III,B
5508,What was the initial membership of the Muslim League?,100,250,400,500,C
5509,"Which regiment of the Pakistan Army has received the maximum number of ""Nishan-e- Haider""?",Baloch Regiment,Sind Regiment,Punjab Regiment,Frontier Force Regiment,C
5510,Nili Ravi is a breed of:,Camel,Goat,Buffalo,Sheep,C
5511,The First Mysore War was fought between:,The English and Tipu Sultan,The English and Haider Ali,The Portuguese and The Mughals,The Mughals and The Suris,B
5512,The Objectives Resolution was adopted by the Constituent Assembly on _____________.,"On March 11, 1949","On March 12, 1949","On March 13, 1949","On March 14, 1949",B
5513,K2 is located between which countries?,India-China,Pakistan-India,Pakistan-China,None of these,C
5514,The Gandhi-Irwin Pact was signed in ___________.,In 1930,In 1932,In 1935,In 1931,D
5515,"The drama ""Taleem-e-Balighan"" was written by:",Khawaja Moinuddin,Allama Iqbal,Mustansar Hussain Tarar,None of these,A
5516,Which city in Pakistan is known as the 'City of Gardens'?,Karachi,Lahore,Gilgit-Baltistan,Quetta,B
5517,Article 58(2)(b) of the 1973 Constitution pertained to the _________.,Power of the President to dismiss the Army Chief,Power of the President to dissolve Provincial Assemblies,Power of the President to dissolve the National Assembly,Power of the President to dissolve the Senate,C
5518,"The author of the book ""The Making of Modern Sindh"" is ____________.",Rasool Bux Palijo,Ibrahim Joyo,Hamida Khuhro,Amar Jalil,C
5519,The first Round Table Conference was held from:,From November 1930 to January 1931,From September 1931 to December 1931,From January 1930 to March 1930,From March 1931 to May 1931,A
5520,Which Mughal emperor built the Badshahi Mosque?,Akbar,Aurangzeb,Jahangir,None of these,B
5521,The US came to Pakistan after which major event?,9/11 Attack,Insurgency,India Issue,None of these,A
5522,"After 22 years of continuous struggle, Prime Minister Imran Khan was elected as ________ Prime Minister of Pakistan.",20th,21st,22nd,23rd,C
5523,Who was the founder of the Tughlaq Dynasty:,Firuz Shah Tughlaq,Muhammad-bin Tughlaq,Ghiyasuddin Balban,Ghiyasuddin Tughlaq,D
5524,Which architect designed the Quaid-e-Azam's tomb?,Yahya Merchant,Ahmed Saeed,Abdur Rab Nishtar,Ahmad Hasan Dani,A
5525,The rank of Deputy National Coordinator in NACTA is:,20,21,22,None of these,B
5526,Mehr-un-Nisa was later known as ________.,Nur Mahal,Nur Jahan,Both a and b,None of these,B
5527,The Basic Democracy System was introduced by:,Ayub Khan,Liaquat Ali Khan,Yahya Khan,Pervaiz Musharraf,A
5528,The third Martial Law ended in:,in 1983,in 1988,in 1985,None of these,C
5529,The name of the first combat aircraft jointly manufactured by Pakistan is _________.,JF-17 Thunder,JF-8 Thunder,JF-9 Thunder,JF-11 Thunder,A
5530,The Bala Hisar Fort is located in __________.,Peshawar,Swat,Mardan,Dir,A
5531,The Shahi Jirga was to decide in favor of India or Pakistan in_________.,NWFP,Sindh,Balochistan,None of these,C
5532,"Pakistan formally left SEATO in 1973, because the organization had failed to provide it with assistance in its ongoing conflict against which country?",China,India,Afghanistan,None of these,B
5533,The Nandipur Power Plant is located in ________.,Lahore,Sahiwal,Gujranwala,Bahawalpur,C
5534,What was the title of Allama Iqbal's PhD Thesis?,The Development of Metaphysics in Persia,Reconstruction of Religious Thought in Islam,Concept of Social Justice in Islam,None of these,A
5535,Which newspaper generally supported the Nehru Report?,Amrita Bazar Patrika',The 'Zamindar' newspaper,The 'Hari' newspaper,None,B
5536,Karez is a drainage system used in:,KPK,Balochistan,Sindh,Punjab,B
5537,The first general elections in Pakistan were held on __________.,"On March 12, 1970","On June 1, 1970","On Dec 7, 1970","On Aug 12, 1970",C
5538,Minto Park is now officially called __________.,Jinnah Park,Iqbal Park,Lawrence Park,Patriot Park,B
5539,The first session of the Muhammadan Educational Conference was held in Aligarh in ________.,In 1886,In 1887,In 1889,None of them,A
5540,The first coin of Pakistan was designed by:,Abdur Rahman Chughtai,Sadequain,Percy Brown (Brandley),A. R. Nagori,C
5541,Which of the following Mughal rulers banned engraving Kalma on coins?,Babar,Akbar,Homayoun,Aurangzeb,D
5542,The minimum and maximum number of members of the Council of Islamic Ideology (CII) are _______.,5 and 20,6 and 20,8 and 20,None of the Above,C
5543,Which country is located to the west of Pakistan?,Afghanistan,Iran,China,Both A and B,D
5544,Who applied for the LFO (Legal Framework Order) for the first time?,Pervez Musharraf,Zia-ul-Haq,Ayub Khan,Yahya Khan,D
5545,"After the demise of Quaid-i-Azam, who became the President of the Muslim League in 1948?",Liaquat Ali Khan,Chaudhry Khaliquzzaman,Sardar Abdur Rab Nishtar,Khawaja Nazimuddin,B
5546,How many princely states at the time of subcontinent partition decided to join Pakistan out of 565?,11,12,13,14,C
5547,Hayat-e-Javed was written by:,Allama Iqbal,Altaf Hussain Hali,Sir Syed Ahmad Khan,Muhammad Ali Jauhar,A
5548,The Swadeshi movement was launched to reverse the:,Annexation of Kashmir,Partition of Bengal,Shifting of the capital of India,Separation of Sindh from Bombay,B
5549,Narendra Modi is the ______ Prime Minister of India (excluding acting PMs).,13th,14th,15th,16th,B
5550,Who said Ahmad Sirhindi is the spiritual leader of Muslims?,Syed Ahmad Khan,Shah Wali Ullah,Allama Iqbal,None of these,C
5551,The star in the Pakistani flag represents ____________.,Promoting education,Light and knowledge,Both A & B,None of the Above,B
5552,Who abrogated the 1962 Constitution and became CMLA?,Gen. Tikka Khan,Gen. Ahsan Khan,Gen. Mansoor Khan,Gen. Yahya Khan,D
5553,"The deposits of copper, gold and silver have been discovered at:",Aghdar,Dadkhak,Dakhni,Saindak,D
5554,Wagah border is attached to which city of India?,Amritsar,Bangalore,Hyderabad,Surat,A
5555,Where is the biggest salt mine in Pakistan located?,Mangora,Jhelum,Swat,None of these,B
5556,The last census of Pakistan was held in:,2001,1999,1998,2023,D
5557,The annulment of the Partition of Bengal took place in:,1913,1912,1911,None of these,C
5558,How many years did Jahangir Khan remain unbeaten?,3 years,7 years,8 years,5 years,D
5559,Which is the longest canal in Pakistan?,Nara Canal,Thar Canal,Sadiqia Canal,K.B. Link Canal,A
5560,In 1917 Kheiri Brothers suggested a plan of partition of India in conference of the Socialist International held in:,London,Oslo,Stockholm,None of these,C
5561,The extinct volcanic peak of Koh-i-Sultan is in ________.,Turkmenistan,Turkey,Iran,Pakistan,D
5562,Pakistan's national anthem was first broadcasted on radio on:,on 13th August 1953,on 13th August 1954,on 14th August 1954,on 14th August 1953,B
5563,When did Fatima Jinnah join the All-India Muslim League?,In 1939,In 1927,In 1947,In 1949,A
5564,For which literary work did Rabindranath Tagore receive the Nobel Prize?,Gitanjali,Getan Jali,Ananda Math,Asar-us-Sanadeed,A
5565,By how many members was the Executive Council of the Governor-General enlarged under the Indian Councils Act of 1861? (it was four under the 1858 Indian Council's Act),Three,Four,Five,Six,C
5566,"Who presided over the session of the Constituent Assembly of Pakistan on August 11, 1947?",Quaid-e-Azam,Liaquat Ali Khan,Ch. Khaliq-uz-Zaman,Sir Agha Khan,A
5567,Who was the Viceroy of India during the 1935 earthquake in Shal-Kot?,Lord Linlithgow,Lord Willingdon,Lord Irwin,Lord Mountbatten,B
5568,"The President appoints a principal law officer, who must be qualified to be a judge of the Supreme Court. What is this person called?",Attorney General,Judicial Officer,Sessions Judge,Bailiff,A
5569,The Mazar-e-Quaid was completed in _______.,In 1973,In 1977,In 1980,In 1970,D
5570,The third-largest city in Pakistan is _________.,Faisalabad,Rawalpindi,Sialkot,Hyderabad,A
5571,Who headed the Cabinet Mission?,Sir Stafford Cripps,A.V. Alexander,Lord Pethick-Lawrence,Lord Wavell,C
5572,Who abrogated the 1956 Constitution?,Tikka Khan,Ayub Khan,Yahya Khan,Iskandar Mirza,D
5573,"According to past estimates, approximately how many people in the potential labor force were unemployed?",3.4 million,2.82 million,2.76 million,2.65 million,A
5574,After how many years of its establishment did PTI win the elections?,19,20,21,22,D
5575,Balochistan became a province on ______________.,"On July 1, 1970","On August 14, 1947","On August 14, 1973","On March 23, 1956",A
5576,When was the Simla Conference concluded without reaching an agreement?,"On June 14, 1945","On July 14, 1945","On August 14, 1945",None of these,B
5577,The Utility Stores Corporation of Pakistan was created by:,Ayub Khan,Zulfikar Ali Bhutto,Zia-ul-Haq,Nawaz Sharif,B
5578,When was the MAO School upgraded to college?,1875,"January 8, 1877",1878,1870,B
5579,Who was the last Mughal Emperor to have sat on the famous Peacock Throne?,Aurangzeb,Shah Alam II,Dara Shikoh,Muhammad Shah,D
5580,"On 23rd March 1940, the Lahore Resolution was moved by:",Abdullah Haroon,Nawab Ismail Khan,Maulvi Fazlul Haq,Maulana Zafar Ali Khan,C
5581,Buland Darwaza is associated with which mosque complex?,Shah Masjid,"Jamia Masjid, Delhi",Moti Masjid,None of these,D
5582,"In 1960, the Indus Basin Treaty between India and Pakistan was mediated by:",UN,World Bank,IMF,UN Security Council,B
5583,"The area of Islamabad, before its declaration as the capital of Pakistan, was known by the name of ______.",Suri Nagar,Raj Shahi,Gandhara,None of these,B
5584,Which powerful country reportedly offered naval support to the Pakistan Army before the surrender in Dhaka during the 1971 war?,United Kingdom,The United States,France,Russia,B
5585,The Governor of Punjab introduced the ordinance to slash the powers of the speaker on:,"on Jun 15, 22","on Jun 5, 22","on May 15, 22","on May 5, 22",A
5586,Mohenjo-daro means ________.,Civilized City,Beautiful Gardens,Mound of the Dead,Civilization,C
5587,When was the Water Apportionment Accord signed between the provinces of Pakistan?,In 1982,In 1991,In 1988,In 1998,B
5588,"Who wrote ""Asbab-i-Baghawat-i-Hind"" about the causes of the Indian Revolt?",Mirza Ghalib,Sir Syed Ahmad Khan,Maulana Maududi,Jawaharlal Nehru,B
5589,"On 25 December 2020, which legendary Urdu writer died of Covid-19 complications?",Rahat Indori,Sibte Arif,Shamsur Rahman Faruqi,None of these,C
5590,Who was the first Sultan of India to be officially recognized by the Caliph?,Qutbuddin Aibak,Alauddin Khilji,Muhammad bin Tughluq,Iltutmish,D
5591,How many Round Table Conferences were attended by Jinnah?,1,2,3,None,B
5592,Gulbadan Begum was Emperor Humayun's:,Wife,Sister,Concubine,Part of Humayun's court,B
5593,Who is the founder of the Mughal Empire?,Babur,Akbar,Jahangir,Aurangzeb,A
5594,"The Famous Book ""The Daughter of the East"" is written by:",K.K Aziz,Ayesha Jalal,Benazir Bhutto,G Alana,C
5595,Who ordered firing at Jallianwala Bagh?,Lord Chelmsford,General Dyer,Lord Montagu,Lord Minto,B
5596,In which year did Shah Jahan die while in confinement?,In 1658,In 1660,In 1666,In 1670,C
5597,Razmak is famous for_________.,Air Base,Naval Base,Cadet College,HQ of FC,C
5598,In which area is the President's authority largely ceremonial under the 1973 Constitution?,In executive branch,In law and enforcement,In supreme court,None of these,A
5599,The Lucknow Pact granted the right of separate electorates to the:,Hindus,Christians,Sikhs,Muslims,D
5600,The Tarbela Dam was constructed in __________.,In 1972,In 1976,In 1971,In 1975,B
5601,What is the national sweet of Pakistan?,Barfi,Gulab Jamun,Jalebi,None of these,C
5602,"The book ""The Emergence of Pakistan"" is written by:",Muhammad Ali Bogra,Ch. Muhammad Ali,Ayesha Jalal,K. K. Aziz,B
5603,Islamabad is located at the foothill of __________.,Karakoram Hills,Pamir Hills,Margalla Hills,Khirthar Range,C
5604,Where did a severe earthquake occur in 1935?,Karachi,Lahore,Shal-Kot (Quetta),Delhi,C
5605,When did Allama Iqbal write an essay on 'Islamic Culture'?,In 1911,In 1914,In 1912,In 1913,A
5606,The British destroyed the local industries after the 1857 War of Independence by:,Imposing heavy taxes,Closing small industries,Banning all types of imports,Expelling the skilled workers,A
5607,When was the second martial law imposed in Pakistan's history?,In 1969,In 1971,In 1977,In 1985,A
5608,Which is the youngest mountain range on Earth?,Hindu Kush,Karakoram,The Himalayas,The Alps,C
5609,The land lying between the river Ravi and river Chenab is called __________.,Bari Doab,Chaj Doab,Rachna Doab,Sindh Sagar Doab,C
5610,Azad Pattan Project will be constructed on which river?,Indus,Jhelum,Chenab,None of these,B
5611,"During his reign, Shah Jahan shifted the Mughal capital from Agra to which city?",Lahore,Fatehpur Sikri,Delhi,Thatta,C
5612,Who divided Bengal into East and West Bengal in July 1905?,Lord Curzon,Lord Minto,Lord Morley,None of these,A
5613,"Who were the first Chief Commissioner and Governor of Sindh in the British period, respectively?",John Jacob and Sir Charles Napier,Sir Charles Napier and Sir Richard Keith Pringle,Sir Louis Pelly and John Jacob,None of these,B
5614,Who was the first Sultan to visit the tomb of the Sufi saint Moinuddin Chishti at Ajmer?,Iltutmish,Muhammad bin Tughluq,Firuz Shah Tughluq,Alauddin Khalji,B
5615,Martial Law in Pakistan was imposed by Iskandar Mirza in:,1952,1956,1959,1958,D
5616,What is the height of the Mangla Dam?,140 m,150 m,147 m,100 m,C
5617,In which year did Muhammad Ghuri first enter India by defeating the rulers of Multan?,In 1173 AD,In 1191 AD,In 1175 AD,In 1186 AD,C
5618,Hanna Lake is located in which province of Pakistan?,Sindh,Balochistan,Punjab,None of these,B
5619,Zabur-e-Ajam' was written by ________.,Al-Farabi,Allama Iqbal,Tusi,Ghazzali,B
5620,In ____ the 8th Constitutional Amendment was adopted by the Parliament.,in Nov-85,in Dec-85,in Nov-84,in Sep-84,A
5621,The Nehru Report was produced by Motilal Nehru in ____.,1925,1928,1930,1932,B
5622,"""Hayat-e-Javed"" by Maulana Altaf Hussain Hali is:",An autobiography,A biography of Sir Syed Ahmad Khan,A brief account of the great Muslims in the field of literature,A guide for those who want to lead an ideal life,B
5623,Allama Iqbal gave his idea of a country for Indian Muslims in December 1930 at:,Allahabad,Lucknow,Abbottabad,Delhi,A
5624,Multan Metro Bus project funded by:,World Bank,IMF,Punjab Govt.,ADB,C
5625,What is the main part of the Objective Resolution of 1949?,Sovereignty belongs to Allah Almighty,Minorities shall be free to practice their religion,Fundamental rights of citizens shall be fully safeguarded,Pakistan shall be a federation,C
5626,When did the first general elections in Pakistan take place?,In 1967,In 1968,In 1969,In 1970,D
5627,Current Pakistan Ambassador to China? (updated Aug 23),Riaz Khokhar,Salman Bashir,Moin ul Haque,Masood Khan,C
5628,Which pass connects the district of Dir with the Kohistan district?,Dargai Pass,Badawi Pass,Kilik Pass,Tochi Pass,B
5629,CSS is abbreviation of:,Civil Society Services,Central Superior Services,Civil Sense Society,Corporate Superior Society,B
5630,Lyari war was introduced in which year in the sub-continent:,2008,2009,2010,2012,B
5631,Who was appointed the head of the Constitution Committee during the Bhutto era?,Mairaj Khalid,Abdul Hafeez Pirzada,Moeen Qureshi,S. M. Zafar,B
5632,How much area was irrigated by the system that included 23 perennial and 8 non- perennial canals at the time of partition?,25 million acres,23 million acres,21 million acres,18 million acres,B
5633,When were banks nationalized in Pakistan?,in 1974,in 1972,in 1975,in 1977,A
5634,Which Muslim leader left politics after the cancellation of the partition of Bengal?,Sir Agha Khan,Nawab Mohsin-ul-Mulak,Nawab Salimullah Khan,Syed Amir Ali,C
5635,Which act granted provincial autonomy in the subcontinent?,Montagu-Chelmsford Reforms,Government of India Act 1935,Minto-Morley reforms,None of these,B
5636,The PAF started inducting female pilots in __________.,In 2002,In 2003,In 2006,In 2009,C
5637,Chief Administrator means:,D.G. Zakat and Ushr,Secretary Zakat and Ushr,Both (A) & (B),None of the above,B
5638,The Durand Line is the border between Pakistan and ____.,Iran,China,Afghanistan,None of these,C
5639,The most urbanized province of Pakistan is ______.,KPK,Punjab,Balochistan,Sindh,D
5640,"Special military courts, established under the 21st Amendment to try militants, were set up for a period of __________.",1 year,2 years,3 years,4 years,B
5641,In which province of Pakistan is there no desert?,Khyber Pakhtunkhwa,Balochistan,Sindh,Punjab,A
5642,The Wakhan Corridor is under the control of _____________.,Russia,Afghanistan,China,India,B
5643,Who succeeded Ghulam Muhammad as the Governor-General of Pakistan?,Khawaja Nazimuddin,Ayub Khan,Iskander Mirza,Muhammad Ali Jinnah,C
5644,The Suri dynasty ruled India from 1540 AD to ________.,In 1550 AD,In 1555 AD,In 1558 AD,In 1560 AD,B
5645,Kashmir independence movement started in which year?,1930,1931,1947,1948,B
5646,When was the Second Round Table Conference held?,1930,1931,1932,1933,B
5647,"The journal ""Tahzibul Akhlaq"" was published in:",in 1862,in 1870,in 1875,in 1881,B
5648,"Who presented the Lahore Resolution on March 23, 1940?",Quaid-i-Azam,Maulvi Fazlul Haq (Sher-e-Bengal),Maulana Maududi,Ch. Khaleeq-uz-Zaman,B
5649,It was compulsory for a Mansabdar to hold at least ____ horsemen.,300-400,200-600,200-400,None of these,B
5650,"The name of the poet whose collection of poetry is called ""Shah Jo Risalo"" is ________.",Khushal Khan Khattak,Waris Shah,Makhdum Muhammad Hashim,Shah Abdul Latif Bhittai,D
5651,"According to the Indus Waters Treaty, the waters of the river Chenab, the River Jhelum, and the River Indus would be for the unrestricted use of __________.",India,Pakistan,India and Pakistan,Kashmir,B
5652,When did Aligarh College become a university?,1875,1877,1920,1936,C
5653,Ganga Plane was burnt by a Kashmiri mujahid at the airport of:,Karachi,Rawalpindi,Lahore,None of these,C
5654,Akbar's ruling period is as under:,1555-1605,1556-1606,1556-1605,None of these,C
5655,When did the President of Pakistan sign the constitutional amendment regarding the merger of FATA (Federally Administered Tribal Areas) with Khyber Pakhtunkhwa (KPK)?,2017,2018,2020,2021,B
5656,'Identify the most benefited sector of Pakistan because of GSP+ (duty-free access to the European Union)?,Sports goods,Leather products,Textile and garments,Surgical instruments,C
5657,How many total general elections were held in Pakistan?,10,11,15,None of these,B
5658,When was the 18th Amendment Bill passed by the National Assembly?,"On April 12, 2010","On March 12, 2010","On May 12, 2010","On April 8, 2010",D
5659,Harappa was the center of:,Indus Valley Civilization,Maya Civilization,Hunter Civilization,Silicon Valley Civilization,A
5660,Who took over the portfolio of Frontier States and Regions after Quaid-e-Azam?,Khawaja Nazimuddin,Malik Ghulam Muhammad,I.I. Chundrigar,Liaquat Ali Khan,D
5661,"Who drafted the Constitution of the Muslim League, known as ""The Green Book""?",Nawab Waqar-ul-Mulk,Maulana Muhammad Ali Jauhar,Allama Iqbal,Muhammad Ali Jinnah,B
5662,Mirani Dam is built on which river:,Dasht River,Porali River,Zhob River,None of these,A
5663,The Pakistani scientist who worked under Albert Einstein was:,Dr. Salimuzzaman Siddiqui,Muhammad Raziuddin Siddique,Dr. Munir Ahmad Khan,Dr. Abdus Salam,B
5664,The Objectives Resolution of 12 March 1949 was passed by the:,First Cabinet,Constituent Assembly,Second Constituent Assembly,None of the above,B
5665,Lord Mountbatten retired as:,Army Officer,Navy Officer,Air Force Officer,None of the above,B
5666,Who announced the Communal Award?,Lord Irwin,Winston Churchill,Ramsay MacDonald,Clement Attlee,C
5667,The first tea-processing plant in Pakistan was inaugurated in __________.,Mansehra,Swat,Ziarat,Malakand,A
5668,Which mountain range primarily separates Pakistan from Afghanistan?,Karakoram Range,Pamir Range,The Hindu Kush Range,Kirthar Range,C
5669,"What was the original name of Sikandar Lodhi, the second ruler of the Lodhi Dynasty?",Ibrahim Khan,Juna Khan,Ulugh Khan,Nizam Khan,D
5670,"In the Election of 1945-46 in Punjab, the Muslim League won how many seats?",65,75,85,95,B
5671,The total track length of railways in Pakistan is _________.,3241 km,4590 km,6534 km,7791 km,D
5672,Which of the following is the highest civil award of Pakistan?,Tamgh-e-Pakistan,Hilal-e-Pakistan,Nishan-e-Pakistan,Sitara-e-Shuja'at,C
5673,The Non-Cooperation Movement was launched by the Indian National Congress on:,on 5th September 1920,on 6th September 1921,on 7th September 1922,None of these,A
5674,The President of Pakistan is elected by:,National Assembly,Senate,Provincial Assemblies,All of these,D
5675,Who was 7th PM of Pakistan?,Mohammad Ali Bogra,Khawaja Nazimuddin,Feroz Khan Noon,None of these,C
5676,Quaid-i-Azam said in an interview on any hope of India and Pakistan coming to a peaceful settlement 'provided the Indian government shed the superiority complex and deal with Pakistan on an equal footing given to special correspondent from:,Germany,France,Switzerland,None of these,C
5677,The 18th amendment was passed in the reign of which government?,PPP,PMLN,PTI,None of these,A
5678,How many years Shah Jahan lived his life as a captive?,Seven,Eight,Nine,Ten,B
5679,When were the Hudood Ordinances promulgated by the President/CMLA?,In February 1979,In March 1979,In April 1979,In May 1979,A
5680,Matiari became a district in _______.,In 2002,In 2005,In 2007,In 2014,B
5681,"MQM boycotted the general elections and officially changed the name ""Muhajir"" to ""Muttahida"" in:",1993,1997,2002,None of these,B
5682,Who chaired the committee set up by the All-Parties Conference in 1928 to draft the report known as the Nehru Report?,Mahatma Gandhi,Jawaharlal Nehru,Quaid-i-Azam,Motilal Nehru,D
5683,"The draft of the constitution prepared by the ""Basic Principles Committee"" was presented in the Constituent Assembly in September _________ by Liaquat Ali Khan.",In 1948,In 1949,In 1950,In 1951,C
5684,The '''' was a gathering of 35 prominent Indian Muslim leaders led by the Aga Khan III at the Viceregal Lodge in Simla in October 1906.,Minto Conference,Delhi Convention,Simla Deputation,None of these,C
5685,Who is regarded as the father of local self-government in India?,Lord Dalhousie,Lord Wellesley,Lord Bentinck,Lord Ripon,D
5686,Regulation of the corporate sector and capital market in Pakistan is included in the mandate of:,Corporate and Capital Market Commission,Pakistan Corporations Association,Pakistan Corporate and Business Association,Securities and Exchange Commission of Pakistan,D
5687,How many tribal areas are there in Pakistan?,8,9,11,10,C
5688,Who was first Pakistani to conquer Mount Everest?,Nasir Shabir,Samir Shabir,Abdul Sattar Edhi,Rahmat Ali Shah,A
5689,Who was the early political mentor of Quaid-e-Azam?,Mahatma Gandhi,Gopal Krishna Gokhale,Sir Syed Ahmed Khan,Lord Minto,B
5690,What is the length of the Multan-Sukkur (M-5) Motorway?,275 km,392 km,95 km,65 km,B
5691,Which is the most widely used irrigation method in Pakistan?,Tube wells,Perennial Canals,Karez,Dams,B
5692,"How many seats are in the ""Balochistan Provincial Assembly""?",70,68,65,60,C
5693,How many Senators represent Islamabad?,2,3,4,5,C
5694,The most ancient civilization is:,Harrapa,Moenjodaro,Mehargarh,None of these,C
5695,Agartala Conspiracy was instigated by __________.,Faiz Ahmad Faiz,Sorish Kashmiri,Sheikh Mujeeb ur Rehman,None Of These,C
5696,The tenure of Zulfiqar Ali Bhutto as PM was:,1971-1977,1971-1973,1973-1977,None of these,C
5697,Quaid-e-Azam remained President of the AIML for a period of how many years?,10,25,34,40,C
5698,What is the height of the Takht-e-Sulaiman peak?,"3,200 m","3,500 m","3,487 m","3,310 m",C
5699,When was the first general election held in Pakistan?,1954,1962,1968,1970,D
5700,The 1973 Constitution provides which system for governing a country?,Parliamentary System,Presidential System,Power Rule System,None of these,A
5701,When was Urdu Declared National language of Pakistan?,in April 1954,in May 1958,in July 1955,in March 1960,A
5702,The Sehat Health Insurance Program started from which province of Pakistan?,KPK,Punjab,Sindh,None of these,A
5703,"Who Presented Lahore Resolution (Pakistan Resolution) on 23rd March, 1940?",Liaqat Ali Khan,Quaid-e-Azam,A. K. Fazlul Huq,Ch. Rehmat Ali,C
5704,"In February 1949, the Government of Pakistan formed a committee to prepare Pakistan's National Anthem. '''' people competed to write the National Anthem, out of which Hafeez Jalandhari''s lyrics were selected as the national anthem of Pakistan.",722,723,724,725,B
5705,The name of the city Nerun Kot was changed to Hyderabad in _________.,In 1765,In 1768,In 1775,None of these,B
5706,How many times did Mahmud of Ghazni invade India?,5,15,17,None of these,C
5707,Pakistan joined SCO as a full member in:,1999,1997,2016,2017,D
5708,The British fought Plassey war against:,Haider Ali,Tipu Sultan,Sirajuddaula,None of these,C
5709,Who was Abul Kalam Azad?,An Indian journalist and scholar,A Pakistani politician,A great economist,None of these,A
5710,The Aryans first settled in the _________ region of the subcontinent around 1500 BC.,Kashmir,NWFP,Punjab,Balochistan,C
5711,When was the referendum in NWFP held to choose joining Pakistan or India?,in June 1947,in September 1947,in July 1947,in August 1947,C
5712,____________ has been promoted to the rank of Lieutenant General and appointed as Surgeon General of the Pakistan Army.,Major General Zahid Hamid,Major General Nigar Johar,Major General Tariq Ghafoor,Major General Iftikhar Wyne,B
5713,The last ruling family of the Delhi Sultanate was:,Tughlaq,Mamluk,Khilji,None of these,D
5714,The book 'Pakistan: The Formative Phase' was written by __________.,K. K. Aziz,Khalid bin Sayeed,Aitzaz Ahsan,Syed Ameer Ali,B
5715,Mohandas Karamchand Gandhi renounced his formal membership of the Congress in:,1934,1940,1946,1947,A
5716,The most popular spot on Do Darya is __________.,Al Sajjad,Charcoal,Kababjees,Kolachi,D
5717,Kakul Military Academy is located in which city of Pakistan?,Lahore,Peshawar,Abbottabad,Faisalabad,C
5718,The Unionist Party was founded by:,Fazl-i-Hussain,Sikandar Hayat Khan,Khizar Hayat Tiwana,None of these,A
5719,Which is the highest peak of the Hindu Kush range?,Tirich Mir,K2,Nanga Parbat,Sakaser,A
5720,According to which article of the 1973 Constitution is the Federal Government composed of the Prime Minister and his cabinet?,Article 90,Article 85,Article 80,Article 75,A
5721,"""Astore"" is located in which area?",Punjab,Balochistan,Sindh,Gilgit Baltistan,D
5722,"Which document is known as the ""Magna Carta"" of Pakistan's Constitution?",The Objectives Resolution 1949,The Lahore Resolution 1940,The 1973 Constitution,The Indian Independence Act 1947,A
5723,Who was the founder of daily Nawa-i-Waqt:,Hameed Nizami,Majeed Nizami,Khalil Ur Rehman,Zia Shahid,A
5724,The first Urdu daily newspaper published after the creation of Pakistan was __________.,Mashriq',Imroze',Watan',Nawa-i-Waqt',B
5725,What is the (Area Wise) rank of Pakistan among the World's largest countries?,9th,34th,56th,68th,B
5726,When and where was Haji Shariatullah born?,"Faridpur, 1767","Faridpur, 1781","Sylhet, 1767","Sylhet, 1768",B
5727,GHQ stands for ________.,General Headquarters,General High Quarters,General High Quartermaster,None of them,A
5728,Wali Tangi Dam is located in:,Punjab,Sindh,KPK,Balochistan,D
5729,The length of the common border of Pakistan and Afghanistan is ________.,"2,252 km","2,282 km","2,350 km","2,430 km",D
5730,Muslim population percentage in Kashmir in 1947 was:,68 percent,88 percent,78 percent,65 percent,C
5731,Zulfikar Ali Bhutto served as the _________ Prime Minister of Pakistan from 1973 to 1977.,7th,8th,9th,10th,C
5732,The Parliament of Pakistan passed the Protection of Pakistan Act in:,2013,2012,2014,2015,C
5733,The silver coin tanka was introduced by:,Qutb-ud-din,Balban,Iltutmish,Bairam Khan,C
5734,The space agency of Pakistan is:,SUPARCO,JAXA,NAMA,None of these,A
5735,The political party launched by Air Marshal Asghar Khan was:,Pakistan Democratic Party,Tehreek-i-Insaf,Justice Party of Pakistan,Tehreek-e-Istaqlal,D
5736,K' in Pakistan stands for:,Kashmir,Kuffar,Kabul,Kamyab,A
5737,When did Pakistan issue its first coin?,on 1st July 1948,on 3rd January 1948,on 14th August 1948,on 3rd March 1948,B
5738,Defence Day on September 6 commemorates the war of __________.,in 1965,in 1966,in 1971,in 1998,A
5739,Ideology means the __________.,Science of Ideas,Art of Ideas,Both a and b,None of these,A
5740,The first general elections in Pakistan (1970) were held under the military government of President ___________.,Iskander Mirza,Yahya Khan,Ayub Khan,Zulfikar Ali Bhutto,B
5741,The real name of Ustad Bukhari (Sindhi-language poet) is __________.,Syed Muhammad Shah,Syed Hashim Shah,Syed Ahmed Shah,Syed Tariq Shah,C
5742,Iskander Mirza took charge of the office of President on ___________.,"On March 23, 1956","On March 23, 1948","On August 23, 1956","On January 23, 1990",A
5743,Which political party did not participate in the First Round Table Conference?,AIML,Congress,British Government,Hindu Mahasabha,B
5744,Who was the second Governor-General of Pakistan?,Sir Khawaja Nazimuddin,Ghulam Muhammad,Iskander Mirza,None of these,A
5745,How much was paid for the State of Jammu and Kashmir in the Treaty of Amritsar?,50 lac rupees,60 lac rupees,75 lac rupees Nanakshahi,100 lac rupees,C
5746,Who was the Commander-in-Chief of the Pakistan Army from 1951 to 1958?,Yahya Khan,Ayub Khan,Tikka Khan,Zia ul Haq,B
5747,Din-i-Ilahi was promoted by:,Babar,Humayun,Jahangir,Akbar,D
5748,What is the most significant historical distinction of Sultana Raziya?,Longest reign in Slave Dynasty,First and only Muslim lady to rule India,Conquered the most territory,Abolished the Chahalgani system,B
5749,Muhammad Zia-ul-Haq became the President of Pakistan. (Ordinal number),5th,6th,7th,8th,B
5750,Who is the only person to have served as both Governor-General and Prime Minister of Pakistan?,Ghulam Muhammad,Iskander Mirza,Liaquat Ali Khan,Khawaja Nazimuddin,D
5751,Which is the highest civilian award of Pakistan?,Nishan-e-Haider,Tamgha-e-Pakistan,Nishan-e-Pakistan,None of the above,C
5752,Midshipman rank of the Navy is equal to which rank of the Army?,Captain,2nd Lieutenant,Colonel,None of these,B
5753,The District Zakat and Ushr Committee was constituted under section:,12,13,14,16,D
5754,From Memory is the autobiography of:,Ch. Muhammad Ali,Sir Firoz Khan Noon,Muhammad Ali Bogra,Hussain Shaheed Suhrawardy,B
5755,"If the PM of Pakistan wants a bill to be passed, it is necessary to get the bill approved from the ________.",National Assembly of Pakistan,Senate of Pakistan,President of Pakistan,All of the above,D
5756,Nawab Waqar ul Malik became secretary of the Board of Trustees Aligarh in:,1906,1908,1907,None of these,C
5757,Which Article of the 1973 Constitution relates to the National Language of Pakistan?,Article 215,Article 251,Article 257,Article 12,B
5758,Which pact gave the right of separate electorate to Muslims:,Minto-Morley Pact,Simon Commission,Lucknow Pact,None of these,C
5759,"At the time of independence, which community was in the majority in the state of Jammu and Kashmir?",Muslim,Hindu,Sikh,Christian,A
5760,By whom was Quaid-e-Azam titled the 'Ambassador of Hindu-Muslim Unity'?,Muhammad Shafi,Sarojini Naidu,Abul Kalam Azad,Allama Iqbal,B
5761,The founder of Jamat-e-Islami is:,Yasir Arafat,Maulana Muhammad Ilyas,Abul Aala Maududi,None of these,C
5762,Quaid-e-Azam died on which date?,on 12th September 1948,on 16th October 1951,on 11th September 1948,on 14th August 1948,C
5763,Which team was the runner-up in Pakistan Super League 2018?,Quetta Gladiators,Karachi Kings,Peshawar Zalmi,Islamabad United,C
5764,The second Governor-General of Pakistan was?,Khawaja Nazimuddin,Malik Ghulam Muhammad,Iskander Mirza,None of these,A
5765,What was Sher Shah's real name?,Sher Khan,Farid Khan,Islam Shah,Hasan Khan,B
5766,Who was the first Muslim Governor of Khyber Pakhtunkhwa after the independence of Pakistan?,Sahibzada Muhammad Khurshid,Sahibzada Abdul Qayyum Khan,Arbab Sikandar Khan Khalil,None of them,A
5767,The dark green field in the flag of Pakistan represents ____.,Minorities,Muslim Majority,Both Muslims and Minorities,None of these,B
5768,When was HBFC set up in Pakistan?,in November 1954,in November 1952,in November 1957,in November 1950,B
5769,Head Sulemanki is on which of the following rivers?,River Ravi,River Jhelum,River Sutlej,River Chenab,C
5770,Who wrote the book 'If I Am Assassinated'?,Benazir Bhutto,Zulfiqar Ali Bhutto,Nelson Mandela,Vladimir Lenin,B
5771,When was the Partition of Bengal announced?,16-Oct-05,12-Dec-11,2466,16885,A
5772,"The 'Basic Democracies' system, a multi-tiered system of local government, was introduced by which leader?",Iskander Mirza,Zulfikar Ali Bhutto,Ayub Khan,Yahya Khan,C
5773,The foundation stone of Quaid-e-Azam Muhammad Ali Jinnah's Mausoleum was laid by:,Sikandar Mirza,Yahya Khan,Ayub Khan,Zia-ul-Haq,C
5774,The Faraizi Movement was primarily a religious movement. What change did Dudu Miyan bring to it?,Transformed it into a movement of active resistance against landlords,Transformed it into a purely political movement,Transformed it into a cultural movement,None of these,A
5775,"The ""All-India Muslim League"" observed the 'Day of Deliverance' after the resignation of the All-India Congress ministers. On what date was it observed?","On October 22, 1938","On December 22, 1938","On October 22, 1939","On December 22, 1939",D
5776,Indian spy Kulbhushan Jadhav was arrested in:,Tharparkar,Khairpur,Washuk,Mashkel,D
5777,The minimum age to cast a vote in Pakistan is:,15 years,18 years,21 years,25 years,B
5778,Which saint is also known as the 'Great Traveler' (Jahanian Jahangasht)?,Rukn-e-Alam,Jalaluddin Bukhari,Makhdoom Jahanian,Data Ganj Bakhsh,C
5779,Which provincial Chief Minister was dismissed by Governor-General Ghulam Muhammad on the issue of the One Unit scheme?,Chief Minister of NWFP,Chief Minister of Sindh,Chief Minister of Punjab,Chief Minister of Balochistan,B
5780,Which country will host the Asia Cup 2020 as announced by ACC (Asian Cricket Council)?,India,Bangladesh,Pakistan,Sri Lanka,C
5781,How many seats were allocated to the Muslim League in the Viceroy's Executive Council under the 1946 interim government plan?,5,9,11,None of these,A
5782,Hazara community is residing in which country:,Iran,Afghanistan,Pakistan,All of these,D
5783,Which of following agencies regulate media?,NEPRA,PEMRA,PMRA,None of above,B
5784,When was Martial Law imposed in Lahore?,in 1951,in 1952,in 1953,in 1954,C
5785,Article ________ of the Constitution deals with the National Economic Council.,156,157,158,159,A
5786,The China-Pakistan Economic Corridor (CPEC) connects the Pakistani port of Gwadar to the Chinese city of:,Kashgar,Urumqi,Shanghai,Guangzhou,A
5787,Last Mughal emperor was ___________.,Babar,Shah Jahan,Bahadur Shah II,Jahangir,C
5788,How many senators are directly elected from each province of Pakistan?,24,25,23,22,C
5789,Ormara Port is located in which province:,Punjab,Sindh,KPK,Balochistan,D
5790,Who was the last Viceroy of India:,Lord Mountbatten,Lord Irwin,Lord Clive,Lord Harding,A
5791,The Pakistan Resolution was seconded by:,Chaudhry Khaliquzzaman,Liaquat Ali Khan,Maulana Zafar Ali Khan,Sardar Abdur Rab Nishtar,A
5792,PARCO established a pipeline from Karachi to North in 2002.Name the pipeline:,Refined Oil Project,Black Oil Project,White Oil Project,None of these,C
5793,'The Quaid-e-Azam''s Mausoleum is an impressive landmark of:,Lahore,Multan,Kasur,Karachi,D
5794,"Before his conflict with Humayun, Sher Shah Suri was the ________ of Bihar.",Governor,Deputy Governor,Prime Minister,None of these,B
5795,The Central National Muhammadan Association was founded by:,Syed Ameer Ali,Allama Shibli Noumani,Ch. Rehmat Ali,Allama Iqbal,A
5796,Sindh was annexed by the British on __________.,"On February 12, 1846","On February 17, 1843","On February 7, 1844","On February 19, 1845",B
5797,Who founded the Tablighi Jama'at in 1926?,Maulana Abul Kalam Azad,Maulana Muhammad Ilyas,Muhammad Ali Jinnah,Allama Iqbal,B
5798,Who was the emperor from 1658 to 1707?,Aurangzeb,Shah Jahan,Humayun,Akbar,A
5799,Stanley Wolpert is popular due to his biography on:,Sir Winston Churchill,Muhammad Ali Jinnah,John F. Kennedy,Benazir Bhutto,B
5800,In which city was the Indus Waters Treaty signed by the Prime Minister of India and the President of Pakistan?,Karachi,Lahore,Delhi,Kolkata,A
5801,Which college did Benazir Bhutto attend?,St. Albert's College,Hasnat College for Women,Radcliffe College,St. Agnes College,C
5802,Kalam and Behrain are important tourist points of ________.,Chitral Valley,Hunza Valley,Kalam Valley,Swat Valley,D
5803,"The first cabinet of Pakistan consisted of ________ members, including the Prime Minister.",7,8,9,10,A
5804,Shah Wali Allah made a pilgrimage to Makkah in:,1730,1732,1734,1736,B
5805,The first intention of British people was to __________.,Conquer India,Make government in Subcontinent,Explore trade opportunities,Defeat Mughal Empire,C
5806,Who was the first president of the Indian National Congress?,A. O. Hume,W. C. Bonnerjee,Jawaharlal Nehru,None of these,B
5807,"In the Bogra Formula, _________ seats of the Lower House were to be allocated to the provinces based on proportionate representation.",200,300,400,500,B
5808,In what condition was Jinnah in 1931 after the Round Table Conferences?,Joined Congress,Went on self-exile,Became AIML president,Arrested by the British,B
5809,G.T. Road was constructed by:,Jahangir,Aurangzeb,Akbar,Sher Shah Suri,D
5810,Which of the following was an objective of the Muslim League at the time of its creation?,To demand an independent state for Muslims,To protect the political and other rights of the Muslims,To launch a non-cooperation movement against the British,To merge with the Indian National Congress,B
5811,Which organization did Pakistan join in 1974?,OIC,SAARC,NAM,PTBT,A
5812,How many Muslim seats were secured by the All-India Muslim League in the 1945-46 election of provincial assemblies?,396,425,441,None of these,C
5813,Where is the Chaukhandi graveyard located?,Nawabshah,Karachi,Dadu,Jamshoro,B
5814,In pursuance of the objectives outlined by ________ the Punjab Police reorganized its Counter Terrorism Department (CTD).,NAP,Ministry of Interior,FATF,UNSC,A
5815,Sadiq Garh Palace is in _________.,Khairpur,Shaikhupura,Bahawalpur,Mirpur,C
5816,Badshahi Mosque is the _____ largest mosque in the world.,5th,7th,9th,20th,B
5817,Where is the tomb of Sultan Sikandar Lodhi located?,"Mehrauli, Delhi","Tughluqabad, Delhi","Anarkali, Lahore","Lodhi Garden, Delhi",D
5818,How many members did the initial UN commission for India & Pakistan have when it visited in July 1948?,3,4,5,6,A
5819,Urdu is an amalgamation of ________.,English and Persian,Persian and Turkish,Sanskrit and Persian,"Arabic, Persian, Turkish & Hindi",D
5820,Who is considered the first poet of the Pashto language?,Khushal Khan Khattak,Amir Kror Suri,Rahman Baba,None of these,B
5821,From where did Gandhi return to India in 1915?,London,South Africa,USA,Egypt,B
5822,"A famous book, ""Neither a Hawk nor a Dove,"" is written by a Pakistani politician. What is his name?",K.K. Aziz,Dr. Maliha Lodhi,Gohar Ayub,Khurshid Qasuri,D
5823,Who was the Prime Minister of Pakistan on 12th September 1956:,Hussain Shaheed Suharwardy,Ch. Muhammad Ali,Muhammad Ali Bogra,Feroz Khan Noon,A
5824,The Tashkent Declaration between Pakistan and India was signed on _________.,"On January 1, 1966","On January 10, 1966","On January 20, 1966","On February 1, 1966",B
5825,Six-Party Talk was to find a peaceful resolution to the security concerns against ____.,Iran Nuclear Weapons Program,South Korean Nuclear Weapons Program,North Korean Nuclear Weapons Program,None of these,C
5826,"Identify the author of the famous book ""The Emergence of Pakistan"":",Ishtiaq Hussain Qureshi,Jamil-ud-Din Ahmad,Ch. Muhammad Ali,S.M. Burke,C
5827,Who abolished the Khilafat in Turkey?,The British Government,The Sultan of Turkey,Mustafa Kemal Atatürk,The League of Nations,C
5828,Pakistan's first cricket Test match was played in _________.,England,India,Australia,Sri Lanka,B
5829,The __________ Motorway connects Hyderabad and Karachi in Sindh.,M-1 Motorway,M-4 Motorway,M-5 Motorway,M-9 Motorway,D
5830,"The book ""Friends not Masters"" was written by ____________.",Sir Syed Ahmed Khan,Liaquat Ali Khan,Zulfiqar Ali Bhutto,General Ayub Khan,D
5831,Majlis-e-Shura was established in:,1977,1981,1985,1991,B
5832,The Sultan credited with introducing the canal irrigation system in India was ____?,Muhammad bin Tughluq,Ghiyasuddin Tughluq,Firuz Shah Tughluq,Alauddin Khalji,C
5833,When was the historic Quaid-i-Azam Ziarat Residency destroyed in an arson attack by militants?,"On June 15, 2013","On June 15, 2014","On June 15, 2015","On June 15, 2016",A
5834,______ has decided to register Himalayan pink salt as Geographical Indications (GI) to prevent its unauthorized use by other countries.,India,Pakistan,China,Iran,B
5835,Pakistan's ideology is based on the ideals of:,Democracy,Theocracy,Islam,None of these,C
5836,Who was the first Muslim to serve as a High Court judge in British India?,Syed Mahmood,Badruddin Tyabji,Syed Ameer Ali,Sir Syed Ahmed Khan,A
5837,Who was the last Viceroy of India?,Lord Linlithgow,Lord Willingdon,Lord Mountbatten,Lord Wavell,C
5838,The Rowlatt Act was passed in:,1915,1916,1917,None of these,D
5839,Name the elected lady or ladies of the first Women's Sub-committee from Bengal.,Shaista Suhrawardy,Miss Isfahani,Both of them,None of them,C
5840,The Sindh Sagar Doab lies between which two rivers?,Chenab & Jhelum,Indus & Jhelum,Sindh & Chenab,Sindh & Ravi,B
5841,"Guru Nanak, the founder of the Sikh sect, was born in 1469 in which town?",Kartarpur,Talwandi,Agra,Lahore,B
5842,"In 1966, Sheikh Mujibur Rahman, leader of the ""Awami League"", made public his controversial ______ point formula.",4,5,6,7,C
5843,1973 Constitution was made in the government of:,Muhammad Khan Junejo,Ayub Khan,Zulfiqar Ali Bhutto,Yahya Khan,C
5844,The largest freshwater lake in Jammu & Kashmir is _________.,Dal Lake,Nagin Lake,Wular Lake,None of the above,C
5845,The second-highest civil award of Pakistan is the __________.,Nishan-e-Pakistan,Hilal-i-Imtiaz,Sitara-e-Basalat,None of these,B
5846,When did Quaid-e-Azam join the All India Muslim League?,1912,1916,1919,None of these,D
5847,Who became the 10th President of Pakistan on 20 June 2001?,Shaukat Aziz,Pervez Musharraf,Rafiq Tarar,Asif Ali Zardari,B
5848,In which province(s) did the movement to replace Urdu with Hindi as the court language begin in 1867?,Bengal Province,North-Western Provinces,Central Provinces,None of these,B
5849,Altit Fort is situated in ___________.,Hunza,Peshawar,D.I. Khan,Thatta,A
5850,Warsak Dam is situated on river ______?,Indus,Swat,Kabul,Chenab,C
5851,The old name of Jacobabad was __________.,Khanpur,Khan Abad,Khangarh,None of Above,C
5852,What kind of system of Government was introduced in the 1973 constitution?,Presidential,Parliamentary,Monarchy,One-party state,B
5853,The second highest peak in the world is?,K2,Nanga Parbat,Gasherbrum II,None of these,A
5854,Who is the current chairman of NCOC?,Shafqat Mahmood,Asad Umar,Sheikh Rasheed,None of these,B
5855,"Bahadur Shah Zafar, the last Mughal emperor, ascended the throne of Delhi in ________.",In 1835 AD,In 1837 AD,In 1839 AD,In 1840 AD,B
5856,Which of the following is a feature of Pakistan's environment?,Climate,Soil,Vegetation,All of the above,D
5857,"The ""Pakistan Steel Mills"" is located in _________.",Lahore,Gwadar,Karachi,None of them,C
5858,Who was the Foreign Minister in the Interim Government of British India formed before the partition?,Liaquat Ali Khan,Sardar Patel,Jawaharlal Nehru,Muhammad Ali Jinnah,C
5859,"Tipu Sultan, known as the Tiger of Mysore, was martyred during which war?",3rd Anglo-Mysore War,4th Anglo-Mysore War,First Anglo-Maratha War,Rohilla War,B
5860,When did Shah Waliullah die?,In 1761,In 1762,In 1763,In 1764,B
5861,Which Mughal emperor is buried in Lahore?,Akbar,Shah Jahan,Aurangzeb,None of these,D
5862,The 'Treaty of Friendship' was signed in 1951 between Pakistan and which country?,Afghanistan,Pakistan and Saudi Arabia,Pakistan and Iran,Pakistan and China,B
5863,The author of 'In the Line of Fire' is:,Muhammad Ayub Khan,Muhammad Yahya Khan,Pervez Musharraf,Muhammad Zia Ul Haq,C
5864,Tale of monsoon comes in our country from which region?,Central Asia,China,Afghanistan,India,D
5865,Montgomery became Sahiwal in which year?,1962,1966,1967,None of these,C
5866,The only Vice President in Pakistan's history was ____________.,Nur-ul-Amin,Iskander Mirza,Rana Liaquat Ali Khan,None of these,A
5867,When did Quaid-e-Azam formally join the All-India Muslim League?,In 1912,In 1913,In 1914,In 1915,B
5868,The tomb of Sheikh Sadan Shaheed is in __________.,Bahawalpur,Multan,Muzaffargarh,Lahore,C
5869,Pakistan won the ICC T-20 World Cup in 2009. Who was the captain?,Shoaib Malik,Younis Khan,Misbah-ul-Haq,None of these,B
5870,"About the end of the 2nd century BC, some unusual upheavals in Central Asia let loose a series of invasions into the subcontinent. The first invasion was by the _________.",The Kushans,The Sakas,The Bactrian Greeks,The Parthians,C
5871,Pakistan recognized China in which year?,in 1948,in 1949,in 1950,in 1951,C
5872,Bahadur Shah Zafar was buried in:,Delhi,Cambridge,Rangoon,Hyderabad,C
5873,"During the War of Independence of 1857, Sir Syed Ahmed Khan was working as a chief judicial officer in _________.",Bijnor,Meerut,Ghaziabad,None of these,A
5874,Faisalabad is famous for ____.,Textile,Poly Fiber,Cotton Fiber,Paper,A
5875,On which date was Sheikh Ahmed Sirhindi born?,"On June 26, 1564","On June 29, 1553","On June 27, 1548","On June 24, 1569",A
5876,The Urdu-Hindi Controversy started in:,1887,1867,1877,None of these,B
5877,"North Korea, East Germany, and Cambodia were recognized during the reign of which Prime Minister?",Zulfiqar Ali Bhutto,Isadat Ali Khan,Shaukat Aziz,Benazir Bhutto,A
5878,The inaugural address of the Muslim League was delivered by:,Sir Agha Khan,Nawab Salimullah Khan,Nawab Waqar ul Mulk,Maulana Muhammad Ali Jauhar,C
5879,"After independence, the first industrial unit inaugurated by Quaid-e-Azam was __________.",Karachi Steel Mill,Karachi Nuclear Power Plant,Valika Textile Mills,None,C
5880,Who elects the President according to the 1973 Constitution?,National Assembly,Senate,Provincial Assemblies,All of them,D
5881,Which is the shortest river in Pakistan?,Ravi,Jhelum,Chenab,Sutlej,A
5882,"On which date was the ""Zarb-e-Azb"" operation launched?","On June 19, 2018","On June 20, 2015","On June 22, 2012","On June 15, 2014",D
5883,"Name the code name for the US Seals operation in Abbottabad, in which Osama bin Laden was killed:",Geronimo,Lionheart,Enduring Freedom,Neptune Spear,D
5884,Lahore Resolution of 23rd March 1940 was seconded from Sindh Province by __________.,Begum Maulana Muhammad Ali Jauhar,Chaudhry Khaliq-uz-Zaman,Sardar Abdullah Haroon,Nawab Muhammad Ismail,C
5885,The Fourth Mysore War was fought in:,1799,1789,1800,1803,A
5886,Aleem Dar broke whose record of most Test matches as an umpire?,Billy Bowden,Steve Bucknor,Kumar Dharmasena,None of these,B
5887,Dars-i-Nizami was named after:,Nizamuddin Auliya,Nizamul Mulk,Mullah Nizamuddin,None of these,C
5888,Who was the first Chief Minister of Sindh?,Ghulam Hussain Hidayatullah,Ayub Khuhro,Pir Ilahi Bux,Kazi Fazlullah,B
5889,"According to the Indus Waters Treaty, Pakistan obtained exclusive rights for the three western rivers which included:","Indus, Jhelum and Chenab","Ravi, Beas and Sutlej","Indus, Ravi and Chenab","Jhelum, Indus and Sutlej",A
5890,The foundation stone of the Harmandir Sahib (Golden Temple) was laid in 1588 by which revered Sufi saint?,Qutbuddin Bakhtiar Kaki,Khwaja Baqi Billah,Hazrat Mian Mir,Data Ganj Bakhsh,C
5891,"Mahmud, son of Sabuktigin, ascended the throne in which year?",In 977 AD,In 998 AD,In 997 AD,In 1000 AD,B
5892,Arya Samaj was founded in 1875 by:,Raja Ram Mohan Roy,Dayananda Sarasvati,Swami Vivekananda,Ishwar Chandra Vidyasagar,B
5893,Who administered the oath to Quaid-e-Azam Muhammad Ali Jinnah as the first Governor-General of Pakistan?,Mian Abdur Rashid,Liaquat Ali Khan,Muhammad Munir,Muhammad Shahabuddin,A
5894,"Who was the first Non-Muslim to have won the coveted Sword of Honour at the Pakistan Military Academy, Kakul?",Brian Hormasji,Major General Julian Peter,Major General Kaizad Sopariwala,None of these,A
5895,On which date did the second Constitution of Pakistan come into force?,on 23rd March 1963,on 8th June 1962,on 1st July 1963,on 14th August 1962,B
5896,Agartala conspiracy case was between state and:,Sheikh Mujibur Rahman,Ayub Khan,Zulfiqar Ali Bhutto,None of these,A
5897,A Hijrat Committee was formed at _________ in the Hijrat Movement 1920 to facilitate migrants.,Lahore,Kabul,Peshawar,Bengal,C
5898,Which powerful country reportedly offered naval support to the Pakistan Army before the surrender in Dhaka during the 1971 war?,United Kingdom,The United States,France,Russia,B
5899,Islam was declared as the state religion of Pakistan in the Constitution of:,1973,1956,1962,None of these,A
5900,Abdul Qadeer Khan Nuclear Research laboratories were set up in Kahuta in:,1975,1976,1977,1978,B
5901,The head of the military department under the recognized central machinery of administration during Akbar's reign was _________.,Abul Fazl,Malik Muhammad Jayasi,Raskhan,Mir Bakhshi,D
5902,The Hindi-Urdu controversy began in which year?,In 1867,In 1868,In 1869,In 1870,A
5903,The Soan Valley is the site of an ancient civilization and is situated in:,Balochistan Plateau,Pothohar Plateau,Azad Kashmir,Northern Areas,B
5904,Where was Operation Zarb-e-Azb launched?,Waziristan,Gwadar,Gilgit,Hyderabad,A
5905,Which conference held from 27th November 1947 to 1st December 1947 in Pakistan:,Commerce,Trade,Education,Textile,C
5906,"Who was the first minister of food, agriculture, and health in Pakistan?",Fazlur Rahman,Raja Ghazanfar Ali Khan,Sardar Abdur Rab Nishtar,Jogendra Nath Mandal,B
5907,The last Mughal Emperor was:,Shah Jahan,Humayun,Bahadur Shah,Jahangir,C
5908,"Where did the C-130 plane carrying President Zia-ul-Haq crash on August 17, 1988?",Near Bahawalpur,Near Lahore,Near Islamabad,Near Multan,A
5909,Who presented the Lahore Resolution (Pakistan Resolution)?,Muhammad Ali Jinnah,Liaquat Ali Khan,A.K. Fazlul-Haq,Huseyn Shaheed Suhrawardy,C
5910,On which date did President Iskander Mirza stage a coup d'état?,"On October 4, 1958","On October 5, 1958","On October 6, 1958","On October 7, 1958",D
5911,Number of members in first Cabinet of Pakistan,5,6,7,8,C
5912,When did Pakistan first participate in the Olympic Games?,1944,1952,1948,1956,C
5913,Who formally discontinued the practice of 'Din-i-Ilahi'?,Emperor Shah Jahan,Emperor Aurangzeb,Emperor Jahangir,Emperor Akbar,B
5914,"Syed Ali bin Usman Hajveri, popularly known as Data Ganj Bakhsh, came to Lahore in which Hijri year?",In 431 A.H.,In 421 A.H.,In 441 A.H.,In 411 A.H.,A
5915,Who chaired the Asia Pacific Group of UNESCO for the year 2020 from Pakistan?,Abdul Basit,Moin-ul-Huq,Maleeha Lodhi,Munir Akram,B
5916,Which British envoy spent considerable time at the court of Emperor Jahangir?,Sir Thomas Roe,Lord Mountbatten,Lord Wavell,None of these,A
5917,When was King Edward Medical University (the oldest university in Pakistan) established?,In 1852,In 1856,In 1860,In 1884,C
5918,The famous Moti Masjid built in 1635 is located in:,Lahore,Multan,Thatta,Bhera,A
5919,"In the year 1719, how many different Mughal kings sat on the throne in Delhi?",4,3,2,1,A
5920,"According to the 6th Population Census (2017), what is the total population of Balochistan?",11.31 million,12.00 million,12.34 million,12.97 million,C
5921,Working boundary is a boundary between ____________.,Indian held Kashmir & Azad Kashmir,India & Pakistan,Indian held Kashmir & Pakistan,Azad Kashmir & Pakistan,C
5922,"During the Zia era, who had the authority to ban a political party?",The Election Commission,The President,The Governor,None of these,B
5923,"Who set up the ""chain of justice"" to redress the grievances of oppressed people?",Zaheer-ud-din Babar,Shahab-ud-din Shahjahan,Aurangzeb Alamgir,Jahangir,D
5924,Which navy ship was in action during the wars of 1965 and 1971?,PNS Ghazi,PNS Zulfiqar,PNS Nasr,PNS Hangor,A
5925,A national census is ideally held every __________.,Ten years,Fifteen years,Twenty years,Twenty-five years,A
5926,In which year Muhammad Bin Qasim invaded Sindh?,712,714,716,718,A
5927,The Central Government should deal with only two subjects according to the six points of Sheikh Mujibur Rahman. These are:,Defence and Foreign Affairs,Economic and Foreign Affairs,Food security and Foreign Affairs,None of these,A
5928,Pakistan's first official map was drawn by __________.,Professor M. Anwar,Mian Mahmood Alam Suhrawardy,Ch. Rahmat Ali,Abdul Hafeez Jalandhri,B
5929,The first opposition party of Pakistan was:,Awami League,Jinnah Awami League,Muslim League,National Congress,A
5930,The former FATA comprised ___________ agencies.,5 Agencies,7 Agencies,8 Agencies,6 Agencies,B
5931,Who was the President of the Khilafat Committee formed in 1919?,Seth Jan Muhammad Chottani,Sardar Aurangzeb,Nawab Viqar-ul-Mulk,Maulana Muhammad Ali Johar,A
5932,Dasu Dam is in __________.,Sindh,Punjab,Balochistan,KPK,D
5933,Who was the first Governor General of Pakistan?,Quaid-e-Azam,Iskandar Mirza,Malik Ghulam Muhammad,None of these,A
5934,Sadequain is famous for ________.,Painting,Calligraphy,Music,Both Painting & Calligraphy,B
5935,Bicameral system of legislature was introduced in Pakistan under the ____ Constitution.,Legal Framework (LFO),1956,1962,1973,D
5936,The Court of Arbitration delivered its Final Award that allowed India to make the Kishanganga Hydroelectric project in:,in July 2013,in September 2013,in December 2013,in January 2014,C
5937,The largest earth-filled dam of the world is?,Tarbela,Warsak,Mangla,None of these,A
5938,Jahangir Khan was a famous player of?,Cricket,Squash,Hockey,Table Tennis,B
5939,Who was the first Chief Election Commissioner of Pakistan?,F. M. Khan,Sardar Muhammad Raza Khan,Sharif Ullah,Pir Maqbool Ahmad,A
5940,The Durand Line was demarcated in:,in 1883,in 1893,in 1903,in 1913,B
5941,The Roosevelt Hotel of PIA is located in:,Karachi,New York,London,Washington D.C.,B
5942,The Constitution of Pakistan 1973 consists of how many Articles?,275,278,280,285,C
5943,When was the Banaras Institute established?,In 1860,In 1861,In 1862,In 1863,B
5944,Who was the first Indian woman president of the Congress?,Annie Besant,Fatima Jinnah,Sarojini Naidu,Amjadi Bano Begum,C
5945,The highest Point of Hindu Kush Range is:,K-2,Tirich Mir,Nanga Parbat,None of these,B
5946,How many physical divisions of Pakistan are there?,4,6,7,None of these,B
5947,Deen Ilahi was established by Akbar in __________.,In 1580,In 1581,In 1582,In 1583,C
5948,Shakir Shuja Abadi is a:,Punjabi poet,Saraiki poet,Pashto poet,None of these,B
5949,What is the share of Sindh in the total population of Pakistan?,25 percent,22 percent,23 percent,28 percent,C
5950,Which Mughal emperor is often called the 'Master Builder'?,Akbar,Shah Jahan,Aurangzeb,None,B
5951,"In Pakistan, General Elections are held after every ______ years.",4,5,6,7,B
5952,When did Sir Syed Ahmad Khan die?,on 27 March 1897,on 27 March 1898,on 27 June 1898,None of these,B
5953,Where is the Cunningham Clocktower situated?,Kohistan,Peshawar,Hangu,Mansehra,B
5954,"""Sajji"" is a dish originating from which province of Pakistan:",Sindh,KPK,Balochistan,Punjab,C
5955,Pakistan conducted a successful launch of the Ghauri missile system on October 8 in:,2017,2018,2019,None of these,B
5956,The Indus Water Treaty was signed in?,1960,1963,1964,1965,A
5957,"Ch. Rehmat Ali, who coined the name Pakistan, is buried in:",Canterbury,Cambridge,Jerusalem,Manchester,B
5958,The Lieutenant-Governor of the North-Western Provinces in 1895-1896 was:,Lord Ripon,Lybert,Sir Anthony Patrick MacDonnell,Montgomery,C
5959,"In India, the first major European point of entry and influence was:",Goa,Madras,Bengal,Bombay,C
5960,What does PSDP stand for?,Pakistan's Strategic Development Programme,Pakistan-Sweden Development Pact,Public Sector Development Programme,Pakistan's Sustainable Development Programme,C
5961,Balochistan comprises what percentage of the population of Pakistan?,4.34 percent,5.94 percent,6.54 percent,7.10 percent,C
5962,Who will nominate a member of the Mediation Committee as the Chairman of the Committee?,Upper House,Lower House,President,The House in which the bill was originated,D
5963,"The Legal Framework Order (LFO) was promulgated on March 30, 1970, by __________.",Ayub Khan,Yahya Khan,Z. A. Bhutto,None of these,B
5964,Gulab Devi hospital established in 1934 by:,Bal Gangadhar Tilak,Mangal Pandey,Lala Lajpat Rai,Subhash Chandra,C
5965,When was the boundary agreement with China signed?,in 1962,in 1963,in 1965,in 1966,B
5966,The second Constituent Assembly consisted of ________ members.,65 members,80 members,50 members,70 members,B
5967,Who prepared the Pirpur Report of 1938?,Quaid-i-Azam,Raja Syed Muhammad Mehdi of Pirpur,Allama Iqbal,Maulana Mohammad Ali Jauhar,B
5968,The Third Battle of Panipat was fought between Ahmad Shah Abdali and:,Mughals,English,Marathas,None of these,C
5969,The power of the legislative councils in British India was significantly increased by the ___________.,"Minto-Morley Reforms, 1909",Simon Commission Report,3rd Round Table Conference,Gandhi-Irwin Pact,A
5970,Where is the Thal Desert located?,Sindh,Gilgit,KPK,Punjab,D
5971,A referendum on allowing Pervez Musharraf to continue as President for five years was held in Pakistan on:,"on Apr 30, 99","on Apr 30, 00","on Apr 30, 01","on Apr 30, 02",D
5972,The only country with which Pakistan shares a maritime border (but not a land border) is __________.,Iran,Oman,UAE,Saudi Arabia,B
5973,Alauddin Khalji's successful reign lasted for a period of how many years?,15 years,25 years,20 years,30 years,C
5974,Which of the following provinces of Pakistan comprises nine divisions?,Punjab,Sindh,Balochistan,Khyber Pakhtunkhwa,A
5975,In which of the following Act or reforms was dyarchy abolished?,Minto-Morley Reforms,Montagu-Chelmsford Reforms,India Act of 1935,None of These,C
5976,Which of the following recipients of Nishan-e-Haider embraced martyrdom during the Kargil War in 1999?,Captain Karnal Sher Khan Shaheed,Havaldar Lalak Jan Shaheed,Major Muhammad Akram Shaheed,Both A & B,D
5977,Which SAARC Member Country has the highest literacy rate?,Maldives,Sri Lanka,Bhutan,India,A
5978,Akbar succeeded his father at the age of ________.,Thirteen,Sixteen,Seventeen,None of these,A
5979,The Kirthar National Park is in which province of Pakistan?,KPK,Sindh,Punjab,Balochistan,B
5980,The 1956 Constitution had a total of _________ articles.,230,232,234,236,C
5981,When was the resolution of objectives approved?,In 1950,In 1948,In 1949,In 1947,C
5982,Who was the last king of the Sayyid Dynasty?,Khizr Khan,Mubarak Shah,Alauddin Alam Shah,Muhammad Shah,C
5983,The Kerry-Lugar Bill authorized non-military aid to Pakistan for a period of:,2008-2012,2010-2012,2010-2014,None of these,C
5984,When was the report of the Simon Commission published?,11079,10653,10167,10259,A
5985,When did an avalanche hit a Pakistan Army base in which 140 soldiers and civilian contractors were martyred?,on 6th April 2012,on 7th April 2012,on 8th April 2012,None of these,B
5986,Pakistan became a member of the World Bank in:,in 1948,in 1949,in 1950,in 1952,C
5987,Who was the youngest son of Maharaja Ranjit Singh?,Kharak Singh,Duleep Singh,Mohsinuddin Ahmad,Mirza Ghalib,B
5988,"Upon ascending the throne, Aurangzeb adopted which title?",Sheikhu,Alamgir,Shah Jahan,Sikander-i-Sani,B
5989,Islamabad is a _______.,Division,District,Territory,Both A & B,C
5990,Which kind of system of government was introduced in the 1962 Constitution?,Parliamentary,Presidential,Bicameral,Autonomous,B
5991,Which country plans to buy 12 JF-17A Block-III fighter jets from Pakistan?,Uganda,Chile,Argentina,None of these,C
5992,Who won the Third Battle of Panipat in 1761?,Shuja,Hemu,Salman,Ahmed Shah Abdali,D
5993,Name the pamphlet issued by Chaudhry Rehmat Ali in which the name Pakistan was used for the first time:,Do or Die,Now or Never,Independent Homeland,None of these,B
5994,Government of India Act 1935 divided the country into how many provinces?,7,9,11,13,C
5995,In which year was the Wafaqi Mohtasib created?,in 1981,in 1982,in 1983,in 1984,C
5996,The Shandur Pass connects Chitral with:,Gilgit,Swat,Malam Jabba,Kaghan,A
5997,The Indus Waters Treaty between India and Pakistan was brokered by the:,IMF,World Bank,United Nations,WHO,B
5998,The Urdu Defence Association was founded in 1900 by:,Sir Syed Ahmed Khan,Nawab Mohsin-ul-Mulk,Viqar-ul-Mulk,Syed Ameer Ali,B
5999,The 1962 Constitution of Pakistan lasted for how many years?,6 years,7 years (approx. 6 years and 9 months),9 years,11 years,B
6000,Name the youngest Pakistani to be awarded the Nishan-i-Haider:,Havaldar Lalak Jan,Captain Raja Muhammad Sarwar,Pilot Officer Rashid Minhas,Lance Naik Muhammad Mahfuz,C
6001,Where was Maulana Muhammad Ali Johar born?,Delhi,Rampur,Karachi,Lahore,B
6002,Maulana Mohammad Ali Jauhar was buried in which of the following cities?,Delhi,Bombay,Palestine,Lahore,C
6003,"What was the real name of Mian Tansen, the most well-known musician of Akbar's court?",Mahesh Das,Ramtanu Pandey,Abul Fazl,Todar Mal,B
6004,The Indus Water Treaty was signed during the regime of:,Liaqat Ali Khan,Ayub Khan,Yahya Khan,Z. A. Bhutto,B
6005,When was the eighteenth amendment passed from national assembly:,on Mar 10,on Apr 10,on May 10,on Jun 10,B
6006,The Cripps Mission arrived in India in?,1946,1943,1942,1947,A
6007,In which year was the OIC founded?,In 1970,In 1975,In 1980,In 1969,D
6008,When did the Muslim League join the interim government?,1946,1947,1940,None of these,A
6009,A strip of land which connects Pakistan with Tajikistan is:,Hindenburg Line,Wakhan,38th parallel,None of these,B
6010,Who was the last Sultan of the Lodhi Dynasty and the Delhi Sultanate?,Bahlol Lodhi,Sikandar Lodhi,Ibrahim Lodhi,Daulat Khan Lodhi,C
6011,When did the Cripps Mission arrive in India?,22-Mar-42,15561,16602,12010,A
6012,The Charter of Democracy between Nawaz Sharif and Benazir Bhutto was signed in:,Abu Dhabi,Tehran,London,Jeddah,C
6013,Pakistan is situated in which continent?,Asia,Australia,Africa,None of these,A
6014,The Adil Shahi dynasty ruled in ________.,Bijapur,Ahmadnagar,Delhi,None of these,A
6015,"Which mountain is called ""Chogori"" and ""Savage Mountain""?",Mount Everest,Nanga Parbat,K2,Trichmir,C
6016,Who dissolved the first Constituent Assembly of Pakistan in 1954?,Iskander Mirza,Governor-General Malik Ghulam Muhammad,Both A and B,None of these,B
6017,Dr. Abdul Qadeer Khan died of:,COVID-19,Heart attack,Cancer,Kidney failure,A
6018,"In a WHO performance report, what was Pakistan's rank out of 190 countries in the health sector?",119,122,148,174,B
6019,Asar-e-Sanadid is written by?,Sir Syed Ahmed Khan,Mian Shafi,Syed Amir Ali,None of these,A
6020,What is the CO2 emissions per capita of Pakistan in 2022:,0.32 metric tons,0.52 metric tons,0.62 metric tons,0.82 metric tons,D
6021,The Makli graveyard is located near ____________.,Jacobabad,Jamshoro,Larkana,Thatta,D
6022,The place where heaven and earth meet' are words said about which place?,Chitral,Kalash,Punial Valley,Swat,C
6023,Allama Iqbal delivered his famous Allahabad Address in which city?,Delhi,Mumbai,Lahore,Allahabad,D
6024,When was the first five-year plan presented?,In 1948,In 1951,In 1953,In 1955,A
6025,In which agreement was the Ceasefire Line in Kashmir named the Line of Control?,Tashkent Agreement,Simla Agreement,Karachi Agreement,Lahore Declaration,B
6026,Name the ruler who laid the foundation of the Muslim Indo Empire and died while playing Polo.,Muhammad Ghauri,Qutb-ud-din Aibak,Akbar,None of these,B
6027,"To provide speedy justice at people's doorsteps, which of the following courts were established?",Qazi Courts,Special Courts,Tribunals,None of them,A
6028,"Shakarparian, a hill and local park, is in __________.",Lahore,Islamabad,Peshawar,Abbottabad,B
6029,What was the real name of Titu Mir?,Nisar Ali,Sayed Ahmad,Muhammad Ali,None of these,A
6030,The institution of Senate came into being under the constitution of?,1956,1962,1973,None of these,C
6031,Which province is called 'Bab-ul-Islam?,Punjab,Sindh,KPK,None of these,B
6032,Tipu Sultan wrote a letter to which government to seek help against the British?,Germany,France,Turkey,Iran,B
6033,Masjid Wazir Khan is located in?,Multan,Lahore,Peshawar,None of these,B
6034,Total numbers of Receivers of Nishan-e-Haider?,8,5,10,9,C
6035,Who is the author of the autobiography 'Futuhat-i-Firozshahi'?,Firuz Shah Tughluq,Ibn Batuta,Minhaj-us-Siraj,Amir Khusru,A
6036,"According to the Education Authority of Pakistan, ____ seminaries are working in Pakistan.",30000,35000,40000,None of these,B
6037,"After his death in 1605, Emperor Akbar was buried in which location near Agra?",Fatehpur,Sikandra,Mehrauli,Sasaram,B
6038,"IRSA, the Indus River System Authority, was established for regulating and monitoring the distribution of water sources of the Indus Rivers in:",1991,1992,1993,1994,B
6039,On which date did the Soviet Union withdraw its troops from Afghanistan?,"On March 16, 1987","On April 17, 1989","On May 18, 1987","On February 15, 1989",D
6040,Who dismissed Benazir Bhutto's government for the second time?,Rafiq Tarar,President Farooq Leghari,Shaukat Aziz,Yahya Khan,B
6041,The Thar desert is also called the ___________.,Friendly Desert,Hot Desert,Cool Desert,None of them,A
6042,Which bank provided the first loan in millions to the government of Pakistan at the time of independence?,UBL,HBL,National Bank,MCB,B
6043,The cease-fire line was established between Pakistan and India in:,1947,1948,1949,1950,C
6044,The purpose of Mirani Dam is primarily for:,Irrigation purposes,Electricity purposes,Industry purposes,Domestic purposes,A
6045,Who is the first lady fighter pilot of Pakistan?,Ghazala Suleman,Maliha Sami,Shukriya Khanam,Ayesha Farooq,D
6046,The Delhi proposals were published in which year?,in 1925,in 1926,in 1927,in 1928,C
6047,Who inaugurated Karachi radio station and when?,Liaquat Ali Khan on 14th August 1948,Quaid-e-Azam on 14th August 1947,Iskandar Mirza on 14th August 1949,Khawaja Nazimuddin on 14th August 1950,A
6048,The main purpose of the China Pakistan Economic Corridor (CPEC) is:,Development of infrastructure,Regional connectivity for trade,Roads and Railways,All of these,D
6049,How many articles are there in the Constitution of 1973?,280,270,260,250,A
6050,The fame of Shamim Ara rests in what?,Being an actress,Social Worker,Politician,None of these,A
6051,The War of Independence started at:,Delhi,Mysore,Lahore,Meerut,D
6052,When was Sindh Madrassah-tul-Islam founded?,1882,1884,1885,1888,C
6053,Which pass connects Dir and Chitral?,Gomal Pass,Lowari Pass,Dargai Pass,Bolan Pass,B
6054,The Simla Deputation successfully presented the demands of Muslims before:,Lord Curzon,Lord Mountbatten,Lord Minto,Queen Victoria,C
6055,Which was the first daily Balochi Newspaper?,Rozname Hewad,Roznama Jang,Roznama Nawa e Watan,Roznama Mashriq,C
6056,The Kulbhushan Jadhav Case was pending in which court?,International Court of Justice,International Court of Human Rights,Supreme Court of Pakistan,None of these,A
6057,"Dr. Ruth Pfau, the ""Mother Teresa"" of Pakistan, campaigned against which disease?",Cholera,Leprosy,Tuberculosis,Diarrhea,B
6058,How many goals have been included in the Sustainable Development Goals?,12,15,16,17,D
6059,Who assassinated Liaquat Ali Khan in Rawalpindi?,Syed Akbar,Khawaja Nazimuddin,Faiz Ahmad Faiz,Chaudhry Rehmat Ali,A
6060,What is the name of the border between Pakistan and Afghanistan?,Line of Control,Oder-Neisse line,Durand Line,None of these,C
6061,Who became the first president of the Anjuman-i-Himayat-i-Islam?,Mufti Bhar Ata,Qazi Khalifa Hameed-ud-Din,Muhammad Qasim Nanotvi,None of these,B
6062,Who was the Prime Minister of India at the time of the Tashkent Declaration?,Lal Bahadur Shastri,Indira Gandhi,Manmohan Singh,None of these,A
6063,Which Pakistani area is sandwiched between China and Indian-administered Kashmir?,Astore,Baltistan,Chitral,Kalash,B
6064,"""Rabi"" season begins in:",April-June,October-December,January-February,None of these,B
6065,The Diamir-Bhasha Dam is in the preliminary stages of construction. It is on the river:,Kabul,Jhelum,Ravi,Indus,D
6066,What is the total length of the Khyber Pass?,53 km,55 km,58 km,59 km,A
6067,What was the Capital of Sindh during Mohammad Bin Qasim invasion ?,Dadu,Badin,Alore,None of these,C
6068,What was the outcome of the 1945 Simla Conference?,Success,Fiasco,Agreement,Independence,B
6069,When was the 1956 constitution presented in the assembly?,"on 29 February, 1956","on 29 February, 1957","on 29 February, 1958","on 29 February, 1959",A
6070,What is the area of Balochistan province?,"347,190 km²","319,190 km²","345,190 km²","318,145 km²",A
6071,Faiz Ahmad Faiz got the Lenin Award in:,1952,1962,1972,None of these,B
6072,Which of the following is a function of State Bank of Pakistan?,Prepare annual budget,Regulate Monetary Policy,Open account of General Public,None of these,B
6073,A non-official member shall not be less than:,20 years,25 years,35 years,None of the above,B
6074,The Simon Commission suggested the separation of:,Bombay from Punjab,Punjab from Indian Gujarat,Bombay from Sindh,None of these,C
6075,Mast Tawakali was a poet of?,Sindhi,Urdu,Balochi,None of these,C
6076,The Swadeshi Movement was first started in:,Delhi,Mumbai,Bengal,None of these,C
6077,The province with the longest coastline is:,Punjab,Balochistan,Khyber Pakhtunkhwa,Sindh,B
6078,Which of the following Englishmen was honored by the Mughal king Jahangir with the title of 'Khan'?,Vasco Da Gama,William Hawkins,Sir Thomas Roe,John Watts,B
6079,Who founded Jamaat-e-Islami in August 1941?,Maulana Maududi,Maulana Azad,Allama Iqbal,Quaid-i-Azam,A
6080,"The Lahore Resolution was amended and Pakistan was made an integral part of League's objective. The amendment was made in the Annual session (1941) of All India Muslim League, which was held at:",Karachi,Lahore,Madras,None of these,C
6081,High Courts hear appeals arising out of judgments and orders made by _____________.,District Judges on the civil side,Sessions Judges on the criminal side,Both of them,None of them,C
6082,"In the context of provincial assembly seats, PS stands for _______.",Pastel Support,Pay Service,Provincial Sindh,Parliament Staff,C
6083,The Indian Reserve Bank had 4 billion in cash. Pakistan's share in the 4 billion was:,750 million,2.1 billion,2 billion,500 million,A
6084,Article 25 of the 1973 Constitution of Pakistan deals with:,Rule of Law,Equality of citizens,Equal protection of law,All of these,D
6085,When did Sir Syed Ahmad Khan die?,"March 27, 1898","December 30, 1898","February 15, 1869",1892,A
6086,The village Agricultural and Industrial Development (Village-Aid) program was initiated in __________.,In 1949,In 1954,In 1953,In 1957,C
6087,When was Balochistan given the status of a province?,1969,1970,1971,1972,B
6088,The power generation capacity of the Diamer-Bhasha project will be __________.,"3,500 MW","2,500 MW","3,000 MW","4,500 MW",D
6089,Which demand was given away by Quaid-e-Azam as part of the Delhi Proposals?,Separate Electorate,Provincial autonomy,A separate homeland,One-third representation in the Central Legislature,A
6090,To which country did Prime Minister Robert Menzies belong?,France,Italy,Australia,Denmark,C
6091,The Karakoram Highway between Pakistan and China was completed in:,1972,1974,1978,None of these,C
6092,The modern name of the river Hydaspes is?,Chenab,Indus,Jhelum,Sutlej,C
6093,"The Muslim demand for a Separate Electorate, presented by the Simla Deputation of 1906, was incorporated in the:",Minto-Morley Reforms,Montagu-Chelmsford Reforms,Simon Commission Report,None of the above,A
6094,Who was the main leader behind the Lucknow Pact?,Gandhi,Jinnah,Raja Gopal,None of these,B
6095,"The picture on the back of the 1,000 Rupee Pakistani note is of _________.",UET Lahore,"Islamia College, Peshawar",GIKI,NUST,B
6096,"The first elections for the 24 seats of the Gilgit-Baltistan Legislative Assembly were held on November 12, ________.",In 2008,In 2009,In 2010,In 2011,B
6097,"The ""National Highways & Motorway Police (NH&MP)"" deals with which law?",Business Law,Traffic Law,The National Highways Safety Ordinance (NHSO),None of These,C
6098,"In 1875, the Muhammadan Anglo-Oriental School was founded by:",Syed Amir Ali,Lord Lytton,Sir Syed Ahmad Khan,None of these,C
6099,John Marshall oversaw excavations at Mohenjo-daro starting in:,1920,1921,1922,None of these,C
6100,The original name of Waqar-ul-Mulk was:,Mehdi Ali Khan,Molvi Mohummad Shah,Hussain Bilgrami,Zafar Ali Khan,B
6101,Allama Muhammad Iqbal delivered his famous Allahabad address in?,1928,1929,1930,1931,C
6102,Nijat Dahinda (Savior) is a title for _________.,Quaid-e-Azam,Allama Iqbal,Sir Syed Ahmed Khan,None,C
6103,Which cities of Iran and Pakistan are linked through a railway line?,Quetta-Zahedan,Chaman-Tehran,Quetta-Shiraz,Peshawar-Shiraz,A
6104,The party which received the second-highest number of votes in the 2013 general elections was _______.,PML-N,PPP,PTI,MQM,C
6105,The Great Bath of the Indus Valley Civilization was discovered in ___________.,Harappa,Lothal,Mohenjo-Daro,Ropar,C
6106,"Maulvi Tamizuddin, the Speaker of the Constituent Assembly, filed a writ petition in the ________ High Court, which declared the dissolution illegal.",Sindh,Punjab,NWFP,Balochistan,A
6107,"The British sold Kashmir to the Raja of Jammu, Gulab Singh for:",6.5 million,7 million,7.5 million,8 million,C
6108,"Pakistan's foreign policy is the safeguarding of its sovereignty, security, and _______.",International Relations,External Trade,Territorial integrity,None of these,C
6109,KANUPP is located near ________.,Cape Monze,Buleji Beach,Hub,None of these,B
6110,The 'Rewaj Act' was introduced for the ex-FATA agencies and Frontier Regions of KP in 2017. The theme of the Act was __________.,Introduction of a new Justice System,A Justice System in accordance with customs,Provides for extension of the Judiciary to the area,Both b and c,D
6111,"Which city in Pakistan is called the ""City of Lights""?",Peshawar,Multan,Karachi,Lahore,C
6112,The famous Alai Darwaza and Siri Fort were constructed by which ruler?,Qutbuddin Aibak,Alauddin Khalji,Iltutmish,Ghiyasuddin Balban,B
6113,"At the time of Mahmud of Ghazni's invasions, Muslim rule existed in ________.",Multan,Lahore,Hyderabad,None of these,A
6114,The Islamabad Accord was signed in 1993 by how many Afghan Mujahideen factions mainly?,two,six,four,None of these,B
6115,Which of the following teams won ICC World Cup maximum times:,Australia,India,South Africa,England,A
6116,"Who was the author of 'Humayun Nama', a biography of Emperor Humayun?",Humayun,Gulbadan Begum,Abul Fazl,Faizi,B
6117,The land lying between the River Ravi and the River Chenab is called the ________.,Bari Doab,Chaj Doab,Rachna Doab,Sindh Sagar Doab,C
6118,Who was the first Muslim Sultan who captured India up to its extreme South?,Mahmood Ghaznavi,Mehmood Ghouri,Alauddin Khilji,Jalaluddin Khilji,C
6119,Who is the current Chief Justice of Pakistan?,Mr. Justice Asif Saeed Khan Khosa,Justice Tassaduq Hussain Jillani,Mr. Justice Gulzar Ahmed,Mr. Justice Mian Saqib Nisar,A
6120,Baloch Culture Day is celebrated by the Balochi people annually on ______?,on 1st March,on 2nd March,on 3rd March,None of these,B
6121,On which date the Mumbai attack was carried out?,on 9/27/2007,on 12/24/2009,on 11/26/2008,on 10/21/2010,C
6122,Pakistan won its only Gold Medal in the Commonwealth Games 2018 in:,Wrestling,Hockey,Archery,None of these,A
6123,The highest peak of the Salt Range is _________.,Nanga Parbat,Skaser,Malka Parbat,Mount Everest,B
6124,Marvi is a folk story of ____________.,Sindh,Thar,Saraiki,Thal,A
6125,"Last Governor-General of India, Lord Mountbatten, worked in which rank of the UK force?",Field Marshal,Admiral of the Fleet,Air Chief Marshal,General of the Army,B
6126,Where was Maharaja Ranjit Singh born?,Lahore,Gujranwala,Amritsar,Delhi,B
6127,"The great Persian and first Urdu poet, Amir Khusru, flourished during the reign of which sultan?",Alauddin Khalji,Iltutmish,Ghiyasuddin Balban,Qutbuddin Aibak,C
6128,The Khyber Pass connects ________.,Swat with Kabul,Peshawar with Kabul,Qila Abdullah with Chaman,Chitral with Nuristan,B
6129,The 'Chenab Formula' to resolve the Kashmir issue was presented by:,Zulfikar Ali Bhutto,Sardar Abdul Qayyum Khan,Sheikh Abdullah,Pervez Musharraf,B
6130,In which year did Quaid-e-Azam present his famous fourteen points?,1916,1928,1929,1940,C
6131,Ormara port is in which province?,Punjab,Balochistan,Sindh,None of these,B
6132,"In the Elections of 1945-46, out of 119 total Muslim seats in Bengal, how many did the Bengal Muslim League win?",101,107,113,116,C
6133,The Shimla Deputation consisted of how many members?,24,35,36,None of these,B
6134,"Which airline helped in the movement of 35,000 people from Pak to India between Oct 20 and Nov 30, 1947?",Pakistan International,Air India,British Overseas Airways Corporation,Pan Am,C
6135,The Objectives Resolution (1949) is a foundational document in Pakistan's constitutional history. What principle did it controversially establish?,That sovereignty over the entire universe belongs to Allah Almighty alone.,That the national language would be Urdu only.,That Pakistan would be a secular state.,That a presidential system of government would be adopted.,A
6136,"The ""Arya Samaj"" was against ___________.",Muslims,Christians,Sikhs,All of the above,D
6137,Pakistan's constituent assembly was formed on:,"on June 3rd, 1947","on July 20th, 1947","on August 10th, 1947","on August 14th, 1947",B
6138,Ghulam Muhammad Barrage is on:,River Indus at Khairpur,River Indus at Kotri / Hyderabad,River Indus at Sehwan Sharif,None of these,B
6139,Which famous Mughal king was also a famous Urdu poet?,Akbar Shah,Bahadur Shah Zafar,Shah Alam,Alamgir,B
6140,What is the share of Pakistan's population in the total population of the world?,2.80 percent,2.60 percent,2.70 percent,2.50 percent,B
6141,For how many days must the National Assembly of Pakistan meet in a year?,100 days,130 days,150 days,200 days,B
6142,The Reconstruction of Religious Thought in Islam' was written by?,K. K. Aziz,Allama Iqbal,Sir Syed Ahmed Khan,None of these,B
6143,The only Vice President in the history of Pakistan was:,Sikandar Mirza,Ghulam Muhammad,Nur-ul-Amin,Lord Mayo,C
6144,Who is the current chairman of the Federal Public Service Commission?,Malik Zafar Iqbal,Lt. Gen. Akhtar Nawaz Satti,Haseeb Athar,None of these,B
6145,The first Mughal emperor Babar's tomb is situated in _____.,Lahore,Delhi,Kabul,Agra,C
6146,Women in Pakistan got the right to vote in the year?,In 1974,In 1956,In 1947,None of these,C
6147,The Sharif Report was published in:,1930,1934,1939,1943,C
6148,The first rocket launched by Pakistan was _________.,Badr,Rahbar,Hatf,Skua,B
6149,The Ghauri III missile was launched on _________.,"On August 10, 1999","On November 15, 1999","On October 15, 1999","On September 25, 1999",D
6150,The first ministry of the Muslim League in the province of Sindh was established in:,1939,1941,1943,1945,A
6151,How many princely states were there in the subcontinent at the time of partition?,562,565,570,584,B
6152,Shah Jahan built the Moti Masjid at _________.,Delhi,Jaipur,Agra,Amarkot,C
6153,"ISPR's official song for 2018, ""Hamara Pakistan,"" was sung by:",Rahat Fateh Ali Khan,Shafqat Amanat Ali,Amanat Ali,Atif Aslam,B
6154,Which city of Sindh is called the 'City of Mangoes'?,Sanghar,Mirpurkhas,Larkana,Hyderabad,B
6155,In which district are the ruins of Harappa located?,Multan,Okara,Lahore,Sahiwal,D
6156,The owner of Bahria Town is:,Mian Mansha,Asif Ali Zardari,Sadr-ud-din Hashwani,Malik Riaz,D
6157,How many articles were there in the constitution of 1956?,200,234,250,280,B
6158,When was SAARC founded?,on 8 December 1983,on 8 December 1985,on 8 December 1987,on 8 December 1989,B
6159,When was the 18th Amendment Bill passed by the National Assembly of Pakistan?,on 8-Feb-10,on 8-Mar-10,on 8-Apr-10,on 8-May-10,C
6160,"Archaeologists have identified some 400 Indus Civilization towns, scattered from _________.",The Arabian Sea to the Himalayas,Kabul to Lahore,Peshawar to Delhi,Kandahar to Delhi,A
6161,"What is the title of the epic poem of nearly 60,000 couplets written by Ferdowsi?",Tarikh-i-Yamini,Al-Qanun Al-Mas'udi,Qasida Somnath,Shahnama,D
6162,Who among the following Prime Ministers of Pakistan secured Gwadar from Oman?,Feroz Khan Noon,I.I. Chundrigar,Ch. Muhammad Ali,M. Ali Bogra,A
6163,"The All-India Muhammadan Educational Conference of 1906, where the Muslim League was formed, was held in ___________.",Simla,Dhaka,Lucknow,Delhi,B
6164,"According to the partition plan, the decision of accession for which province(s) was left to the Provincial Assembly/Assemblies?",Punjab,Bengal,Sindh,All of these,D
6165,How many seats are reserved for non-Muslims in the Balochistan Assembly?,5,3,2,None,B
6166,The national anthem of Pakistan was officially adopted in _______.,In 1947,In 1948,In 1954,None of the Above,C
6167,The Swat Valley is situated in the __________ mountain range.,Hindu Kush,Karakoram,Himalayas,None of the above,A
6168,Gadani is famous for __________.,Ship Breaking,Ship Making,Fishing,None of them,A
6169,Which article of the constitution of 1973 is related to the affairs of Zakat:,30,31,32,33,B
6170,The Shah Jahan Masjid located in Thatta is notable for having how many domes?,101,93,85,77,B
6171,Which famous personality was born in 1877:,Quaid-e-Azam,Allama Iqbal,Maulana Zafar Ali Khan,Z. A. Bhutto,B
6172,Wazir Khan Mosque is located at:,Lahore,Peshawar,Karachi,Faisalabad,A
6173,The Urdu-Hindi controversy started in:,1857,1867,1877,None of these,B
6174,Ranjit Singh used to rule Punjab from:,Amritsar,Jalandhar,Lahore,Multan,C
6175,What was the total area of the former FATA region?,"27,220 km²","40,914 km²","347,190 km²","205,344 km²",A
6176,Forests and rangelands in Pakistan support about ________ million heads of livestock.,25,50,35,None of these,B
6177,Kotli is a famous city of __________.,AJ&K,KPK,FATA,ICT,A
6178,Tarbela Dam is located in:,Wazirabad,Swabi,Mardan,Shangla,B
6179,"Chitral is the largest district in the KPK province of Pakistan, covering an area of _________.","12,958 km²","8,890 km²","10,351 km²","14,850 km²",D
6180,The Sykes-Picot Agreement (also called the Asia Minor Agreement) was signed in which year?,1915,1916,1917,1918,B
6181,The largest island of Pakistan is ____.,Astola,Manora,Charna,None of these,A
6182,"What is the total area of ""Gilgit-Baltistan""?","54,321 km²","98,421 km²","72,496 km²","23,545 km²",C
6183,When was the Unionist Party founded in Punjab?,1923,1924,1934,1937,A
6184,Pakistan was Inevitable a book was written by:,Waheeduz Zaman,Mohsin Hamid,Syed Hassan Riaz,Abid Ullah Jan,C
6185,What was the main cause of Titu Mir's defeat at the hands of the British Army?,Unfaithfulness of some companions,Weak military strategy,Lack of modern equipment,Lack of skills,C
6186,Who was the first Captain of the Pakistan national cricket team?,Imtiaz Ahmad,Fazal Mahmood,Abdul Hafeez Kardar,Imran Khan,C
6187,Tilla Jogian is situated in:,Koh-i-Safed,Salt Range,Kirthar Range,Hindukush Range,B
6188,The Khayal system of classical music was founded by ___________.,Amir Khusrau,Hussain Shah Sharqi,Mian Tan Sain,Baiju Bawra,A
6189,"The Sayyid Dynasty, also known as the Sadat Dynasty, was founded by whom?",Alauddin Alam Shah,Daulat Khan Lodhi,Mubarak Shah,Khizr Khan,D
6190,"After the war of 1965, which pact was signed between India and Pakistan?",Shimla Pact,Tashkent Pact,Bilateral Pact,Soviet Pact,B
6191,Who first presented the idea of SAARC?,Indira Gandhi of India,Ziaur Rahman of Bangladesh,King Birendra of Nepal,General Zia-ul-Haq of Pakistan,B
6192,Pakistan came into being on which Islamic date?,"in 27 Ramzan, 1366 A.H.","in 1 Shawwal, 1366 A.H.","in 1 Muharram, 1367 A.H.","in 15 Shaban, 1366 A.H.",A
6193,Pakistan purchased Gwadar from:,Iran,Oman,China,None of these,B
6194,Moeen Akhtar was famous in the field of:,Singing,Acting,Comedy,None of these,C
6195,When did Pakistan become an Islamic Republic?,1947,1956,1965,1973,B
6196,Who was the first Englishman president of the Congress?,A.O. Hume,Lord Lytton,George Yule,Lord Dufferin,C
6197,The range of the Hatf-I missile is _________.,90 km,100 km,65 km,105 km,B
6198,How long did Liaquat Ali Khan spend in the USA on his visit?,Two weeks,Three weeks,Four weeks,Five weeks,B
6199,The East India Company was formed in London in:,in 1599,in 1600,in 1608,in 1612,B
6200,Muhammad Ali Sadpara was a?,Cricketer,Traveler,Mountaineer,None of these,C
6201,"Who announced the Wavell Plan on June 14, 1945?",Lord Linlithgow,Lord Willingdon,Lord Wavell,Ramsay MacDonald,C
6202,The magnificent Peacock Throne was also known by which name?,Shah Burj,Takht-e-Taus,Majma-ul-Bahrain,Shish Mahal,B
6203,Which operation launched in 1971 to control the situation of East Pakistan:,Operation Mid Night way,Operation Fair Play,Operation Search Light,Operation Grand Slam,C
6204,"In which year did Maulvi Syed Mumtaz Ali and his second wife, Muhammadi Begum, publish the gender equality magazine 'Tehzeeb-e-Niswan?",1898,1896,1890,None of these,A
6205,Which Pakistani has the honour of being the president of the UN General Assembly?,A.K. Brohi,Sir Zafarullah Khan,Sahabzada Yaqub Khan,Sartaj Aziz,B
6206,The Scientific Society of Sir Syed Ahmed Khan translated modern works from ____________.,English to Urdu,Urdu to English,Persian to Urdu,Arabic to Urdu,A
6207,The Hansi Tribe is settled in:,Punjab,Sindh,Balochistan,KPK,C
6208,Makli is located in which country?,Pakistan,China,Iran,Afghanistan,A
6209,What type of government was principally envisioned by the Objectives Resolution in 1949?,Democratic,Presidential,Bilateralism,None of these,A
6210,When was Pakistan's first satellite Badr-I launched?,on 16 July 1990,on 18 July 1990,on 16 July 1982,on 18 July 1992,A
6211,How long did Liaquat Ali Khan spend in the USA during his visit?,Three weeks,Two weeks,Four weeks,One week,A
6212,"What was the real name of Sir Agha Khan, the first president of the AIML?",Nawab Waqar-ul-Mulk,Mehdi Ali Khan,Sultan Mahomed Shah,Adamjee Pir Bhai,C
6213,Alivardi Khan was the Nawab of Bengal during which period?,1740-1756,1750-1760,1760-1770,None of these,A
6214,Which is the national flower of Pakistan?,Lily,Rose,Jasmine,Tulip,C
6215,Which country is situated to the east of Pakistan?,China,India,Afghanistan,Iran,B
6216,Pakistan installed its first nuclear power station in Karachi with the cooperation of:,France,USA,Canada,China,C
6217,Maulvi Tamizuddin Khan challenged the dissolution of the Constituent Assembly in which court?,Sindh Chief Court,Dhaka High Court,Punjab High Court,Peshawar High Court,A
6218,Who was the Chairman of the National Accountability Bureau in 2021?,Asghar Khan,Rehman Malik,Javed Iqbal,None of these,C
6219,Which area has the biggest deposits of iron ore:,Kalabagh,Chitral,Gilgit,Zhob,A
6220,Who among the following headed the two Boundary Commissions set up to delineate the international frontiers between India and Pakistan in 1947?,Mountbatten,Radcliffe,A.P. Moon,A.V. Alexander,B
6221,"The 'Swadeshi Movement', started on August 7, 1905, was primarily directed against the __________.",Muslims,British Rule,Both of these,None of these,B
6222,"Sir Syed Ahmed Khan was born on October 17, 1817, in a noble family in ____________.",Delhi,Lahore,Aligarh,Bijnor,A
6223,The important elements of climate are ________.,Temperature and pressure,Winds and rainfall,Humidity of air,All of the above,D
6224,"On 11th July 1950, Pakistan became a member of __________.",IMF,World Bank,Both A & B,None of these,C
6225,Pakistan recognized Bangladesh in which year?,in 1974,in 1973,in 1976,in 1971,A
6226,"In the Constitution of 1973, what number of seats in Senate was set?",20 Seats,35 Seats,50 Seats,63 Seats,D
6227,When was Sui gas discovered (founded) in Pakistan?,in 1953,in 1952,in 1954,in 1951,B
6228,The top five most populous cities of Pakistan are _______.,"Lahore, Islamabad, Karachi, Hyderabad, Rawalpindi","Karachi, Lahore, Faisalabad, Rawalpindi, Gujranwala","Faisalabad, Rawalpindi, Peshawar, Lahore, Karachi","Karachi, Lahore, Peshawar, Gujranwala, Dera Ghazi Khan",B
6229,Qissa Sohni Mahinwal was written by __________.,Hafiz Barkhurdar,Hashim Shah,Fazal Shah,Waris Shah,C
6230,The first transgender school opened on 23 February 2019 in:,Multan,Lahore,Lodhran,None of these,C
6231,"According to recent (2024-25) estimates, the infant mortality rate per thousand births in Pakistan is ________.",34 infants,53 infants,80 infants,110 infants,B
6232,Attaullah Khan Esakhelvi received the Nishan-e-Imtiaz in which year?,2018,2019,2020,None of these,B
6233,CPEC is a:,Game changer,Joint venture between China & India,Joint venture between China & Iran,None of these,A
6234,The Hijrat Movement was launched in which year?,in 1918,in 1919,in 1920,in 1921,C
6235,Who is the current Chief of Army Staff (COAS) of Pakistan?,General Raheel Sharif,General Ashfaq Parvez Kayani,FM Asim Munir,General Zubair Hayat,C
6236,The Faiz Mahal is located in __________.,Sahiwal,Multan,Khairpur,Sukkur,C
6237,When was the first Pakistani postal stamp issued?,In August 1948,In December 1947,In February 1948,In July 1948,D
6238,The Quit India Movement started in what year?,1941,1942,1943,1944,B
6239,When was The Water and Power Development Authority (WAPDA) established?,on 15 February 1957,on 11 March 1958,on 22 February 1958,on 22 April 1960,C
6240,The British Government arrested a few Moplahs from ____ who wanted to organize the Khilafat Movement.,Bombay,Delhi,Aligarh,Kerala,D
6241,"Who wrote the book ""The Myth of Independence""?",General Ayub Khan,Nelson Mandela,Benazir Bhutto,Z.A. Bhutto,D
6242,"Who managed Trade, Industry & Public Works in the first cabinet of Pakistan?",Fazal ur Rehman,I.I. Chundrigar,Raja Ghazanfar Ali Khan,Zafarullah Khan,B
6243,Who was the Chief Minister of Sindh from August 1947 to April 1948?,Nisar Khuhro,Ayub Khuhro,Rahim Talpur,Noor Muhammad Talpur,B
6244,Pakistan's Prime Minister Liaquat Ali Khan was assassinated in which city?,Karachi,Lahore,Rawalpindi,None of these,C
6245,The Muhammadan Educational Conference was established by Sir Syed Ahmed Khan in which year?,1863,1866,1886,1898,C
6246,The old name of Sahiwal is:,Montgomery,Jacobabad,Fort Sandeman,None of these,A
6247,How many wars fought between Pakistan and India:,2,3,4,5,C
6248,Quaid-e-Azam joined the Indian National Congress in which year:,1906,1914,1920,1931,A
6249,"In Pakistan, Military Courts were established after a terrorist attack on Army Public School in Peshawar, in the year:",2012,2013,2014,2015,D
6250,Who was the second Prime Minister of Pakistan?,Liaquat Ali Khan,Feroz Khan Noon,Chaudhry Muhammad Ali,Khawaja Nazimuddin,D
6251,Which party won the maximum seats in East Pakistan in the 1970 elections?,PPP,Awami League,Northwest party,None of these,B
6252,The range of the Ghauri-I missile is ________.,1200-1500 km,1200-1300 km,1500-2000 km,1500-1800 km,A
6253,"Which river is often called the ""Nile of Pakistan""?",Chenab River,Indus River,Jhelum River,Kabul River,B
6254,The Simon Commission arrived in India on:,on 3rd February 1928,on 10th March 1928,on 15th April 1928,on 1st January 1928,A
6255,Who among the following chaired the annual meeting of the All India Muslim League in 1907?,Salim Ullah,Viqar ul Mulk,Adamjee Peerbhoy,Agha Khan,C
6256,The foreign policy of Pakistan is primarily characterized by:,Bilateralism,Regionalism,Alliance Policy,None of these,A
6257,When was the MAO College at Aligarh started?,1875,1877,1879,1881,A
6258,Who was the finance minister in the Khawaja Nazim-ud-Din's cabinet?,Zafarullah Khan,I.I. Chundrigar,Muhammad Ali Bogra,Ghulam Muhammad,D
6259,Who was the governor of Banaras during the Urdu-Hindi Controversy?,Lord Willingdon,Lord Linlithgow,Shakespeare,Lord Mountbatten,C
6260,The most important offer by Muslims in the Delhi proposals was:,Constitutional reforms in NWFP,Separation of Sindh from Bombay,One-third of seats for Muslims,Separate electorate,D
6261,When was the Punjab Food Authority established:,2010,2011,2012,2013,B
6262,In which of the following cities was the first Dry Port of Pakistan established?,Lahore,Islamabad,Peshawar,Faisalabad,A
6263,Abd-ul-Malik was a student of ________.,"Islamia College, Lahore","Muslim University, Aligarh","Islamia College, Peshawar",None of these,C
6264,When did Pakistan leave CENTO?,1975,1976,1977,1979,D
6265,The Lal Suhanra National Park is located near __________.,Khanewal,Bahawalpur,D. G. Khan,Lasbela,B
6266,"Benazir Bhutto was attacked on which date in Rawalpindi, leading to her assassination?","on Oct 18, 2007","on Dec 27, 2007","on Aug 14, 2008","on Jan 5, 2009",B
6267,When did Pakistan join SEATO?,in 1956,in 1954,in 1960,in 1958,B
6268,Pakistan joined Non-Aligned Movement (NAM) in which year?,In 1980,In 1978,In 1979,In 1985,C
6269,Jansher Khan is related to which sports:,Squash,Cricket,Badminton,Tennis,A
6270,The Urdu Defence Association was an organization developed by?,Waqar-ul-Mulk,Sir Syed,Maulana Shibli Nomani,Mohsin-ul-Mulk,D
6271,The Quaid-e-Azam resigned from the membership of the Imperial Legislative Council on account of:,Hindu Muslim riots,Rowlatt Act,Internal differences of Muslim League,Demand for Independence,B
6272,Who was the first woman to serve as the Governor of the State Bank of Pakistan?,Noor Jehan,Dr. Shamshad Akhtar,Farzana Raja,Dr. Ashraf Abbasi,B
6273,Hanna Lake is situated near ______.,Peshawar,Quetta,Murree,Kaghan,B
6274,Pakistani pop singer Ahmed Jahanzeb was born in which year?,1972,1978,1986,1989,B
6275,What was the purpose of the formation of the All India National Congress?,For Indians to take part in parties,A platform for the civic and political dialogue among educated Indians,To return to India Governorship,All of these,B
6276,The Rechna Doab lies between which two rivers?,Chenab & Jhelum,Ravi & Chenab,Sindh & Chenab,Sindh & Ravi,B
6277,"Muhammad Khan Junejo, PM of Pakistan, left his office on what date?",on 20 May 1988,on 29 May 1988,on 10 June 1988,None of these,B
6278,"When did Allama Iqbal deliver his famous Allahabad Address, outlining a vision for a Muslim state?",In December 1930,In March 1932,In May 1932,In April 1932,A
6279,The picture on the back of the 500 rupee Pakistani note is of the _________.,Badshahi Mosque,Faisal Mosque,Jatoi Mosque,Wazir Khan Mosque,A
6280,"The Provincial Assembly of Punjab has 371 seats, of which _________ are reserved for non-Muslims.",10,7,8,1,C
6281,The Karachi Nuclear Power Plant (KANUPP) was built with the assistance of:,Canada,China,Japan,America,A
6282,The Round Table Conferences (1930-32) were convened by which British Prime Minister?,Clement R. Attlee,Ramsay MacDonald,Sir Winston Churchill,Neville Chamberlain,B
6283,Who presented the 'Poor Man's Budget' in 1946?,Raja Ahmed,Liaquat Ali Khan,Chaudhry Muhammad Ali,None of the above,B
6284,Who was the first president of the Indian National Congress?,Badruddin Tyabji,W.C. Banerjee,Dadabhai Naoroji,George Yule,B
6285,What is the approximate altitude of the Siachen Glacier?,"20,000 ft","23,000 ft","25,000 ft","27,000 ft",A
6286,Who wrote Tota Kahani:,Ashfaq Ahmad,Prem Chand,Saadat Hassan Manto,Bano Qudsia,A
6287,"Who is often referred to as the ""forerunner of Akbar"" due to his administrative reforms?",Humayun,Babur,Bahlol Lodhi,Sher Shah,D
6288,"In the context of constituencies, LA stands for _______.",Law Advisory,Legislative Assistant,Legislative Assembly,Law Association,C
6289,Star in Pakistan flag represents:,Knowledge,Wisdom,Courage,All of these,A
6290,Sardar Abdur Rab Nishtar was the Governor of __________.,Gilgit-Baltistan,Khyber Pakhtunkhwa,Punjab,Sindh,A
6291,Shina is a local language of __________.,Gilgit-Baltistan,Sindh,Punjab,None of them,A
6292,When was the 18th Amendment Bill passed by the National Assembly of Pakistan?,"On Feb 2, 2010","On March 8, 2010","On April 8, 2010","On May 12, 2010",C
6293,Gasherbrum I is also known as _____________.,Hidden Peak,Killer Peak,White Peak,Black Peak,A
6294,"""The Parliament of Pakistan: A History of Institution-Building and (Un)Democratic Practices"" is authored by _________.",Mohsin Hamid,Hamid Khan,Mirza Waheed,Mahboob Hussain,D
6295,The Simla deputation of 1906 was led by:,Quaid-e-Azam,Allama Iqbal,Agha Khan,Rehmat Ali,C
6296,Who became the prime minister of Pakistan after the death of Liaqat Ali Khan?,Mohd. Ali Bogra,Ghulam Mohammad,Khawaja Nazimuddin,Ch Mohammad Ali,C
6297,When did India annex Junagadh?,in January 1946,in January 1947,in February 1948,in February 1949,C
6298,Arya Samaj was a Hindu extremist movement that was established in:,1874,1875,1877,1878,B
6299,Who founded Jinnah Muslim League party in 1950?,Iftikhar Hussain Mamdot,Feroz Khan Noon,Ch. Rehmat Ali,Noor-ul-Amin,A
6300,"Who reviewed the book 'The Indian Musalmans' in 1872, writing a series of essays in response?",Sir Syed Ahmed Khan,Sir William Wilson Hunter,M. Delwar Hussain,John King Fairbank,A
6301,How many Urdu words are used in the National Anthem of Pakistan?,5,3,12,1,C
6302,According to which Act was the title of 'Viceroy' of India dropped?,Indian Independence Act of 1947,Act of 1919,Act of 1935,None of these,A
6303,Who composed the music for the national anthem of Pakistan?,Sohail Rana,Khwaja Khurshid Anwar,Ahmed G. Chagla,Nisar Bazmi,C
6304,Which province in Pakistan had initially reported high death rate due to COVID-19?,Punjab,Sindh,KPK,Balochistan,C
6305,What was the old name of the Lahore High Court?,Supreme Court of Punjab,Chief Court of Punjab,State Court of Punjab,None of these,B
6306,Dina Wadia visited Pakistan upon the death of the Quaid and then only once again in _____________ during the Musharraf era.,In 2002,In 2003,In 2004,In 2005,C
6307,When did the Soviet Union officially dissolve?,"On September 26, 1991","On December 26, 1991","On September 26, 1992","On December 26, 1992",B
6308,The Khokhrapar border station is situated in the _________ district.,Sanghar,Tharparkar,Thatta,Matiari,B
6309,The Rabi season starts in October-December and ends in _______.,From April to May,From May to June,From June to July,None of these,A
6310,Who established the Mughal Dynasty:,Babar,Hamayun,Akbar,Qutb-ud-din Aibak,A
6311,The Shangla Pass connects ________.,Peshawar with Chitral,Upper Swat with Lower Swat,Bannu with Afghanistan,Gilgit with Kashgar,B
6312,When did Pervez Musharraf resign from the post of President?,"On August 18, 2008","On October 12, 2008","On September 10, 2008","On July 5, 2005",A
6313,Which American Ambassador died along with President Zia-ul-Haq in a plane crash in 1988?,Tom Simon,Robert Milam,Arnold Palmer,Arnold Raphel,D
6314,Noori Jam Tamachi is a famous Sindhi folk tale. Noori's grave is in the middle of _________ Lake.,Haleji,Manchar,Keenjhar,Hadero,C
6315,President Ayub Khan set up an Agricultural Commission headed by Akhtar Hussain in October _____________.,In 1958,In 1959,In 1960,None of these,B
6316,"The Treaty of Sèvres, made public in May 1920, dealt with the division of which empire?",British Empire,Ottoman Empire,Mughal Empire,Russian Empire,B
6317,"Who drafted the ""Wardha Scheme"" under the guidance of Gandhi:",Abul Kalam Azad,Dr Zakir Hussain,Lal Bahadur,None of these,B
6318,"Takht Bahi, an ancient historical site, is located in:",Punjab,Sindh,K.P.K.,Balochistan,C
6319,EBDO and PODO were promulgated by:,Liaquat Ali Khan,Ayub Khan,Yahya Khan,None of these,B
6320,When was the Muslim Students Federation established in Balochistan?,"On July 21, 1943","On July 21, 1944","On July 21, 1945","On July 21, 1946",A
6321,Sultana Raziya appointed an Ethiopian slave named Jalal-ud-din Yaqut to what position?,Governor of Bhatinda,Commander of Army,Personal attendant,Prime Minister,C
6322,Which is the largest public library in Pakistan?,Quaid-e-Azam Library,Liaquat Memorial Library,Allama Iqbal Library,Punjab Public Library,A
6323,Who was the President of Pakistan prior to Fazal Elahi Chaudhry?,Z. A. Bhutto,Zia-ul-Haq,Wasim Sajjad,Rafiq Tarar,A
6324,How many Muslim leaders were included in the Simla Deputation?,25,35,50,75,B
6325,Who presented the Flag of Pakistan for approval?,Quaid-i-Azam,Liaquat Ali Khan,Ch. Khaleeq-uz-Zaman,Jawaharlal Nehru,B
6326,"""Neither Hawk nor Dove"" is written by?",Shah Mahmood Qureshi,Agha Shahi,Mehmood Kasuri,None of these,C
6327,Which women played a role in the Lahore Resolution?,Begum Muhammad Ali Johar,Ra'ana Liaquat Ali Khan,Jahanara Shah Nawaz,None of these,A
6328,The oldest TV station in Pakistan is located in __________.,Islamabad,Peshawar,Lahore,Karachi,C
6329,Who founded Fort William College and where?,Lord Wellesley in Calcutta,Lord Warren Hastings in Delhi,Lord Mountbatten in Bombay,Lord North in Madras,A
6330,"The State Bank of Pakistan started working on July 1, 1948, with an initial paid-up capital of __________ rupees.",Twenty Million,Thirty Million,Twenty Billion,Thirty Billion,C
6331,The first general election was held in Pakistan in?,1956,1973,1970,None of these,C
6332,"During the period of ""One Unit,"" who was the first governor of West Pakistan?",Ameer Muhammad Khan,Muhammad Sharif Khan,Akhtar Hussain,Mushtaq Ahmad Gurmani,D
6333,The capacity of the Neelum-Jhelum Hydropower Plant is?,769 MW,869 MW,969 MW,None of these,C
6334,Under which Article of the 1973 Constitution was the Supreme Court of Pakistan established?,170,172,173,175,D
6335,Pakistan Military Academy is located in the city of:,Abbottabad,Lahore,Quetta,None of these,A
6336,"PM Imran Khan launched the ________ mobile app on Jan 2, 2020, to control drug abuse?",Safe Citizen app,Zindagi app,Danger of drug app,None of these,B
6337,Zulfiqar Ali Bhutto started his political career in the era of:,Ayub Khan,Yahya Khan,Iskander Mirza,Ghulam Muhammad,C
6338,Pakistan purchased Gwadar port from which country:,Saudi Arabia,Qatar,Oman,UAE,C
6339,Harappa is situated in:,Multan,Sahiwal,Bahawalpur,None of these,B
6340,Makli Necropolis was inscribed as a UNESCO World Heritage Site in:,1976,1979,1980,1981,D
6341,Lord Mountbatten communicated his government's plan for the transfer of power on __________.,"On January 3, 1947","On June 3, 1947","On June 3, 1948","On January 3, 1948",B
6342,Who is the current Chief of Air Staff?,Sohail Aman,Tahir Rafiq Butt,Mujahid Anwar,Zaheer Ahmad Babar Sidhu,D
6343,When was KANNUP (Karachi Nuclear Power Plant) established?,in 1970,in 1973,in 1971,in 1975,C
6344,The interim Government was formed in 1946. Who was the Prime Minister?,Pandit Nehru,F.M. Lord Wavell,Liaquat Ali Khan,None of the above,D
6345,In which year did Shah Jahan build the famous Shalamar Garden in Lahore?,In 1631,In 1642,In 1647,In 1655,B
6346,In which sector is the largest labor force employed in Pakistan?,Industry,Agriculture,Trade,Mines,B
6347,The Simla Agreement was signed in 1972 between India and Pakistan. What was the immediate context for this agreement?,To resolve the Siachen Glacier dispute.,To formally establish the Line of Control in Kashmir.,To agree on a framework for trade and cultural exchange.,To repatriate prisoners of war and settle territorial disputes after the 1965 war.,B
6348,How many schedules are there in the 1973 Constitution of Pakistan?,5,6,7,8,C
6349,The oldest University of Punjab is located in which city?,Multan,Lahore,Faisalabad,Gujranwala,B
6350,PTV started its coloured transmission in?,in 1972,in 1975,in 1976,None of these,C
6351,Attock Fort was built during the reign of which Mughal Emperor?,Akbar,Humayun,Shah Jahan,Aurangzeb,A
6352,"Sadiq Khan, Mayor of London, defeated which candidate in the recent election?",Shaun Bailey,Kam Balayev,Sian Berry,None of these,A
6353,Who founded the Madrassah Darul Uloom at Deoband?,Maulana Mehmood Nanotvi,Obaid Ullah Sindhi,Mehmood ul Hassan,Maulana Qasim Nanotvi,D
6354,"Who gave the title of ""Shair-e-Mashriq"" to Allama Muhammad Iqbal?",Maulana Zafar Ali Khan,Nawab Bahadur Jang,Maulana Mazhar-u-din,Maulana Shibli Naumani,B
6355,Who was the first President of Pakistan?,Ayub Khan,Ghulam Muhammad,Iskander Mirza,Quaid-e-Azam,C
6356,The Inspector General of Police is also known as:,CCPO,PPO,CPO,RPO,B
6357,What was the official language declared in the 1956 Constitution?,Urdu,Bengali,Hindi,Both a & b,D
6358,How many Olympic records does Usain Bolt have?,3 titles,4 titles,5 titles,6 titles,A
6359,"Quaid-e-Azam called Islam ""our bedrock and sheet anchor"" while addressing the __________.",Punjab Muslim Students Federation,Muslim Students of Peshawar,Indian Muslims,None of these,A
6360,When was the first regular session of the Muslim League held?,in November 1907,in September 1907,in December 1907,in August 1907,C
6361,The ________ sector is the biggest consumer of petroleum products in Pakistan.,Industry,Household,Transport,Power,C
6362,"Jinnah, India, Partition, Independence was written by:",Hector Bolitho,Dr. Ayesha Jalal,Jaswant Singh,Stanley Wolpert,C
6363,Where is the tomb of the Sufi poet Allan Faqeer?,Hyderabad,Jamshoro,Matiari,None,B
6364,When was the Federal Shariat Court established?,1975,1980,1985,2000,B
6365,The chairman and members of the local Zakat and Ushr committee shall hold office for:,2 years,3 years,5 years,6 years,B
6366,Which one of the following observations is not true about the Quit India Movement of 1942?,It was led by Mahatma Gandhi,It was an entirely non-violent movement,It was a spontaneous movement,It did not attract the labor class in general,B
6367,"Nadir Shah, King of Persia, conquered Delhi in:",1739,1764,1799,1800,A
6368,The Nehru Report was associated with creating a:,Constitutional Framework,Plan for economic development,Military strategy,Social reform agenda,A
6369,Who was the first secretary-general of Pakistan who worked under Liaquat Ali Khan?,Chaudhry Muhammad Ali,Iskander Mirza,Ghulam Muhammad,Aziz Ahmed,A
6370,Pakistan uses palm oil in Banaspati Ghee industry. From which country is palm oil mainly imported:,China,Brazil,USA,Malaysia,D
6371,PS stands for __________.,Pastel Support,Pay Service,Province of Sindh,Parliament Staff,C
6372,Who died in 1901?,Lord Ripon,Sir Syed Ahmad Khan,Queen Victoria,Lord Curzon,C
6373,"Islamia College, Peshawar was founded in:",1947,1916,1913,None of these,C
6374,The Southeast Asia Treaty Organization (SEATO) was established as a collective defense treaty on ________.,In 1957,In 1954,In 1944,In 1959,B
6375,"""Fort William College"" was established at Calcutta in:",in 1700,in 1757,in 1600,in 1800,D
6376,"Before the partition of India in 1947, how many Princely States existed?",480,360,562,670,C
6377,The Urdu-Hindi Controversy started in?,1867,1857,1958,None of these,A
6378,Which country opposed Pakistan's membership in United Nations:,Iran,Egypt,Afghanistan,Malaysia,C
6379,Zardak' is the highest peak of the __________ range.,Karakoram Range,Sulaiman Range,Kirthar Range,Hindu Kush Range,C
6380,MAO College was founded by whom?,Hakeem Ajmal,Syed Ahmed Shaheed,Sir Agha Khan,Syed Ahmed Khan,D
6381,Line of Actual Control (LAC) is a disputed borderline between:,China and India,China and Pakistan,India and Pakistan,None of these,A
6382,Where is the tomb of Emperor Jahangir located?,Delhi,"Shahdara, Lahore","Sikandra, Agra",Sirhind,B
6383,"In Kashmir, when was the ceasefire between Pakistan and India, monitored by the UN, signed?","On July 27, 1948","On July 27, 1949","On July 27, 1950",None of these,B
6384,Which of the following is the most important duty of the Prime Minister as described in the 1973 Constitution?,Administration of the country,To maintain law and order,Legislation for the country,Defense of the country,A
6385,The military campaign in the Bajaur region of Pakistan in 2008 was named:,Operation Rah-i-Haq-I,Operation Sherdil,Operation Raah-e-Mustaqeem,Operation Brekhna,B
6386,The Jalali calendar was founded by:,Omar Khayyam,Ibn Al Haitham,Jalal ud Din,None of these,A
6387,When did Allama Shibli Nomani die:,"on Aug 18, 11","on Sep 18, 12","on Oct 18, 13","on Nov 18, 14",D
6388,The Geneva Accord (on Afghanistan) was between Pakistan and?,Iran,Afghanistan,Türkiye,None of these,B
6389,"When Pakistan applied for UN membership, which country was the only one to oppose it?",India,USSR,Afghanistan,Iran,C
6390,Quaid's 14 points were presented in response to the:,Nehru Report,Simon Commission,Lucknow Pact,Cripps Mission,A
6391,Right of Separate Electorate was first granted to Muslims in the sub-continent:,Minto-Morley Reforms,Montagu-Chelmsford Reforms,Govt. of India Act 1935,None of above,A
6392,Almost how many languages are spoken in Pakistan?,10,20,30,50,C
6393,Pakistan's first coin was issued on _________.,"On June 3, 1948","On June 6, 1949","On January 3, 1948",None of these,C
6394,The Indus River falls into the __________.,Arabian Sea,Cape Monze,Makran Coast,None of them,A
6395,Who was the Prime Minister of India at the time of the Tashkent Agreement?,Lal Bahadur Shastri,Indira Gandhi,Atal Bihari Vajpayee,Rajiv Gandhi,A
6396,"What is the length of the Indus Highway (N-55), which runs from Karachi to Peshawar?","1,225 km","1,264 km","1,280 km","1,295 km",B
6397,When was Quaid-e-Azam first appointed as a temporary Third Presidency Magistrate in Bombay?,1900,1902,1903,None of these,A
6398,Which province of Pakistan has cultural roots in line with the Indus Valley Civilization?,Punjab,Sindh,KPK,Balochistan,B
6399,"Noori Jam Tamachi is Sindh's famous story, Noori's grave is around the _________ Lake.",Haleji,Manchar,Keenjhar,Hadero,C
6400,Who was the first Governor-General of Pakistan?,Quaid-e-Azam Muhammad Ali Jinnah,Iskander Mirza,Khawaja Nazimuddin,Ghulam Muhammad,A
6401,Who was the first headmaster (Sadr-ul-Mudarrisin) of Darul Uloom Deoband?,Haji Aabid Hussain,Maulana Muhammad Yaqub Nanautawi,Maulana Zulfiqar Ali,None of these,B
6402,The building of the Supreme Court in Islamabad was designed by a _________ architect.,Turkish,Greek,Japanese,Pakistani,C
6403,"The Mahabat Khan Mosque, built in 1643, is in which district of KPK?",Swat,Peshawar,Abbottabad,Mardan,B
6404,"Renowned journalist, columnist and intellectual Dr. Ajmal Niazi passed away on:",on 18th October 2021,on 18th October 2022,on 18th October 2023,None of these,A
6405,Indian prime minister Narendra Modi makes surprise stopover in Pakistan for first time in:,on 25th December 2015,on 25th November 2015,on 25th October 2015,on 25th January 2015,A
6406,What was the duration of Quaid-e-Azam's membership in both the Muslim League and Congress?,5 years,4 years,11 years,7 years,D
6407,Bal-e-Jibril' and 'Bang-e-Dara' were authored by ____________.,Shah Waliullah,Allama Iqbal,Al-Ghazali,None of these,B
6408,Qutbuddin Aibak laid the foundation of the Qutb Minar in memory of which Sufi saint?,Data Ganj Bakhsh,Moinuddin Chishti,Nizamuddin Auliya,Qutbuddin Bakhtiar Kaki,D
6409,Mir Qamaruddin Khan founded the Asaf Jahi Dynasty in Hyderabad Deccan in which year?,In 1707,In 1724,In 1739,In 1747,B
6410,What was the judgment of the Sindh Chief Court in the case regarding the dissolution of the first Constituent Assembly?,The dissolution is valid,The dissolution is void (illegal),The petition is dismissed,The case is referred to federal courts,B
6411,The Indian National Congress was founded by:,Mr. Gandhi,Abul Kalam Azad,Motilal Nehru,None of these,D
6412,Who is called the 'father of modern Sindhi prose'?,Shams-ul-Ulema Mirza Qaleech Beg,Dr. Nabi Bakhsh Baloch,Dr. Ghulam Ali Allana,None of these,A
6413,Who was the first ruler of the Delhi Sultanate?,Ibrahim Lodhi,Qutb-ud-din Aibak,Muhammad Ghauri,Sikandar Lodhi,B
6414,The largest district of Azad Jammu & Kashmir by area is the __________.,Poonch District,Muzaffarabad District,Neelum District,None of these,C
6415,Who was the Finance Minister in the 1946 Interim Government?,Jawaharlal Nehru,Baldev Singh,Liaquat Ali Khan,Abdur Rab Nishtar,C
6416,Humayun received the Koh-i-Noor diamond from ________.,The ruler of Jodhpur,The ruler of Bikaner,Sher Shah Suri,The ruler of Gwalior,D
6417,Which is the highest peak of the Himalayas range in Pakistan?,Tirich Mir,Nanga Parbat,K2,None of these,B
6418,In which year did Sir Syed travel to England with his son Mahmud?,1867,1869,1870,1875,B
6419,The 1973 Constitution set up a ________ legislature.,Bicameral,Tri-cameral,Unicameral,None of these,A
6420,When was the 1973 constitution enforced?,on 23rd March,on 15th May,on 14th August,None of these,C
6421,The Muztagh Pass connects ________.,Hunza with Gilgit,Baltistan with Yarkand,Bannu with Afghanistan,Gilgit with Kashgar,B
6422,What was the purpose of Pitt's India Act 1784?,To expand British territories,To regulate British trade routes,To rectify defects of the Regulating Act of 1773,To abolish the Governor General position,C
6423,"In 1526, the Mughal Empire was founded by:",Babar,Shah Jahan,Akbar,None of these,A
6424,The Kargil War was fought in which year?,1994,1997,1999,2001,C
6425,Who had the shortest tenure as president of Pakistan?,Iskander Mirza,Zulfikar Ali Bhutto,Fazal Ilahi Chaudhry,Muhammad Mian Soomro,B
6426,Which Muslim leader said about the Quit India Movement that it was an anti-Muslim action of Congress?,Quaid-e-Azam,Liaquat Ali Khan,Fazl-ul-Haq,None of these,A
6427,"Dr. Abdul Qadeer Khan was born on April 1, 1936, in:","Delhi, British India","Bhopal, British India","Lahore, British India","Lucknow, British India",B
6428,The third largest city of Pakistan according to the 2017 census is:,Sialkot,Lahore,Rawalpindi,None of these,D
6429,Sindh was conquered by Muhammad bin Qasim during the __________ period.,Umayyad Caliphate,Abbasid Caliphate,Tulunid Dynasty,Idrisid Dynasty,A
6430,How many Pakistanis have won the Nobel Prize for Physics?,1 (Dr. Abdus Salam in 1979),2,3,None of these,A
6431,Keti Bundar is located in:,Punjab,Sindh,KPK,Balochistan,B
6432,The Wazir Khan Mosque was commissioned during the reign of _________.,Shah Jahan,Aurangzeb,Akbar,None of these,A
6433,Pakistan is located in which continent?,Europe,Asia,Africa,None of these,B
6434,Nawaz Sharif became Prime Minister of Pakistan for the second time in:,in February 1996,in February 1997,in January 1997,in None of these,B
6435,The Kori Creek is in which district?,Badin,Thatta,Karachi,Gwadar,B
6436,Malala Yousafzai graduated from which university:,Stanford,Oxford,Cambridge,None of these,B
6437,Goldsmid Line is the border between __________.,China & India,China & Bhutan,Pakistan & Iran,China & Taiwan,C
6438,"The book 'Gold and Guns on the Pathan Frontier', published in 1945, was banned in 1947 in NWFP by __________.",Dr. Khan Sahib,Abdul Qayyum Khan,Abdur Rauf Seemab,Khan Abdul Ghaffar Khan,B
6439,Which Caliph granted Hajjaj bin Yusuf permission to launch a major campaign against Dahir?,Suleman bin Abdul Malik,Yazid bin Abdul Malik,Waleed bin Abdul Malik,Umar bin Abdul Aziz,C
6440,Who represented Pakistan in the signing of the Indus Water Treaty of 1960?,Iskander Mirza,President Ayub Khan,Zulfiqar Ali Bhutto,Huseyn Shaheed Suhrawardy,B
6441,Quaid-e-Azam left the Congress in:,1913,1920,1906,1919,B
6442,"According to the 1973 Constitution, what is the term of office for the President?",6 years,5 years,4 years,3 years,B
6443,Iran lies to the _______ of Pakistan.,South-East,South-West,South-North,East-West,B
6444,Which Pakistani cricketer was awarded Sitara-e-Imtiaz after his death?,Khalid Wazir,Zafar Sarfraz,Akhtar Sarfraz,Abdul Qadir,D
6445,"Which ""dream city"" was founded by Emperor Akbar?",Fatehpur Sikri,Agra,Sikandra,Amritsar,A
6446,Who was awarded the Lenin Prize?,Dr. Abdul Salam,Zulfikar Ali Bhutto,Faiz Ahmed Faiz,Wasif Ali Wasif,C
6447,During which period did Akbar make Lahore the capital of the Mughal Empire?,from 1556 to 1566,from 1570 to 1585,from 1599 to 1605,from 1585 to 1599,D
6448,Shaikh Ahmad Sarhindi (Mujaddid Alf Sani) died on __________.,In 1620,In 1621,In 1622,In 1624,D
6449,"The term of the President of Pakistan, according to the 1973 constitution, is?",4 years,5 years,6 years,7 years,B
6450,Nawabshah District in the province of Sindh was renamed in September 2008 as _____ District.,Shaheed Zulfiqar Ali Bhutto,Abdul Qadeer Khan,Altaf Hussain,Shaheed Benazirabad,D
6451,"In a recent report, Pakistan ranked ________ out of 144 countries on the Global Gender Gap Index.",140,143,142,137,B
6452,The 'Great Granary' of the Indus Valley Civilization has been discovered at ____________.,Harappa,Mohenjo-Daro,Kalibangan,Lothal,B
6453,Hujjat Allah Al Baligha was written by?,Sir Syed Ahmad Khan,Shah Waliullah,Syed Ahmad,None of these,B
6454,How many Round Table Conferences were attended by Allama Iqbal?,1,2,3,None,B
6455,"After the War of Independence of 1857, the British Government assumed control of India through the _____________.","Indian Councils Act, 1861",Queen's Proclamation of 1858,"Queen's Order, 1857","East India Company Order, 1858",B
6456,"The Residency of Quaid-e-Azam in Ziarat, where he stayed during the last days of his illness, was built in:",1892,1882,1883,1884,A
6457,Where is Ch. Rehmat Ali buried?,Cambridge (London),Makkah,Delhi,Karachi,A
6458,What is the length of the common border between India and Pakistan?,900 miles,"1,000 miles","1,100 miles",None of these,D
6459,Which Viceroy had the longest tenure in India?,Lord Curzon,Hardinge,Ripon,Linlithgow,D
6460,The All India Khilafat Committee was formed on:,on 5 July 1919,on 10 August 1920,on 15 September 1918,on 20 October 1920,A
6461,Mir Shahdad Jo Qubo (Tomb of Mir Shahdad Talpur) is in _________.,Mithi,Khipro,Shahpur Chakar,Matiari,C
6462,Chilam Joshi is the festival of:,Dir,Kalash,Skardu,Hunza,B
6463,"What is the meaning of ""Zarb-e-Azb""?",Long Strike & Swift,Swift & Sharp Strike,Fast Strike & Sharp,Sharp & Cutting Strike,D
6464,When was the province of North-West Frontier Province (NWFP) set up?,In 1901,In 1897,In 1898,In 1905,A
6465,The term and tenure of Senate membership is _____ years.,4 years,5 years,6 years,None of these,C
6466,"In 1992, the Pakistan cricket team won the World Cup; the captain was:",Zaheer Abbas,Miandad,Mohsin Hasan Khan,Imran Khan,D
6467,The Persian poet Farrukhi Sistani wrote which 'Qasida' in the honour of Sultan Mahmud?,Qasida Burda,Qasida Hind,Qasida Lahore,Qasida Somnath,D
6468,Which two famous ulema were involved in the Silk Letter Conspiracy?,Maulana Azad and Maulana Maududi,Maulana Mahmood-ul-Hasan and Maulana Obaidullah Sindhi,Maulana Muhammad Ali Johar and Maulana Shibli Nomani,Sir Syed Ahmad Khan and Maulana Mahmood-ul-Hasan,B
6469,The Anti-Money Laundering Act was enforced in:,2008,2010,2016,None of these,B
6470,"Which city name of Pakistan means ""The Forest in the Sky""?",Hunza,Chilas,Shugran,Gilgit,C
6471,Who was the first female member of parliament in Pakistan?,Begum Ra'ana Liaquat Ali Khan,Begum Shaista Ikramullah,Fatima Jinnah,Benazir Bhutto,B
6472,The Shahi Qila in Lahore was built by Akbar in which year?,In 1556,In 1585,In 1566,In 1599,C
6473,"The first space satellite, Badr-1, was launched by Pakistan in ______.",In 1991,In 1990,In 1989,In 1992,B
6474,Allama Iqbal died on:,on 21 April 1938,on 21 March 1938,on 21 May 1938,None of these,A
6475,Agra city was founded by _______.,Bahlul Khan Lodhi,Ibrahim Lodhi,Malik Sultan Shah Lodi,Sikandar Lodhi,D
6476,"On September 23, 1958, Deputy Speaker Shahid Ali Patwari was fatally injured in the provincial assembly of _________.",East Bengal,Punjab,Balochistan,Sindh,A
6477,The Khalji Dynasty was founded in 1290 by whom?,Alauddin Khalji,Mubarak Khan Khalji,Omar Khan Khalji,Jalaluddin Malik Firuz Khalji,D
6478,How many votes from FATF members did Pakistan need to exit the grey list?,10,12,14,None of these,B
6479,Who is the author of 'Warrior Race: A Journey Through the Land of the Tribal Pathans'?,Zulfikar Ali Bhutto,Imran Khan,Pervez Musharraf,None of them,B
6480,Who was the Premier of Punjab at the time of the Lahore Resolution?,Sir Abdullah Haroon,Sir Sikandar Hayat,Maulvi Fazlul Haq,Sardar Aurangzeb,B
6481,What was the Muslim response to the Shuddhi and Sangathan movements called?,Tabligh and Tanzim,Khilafat,Moplah,Salt Satyagraha,A
6482,Why did the Muslim League reject the Nehru Report?,It was against Muslim interests,It was written in English,It was too long,It was supported by the British,A
6483,Baglihar Dam is constructed on river ____ in India:,Ravi,Beas,Sutlej,Chenab,D
6484,"In 1920, which of the following changed its name to the All India Home Rule League?",Swarajya Sabha,Hindu Mahasabha,Indian National Congress,None of these,A
6485,The Lahore Resolution was given by ____________.,Liaqat Ali Khan,Choudhary Rahmat Ali,A. K. Fazlul Huq,None of them,C
6486,First census in India was made in the period of:,Lord Curzon,Lord Canning,Lord Mayo,None of these,C
6487,Armaghan-e-Hijaz was written by ________.,Ghazali,Farabi,Allama Iqbal,Tusi,C
6488,"What was the main proposal of the Cabinet Mission Plan announced on May 16, 1946?",Division of India into two provinces,India divided into three groups,Immediate independence for India,Separate electorates for Muslims,B
6489,Who was the only Muslim member to oppose the Objectives Resolution of 1949 in the Constituent Assembly?,Mian Iftikharuddin,Mumtaz Daultana,Ayub Khuhro,Abdullah Haroon,A
6490,Pakistan initiated its National Identity Card System in:,in 1971,in 1972,in 1973,in 1974,C
6491,Council of Common Interests (CCI) is a constitutional body of Pakistan. Membership of CCI consists of:,"Prime Minister, all Provincial Chief Ministers and 3 members nominated by the Prime Minister","President, all Provincial Governors and Chief Ministers, Prime Minister and Minister for Inter-Provincial Coordination","President, Prime Minister, Chairman Senate, Provincial Chief Ministers and Chief of Army Staff","Prime Minister, Speaker National Assembly, all Chief Ministers and three Ministers",A
6492,Who was the founder of Khairpur state:,Mir Sohrab Khan,Mir Sher Muhammad Khan,Mir Muhammad Raza Khan,Mir Ali Murad Khan,A
6493,When was the first Pakistani Postal Stamp issued?,in August 1947,in January 1948,in July 1948,in August 1948,C
6494,Who was the Chief Minister of Balochistan with the shortest time in office in one go?,Sardar Attaullah Mengal,Aslam Raisani,Abdul Quddus Bizenjo,Zulfiqar Magsi,D
6495,Nili Ravi is a breed of:,Camel,Buffalo,Sheep,Deer,B
6496,When was the first census conducted in Pakistan?,1955,1951,1953,1954,B
6497,National anthem was written by:,Ahmed Ali Chagla,Hafiz Jullundhri,Faiz Ahmed Faiz,Josh Malihabadi,B
6498,"According to the 1973 Constitution, the head of government is the ______________.",President,Prime Minister,Governor,Speaker of NA,B
6499,The power generation capacity of proposed Kalabagh dam is:,2400 MW,3600 MW,4500 MW,1100 MW,B
6500,A gathering of 35 prominent Indian Muslim leaders led by the Aga Khan III at the Viceregal Lodge in ______ in 1906.,Delhi,Dhaka,Simla,Kolkata,C
6501,"After Sir Agha Khan, the next President of All India Muslim League was __________.",Viqar-ul-Mulk,Maulana Zafar Ali Khan,Raja Sahib of Mahmudabad,Mian Muhammad Shafi,C
6502,The majority of the existing structure of the Great Wall of China was constructed during the:,5th - 6th CE,14th - 17th CE,9th - 12th CE,11th - 15th CE,B
6503,Who wrote 'The Indus Saga and the Making of Pakistan'?,Aitzaz Ahsan,K.K. Aziz,Chaudhry Muhammad Ali,Chaudhry Khaliquzzaman,A
6504,The Duddar Lead-Zinc mine is situated in Balochistan's __________ district.,Sibi,Lasbela,Bolan,Qilla Abdullah,B
6505,Jahangir Khan won Squash Championship 10 times:,World Open,British Open,Olympics,Asian Open,B
6506,Name the language in which the Holy Quran was translated for the first time in India.,Punjabi,Sindhi,Persian,Balochi,B
6507,When was the Simla Agreement signed between India and Pakistan?,1948,1965,1971,1972,D
6508,"The highest peak of the Suleiman Range, Takht-e-Sulaiman, is approximately _________ high.","11,440 ft","2,200 ft","3,300 ft","3,487 ft",A
6509,"At present, Pakistan has vast natural resources and as many as ________ mineral items.",14,15,16,None of these,D
6510,The ruins of Harappa are situated in the ________ district.,Multan,Okara,Lahore,Sahiwal,D
6511,The Pak-China border dispute was settled in?,1961,1960,1962,None of these,D
6512,How much area of the original state of Jammu and Kashmir is controlled by Pakistan?,25 percent,35 percent (Approx.),40 percent,45 percent,B
6513,Benazir Bhutto was born on ___________.,"On June 21, 1953","On December 27, 1960","On June 22, 1958","On July 21, 1952",A
6514,Who was the shortest-serving Chief Justice of Pakistan?,Mohammad Haleem,Muhammad Shahabuddin,Mian Abdur Rashid,Iftikhar Muhammad Chaudhry,B
6515,The Third Battle of Panipat was fought between:,Akbar and Hemu,Ahmad Shah Abdali and Marathas,Babar and Ibrahim Lodhi,None of these,B
6516,"'At which session of the AIML did Allama Iqbal present his ""Allahabad Address""?",19th annual session,20th annual session,21st annual session,22nd annual session,C
6517,Captain Muhammad Sarwar was martyred in which war?,1965 Indo-Pak War,1971 Indo-Pak War,1948 Indo-Pak War,1999 Kargil War,C
6518,"An avalanche hit a Pakistan army base, killing 140 soldiers and civil contractors on:","on Apr 6, 12","on Apr 7, 12","on Apr 8, 12",None of these,B
6519,Masjid Wazir Khan was built which century?,16th Century,17th Century,18th Century,19th Century,B
6520,"Who started ""Comrade"" from Calcutta?",Maulana Zafar Ali Khan,Maulvi Abdul Haq,Maulana Muhammad Ali Johar,None of these,C
6521,Who was the first Shaheed in the Pakistan movement?,Ghazi Ilm Din,Muhammad Suleman Shah,Muhammad Maalik,None of these,B
6522,The National Program for Family Planning and Primary Healthcare was launched in__________.,In 1979,In 1989,In 1994,In 2004,C
6523,When did Pakistan join the Shanghai Cooperation Organization (SCO) as a full member?,2017,1996,2000,None of these,A
6524,The Taunsa Barrage was constructed in ________.,In 1980,In 1979,In 1984,In 1958,D
6525,First session of All-India Muslim League was held on 29-30 December 1907. where was it held?,Lahore,Aligarh,Karachi,None of these,C
6526,What reforms did the Montagu-Chelmsford announcement in 1919 bring?,Salt Satyagraha,Diarchy system,Separate electorate,Home Rule,B
6527,When was the announcement made from Delhi for setting up a Constituent Assembly for Pakistan?,in May 1947,in June 1947,in July 1947,in August 1947,C
6528,Who was the leader of the Young Bengal Movement?,Raja Ram Mohan Roy,Henry Vivian Derozio,David Hare,Debendranath Tagore,B
6529,Paradise Point in Sindh is located in __________.,Sukkur,Larkana,Thatta,Karachi,D
6530,Who was the First President of the Pakistan Muslim League in 1949?,Ch. Pervaiz Elahi,Yaha Khan,Ch. Khaliquzzaman,None of them,C
6531,"Who coined the word ""Pakistan"" in 1933?",Muhammad Ali Jinnah,Chaudhry Rehmat Ali,Allama Iqbal,Liaquat Ali Khan,B
6532,Shoaib Akhtar bowled the fastest recorded delivery during the Cricket World Cup in 2003. Against which team was Pakistan playing when this happened?,England,West Indies,New Zealand,Sri Lanka,A
6533,Malik Ishaq was associated with which organization?,Lashkar-e-Taiba,Sipah-e-Sahaba Pakistan (SSP),Lashkar-e-Jhangvi (LeJ),Tehreek-e-Taliban Pakistan (TTP),C
6534,When did Quaid-e-Azam join the All India Muslim League?,1906,1913,1917,None of these,B
6535,In which year did Pakistan become a 'Republic'?,In 1947,In 1956,In 1962,None of these,B
6536,Banaras Institute was the first practical step taken against:,Urdu,Bengali,Persian,English,A
6537,The second name of Khojak Pass is _______.,Toba Chaman,Toba Afghanistan,Toba Kaker,None of them,C
6538,Sir Syed Ahmad Khan set himself to the task of protecting which language?,Arabic,Urdu,Farsi,Hindi,B
6539,Mohmand Dam is proposed to be constructed on ________ River.,Indus River,Ravi River,Swat River,None,C
6540,When was the first postal stamp issued in Pakistan?,in 1947,in 1948,in 1949,in 1950,B
6541,At what age was Muhammad bin Qasim put to death?,Seventeen (17),Twenty-five (25),Thirty (30),Twenty (20),D
6542,When did Pakistan purchase Gwadar from Oman?,in September 1958,in February 1958,in September 1957,in March 1959,A
6543,The head of the Senate is named as _____.,President,Speaker,Chairman,None of these,C
6544,"After the death of Sultan Mahmud in 1030 AD, who became the next Sultan?",Ismail,Malik Ayaz,Mas'ud,Sabuktigin,A
6545,Quaid-e-Azam started practice in which city of the subcontinent?,Delhi,Calcutta,Bombay,Dhaka,C
6546,Who constructed five canals to alleviate water scarcity in the Delhi Sultanate?,Alauddin Khalji,Ghiyas-ud-Din Tughlaq,Feroz Shah Tughlaq,Akbar,C
6547,Which is the oldest forest in Pakistan?,Changa Manga,Juniper Forest of Ziarat,Chitral Gol,Chichawatni,B
6548,What was Tipu Sultan's real name?,Haider Ali,Fateh Ali Khan,Mir Sadiq,Kharak Singh,B
6549,The 22nd Amendment to the 1973 Constitution of Pakistan is related to the ____________.,Pakistan Army trial courts,Powers of the Election Commission,Related to the NRO,Not made yet,B
6550,Khabikki Lake is in district _________.,Lahore,Peshawar,Khushab,Rawalpindi,C
6551,Viceroy Lord Curzon announced the plan to divide Bengal on _________.,"On May 19, 1905","On June 19, 1905","On July 19, 1905",None of these,C
6552,Who among the following took part in all Round Table Conferences?,Gandhi,B.R. Ambedkar,Tej Bahadur Sapru,Both B & C,D
6553,When was the All-India Muslim League established?,In 1906,In 1916,In 1917,In 1918,A
6554,"Gwadar became part of Pakistan on September 8, ____________.",In 1949,In 1955,In 1958,In 1972,C
6555,How many Ulema from different shades of union participated in a convention that gave 22 Points in 1951?,11,21,31,41,C
6556,Pakistan purchased Gwadar from Muscat (Oman) in which year?,1947,1958,1962,1977,B
6557,M.A.O. College was established in 1877 to:,Mobilize Muslims,Activate Students for Protest,Make Muslims abreast of modern knowledge,None of the above,C
6558,When was Quetta destroyed by an earthquake in 1935?,on 31-May,on 28-May,on 17-May,on 1-May,A
6559,The first Barani University was established at:,Hyderabad,Karachi,Rawalpindi,Lahore,C
6560,The Agra conference was held between Pakistan and India in:,1999,2000,2001,2002,C
6561,"Hassan Ali Effendi established ""Sindh Muhammaden Association"" on the advice of __________.",Quaid-e-Azam,G. M. Bhurgiri,Justice Syed Ameer Ali,Molana Ubaidullah Sindhi,C
6562,A person appointed as Chief Election Commissioner shall hold office for a term of:,3 years,5 years,7 years,None of these,B
6563,The Lahore Resolution was supported from Balochistan Province by:,Nawab Akbar Bugti,Qazi Muhammad Isa,Khan of Kalat,Jam Ghulam Qadir Khan,B
6564,"The Indus Waters Treaty, signed on September 19, 1960, between India and Pakistan, was brokered by:",World Bank,United Nations,IMF,WHO,A
6565,In which year did Pakistan leave the Commonwealth?,in January 1972,in January 1971,in January 1973,in January 1974,A
6566,Moinuddin Ahmed Qureshi became caretaker Prime Minister of Pakistan in:,in May 1992,in July 1993,in September 1994,in October 1995,B
6567,"Which significant act received Royal Assent on August 4, 1935?","Government of India Act, 1935",Simon Commission Report,Poona Pact,Communal Award,A
6568,When was Indira Gandhi shot by her two Sikh security personnel?,in October 1984,in December 1984,in November 1985,in July 1985,A
6569,The Resolution was supported from Punjab by:,Sir Sikandar Hayat Khan,Khizar Hayat Tiwana,Maulana Zafar Ali Khan,Mian Iftikharuddin,C
6570,Punjab has 9 divisions and _________ districts.,32,36,34,None of these,B
6571,The Shandur Polo Festival is held every year in which month?,May,June,July,None of these,C
6572,When did Allama Iqbal go to England for higher studies?,1900,1905,1911,1916,B
6573,"Who was the first Muslim Governor of Lahore, appointed by the Ghaznavids?",Malik Ayaz,Meer Fayyaz,Allah Dino Boland,Agha Kuttab,A
6574,Muhammad Rafiq Tarar was the ________ president before Pervez Musharraf.,14th,12th,4th,9th,D
6575,Which was the first five-year plan implemented in Pakistan?,from 1950 to 1955,from 1955 to 1960,from 1960 to 1965,from 1965 to 1970,B
6576,Sultan Mahmud's last and seventeenth expedition was undertaken against whom?,The Rajputs,The Gakhars,The Jats,The Marathas,C
6577,Who was the author of the ten-volume comprehensive history of the Ghaznavids entitled 'Tarikh-i-Baihaqi'?,Abul Fazl Baihaqi,Utbi,Farrukhi Sistani,Al-Biruni,A
6578,The first Governor of West Punjab was:,Akhtar Hussain,Sir Francis Mudie,Sardar Abdur Rab Nishtar,Muhammad Sharif Khan,B
6579,What did Quaid-i-Azam offer to surrender in the Delhi Muslim Proposals of 1927?,Right to boycott British goods,Right of separate electorate for Muslims,Right to form political parties,Right to vote in general elections,B
6580,The constitution of India was framed by the constituent Assembly under,August offer of 1940,Cripps proposal of 1942,Cabinet Mission Plan of 1946,Shimla Conference of 1945,C
6581,Kashmiri leader Maqbool Butt was martyred in which year?,1984,1985,1986,1987,A
6582,What organization was formed in 1903 for the progress of Urdu?,Anjuman-i-Himayat-i-Islam,Anjuman-i-Taraqqi-i-Urdu,All India Muslim League,Muhammadan Anglo-Oriental Defence Association,B
6583,"Which monument is inscribed on the back of a 5,000 rupee note?",Faisal Mosque,Badshahi Mosque,Minar-e-Pakistan,None of these,A
6584,What was the main feature of the Lucknow Pact?,Congress agreed to the partition of India,The Muslim League gave up the demand for separate electorates,Congress accepted the separate electorate system,A joint demand for complete independence was made,C
6585,"Amjad Sabri, assassinated on 22 June 2016, was the son of Ghulam Fareed Sabri. Name the brother of Ghulam Fareed Sabri, with whom he formed one of the most famous Qawwali parties in Pakistan:",Maqbool Sabri,Raziuddin Sabri,Ayaz Sabri,Rahat Sabri,A
6586,The Durand Line lies between Pakistan and:,Iran,Afghanistan,China,India,B
6587,Who formally appoints the Chief Justice of Pakistan?,The Prime Minister,The President,The Chief Election Commissioner,The Chairman of the Senate,B
6588,Which Hindu leader started a movement against the Partition of Bengal?,Surendranath Banerjee,Raja Ram Mohan Roy,Dayananda Saraswati,None of these,A
6589,When was the Durand Line established?,In 1905,In 1900,In 1885,In 1893,D
6590,Sohail Waraich is a famous?,Actor,Journalist,Scientist,Politician,B
6591,"Which constitutional document is often referred to as the 'first constitution' of Pakistan, even though it was an interim framework?",The Constitution of 1956,The Objectives Resolution of 1949,"The Government of India Act, 1935","The Legal Framework Order, 1970",C
6592,The Supreme Judicial Council consists of _________.,The Chief Justice of Pakistan,The two next senior-most judges of the Supreme Court,The two senior-most Chief Justices of High Courts,All of these,D
6593,"Minhaj-us-Siraj, who was patronized by Iltutmish, was the author of which famous book?",Tarikh-i-Mubarak Shah,Taj-ul-Massir,Tabaqat-i-Nasiri,Kashf-ul-Mahjoob,C
6594,Sir Sikandar Hayat Khan was the Premier of which province of British India?,Punjab,Sindh,KPK,Balochistan,A
6595,Where was Liaquat Ali Khan buried?,Karachi near Quaid,Lahore,Rawalpindi,Islamabad,A
6596,Which Indian personality won Nishan-e-Pakistan?,Pranab Mukherjee,Nehru,Morarji Desai,None of the above,C
6597,Who is called the Frontier Gandhi?,Khan Abdul Ghaffar Khan,Khan Abdul Jabbar Khan,Abdul Khan,None of these,A
6598,"The world's highest polo ground, ""Shandur"", is located in the ___________ District.",Lahore,Swat,Chitral,Gilgit,C
6599,"The Iran-US Nuclear Deal (""JCPOA"") was signed in which year?",In 2012,In 2016,In 2015,In 2010,C
6600,"Although Iltutmish nominated his daughter as his successor, the nobles placed his eldest son on the throne, named ____?",Bahram Shah,Nasiruddin Mahmud,Ruknuddin Firuz,Kaiqabad,C
6601,Pakistan officially joined the United Nations (UN) on:,on 30 March 1947,on 30 September 1947,on 30 August 1947,on 30 October 1947,B
6602,The State Bank of Pakistan was established on ____________.,"On June 30, 1948","On June 29, 1948","On June 28, 1948","On July 1, 1948",D
6603,A committee consisting of how many members was set up to draft the constitution of the Muslim League?,50,30,70,60,D
6604,The tomb of Khwaja Farid is in:,Kot Mitthan,Pak Patan,Multan,Jhang,A
6605,Who was the first student of Darul Uloom Deoband?,Maulana Shibli Nomani,Maulana Mahmud-ul-Hasan,Both A and B,None of these,B
6606,The famous fruit of Larkana is the ________.,Banana,Orange,Apple,Guava,D
6607,The University of Baltistan is situated in ___________.,Gilgit,Skardu,Astore,Ghanche,B
6608,Which Pakistani actor worked in the Indian movie Mom?,Fawad Khan,Adnan Siddiqui,Adnan Ahmad,None of these,B
6609,"The Mughal emperor Akbar enforced his new religion, 'Din-i-Ilahi', in ____________.",In 1581,In 1582,In 1583,In 1584,B
6610,When did the Kargil crisis occur between Pakistan and India?,in 1991,in 1995,in 1999,in 1996,C
6611,When the Constitution of 1973 was proclaimed?,"On April 12, 1972","On March 23, 1973","On August 14, 1973",None of these,C
6612,Qadirabad Barrage is located on:,Ravi,Sindh,Chenab,None of these,C
6613,The Freedom War of 1857 was started from:,Delhi,Agra,Meerut,Madras,C
6614,Which organization is considered the first political body to represent the Muslims of the subcontinent as a whole?,Anjuman-e-Mussalmanan-e-Hind,Central National Muhammadan Association,Urdu Defence Association,None of these,B
6615,Zaibunnisa Street is located in which city?,Lahore,Karachi,Peshawar,Quetta,B
6616,Who was the Prime Minister of Pakistan when Martial Law was declared in 1958?,Huseyn Shaheed Suhrawardy,I. I. Chundrigar,Malik Feroz Khan Noon,Muhammad Ali Bogra,C
6617,The coronation ceremony of Qutbuddin Aibak in 1206 AD was held in which city?,Delhi,Ghazni,Lahore,Multan,C
6618,The First Battle of Panipat was fought between:,Akbar and Hemu,Afghans and Marathas,Babar and Ibrahim Lodhi,None of these,C
6619,When did Lord Mountbatten announce the partition plan?,on 12 May 1947,"on June 3, 1947",on 24 June 1947,on 4 August 1947,B
6620,The newly constructed Gomal Zam Dam is located in:,Gilgit Baltistan,FATA (KPK),AJK,Balochistan,B
6621,The 1962 Constitution of Pakistan was passed during the regime of _________.,Iskander Mirza,Ayub Khan,Yahya Khan,Ch. Muhammad Ali,B
6622,"Who presented fourteen points, apart from Quaid-e-Azam?",Maulana Muhammad Ali Jauhar,Allama Inayat Ullah Mashriqi,Allama Iqbal,None of these,D
6623,Sher Shah Suri is buried in __________.,Akora Khattak,Sasaram,Umerkot,Paktia,B
6624,Emperor Aurangzeb died in the year 1707 in which city?,Delhi,Aurangabad,Ahmadnagar,Khuldabad,C
6625,Under which article of the 1973 Constitution is any law inconsistent with or in derogation of Fundamental Rights to be void?,Article 8,Article 9,Article 7,Article 10,A
6626,The total number of seats in the Punjab Assembly is _________.,371,240,400,250,A
6627,The Karakoram Highway (KKH) passes through which mountain range?,Himalayas,Hindu Kush,Karakoram,Pamir,C
6628,"Nawab Malik Amir Mohammad Khan, also known as the Nawab of Kalabagh, was governor of West Pakistan in 1960. He was from:",Bahawalpur,Mianwali,Mirpur Khas,D.I. Khan,B
6629,Mahmud of Ghazni began waging war against the rebellious territories of India in the year _________.,in 990 AD,in 1000 AD,in 1100 AD,None of these,B
6630,The first Agriculture University of Pakistan is the _________.,"University of Agriculture, Faisalabad","University of Agriculture, Peshawar","University of Agriculture, Multan",None of these,A
6631,Who is the newly appointed DG of ISPR of the Pakistan Army?,Lt. General Asim Saleem Bajwa,Major General Babar Iftikhar,Major General Asif Ghafoor,Major General Ahmed Sharif Chaudhry,D
6632,British sell Kashmir to which Maharaja:,Maharaja Hari Singh,Maharaja Maan Singh,Maharaja Pratap Singh,Maharaja Gulab Singh,D
6633,When did Maulana Mohammad Ali Jauhar issue the 'Comrade' newspaper from Calcutta?,"On January 14, 1911","On January 15, 1911","On January 16, 1911",None of these,A
6634,Who was the first president of Pakistan?,Malik Ghulam Muhammad,Muhammad Ali Jinnah,Sikandar Mirza,Khawaja Nazimuddin,C
6635,"Lord Mountbatten, Governor General of India, addressed the Constituent Assembly of Pakistan on __________.","On Aug 11, 1947","On Aug 14, 1948","On Aug 14, 1947",None of these,C
6636,The foundation stone of the mausoleum of Quaid-e-Azam Mohammed Ali Jinnah was laid by Field Marshal Mohammed Ayub Khan on ________.,"On August 31, 1965","On March 30, 1960","On February 25, 1958","On July 31, 1960",D
6637,Which city of Sindh is famous for 'Palla' fish?,Dadu,Jamshoro,Hala,Sukkur,B
6638,"Which princely state was invaded by the Indian Army on September 13, 1948, under 'Operation Polo'?",State of Hyderabad Deccan,State of Jammu and Kashmir,State of Manavadar,State of Junagadh,A
6639,Where is the Warsak Dam of Pakistan situated?,Khyber Pakhtunkhwa,Punjab,Sindh,Balochistan,A
6640,The book 'Tarikh-i-Yamini' was written by which celebrated author?,Baihaqi,Utbi,Ferdowsi,Al-Biruni,B
6641,The Delhi Proposal was presented by:,Quaid-e-Azam,Allama Iqbal,Liaqat Ali Khan,None of these,A
6642,The first Pakistani Prime Minister to visit Russia was:,Liaquat Ali Khan,'Z. A. Bhutto,Nurul Amin,None of these,B
6643,The British sold Kashmir to Gulab Singh in:,1848,1876,1843,None of these,D
6644,How many years is a senator elected for in Pakistan?,04 years,06 years,07 years,None of these,B
6645,The National Assembly has _________ seats.,"268 general, 62 women, and 12 non-Muslim","270 general, 60 women, and 12 non-Muslim","270 general, 62 women, and 10 non-Muslim","272 general, 60 women, and 10 non-Muslim",D
6646,Paristan Lake is in the _________ district.,Muzaffarabad,Skardu,Peshawar,Rawalpindi,B
6647,Which association did Sir Syed found in 1893?,Muhammadan Anglo-Oriental Defence Association,Anjuman-i-Himayat-i-Islam,All India Muhammadan Educational Conference,Indian National Congress,A
6648,When did the All India Muslim League (AIML) celebrate Victory Day?,in December 1939,in March 1940,in August 1947,in January 1946,D
6649,When did Pakistan become a republic?,1947,1956,1962,1973,B
6650,Military assets were to be divided between Pakistan and India with a ratio of________.,36 percent and 64 percent,37 percent and 68 percent,40 percent and 60 percent,45 percent and 55 percent,A
6651,The Kandhkot gas field is located in:,"Haripur, KPK","Sheikhupura, Lahore","Kashmore, Sindh",None of these,C
6652,"'The famous Pakistani cricketer, Shahid Afridi, made a world record of the fastest hundred in just _ balls:",25,27,35,37,D
6653,In which year was a session of the Indian National Congress held on the bank of the River Ravi in Lahore?,1926,1929,1931,1933,B
6654,The Sino-Pakistan border agreement was signed in _________.,In 1963,In 1956,In 1965,In 1945,A
6655,"When was ""Salvation Day"" observed?","On December 21, 1939","On December 23, 1939","On December 20, 1939","On December 22, 1939",D
6656,What is Pakistan's biggest export?,Textiles,Handmade Carpets,Leather and leather products,Sports Goods,A
6657,The length of the Pakistan and Afghanistan border is ____.,2252 KM,2430 KM,2052 KM,None of these,B
6658,A member of the Gilgit-Baltistan Assembly is called ________.,LA,MPA,MLA,Both B & C,D
6659,Poet Shah Abdul Kareem Bulriwaro was born in __________.,Umerkot,Sanghar,Matiari,Sukkur,C
6660,Who took oath as Chief Minister of Sindh?,MA Khuro,Ghulam Hussain,Iftikhar Mamdot,Liaquat Ali Khan,A
6661,"Which country sent 4750 tons rice to East Bengal (Sept 19, 1947)?",India,Burma,Sri Lanka,Thailand,B
6662,What organization is considered a progenitor of the African National Congress influenced by Gandhi's campaigns?,All India Muhammadan Educational Conference,Indian National Congress,African National Congress,Muhammadan Anglo-Oriental Defence Association,C
6663,When did the Simon Commission arrive in India?,10228,10261,9922,10684,B
6664,What should be the minimum age of the president according to the 1973 Constitution?,25 years,35 years,45 years,55 years,C
6665,The concept of acting in aid of civil power by the Armed Forces has been laid down in the Constitution of Pakistan 1973 vide:,Article 245,Article 270,Article 243,Article 200,A
6666,How many members were initially in the First Constituent Assembly of Pakistan?,59,69,79,89,B
6667,The height of the Himalayan range increases as it moves from ______.,South to North,East to West,North to South,West to East,A
6668,The elevation of Islamabad from sea level is _________.,"1,600 ft","1,770 ft","1,500 ft","1,400 ft",B
6669,The plan of division of India and Pakistan was announced on:,on 3rd June 1947,on 14th August 1947,on 13th April 1934,on 23rd March 1940,A
6670,Under whose government the 1973 constitution of Pakistan drafted and passed?,Zia Ul Haq,Ayub Khan,Zulfiqar Ali Bhutto,Mujeeb Ur Rehman,C
6671,"Pakistan was Inevitable, a book, was written by?",K.M. Arif,Syed Hassan Riaz,J. Muneer Ahmad,None of these,B
6672,Where did the union of Aligarh Muslim University present a check of 815 rupees to Quaid-e-Azam?,Bareilly,Delhi,Agra,Calcutta,B
6673,The Simla Agreement between Pakistan and India was signed in _________.,In 1970,In 1972,In 1974,In 1975,B
6674,National reptile of Pakistan is __________.,Rohu Fish,Indus Dolphin,Mugger Crocodile,All of these,C
6675,The referendum in NWFP was held in:,in June 1947,in July 1947,in August 1947,in September 1947,B
6676,When did Quaid-e-Azam return to India on the fervent appeal of Muslims?,In 1934,In 1935,In 1936,In 1937,A
6677,When was the All Parties Hurriyat Conference founded in Kashmir?,"in April, 1990",in March 1997,in April 1993,in March 1996,C
6678,"Shamsuddin Iltutmish, who ascended the throne in 1211, was originally a slave of whom?",Muhammad Ghuri,Aram Shah,Qutbuddin Aibak,Sultan Mas'ud,C
6679,The Agartala Conspiracy was hatched in India in:,1962,1967,1968,1970,C
6680,"After Sir Agha Khan, the next president of the Muslim League was:",Muhammad Ali Jinnah,Raja Sahib of Mehmoodabad,Liaquat Ali Khan,Sardar Abdur Rab Nishtar,B
6681,How many nuclear bomb tests did Pakistan conduct in 1998?,Five,Six,Seven,Eight,B
6682,Pakpattan is situated on the bank of which river?,Chenab,Sutlej,Ravi,Jhelum,B
6683,Sir Syed Ahmad Khan is buried in the premises of the Aligarh Muslim University:,"Aligarh, UP, India","Delhi, India","Karachi, Pakistan","London, UK",A
6684,"In 1933, the British government published a document containing proposals that laid the groundwork for the framing of the Government of India Act, 1935. What was this document called?",White Paper,Green Paper,Red Paper,Blue Paper,A
6685,What famous religious work was authored by Maulana Maududi?,Qur'an,"Tafsir ""Tafheem-ul-Quran""",Sunnah,Hadith,B
6686,From which area Arabs entered the sub-continent?,Multan,Shalkot,Debal,Peshawar,C
6687,Pakistan won the ICC ODI World Cup in?,1979,1983,1992,2009,C
6688,The Lal Suhanra National Park is located near __________.,Khanewal,Bahawalpur,D. G. Khan,Lasbela,B
6689,The Day of Deliverance was celebrated by the All-India Muslim League in:,1938,1939,1940,1941,B
6690,The 18th Amendment was enforced on which date?,"On September 5, 2010","On April 19, 2010","On October 7, 2010","On July 6, 2010",B
6691,Syed Ahmad Shaheed was the founder of which of the following movements:,Jihad,Nijaat,Jalal,Jazba,A
6692,"The book ""My Brother"" was written by _____________.",Allama Iqbal,Hajra Masroor,Fatima Jinnah,Mirza Ghalib,C
6693,Pakistan's share Rs. 700 million was actually paid by:,in 1949,in 1948,in 1950,in 1951,B
6694,"Akbar's empire covered the whole of India, including ________, except the Southern Peninsula and Assam.",Kabul,Kashmir,Kandahar,All of these,D
6695,"Among Jinnah's 14 points, which point stated that Sindh should be separated from Bombay?",5,7,9,13,C
6696,"According to Montagu-Chelmsford Reforms 1919, law and order were:",Transferred subjects,Reserved subjects,Concurrent subjects,None of above,B
6697,How many battles of Panipat have there been?,One,Two,Three,Four,C
6698,Women joined the Muslim League in:,in 1935,in 1937,in 1939,in 1941,B
6699,The education budget of Punjab for 2021-22 was:,442 billion,450 billion,592 billion,None of these,A
6700,Who was the first person to climb Nanga Parbat?,Hermann Buhl,Martin Conway,R. D. Banerji,Ashraf Aman,A
6701,General Pervez Musharraf was elected as President through a referendum on:,"on April 30, 2001","on April 30, 2002","on April 30, 2003","on April 30, 2004",B
6702,When was the province of NWFP established?,1900,1901,1902,1903,B
6703,"The ""Murree of Sindh"" is ________.",Karoonjar Mountains,Makli Hills,Rohri Hills,Gorkh Hill Station,D
6704,Dadabhai Naoroji worked for India under India National Movement in:,India,UK,Russia,USA,B
6705,"The recently retired Army Chief, Qamar Javed Bajwa, belonged to the ___________.",6th FF Regiment,16th Baloch Regiment,5th Punjab Regiment,13th Lancers,B
6706,The busiest seaport in Pakistan is ___________.,Karachi Port,Port Qasim,Gwadar Port,None of these,A
6707,The Liaquat-Nehru Pact was signed in:,in March 1950,in April 1950,in March 1951,in April 1951,B
6708,The second President of Pakistan was:,Yahya Khan,Ayub Khan,Nurul Amin,None of these,B
6709,"The first newspaper to use the title ""Quaid-e-Azam"" was ________.",Dawn Weekly,Pioneer,Al Aman,Dawn Daily,D
6710,"Who advised Muslims to stay away from the ""All-India Congress""?",Sir Muhammad Shafi,Allama Muhammad Iqbal,Maulana Muhammad Ali Johar,Sir Syed Ahmed Khan,D
6711,The Regulating Act of 1773 was enforced in which region?,Punjab,Bengal,Delhi,Awadh,B
6712,Where was the All India Muslim League founded in 1906?,Dhaka,Allahabad,Delhi,Lucknow,A
6713,Comrade was published on 13th July:,1911,1912,1913,None of above,A
6714,Who were the founders of the Khilafat Movement?,Quaid-e-Azam & Allama Iqbal,Liaquat Ali & Agha Khan,Chaudhry Rahmat Ali & Mohammad Hassan,The Ali brothers,D
6715,"The Copernicus project, under which the wind-sensing satellite ""Aeolus"" was launched, is",joint venture of: ISRO and JAXA,European Union and European Space Agency,NASA and ISRO,None of these,B
6716,The 'Cultural Capital of Sindh' is considered to be _________.,Umerkot,Matiari,Hyderabad,Moro,B
6717,Liaquat Ali Khan visited the USA in:,in 1949,in 1950,in 1951,in 1952,C
6718,Pakistan became a member of the Southeast Asia Treaty Organization (SEATO) in which year?,in 1953,in 1954,in 1955,in 1958,B
6719,The biggest hockey stadium in Pakistan is located in:,Karachi,Faisalabad,Islamabad,Lahore,D
6720,Baltistan is also called _________.,Little Tibet,Paradise,Beauty of Earth,Land of Fairies,A
6721,The first Muslim general who entered victoriously into the subcontinent was in the year ________.,612 AD,712 AD,812 AD,None of these,B
6722,How many seats are reserved for women in the Sindh Assembly?,26,28,27,29,D
6723,The longest-serving chairman of the Senate of Pakistan to date is ____________.,Wasim Sajjad,Farooq Naek,Habibullah Khan,Ghulam Ishaq Khan,A
6724,The Lieutenant-Governor of the North-Western Provinces in 1895-1896 was:,Lord Rippon,Libert,Sir Antony Patrick MacDonnell,Montgomery,C
6725,Which country has become the first country in the World to introduce WHO approved Typhoid vaccine?,China,Pakistan,India,Japan,B
6726,Pakistan faced suicide attacks during which period?,From 2008 to 2010,From 2009 to 2011,From 2010 to 2012,From 2011 to 2013,C
6727,Which Hindu nationalist organization was prominent during the partition violence?,RSS,Congress,BJP,Arya Samaj,A
6728,"At the time of Partition, which part of the new state of Pakistan had witnessed the most severe rioting?",Sindh,Punjab,East Pakistan,NWFP,B
6729,"Under an amendment of the 1973 Constitution, in which year was the name of NWFP changed to Khyber Pakhtunkhwa?",2008,2009,2010,2011,C
6730,Who was the Mughal emperor before Aurangzeb?,Shah Jahan,Jahangir,Aurangzeb,Akbar,A
6731,"The Battle of Buxar, fought in 1764, took place in a small town located within the territory of which modern Indian state?",West Bengal,Uttar Pradesh,Bihar,Awadh,C
6732,What is the total length of the Indus River?,"2,900 km","2,514 km","3,180 km","7,854 km",C
6733,The pirates who intercepted the Arab ship were reportedly protected by which ruler of Sindh?,King Porus,Sisakar,Kiska,Raja Dahir,D
6734,The demand for a separate electorate for Indian Muslims was first accepted in the Act of:,1909,1919,1931,1935,A
6735,Badshahi Mosque is located in which city?,Lahore,Peshawar,Karachi,Faisalabad,A
6736,"In which war was Rashid Minhas, a Pakistani pilot, martyred?",1971 Indo-Pak War,1965 Indo-Pak War,1999 Kargil War,1962 Sino-Indian War,A
6737,The Kartarpur Corridor was supposed to open for the ____ birthday of Guru Nanak.,550th,548th,546th,540th,A
6738,When did Pakistan leave CENTO?,in January 1979,in March 1979,in May 1979,in June 1979,B
6739,The Friendship Gate is built on the border between Pakistan and ___________.,Afghanistan,Iran,India,China,A
6740,Who wrote a book about the Bihar Tragedy and included eyewitness records?,Liaqat Ali Khan,Zahid Hussain,Akhtar Chaudhry,Abul Kalam Azad,D
6741,What are the average minimum and maximum June/July temperatures in the plains of Pakistan?,30°C to 48°C,24°C to 32°C,18°C to 36°C,10°C to 24°C,A
6742,When was the National Olympic Committee for Pakistan created?,In 1948,In 1950,In 1952,In 1954,A
6743,Who was the second Prime Minister of Pakistan?,Chaudhry Muhammad Ali,Khawaja Nazimuddin,Liaquat Ali Khan,Feroz Khan Noon,B
6744,Who was the last Governor General and last Viceroy of British India?,Lord Elgin,Lord John Lawrence,Lord Mountbatten,Lord Canning,C
6745,Who was the 5th Sikh Guru who built the Harmandir Sahib and compiled the Adi Granth?,Guru Ram Das,Guru Arjan,Guru Nanak,Guru Angad,B
6746,"The 'Murree Declaration', a charter for democracy, was signed between which two parties?",PPP and PTI,PPP and PML-N,PPP and APML,None of these,B
6747,When did Quaid-e-Azam join the All India Muslim League?,1909,1913,1920,None of these,B
6748,"The Geneva Pact was signed on April 14, 1988, between Pakistan and ___________.",India,Bangladesh,Afghanistan,China,C
6749,How many Nishan-e-Haider have been awarded to date?,10,11,12,13,B
6750,The Pakistan-China Boundary Agreement was signed on:,22434,23072,23744,17625,B
6751,"In the Provincial Assembly of NWFP, the total number of seats is ________.",80,90,110,124,D
6752,The Simon Commission arrived in India on ____________.,"On February 3, 1927","On February 3, 1928","On February 3, 1929",None of these,B
6753,"The total area of Khyber Pakhtunkhwa, including FATA, is __________.","74,521 km²","27,220 km²","101,741 km²",None of these,C
6754,When was the Zakat & Ushr Ordinance promulgated?,in 1978,in 1980,in 1982,in 1979,B
6755,When was the Federal Shariat Court established?,In 1978,In 1979,In 1980,In 1981,C
6756,"Who originally sang ""Akhian nu rehn day""?",Meesha Shafi,Reshma,Nazia Hassan,None of these,B
6757,Live storage of Terbela reservoir had declined more than:,30.5,32.5,33.5,35.5,C
6758,Qutbuddin Aibak founded the Delhi Sultanate in:,1206,1208,1210,None of these,A
6759,The Siachen dispute started in:,1987,1985,1986,1984,D
6760,Which foreign leader addressed the Pakistan assembly a 3rd time?,Xi Jinping,Mahathir Mohamad,Donald Trump,Recep Tayyip Erdoğan,D
6761,"The Arid Zone Research Institute, Quetta has branches at ________.",Umarkot,Bahawalpur,D.I. Khan,All of these,D
6762,When was the first National Finance Commission (NFC) Award enacted?,In 1949,In 1951,In 1953,In 1955,B
6763,When was the Nishan-e-Haider awarded to Lalak Jan Shaheed?,In 1948,In 1965,In 1971,In 1999,D
6764,Who started the Faraizi Movement?,Haji Shariat Ullah,Allama Muhammad Iqbal,Maulana Muhammad Ali Jauhar,None of these,A
6765,The famous 'Nili-Ravi' of Sahiwal is a breed of ________.,Camel,Buffalo,Cow,Horse,B
6766,"To meet the educational needs of the people, the 'Madrasa-i-Nasiri' was built during the reign of _________.",Qutb-ud-din Aibak,Iltutmish,Ruknuddin Firoz Shah,Jalal-ud-din Khalji,B
6767,The largest lake in Pakistan is:,Manchar,Keenjhar,Rawal,None of these,A
6768,Who was the Prime Minister of Pakistan for the shortest period of 13 days?,I. I. Chundrigar,Nurul Amin,M. Feroz Khan Noon,M. Ali Bogra,B
6769,The national game of Pakistan is:,Cricket,Football,Boxing,None of these,D
6770,"Jahangir's mother, a Rajput princess, was named ____?",Hamida Banu,Nur Jahan,Mumtaz Mahal,Jodha Bai,D
6771,The first Round Table Conference in November 1930 was chaired by the then-British Prime Minister __________.,Bonar Law,Ramsay MacDonald,Lloyd George,Stanley Baldwin,B
6772,Who was A. O. Hume?,Viceroy of India,Governor General of India,A retired member of Civil Services,Member of British Parliament,C
6773,'Din-e-Ilahi was abolished by which Mughal king?,Akbar,Shah Jahan,Jehangir,Aurangzeb,D
6774,The first President of the Indian National Congress was:,Gopal Krishna Gokhale,Dadabhai Naoroji,Womesh Chandra Banerjee,Dinshaw Edulji Wacha,C
6775,"In Pakistan, _______ of the population lives below the national poverty line, according to a 2017 estimate.",52.30 percent,29.50 percent,34.50 percent,41.50 percent,B
6776,The Radcliffe Commission submitted its formula for the division of India into two countries to Lord Mountbatten on:,"on August 9, 1947","on August 19, 1947","on August 29, 1947",None of these,D
6777,The Simon Commission included Indian members:,1,2,3,No Indian,D
6778,"The highest-ever temperature recorded in Pakistan on May 28, 2017, was in which city?",Jacobabad,Larkana,Multan,Turbat,D
6779,Pakistan rejoined the Commonwealth in:,in 1987,in 1989,in 1991,in 1997,B
6780,Pakistan has _________ percent of its area under forest.,3.50 percent,5.70 percent,10 percent,None of these,B
6781,"______ of the Constitution of Pakistan ensures equality before the law and equal protection of the law, and states that there shall be no discrimination on the basis of gender?",Article 22,Article 23,Article 24,Article 25,D
6782,What was the response of the Maharaja of Kashmir to the advice from New Delhi to accede to India?,He did not accept the advice,He asked for time to think about it,He promptly accepted the advice,He turned to the British for help,B
6783,Pashtunwali is the traditional __________.,City,Flower,Ethical code of the Pashtuns,Dialect of a language,C
6784,Where was Muhammad Ali Jinnah called to the Bar?,"Lincoln's Inn, London","Inner Temple, London","Middle Temple, London","Gray's Inn, London",A
6785,The province of Sindh was separated from the Bombay Presidency under the Government of India Act of 1935 in which year?,in 1932,in 1935,in 1936,in 1937,C
6786,Pakistan took the first structural adjustment package from IMF during the regime of _______ in the year 1958?,Sikandar Mirza,Ayub Khan,Feroz Khan,None of these,B
6787,Which navy ship was in action during the wars of 1965 and 1971?,PNS Nasr,PNS Hangor,PNS Zulfiqar,PNS Ghazi,D
6788,Who was the SAARC General Secretary from Pakistan in 1996 - 1998?,Naeem U. Hasan,Abdul Hassan,Ahmed Saleem,None of these,A
6789,What is the power capacity of Diamer Bhasha Dam?,1000 MW,3500 MW,4000 MW,4500 MW,D
6790,The Board of Revenue was established in:,1956,1957,1958,1959,B
6791,Which movement did the Hindus launch against the Partition of Bengal?,Quit India Movement,Swadeshi Movement,Non-Cooperation Movement,Civil Disobedience Movement,B
6792,'When did Pakistan join the WTO (World Trade Organization)?,on 1st January 1995,on 1st January 1998,on 1st January 2001,on 30th January 1999,A
6793,When did a significant number of Muslims leave the Congress to form their own political party?,After the Khilafat Movement,At the time of the Simla deputation,During the 1937 elections,After the Lahore Resolution,B
6794,The largest district of AJK by area is __________.,Poonch District,Muzaffarabad District,Neelum District,None of these,C
6795,National vegetable of Pakistan is __________.,Carrot,Tomato,Ladyfinger,All of these,C
6796,Lord Dalhousie introduced the principle of:,Subsidiary Alliance,The Doctrine of Lapse,Permanent Settlement,The Rowlatt Act,B
6797,"In which movement was it claimed that 'land belongs to Allah, and no one can levy tax or rule?",Faraizi Movement,Islamic Movement,Reshmi Roomal Movement,None of these,A
6798,In which year was Friday declared a holiday in Pakistan?,in 1978,in 1976,in 1977,in 1975,C
6799,Ziarat was the summer residence of the Chief Commissioner of ____.,Sindh,Balochistan,KPK,None of these,B
6800,Abdul Sattar Edhi passed away in which year:,2012,2014,2016,2018,C
6801,First Census in Pakistan was held in:,1948,1947,1950,1951,D
6802,Pakistan's Foreign Policy Dilemma was written by:,Aitzaz Ahsan,Shamshad Ahmad,Hassan Askari,Maleeha Lodhi,B
6803,Who made the design of Pakistan's first stamp ticket?,Sadequain,A.R. Chughtai,Salima Hashim,Ismail Gulgee,B
6804,When was the Muhammadan Anglo-Oriental (MAO) school inaugurated?,"May 24, 1875","January 8, 1877","November 9, 1877","December 25, 1876",A
6805,"""Pakistan's Constitution should incorporate the essential principles of Islam, which are as good and relevant in our day, as were 1300 years ago. But Pakistan should not be a theocratic state ruled by priests."" This statement was given by:",Sir Syed Ahmad Khan,Allama Iqbal,Quaid-e-Azam,None of these,C
6806,The Wavell Plan was first presented at the Shimla Conference in:,1943,1944,1945,1946,C
6807,"Besides being Prime Minister, which portfolios did Liaquat Ali Khan hold?",Defense and Commonwealth,Foreign Affairs,Trade and Industry,Finance,A
6808,Who was the first leader of the opposition in the National Assembly constituted under the 1962 Constitution?,Sardar Bahadur Khan,Khan A. Sabur Khan,Mumtaz Daultana,None of these,A
6809,FATA merged into which province of Pakistan:,Punjab,Sindh,KPK,Balochistan,C
6810,The real name of Nawab Mohsin ul Mulk was:,Syed Mehdi Ali,Nawab Khizar Hayat,Muhammad Eahi,Nawab Mushtaq Hussain,A
6811,"The deliberation of the ""Act of 1935"" preparation was printed over how many pages?",323,324,325,326,D
6812,Nawab Waqar ul Mulk became the _______ of Aligarh Institute.,Principal,Vice Principal,Secretary,None of these,C
6813,Who is the penultimate Viceroy of India?,Wavell,Mountbatten,Linlithgow,None of these,A
6814,The federal capital of Pakistan was shifted from Karachi to Islamabad during the regime of:,Liaquat Ali Khan,Zulfikar Ali Bhutto,Ayub Khan,Zia-ul-Haq,C
6815,Lord Mayo was assassinated in:,in February 1872,in August 1872,in November 1875,in December 1878,A
6816,Articles 8 to ________ of the 1973 Constitution deal with Fundamental Rights.,26,27,28,29,C
6817,The Council of Common Interests (CCI) resolves disputes regarding __________.,Provinces,The Federation,Power sharing between the federation and provinces,All of the above,C
6818,Which country is located to the East of Pakistan?,China,India,Iran,Afghanistan,B
6819,Who was the first Chief Justice of Pakistan?,Alvin R. Cornelius,Muhammad Munir,Sir Mian Abdur Rashid,Muhammad Shahabuddin,C
6820,What is the total area of the tribal district of North Waziristan?,"5,002 km²","4,707 km²","4,500 km²","4,654 km²",C
6821,"The Last Mughal: The Fall of a Dynasty, Delhi, 1857' was written by:",Dervla Murphy,William Dalrymple,André Aciman,Sean O'Reilly,B
6822,Which Muslim leader retired from politics after the annulment of the Partition of Bengal?,Nawab Salimullah Khan,Nawab Waqar-ul-Mulk,Nawab Hamidullah Khan,None of these,A
6823,Hayat-e-Javed was a biography of Sir Syed Ahmed Khan written by:,Shibli Nomani,Maulana Hali,Deputy Nazir Ahmad,Sir Syed himself,B
6824,The literal meaning of the word 'Islam' is ________.,To Obey,To Follow,Submission,None of these,A
6825,Mir Shahdad Jo Qubo (Tomb of Mir Shahdad Talpur) is in ____________.,Mithi,Khipro,Shahpur Chakar,Matiari,C
6826,Punjab University was established in:,1880,1882,1884,1886,B
6827,The Pakistan Olympic Association was created in 1948. Its headquarters is located in _______.,Islamabad,Lahore,Karachi,Faisalabad,B
6828,Which city of Sindh is popular for its woodwork industry?,Thatta,Kotri,Hala,Larkana,C
6829,"According to radiocarbon dating, the Harappan civilization is how old?",3000 B.C. to 1300 B.C.,2000 B.C. to 1000 B.C.,1500 B.C. to 1000 B.C.,2500 B.C. to 1500 B.C.,A
6830,Under which article of the 1973 Constitution has the Supreme Judicial Council been established?,Article 208,Article 209,Article 210,Article 211,B
6831,Sir Syed Ahmed Khan returned from his trip to England in _________.,In 1869,In 1870,In 1871,In 1872,B
6832,The National Flag of Pakistan was adopted on:,"on Aug 10, 47","on Sep 11, 47","on Aug 14, 47","on Aug 15, 47",B
6833,The Shimla Deputation of 1906 was led by?,Allama Iqbal,Raja Sahib of Mahmudabad,Sir Aga Khan III,None of these,C
6834,The national fish of Pakistan is ____________.,Blue Marlin,Hogfish,Flounder,Mahseer,D
6835,"Which work by Allama Iqbal, published in 1924, was his first Urdu philosophical poetry collection?",Bang-e-Dara',Zarb-e-Kaleem',Bal-e-Jibraeel',Armaghan-e-Hijaz',A
6836,The picture on the back of the 100 Rupee Pakistani Note is of the __________.,Faisal Mosque,Quaid-e-Azam Residency,K2,"Islamia College, Peshawar",B
6837,The book 'Working with Zia' was written by:,Ayesha Jalal,Stanley Wolpert,K. M. Arif,Ishtiaq Ahmad,C
6838,Which of the following was the first airline to operate in Pakistan?,Pakistan Airways,Orient Airways,Crescent Airways,PIA,B
6839,The Punjab Boundary Force was disbanded by the order of:,Mountbatten,Quaid-e-Azam,Both of the Governor-Generals,None of these,C
6840,The first annual session of the Muslim League was held in Karachi on:,on 29-30 December 1906,on 29-30 December 1907,on 1-2 January 1908,on 15-16 October 1907,B
6841,Which of the following Sufi saints belongs to the 'Chishtia order'?,Baha-ud-Din Zakariya,Shah Rukn-i-Alam,Fariduddin Ganjshakar,Mansur al-Hallaj,C
6842,Who was the first Mughal emperor to allow the British to establish trade links with India?,Akbar,Jahangir,Shah Jahan,Aurangzeb,B
6843,The Chairman of the National Economic Council is:,Finance Minister,Prime Minister,President,None of these,B
6844,LA stands for __________.,Law Advisory,Legislative Assistant,Legislative Assembly,Law Association,C
6845,The Bari Doab lies between which two rivers?,Ravi & Chenab,Beas & Ravi,Sindh & Chenab,Sindh & Ravi,B
6846,When did Dr. Abdul Qadeer Khan die?,"on Aug 1, 21","on Sep 19, 21","on Oct 10, 21","on Nov 25, 21",C
6847,When was Imam Shah Waliullah born?,"On January 21, 1703","On February 21, 1703","On March 21, 1703","On April 21, 1703",B
6848,Wheat contributes 12.1 percent to the value added in agriculture and ________ percent to the GDP.,1.90 percent,2.90 percent,3.90 percent,4.90 percent,B
6849,The shrine of Baba Fariduddin Ganjshakar is in ___________.,Pakpattan (Punjab),Hyderabad (Sindh),Peshawar (KP),Kabul (Afghanistan),A
6850,Kashmir Solidarity Day is celebrated on which date?,on February 5,on March 23,on August 14,on October 27,A
6851,Bradlaugh Hall has been the venue of some of the most important events in the history of Pakistan and India. In which city is it located?,Rawalpindi,Lahore,Islamabad,None of these,B
6852,"The CPEC ""Early Harvest"" plan includes a complete overhaul of the 1,687-kilometer-long Main Line-1 railway (ML-1) between _______ and Peshawar.",Karachi,Quetta,Gwadar,Lahore,A
6853,Which city in Pakistan is called the 'City of Colleges'?,Karachi,Lahore,Islamabad,Peshawar,A
6854,Liaquat Ali Khan visited India in which month and year?,in May 1950,in June 1950,in April 1950,in March 1950,C
6855,When did Pakistan leave the Central Treaty Organization (CENTO)?,1971,1975,1979,1983,C
