Question,Option_a,Option_b,Option_c,Option_d,Correct_answer,Explanation,Subtopic,Difficulty,Subject,Topic
"In a chemical plant producing methanol from water gas, the reaction is carried out at 450C and 200 atm. Which catalyst is utilized?",Fe2O3 and Al2O3,ZnO and Cr2O3,V2O5 and Pt,Ni and Pd,B,"Methanol is industrially synthesized using ZnO-Cr2O3 catalyst at 450C. Al2O3 is a dehydrating agent, not used for methanol synthesis from water gas.",Industrial Preparation of Methanol,Easy,Chemistry,Alcohols and Phenols
A brewery uses molasses as a raw material for ethanol production. Which enzyme specifically converts sucrose into glucose and fructose during fermentation?,Diastase,Maltase,Invertase,Zymase,C,Invertase hydrolyzes molasses (sucrose) into glucose and fructose. Zymase is tempting but it only converts glucose directly into ethanol and CO2.,Fermentation of Molasses,Medium,Chemistry,Alcohols and Phenols
"During the industrial synthesis of phenol via the Dow's process, chlorobenzene is reacted with 10% NaOH. What are the required temperature and pressure?",360C and 150 atm,450C and 200 atm,250C and 100 atm,500C and 300 atm,A,"Dow's process requires 360C and 150 atm to convert chlorobenzene to phenol. Higher pressures like 300 atm are typical for Haber's process, not Dow's.",Industrial Preparation of Phenol,Medium,Chemistry,Alcohols and Phenols
"To prevent the illegal consumption of industrial-grade ethanol, 10% methanol is added to it. What is the common name for this specific mixture?",Absolute alcohol,Rectified spirit,Power alcohol,Methylated spirit,D,Methylated spirit is ethanol with 10% methanol added to make it undrinkable. Rectified spirit is tempting but it contains 95.4% ethanol.,Denaturing of Alcohol,Easy,Chemistry,Alcohols and Phenols
A laboratory requires 100% pure ethanol for a sensitive reaction. Which substance is used to remove the last traces of water from rectified spirit?,P2O5,CaO,Anhydrous CaCl2,Concentrated H2SO4,B,"Absolute alcohol (100%) is obtained by redistilling rectified spirit with CaO, which absorbs the remaining water. Benzene is used for ternary azeotropes.",Absolute Alcohol,Hard,Chemistry,Alcohols and Phenols
"In the energy sector, a mixture of 80% petrol and 20% alcohol is used as a fuel. Which alcohol is used in this 'power alcohol' mixture?",Ethanol,Methanol,Phenol,Ethylene glycol,A,Ethanol is used as a fuel in some internal combustion engines when mixed with gasoline. Methanol is toxic and less common for 'power alcohol'.,Uses of Alcohols,Medium,Chemistry,Alcohols and Phenols
"An industrial manufacturer produces Bakelite, a thermosetting plastic used for electrical switches. Which aldehyde is reacted with phenol to produce this resin?",Acetaldehyde,Benzaldehyde,Formaldehyde,Acetone,C,Bakelite is a polymer formed by the condensation of phenol and formaldehyde. Acetaldehyde is tempting but forms different resins with different properties.,Reactions of Phenol,Hard,Chemistry,Alcohols and Phenols
A technician performs the Lucas test on a sample of 2-propanol. What observation would confirm the presence of this secondary alcohol in the lab?,Immediate oil layer formation,Oil layer formation after 5-10 minutes,Oil layer formation only on heating,No reaction regardless of temperature,B,The Lucas reagent (HCl/ZnCl2) reacts with secondary alcohols like 2-propanol to form an oily layer within 5-10 minutes. Primary alcohols require heating.,Lucas Test,Medium,Chemistry,Alcohols and Phenols
"During a chemical identification test, a student adds iodine and sodium hydroxide to an unknown alcohol, resulting in yellow crystals. Which alcohol is it?",Methanol,1-Propanol,Phenol,Ethanol,D,Ethanol reacts with I2 and NaOH to form yellow iodoform crystals. Methanol fails this test because it lacks the CH3-CH(OH)- group.,Iodoform Test,Medium,Chemistry,Alcohols and Phenols
Phenol is often called carbolic acid. Which of the following reagents will react with phenol to demonstrate its acidic nature in a laboratory?,Sodium hydroxide,Sodium bicarbonate,Sodium carbonate,Sodium chloride,A,"Phenol is acidic enough to react with NaOH forming sodium phenoxide, but too weak to release CO2 from Na2CO3 or NaHCO3.",Acidity of Phenol,Easy,Chemistry,Alcohols and Phenols
"In the production of explosives and dyes, Picric acid is synthesized from phenol. Which nitrating mixture is required for this specific reaction?",Dilute HNO3 at room temperature,Concentrated HNO3 and Concentrated H2SO4,NaNO2 and HCl at 0-5C,Nitrogen dioxide gas,B,"Phenol reacts with concentrated HNO3/H2SO4 to form 2,4,6-trinitrophenol (Picric acid). Dilute HNO3 would only produce ortho and para nitrophenols.",Nitration of Phenol,Hard,Chemistry,Alcohols and Phenols
A mechanic adds a specific alcohol to an automobile radiator to prevent the cooling water from freezing in sub-zero temperatures. Which alcohol is used?,Methanol,Ethanol,Ethylene glycol,Glycerol,C,"Ethane-1,2-diol (Ethylene glycol) is used as an antifreeze because it lowers the freezing point of water. Ethanol is too volatile for this.",Uses of Alcohols,Medium,Chemistry,Alcohols and Phenols
"Formalin is used extensively in hospitals to preserve biological specimens. Which chemicals are the primary components of this solution, derived from methanol oxidation?",Methanol and CO2,Ethanol and Water,Acetaldehyde and Water,Formaldehyde and Water,D,"Formalin is a 40% aqueous solution of formaldehyde, produced by the catalytic oxidation of methanol. Ethanol oxidation produces acetaldehyde instead.",Oxidation of Methanol,Easy,Chemistry,Alcohols and Phenols
"In an organic synthesis lab, a researcher needs to convert phenol into benzene. Which reagent should be used for this reduction process?",Zinc dust,Sodium metal,Lithium aluminum hydride,Nickel and Hydrogen,A,Phenol is reduced to benzene when its vapors are passed over heated zinc dust. Sodium metal would form sodium phenoxide instead.,Reactions of Phenol,Easy,Chemistry,Alcohols and Phenols
A chemical engineer wants to produce diethyl ether by dehydrating ethanol with concentrated H2SO4. Which temperature must be maintained to maximize ether yield?,170C,140C,100C,200C,B,"At 140C with excess alcohol, ethanol undergoes intermolecular dehydration to form diethyl ether. At 170C, ethene would be the major product.",Dehydration of Alcohols,Medium,Chemistry,Alcohols and Phenols
"The industrial synthesis of salicylic acid, a precursor to aspirin, involves reacting sodium phenoxide with CO2. What is the standard temperature for this Kolbe’s reaction?",Room temperature,360C,120-150C,450C,C,"Kolbe's reaction occurs at 120-150C and high pressure. 360C is the temperature for Dow's process, which is a common point of confusion.",Reactions of Phenol,Hard,Chemistry,Alcohols and Phenols
A student adds bromine water to an aqueous solution of phenol in a test tube. What is the characteristic observation for this reaction?,Reddish-brown liquid,Yellow precipitate,Colorless solution,White precipitate,D,"Phenol reacts with bromine water to give a white precipitate of 2,4,6-tribromophenol. Bromine in CCl4 would give a different product (monobrominated).",Bromination of Phenol,Medium,Chemistry,Alcohols and Phenols
"During the final stage of industrial ethanol production from starch, glucose is converted into ethanol. Which enzyme is responsible for this biochemical transformation?",Zymase,Diastase,Urease,Lactase,A,Zymase is the enzyme complex in yeast that converts simple sugars like glucose into ethanol and carbon dioxide during the final fermentation stage.,Fermentation,Easy,Chemistry,Alcohols and Phenols
A researcher treats phenol with chloroform in the presence of aqueous sodium hydroxide at 60C. What is the major organic product of this Reimer-Tiemann reaction?,Benzoic acid,Salicylaldehyde,Salicylic acid,Catechol,B,"The Reimer-Tiemann reaction introduces an aldehyde group at the ortho position of phenol using chloroform and NaOH, yielding salicylaldehyde.",Reactions of Phenol,Hard,Chemistry,Alcohols and Phenols
Methanol is restricted in industrial use because it causes blindness upon ingestion. This toxicity is due to its oxidation in the liver to which compound?,Acetic acid,Ethanol,Formic acid,Carbonic acid,C,"Methanol is oxidized to formic acid (methanoic acid) and formaldehyde in the liver, which are toxic to the optic nerve. Acetic acid is non-toxic.",Toxicity of Alcohols,Medium,Chemistry,Alcohols and Phenols
"During the industrial fermentation of molasses, a specific enzyme is added to hydrolyze sucrose into glucose and fructose. Which enzyme is this?",Zymase,Invertase,Maltase,Diastase,B,"Invertase hydrolyzes sucrose into glucose and fructose, whereas Zymase is the tempting wrong option that converts glucose into ethanol.",Fermentation of Molasses,Easy,Chemistry,Alcohols and Phenols
A student adds Lucas reagent to a test tube containing 2-methyl-2-propanol at room temperature. What is the most likely observation?,No reaction at room temperature,Oily layer forms after 10 minutes,Oily layer forms immediately,Oily layer forms only upon heating,C,"Tertiary alcohols like 2-methyl-2-propanol react instantly with Lucas reagent, while secondary alcohols take five to ten minutes to react.",Lucas Test,Easy,Chemistry,Alcohols and Phenols
A chemical engineer is optimizing the industrial production of 'wood spirit' from water gas. Which catalyst combination is essential for this process?,ZnO + Cr2O3,V2O5 + Al2O3,Fe + Mo,Ni + Al2O3,A,The industrial synthesis of methanol from water gas requires ZnO-Cr2O3; V2O5 is tempting but used for sulfuric acid production.,Methanol Synthesis,Medium,Chemistry,Alcohols and Phenols
"A researcher compares the relative acidic strengths of water, phenol, and ethanol. Which sequence correctly represents their decreasing order of acidity?",Ethanol > Water > Phenol,Water > Ethanol > Phenol,Phenol > Ethanol > Water,Phenol > Water > Ethanol,D,Phenol is more acidic than water and ethanol due to phenoxide resonance; ethanol is the least acidic of the group.,Acidity of Phenols,Medium,Chemistry,Alcohols and Phenols
"In a laboratory quality control test, an unknown alcohol sample produces a yellow precipitate with iodine and sodium hydroxide. Which alcohol is it?",Methanol,Ethanol,Butan-1-ol,Cyclohexanol,B,"Ethanol gives a positive iodoform test due to its structure, while methanol lacks the required methyl group attached to carbinol.",Iodoform Test,Easy,Chemistry,Alcohols and Phenols
Excess ethanol is treated with concentrated sulfuric acid and maintained at exactly 140 degrees Celsius. What is the primary organic product?,Diethyl ether,Ethene,Ethyl hydrogen sulfate,Ethane,A,Dehydration of ethanol at 140 Celsius yields diethyl ether; 170 Celsius is the tempting temperature that yields ethene.,Dehydration of Alcohols,Hard,Chemistry,Alcohols and Phenols
"During the commercial preparation of phenol via Dow's process, what are the specific temperature and pressure conditions required for the reaction?",200 Celsius and 100 atm,450 Celsius and 200 atm,360 Celsius and 150 atm,100 Celsius and 1 atm,C,"In Dow's process, chlorobenzene reacts with 10% NaOH at 360 Celsius and 150 atmospheres to produce sodium phenoxide.",Preparation of Phenols,Medium,Chemistry,Alcohols and Phenols
A dilute aqueous solution of phenol is treated with bromine water in a test tube. What visual change confirms the reaction?,Reddish-brown liquid,White precipitate,Blue solution,Yellow gas evolution,B,"Phenol reacts with bromine water to form 2,4,6-tribromophenol, a white precipitate; 2-bromophenol is only formed in non-polar solvents.",Reactions of Phenol,Easy,Chemistry,Alcohols and Phenols
"In the fermentation of starch, maltose is converted to glucose, which is then converted to ethanol by which specific enzyme?",Diastase,Maltase,Invertase,Zymase,D,Zymase is the final enzyme in the fermentation pathway that converts glucose into ethanol and carbon dioxide.,Fermentation of Starch,Easy,Chemistry,Alcohols and Phenols
"When a carboxylic acid reacts with an alcohol to form an ester, which specific atoms are removed to form water?",OH from acid and H from alcohol,H from acid and OH from alcohol,O from acid and H2 from alcohol,H2 from acid and O from alcohol,A,"In esterification, the OH group is removed from the carboxylic acid and the H atom from the alcohol.",Esterification,Hard,Chemistry,Alcohols and Phenols
Runge isolated a compound from coal tar in 1834 that is now commonly known as phenol. What was its original name?,Acetic acid,Formic acid,Carbolic acid,Oxalic acid,C,Phenol was historically called carbolic acid because it was first isolated from coal tar and exhibited acidic properties.,Introduction to Phenols,Easy,Chemistry,Alcohols and Phenols
Lower molecular weight alcohols like methanol and ethanol show infinite solubility in water. What is the primary reason for this?,Ionic bonding,Hydrogen bonding,Dipole-dipole forces,London dispersion forces,B,"Lower alcohols are soluble in water due to hydrogen bonding, which becomes less effective as the hydrophobic alkyl chain increases.",Physical Properties of Alcohols,Easy,Chemistry,Alcohols and Phenols
"A lab technician needs to prepare Lucas reagent to differentiate between primary, secondary, and tertiary alcohols. What are the components?",Dilute HCl and ZnCl2,Conc. HNO3 and ZnCl2,Conc. H2SO4 and ZnCl2,Conc. HCl and ZnCl2,D,Lucas reagent consists of equimolar amounts of concentrated hydrochloric acid and anhydrous zinc chloride.,Lucas Test,Easy,Chemistry,Alcohols and Phenols
"When methanol vapors are passed over platinum wire or treated with acidic K2Cr2O7, what is the initial organic oxidation product?",Formaldehyde,Acetaldehyde,Acetone,Formic acid,A,"Methanol oxidizes to formaldehyde (methanal), while ethanol oxidizes to acetaldehyde (ethanal), which is the most common distractor.",Oxidation of Alcohols,Medium,Chemistry,Alcohols and Phenols
A chemist reacts phenol with concentrated nitric acid in the presence of concentrated sulfuric acid. What is the IUPAC name of the product?,"2,4-dinitrophenol","3,5-dinitrophenol","2,4,6-trinitrophenol",Trinitrotoluene,C,"Picric acid is 2,4,6-trinitrophenol, produced by reacting phenol with concentrated nitric acid; dilute acid only gives mono-substituted products.",Nitration of Phenol,Hard,Chemistry,Alcohols and Phenols
"Comparing the boiling points of the first four primary alcohols, which one will require the highest temperature to boil at 1 atm?",Methanol,Ethanol,Propan-1-ol,Butan-1-ol,D,Boiling points of alcohols increase with chain length due to increased London forces; butanol has a higher boiling point than propanol.,Physical Properties of Alcohols,Medium,Chemistry,Alcohols and Phenols
An unknown alcohol is tested with Lucas reagent and shows no turbidity even after 20 minutes at room temperature. Which alcohol could it be?,1-butanol,2-butanol,2-methyl-2-propanol,2-methyl-2-butanol,A,Primary alcohols like 1-butanol show no reaction with Lucas reagent at room temperature and only react upon heating.,Lucas Test,Medium,Chemistry,Alcohols and Phenols
A small piece of sodium metal is dropped into a beaker of liquid phenol. What is the name of the salt formed?,Sodium benzene,Sodium phenoxide,Sodium hydroxide,Sodium carbonate,B,"Phenol reacts with sodium metal to form sodium phenoxide and hydrogen gas, confirming its acidic nature.",Reactions of Phenol,Medium,Chemistry,Alcohols and Phenols
The distillate obtained from the fermentation of starch or molasses is typically 'rectified spirit'. What is the percentage of ethanol in it?,100% Ethanol,90% Ethanol,95% Ethanol,5% Ethanol,C,Rectified spirit is a constant boiling mixture containing 95.4% ethanol and 4.6% water.,Ethanol Production,Easy,Chemistry,Alcohols and Phenols
"When phenol is treated with chloroform in the presence of aqueous sodium hydroxide at 60 degrees Celsius, what is the major product?",Salicylic acid,Salicylaldehyde,Benzaldehyde,Catechol,B,The Reimer-Tiemann reaction involves treating phenol with chloroform and NaOH to introduce an aldehyde group at the ortho position.,Reimer-Tiemann Reaction,Hard,Chemistry,Alcohols and Phenols
A laboratory technician reacts 2.3g of metallic sodium with an excess of absolute ethanol. What volume of hydrogen gas is evolved at STP?,0.56 dm3,1.12 dm3,2.24 dm3,22.4 dm3,B,"2.3g Na is 0.1 moles; since 2 moles Na produce 1 mole H2, 0.05 moles H2 occupies 1.12 dm3. 2.24 dm3 assumes 1:1 ratio.",Reactivity of Alcohols,Medium,Chemistry,Alcohols and Phenols
An organic chemist is studying structural isomerism in saturated acyclic compounds. How many total structural isomers (alcohols and ethers) exist for the formula C4H10O?,4,5,7,8,C,"C4H10O forms 4 alcohols (1-butanol, 2-butanol, isobutanol, t-butanol) and 3 ethers. 4 is the count for alcohols only, not all isomers.",Isomerism in Alcohols,Hard,Chemistry,Alcohols and Phenols
"In a pharmaceutical preparation, 200g of rectified spirit is used as a solvent. According to PTB standards, what is the mass of water present?",9.0 g,10.0 g,191.0 g,4.5 g,A,"Rectified spirit is 95.5% ethanol and 4.5% water. 9g is 4.5% of 200g; 10g would be exactly 5%, which is incorrect.",Fermentation and Rectified Spirit,Easy,Chemistry,Alcohols and Phenols
"During the industrial fermentation of molasses, 180g of glucose is converted into ethanol by zymase. What is the maximum theoretical mass of ethanol produced?",180 g,46 g,112 g,92 g,D,One mole of glucose (180g) yields two moles of ethanol (92g). 46g is the yield from only half a mole of glucose.,Fermentation,Medium,Chemistry,Alcohols and Phenols
"A student treats 9.4g of phenol with an excess of bromine water. What is the mass of the white precipitate (2,4,6-tribromophenol) formed?",17.3 g,25.1 g,33.1 g,9.4 g,C,"9.4g Phenol is 0.1 mol; it reacts to form 0.1 mol of 2,4,6-tribromophenol (M.W 331). 9.4g fails because it ignores bromine mass.",Reactions of Phenol,Hard,Chemistry,Alcohols and Phenols
A sample of 2-methyl-2-propanol is tested with a mixture of anhydrous ZnCl2 and concentrated HCl. When will the oily layer of alkyl halide appear?,After 10 minutes of heating,Immediately upon addition,Within 5 to 10 minutes,Only after 30 minutes,B,Tertiary alcohols like 2-methyl-2-propanol react immediately with Lucas reagent. 5-10 minutes is characteristic of secondary alcohols like 2-propanol.,Lucas Test,Medium,Chemistry,Alcohols and Phenols
"In a combustion analysis, 1 mole of liquid 1-propanol is completely burned in oxygen. How many moles of oxygen gas are consumed?",3.0 moles,3.5 moles,4.5 moles,6.0 moles,C,"Combustion of 1 mole of propanol (C3H8O) requires 4.5 moles of O2. 3 moles only covers the carbon oxidation, ignoring hydrogen.",Combustion of Alcohols,Medium,Chemistry,Alcohols and Phenols
"In the industrial synthesis of methyl alcohol from water gas, what specific pressure is maintained in the presence of ZnO-Cr2O3 catalyst?",100 atm,200 atm,150 atm,450 atm,B,Methanol synthesis requires 200 atm pressure. 150 atm is the specific pressure used in Dow's process for phenol production.,Industrial Preparation of Methanol,Easy,Chemistry,Alcohols and Phenols
A mixture of 60g acetic acid and 46g ethanol is heated with H2SO4. What is the theoretical mass of the fruity-smelling ester produced?,88 g,106 g,18 g,46 g,A,60g Acetic acid and 46g Ethanol (1 mole each) produce 1 mole Ethyl acetate (88g). 106g incorrectly sums the reactant masses.,Esterification,Hard,Chemistry,Alcohols and Phenols
"To prevent the misuse of industrial alcohol, it is denatured. What is the percentage of methanol added to ethanol to form methylated spirit?",1% Methanol,5% Methanol,20% Methanol,10% Methanol,D,Methylated spirit contains 10% methanol to make ethanol unfit for drinking. 5% is too low for the standard PTB definition.,Denaturing of Alcohol,Easy,Chemistry,Alcohols and Phenols
A chemist reacts 0.5 moles of formaldehyde with excess ethylmagnesium bromide followed by hydrolysis. What mass of the resulting primary alcohol is produced?,23 g,30 g,46 g,60 g,B,Ethylmagnesium bromide reacts with formaldehyde to form 1-propanol (M.W 60). 0.5 moles yields 30g. 46g refers to ethanol mass.,Preparation of Alcohols,Medium,Chemistry,Alcohols and Phenols
"Comparing physical properties, what is the standard boiling point of pure ethanol as mentioned in the PTB textbook?",78.5 °C,64.7 °C,100.0 °C,118.0 °C,A,Ethanol (78.5 C) has a higher boiling point than Methanol (64.7 C) due to greater van der Waals forces. 100 C is water.,Physical Properties of Alcohols,Easy,Chemistry,Alcohols and Phenols
92g of ethanol is passed over heated alumina at 340-450 °C. What is the mass of the ethene gas produced at 100% yield?,28 g,46 g,56 g,92 g,C,"92g ethanol is 2 moles, which dehydrates to 2 moles of ethene (28g/mol), totaling 56g. 28g assumes only one mole reacted.",Dehydration of Alcohols,Medium,Chemistry,Alcohols and Phenols
"In an Iodoform test, 46g of ethanol reacts completely with iodine and NaOH. What mass of the yellow crystalline iodoform is produced?",127 g,394 g,235 g,46 g,B,"1 mole of Ethanol produces 1 mole of Iodoform (CHI3, M.W ~394). 127g is the atomic mass of Iodine, not the product.",Iodoform Test,Medium,Chemistry,Alcohols and Phenols
Which group of alcohols is described as being completely miscible in water in all proportions?,"Methanol, Ethanol, Propanol","Ethanol, Propanol, Butanol","Propanol, Butanol, Pentanol","Butanol, Pentanol, Hexanol",A,Lower alcohols (C1-C3) are completely miscible in water due to hydrogen bonding. Butanol starts showing limited solubility.,Solubility of Alcohols,Easy,Chemistry,Alcohols and Phenols
"Comparing the acidic strength, approximately how many times more acidic is phenol than ethanol based on their Ka values?",10^2 times,10^4 times,10^6 times,10^8 times,C,"Phenol (Ka ~10^-10) is much more acidic than Ethanol (Ka ~10^-16). Ethanol's pKa is roughly 16, while phenol is 10.",Acidity of Phenols,Hard,Chemistry,Alcohols and Phenols
A 0.1 mole sample of ethylene glycol reacts with an excess of sodium metal. What volume of hydrogen gas is evolved at STP?,1.12 dm3,2.24 dm3,3.36 dm3,4.48 dm3,B,Ethylene glycol is dihydric (2 -OH groups); 0.1 mol reacts with Na to release 0.1 mol H2 (2.24 dm3). 1.12 dm3 is for monohydric.,Reactions of Dihydric Alcohols,Medium,Chemistry,Alcohols and Phenols
A sample of pure phenol is analyzed for its elemental composition. What is the percentage of carbon by mass in phenol?,50.0%,91.4%,64.2%,76.6%,D,Phenol (C6H6O) has M.W 94. Carbon mass is 72 (6x12). 72/94 * 100 is 76.6%. 91.4% is for benzene.,Composition of Phenol,Easy,Chemistry,Alcohols and Phenols
A 1-mole sample of 1-propanol is completely oxidized using acidified K2Cr2O7. What is the mass of the final organic product formed?,60 g,74 g,88 g,46 g,B,Primary alcohols oxidize to aldehydes then carboxylic acids. Propanol (C3) forms propanoic acid (M.W 74). 60g is the mass of acetic acid.,Oxidation of Alcohols,Medium,Chemistry,Alcohols and Phenols
"In the initial stage of Bakelite formation, what is the molar ratio of phenol to formaldehyde used under acidic or basic catalysis?",1:1,2:1,1:2,3:1,A,Phenol and formaldehyde react in a 1:1 molar ratio to form the initial hydroxymethyl phenol units for Bakelite. 2:1 is incorrect.,Bakelite Formation,Easy,Chemistry,Alcohols and Phenols
A laboratory technician mixes an unknown alcohol with Lucas reagent at room temperature. No turbidity appears even after 24 hours of standing. Identify the alcohol.,Tertiary-butanol,Isopropanol,2-Butanol,Methanol,D,Primary alcohols only produce turbidity upon heating with Lucas reagent; methanol is the slowest reacting among them due to its structure.,Lucas Test,Hard,Chemistry,Alcohols and Phenols
"During the industrial fermentation of molasses to produce ethanol, the temperature is strictly maintained below 35C. What occurs if the temperature reaches 55C?",Alcohol evaporates rapidly,Enzymes become inactive,Sugar converts to acetic acid,Carbon dioxide pressure drops,B,"Enzymes like zymase and diastase are proteins that denature at temperatures above 35C, stopping the fermentation process of molasses effectively.",Fermentation,Medium,Chemistry,Alcohols and Phenols
"Phenol reacts readily with aqueous sodium hydroxide to form a salt, whereas ethanol shows no reaction. What explains this difference in chemical behavior?",Inductive effect of ethyl,Steric hindrance in phenol,Resonance stabilization of phenoxide,Hydrogen bonding in ethanol,C,"Phenoxide ion is stabilized by resonance of the negative charge over the benzene ring, making phenol significantly more acidic than ethanol.",Acidity of Phenols,Medium,Chemistry,Alcohols and Phenols
A sample of 2-butanol is heated with concentrated sulfuric acid at 180C. Which major organic product is formed according to the dehydration mechanism?,2-Butene,1-Butene,Cyclobutane,Isobutylene,A,"Secondary alcohols like 2-butanol follow the Saytzeff rule, where the more substituted alkene (2-butene) is the major product during dehydration.",Dehydration,Medium,Chemistry,Alcohols and Phenols
A student attempts to dissolve various alcohols in water at room temperature. Which of the following alcohols will show the lowest solubility?,Methanol,Ethanol,1-Propanol,1-Hexanol,D,Increasing the length of the non-polar hydrocarbon chain interferes with the ability of the hydroxyl group to form hydrogen bonds.,Solubility,Easy,Chemistry,Alcohols and Phenols
"During a titration experiment, acidified potassium dichromate is added to an alcohol. Which alcohol will fail to change the solution color from orange to green?",Ethanol,2-Propanol,2-Methyl-2-propanol,1-Butanol,C,"Tertiary alcohols lack an alpha-hydrogen atom, making them resistant to oxidation unless drastic conditions lead to C-C bond cleavage.",Oxidation,Easy,Chemistry,Alcohols and Phenols
"When bromine water is added to an aqueous solution of phenol, a characteristic white precipitate is formed immediately. Name this white precipitate.","2,4-Dibromophenol","2,4,6-Tribromophenol","3,5-Dibromophenol",Bromobenzene,B,"In aqueous solution, phenol is highly reactive and undergoes trisubstitution, whereas in non-polar CS2, it yields mono-substituted ortho and para products.",Phenol with Bromine,Hard,Chemistry,Alcohols and Phenols
A chemist needs to synthesize 1-propanol using Ethyl magnesium bromide. Which carbonyl compound should be reacted with this Grignard reagent to succeed?,Formaldehyde,Acetaldehyde,Acetone,Propionaldehyde,A,Formaldehyde is the only aldehyde that reacts with Grignard reagents to produce a primary alcohol; others produce secondary or tertiary alcohols.,Grignard Reagent,Medium,Chemistry,Alcohols and Phenols
Accidental ingestion of wood spirit (methanol) can lead to permanent blindness. Which metabolite is primarily responsible for this specific physiological damage?,Acetic acid,Oxalic acid,Formic acid,Carbonic acid,C,"Methanol is metabolized in the liver to formaldehyde and then formic acid, which causes optic nerve damage and eventual blindness.",Methanol Toxicity,Easy,Chemistry,Alcohols and Phenols
"Considering the extent of hydrogen bonding, which of the following alcohols would you expect to have the highest boiling point and viscosity?",Methanol,Ethylene glycol,Ethanol,Glycerol,D,"Glycerol contains three hydroxyl groups per molecule, allowing for extensive intermolecular hydrogen bonding and a very high boiling point.",Glycerol,Easy,Chemistry,Alcohols and Phenols
"In a laboratory test to distinguish between two primary alcohols, one sample produces yellow crystals with iodine and NaOH. Name this alcohol.",Methanol,Ethanol,1-Propanol,1-Butanol,B,Ethanol and secondary alcohols containing a methyl group adjacent to the carbinol carbon (CH3-CHOH-) give a positive iodoform test.,Iodoform Test,Hard,Chemistry,Alcohols and Phenols
Four isomers of butanol are compared for their physical properties. Which isomer is expected to have the lowest boiling point due to branching?,2-Methyl-2-propanol,1-Butanol,2-Butanol,Isobutanol,A,"Branching decreases the surface area of the molecule, leading to weaker London dispersion forces and a lower boiling point than straight chains.",Boiling Point,Easy,Chemistry,Alcohols and Phenols
A student reacts phenol with a mixture of concentrated nitric acid and sulfuric acid. What is the final product of this nitration reaction?,o-Nitrophenol,p-Nitrophenol,Picric acid,Nitrobenzene,C,"Concentrated nitric acid reacts with phenol to produce 2,4,6-trinitrophenol, commonly known as picric acid, due to the high reactivity of the ring.",Phenol Nitration,Medium,Chemistry,Alcohols and Phenols
"When ethanol reacts with acetic acid in the presence of an acid catalyst to form an ester, which bond specifically breaks in the alcohol?",C-O bond of alcohol,O-H bond of alcohol,C-H bond of alcohol,C-C bond of alcohol,B,"Isotopic labeling experiments prove that during esterification, the O-H bond of the alcohol and the C-OH bond of the acid are broken.",Esterification,Medium,Chemistry,Alcohols and Phenols
"In the industrial purification of ethanol, a product known as 'Rectified Spirit' is obtained. What is the approximate percentage of ethanol in it?",100% Ethanol,95% Ethanol,70% Ethanol,10% Ethanol,B,"Rectified spirit is a constant boiling mixture obtained by fractional distillation of fermented liquor, containing 95.4% ethanol and 4.6% water.",Ethanol Production,Easy,Chemistry,Alcohols and Phenols
A student mixes equal volumes of phenol and water at 25C and shakes the test tube. What is the most likely observation regarding their solubility?,Completely miscible,Completely insoluble,Partially miscible,Forms a gaseous phase,C,"Phenol is only partially miscible with water at room temperature (25C), forming two distinct layers until the temperature reaches 68.5C.",Phenol Solubility,Easy,Chemistry,Alcohols and Phenols
"To prevent the illegal use of industrial alcohol for drinking purposes, it is 'denatured'. What is the composition of the resulting Methylated Spirit?",Pure ethanol,Ethanol with water,Ethanol with benzene,Ethanol with 10% methanol,D,"Methylated spirit is ethanol rendered undrinkable by adding 10% methanol, though pyridine or acetone are sometimes also used as denaturants.",Denaturing,Easy,Chemistry,Alcohols and Phenols
A small piece of sodium metal is dropped into a beaker containing dry ethanol. Which gas is evolved as a result of this chemical reaction?,Hydrogen gas,Oxygen gas,Water vapor,Carbon dioxide,A,"Both alcohols and phenols react with active metals like sodium to release hydrogen gas, though phenols react more vigorously due to higher acidity.",Reaction with Sodium,Medium,Chemistry,Alcohols and Phenols
A student is given four colorless liquids and told to identify which one is a phenol using aqueous Ferric Chloride. Which color change confirms phenol?,Methanol,Ethanol,Phenol,Cyclohexanol,C,"Ferric chloride reacts with the hydroxyl group attached to a benzene ring to form a complex, resulting in a characteristic violet or purple color.",Phenol Identification,Hard,Chemistry,Alcohols and Phenols
An unknown sample of 2-propanol is treated with a mixture of anhydrous ZnCl2 and concentrated HCl. What is the expected time for turbidity appearance?,Immediate turbidity,Turbidity after 5-10 minutes,Turbidity only on heating,No turbidity at all,B,Secondary alcohols react with Lucas reagent to form an oily layer of alkyl halide within 5 to 10 minutes at room temperature.,Lucas Test,Medium,Chemistry,Alcohols and Phenols
Phenol is more acidic than ethanol due to the resonance stabilization of its conjugate base by the benzene ring.,Inductive effect,Resonance effect,Hyperconjugation,Steric hindrance,B,Phenol's acidity is enhanced by resonance effect; hyperconjugation and inductive effect are not the primary reasons here.,Acidity of Phenols,Medium,Chemistry,Alcohols and Phenols
The reaction of phenol with NaOH produces,Sodium phenoxide,Sodium phenolate and water,Phenoxide ion and hydrogen gas,Benzene and sodium hydroxide,A,Phenol reacts with NaOH to form sodium phenoxide; it's a straightforward acid-base reaction.,Reactions of Phenols,Easy,Chemistry,Alcohols and Phenols
What is the product when ethanol is oxidized with acidified KMnO4?,Acetaldehyde,Acetic acid,Ethyl acetate,Diethyl ether,B,Ethanol is fully oxidized to acetic acid by acidified KMnO4; it's a strong oxidizing agent.,Oxidation of Alcohols,Medium,Chemistry,Alcohols and Phenols
Which of the following alcohols is most reactive towards Lucas reagent?,Methanol,Ethanol,Propan-2-ol,Tert-butanol,D,Tertiary alcohols react fastest with Lucas reagent due to their stability as carbocations.,Reactivity of Alcohols,Medium,Chemistry,Alcohols and Phenols
Phenol is used in the manufacture of,Bakelite,Nylon,Dacron,Polythene,A,"Phenol is used to produce Bakelite, a type of early plastic; it's a condensation polymer.",Uses of Phenol,Easy,Chemistry,Alcohols and Phenols
Glycerol is an example of,Monohydric alcohol,Dihydric alcohol,Trihydric alcohol,Tetrahydric alcohol,C,"Glycerol has three hydroxyl groups; thus, it's a trihydric alcohol.",Classification of Alcohols,Easy,Chemistry,Alcohols and Phenols
The reaction of alcohols with sodium metal produces,Alkoxide ions and hydrogen gas,Alkyl halides,Aldehydes,Ketones,A,Alcohols react with sodium to form alkoxides and release hydrogen gas.,Reactions of Alcohols,Easy,Chemistry,Alcohols and Phenols
What is the major product of the dehydration of 2-butanol?,1-butene,2-butene,Isobutene,Butane,B,"2-butanol dehydrates to form 2-butene, following Zaitsev's rule for major product.",Dehydration of Alcohols,Medium,Chemistry,Alcohols and Phenols
The compound that gives a violet color with FeCl3 is,Ethanol,Phenol,Glycerol,Acetone,B,Phenol reacts with FeCl3 to give a characteristic violet color; it's a diagnostic test.,Tests for Phenols,Easy,Chemistry,Alcohols and Phenols
The Williamson synthesis involves the reaction of,Alkyl halide with alkoxide ion,Alkyl halide with alcohol,Alkene with alcohol,Alkyne with alkoxide,A,Williamson synthesis is the reaction of an alkyl halide with an alkoxide to form ethers.,Synthesis of Ethers,Medium,Chemistry,Alcohols and Phenols
Ethanol can be distinguished from phenol by,FeCl3 test,Lucas test,Iodoform test,Tollens' test,A,"Phenol gives a violet color with FeCl3, while ethanol does not; it's a distinguishing test.",Distinguishing Alcohols and Phenols,Medium,Chemistry,Alcohols and Phenols
The boiling point of alcohols is higher than that of corresponding alkanes due to,Hydrogen bonding,Van der Waals forces,Dipole-dipole interactions,London dispersion forces,A,Alcohols have higher boiling points due to intermolecular hydrogen bonding.,Physical Properties of Alcohols,Easy,Chemistry,Alcohols and Phenols
The oxidation of a secondary alcohol yields,Aldehyde,Ketone,Carboxylic acid,Ester,B,Secondary alcohols are oxidized to ketones; it's a characteristic reaction.,Oxidation of Alcohols,Easy,Chemistry,Alcohols and Phenols
The industrial preparation of phenol involves,Dow's process,Cumene process,Kolbe's process,Williamson synthesis,B,Phenol is industrially prepared by the cumene process; it's a major commercial method.,Industrial Preparation of Phenol,Medium,Chemistry,Alcohols and Phenols
Tertiary alcohols are not oxidized under normal conditions because,They lack alpha hydrogen,They are sterically hindered,They are not reactive,They are very stable,A,"Tertiary alcohols lack alpha hydrogens necessary for oxidation; thus, they resist oxidation.",Oxidation of Alcohols,Medium,Chemistry,Alcohols and Phenols
The reaction of phenol with chloroform and NaOH is known as,Reimer-Tiemann reaction,Kolbe's reaction,Williamson synthesis,Friedel-Crafts alkylation,A,Reimer-Tiemann reaction involves phenol reacting with chloroform and NaOH to form salicylaldehyde.,Reactions of Phenols,Hard,Chemistry,Alcohols and Phenols
The dehydration of alcohols is catalyzed by,Acid,Base,Oxidizing agent,Reducing agent,A,Acidic conditions catalyze the dehydration of alcohols to form alkenes.,Dehydration of Alcohols,Easy,Chemistry,Alcohols and Phenols
Phenol is less soluble in water than ethanol because,Phenol is more hydrophobic,Ethanol is more hydrophilic,Phenol forms weaker H-bonds,Phenol has a larger molecular weight,C,Phenol's hydroxyl group forms weaker H-bonds due to delocalization of the lone pair into the benzene ring.,Solubility of Phenols,Hard,Chemistry,Alcohols and Phenols
The Lucas test is used to distinguish between,"Primary, secondary, and tertiary alcohols",Aldehydes and ketones,Alcohols and phenols,Aromatic and aliphatic compounds,A,"Lucas test differentiates alcohols based on their reactivity, with tertiary alcohols reacting fastest.",Tests for Alcohols,Medium,Chemistry,Alcohols and Phenols
The iodoform test is given by,Methanol,Ethanol,Propan-2-ol,Tert-butanol,B,Ethanol gives a positive iodoform test as it can be oxidized to acetaldehyde and then to iodoform.,Tests for Alcohols,Hard,Chemistry,Alcohols and Phenols
A 5.0 g sample of ethanol (C2H5OH) is combusted. How many moles of O2 are required for complete combustion? (Molar mass of ethanol = 46 g/mol),0.11 mol,0.34 mol,0.54 mol,0.75 mol,C,Molar mass of ethanol is 46 g/mol. 5.0 g = 0.1087 mol. Balanced equation: C2H5OH + 3O2 → 2CO2 + 3H2O. 3 moles O2 needed per ethanol. Option B fails to multiply by 3.,Combustion Stoichiometry,Medium,Chemistry,Alcohols and Phenols
Phenol (C6H5OH) has a molar mass of 94 g/mol. What mass of phenol contains 3.01 × 10²³ molecules?,15.6 g,31.2 g,47.0 g,94.0 g,A,1 mole = 6.02 × 10²³ molecules. 3.01 × 10²³ = 0.5 mol. Mass = 0.5 × 94 = 47.0 g. Option A uses 3.01 × 10²³ = 0.5 mol but wrong math.,Mole Calculations,Easy,Chemistry,Alcohols and Phenols
"When 2.3 g of ethylene glycol (HOCH2CH2OH) is dissolved in 50.0 g of water, what is the molality? (Molar mass = 62 g/mol)",0.37 m,0.74 m,3.7 m,7.4 m,B,Moles = 2.3 / 62 = 0.037 mol. Mass of water = 0.05 kg. Molality = 0.037 / 0.05 = 0.74 m. Option A divides by 100 g solvent.,Colligative Properties,Medium,Chemistry,Alcohols and Phenols
"The boiling point of propanol (C3H7OH) is 97°C. If 184 g of propanol is vaporized, how much heat is absorbed? (ΔHvap = 70 kJ/mol)",200 kJ,280 kJ,560 kJ,1120 kJ,C,Molar mass = 60 g/mol. 184 g = 3.07 mol. Heat = 3.07 × 70 ≈ 215 kJ. Option C uses 4 mol × 70 = 280 kJ.,Enthalpy of Vaporization,Hard,Chemistry,Alcohols and Phenols
A solution contains 6.0 g of glycerol (C3H8O3) in 200 g of water. What is the freezing point depression? (Kf = 1.86°C/m),0.31°C,0.62°C,1.24°C,1.86°C,A,Molar mass of glycerol = 92 g/mol. Moles = 6.0 / 92 = 0.065 mol. Molality = 0.065 / 0.2 = 0.325 m. ΔT = 1.86 × 0.325 ≈ 0.60°C. Option A rounds down.,Freezing Point Depression,Medium,Chemistry,Alcohols and Phenols
What volume of 0.1 M NaOH reacts with 200 mL of 0.05 M phenol? (C6H5OH + NaOH → C6H5O⁻Na⁺ + H2O),50 mL,100 mL,150 mL,200 mL,B,Moles of phenol = 0.05 × 0.2 = 0.01 mol. 1:1 ratio. Volume = 0.01 / 0.1 = 0.1 L = 100 mL. Option A uses half the volume.,Neutralization Reactions,Medium,Chemistry,Alcohols and Phenols
"How many grams of methanol (CH3OH) are needed to react with 4.8 g of O2 in 2CH3OH + 3O2 → 2CO2 + 4H2O? (Molar masses: CH3OH=32 g/mol, O2=32 g/mol)",3.2 g,4.8 g,6.4 g,9.6 g,A,Molar ratio 2CH3OH:3O2. Moles O2 = 4.8 / 32 = 0.15 mol. Moles CH3OH = (2/3)(0.15) = 0.1 mol. Mass = 0.1 × 32 = 3.2 g. Option B swaps reactants.,Limiting Reagent,Hard,Chemistry,Alcohols and Phenols
The density of ethanol is 0.789 g/mL. What is the volume containing 0.5 mol of ethanol (molar mass=46 g/mol)?,14 mL,22 mL,29 mL,46 mL,C,Mass = 0.5 × 46 = 23 g. Volume = 23 / 0.789 ≈ 29 mL. Option B uses 0.5 mol × 0.789 = 0.39 L directly.,Density Calculations,Medium,Chemistry,Alcohols and Phenols
A 100 mL solution of 0.25 M ethylene glycol (C2H6O2) is diluted to 500 mL. What is the new molarity?,0.05 M,0.10 M,0.50 M,1.00 M,A,M1V1 = 0.25 × 0.1 = 0.025. M2 = 0.025 / 0.5 = 0.05 M. Option B uses 0.25 / 0.5 = 0.50 directly.,Dilution Calculations,Easy,Chemistry,Alcohols and Phenols
"If 1.2 kg of propanol (C3H7OH) is dehydrated, how many moles of propene are formed? (Molar mass=60 g/mol)",20 mol,30 mol,40 mol,60 mol,A,Molar mass = 60 g/mol. Moles = 1200 / 60 = 20 mol. 1:1 ratio in dehydration. Option D uses kg instead of grams.,Dehydration Reactions,Medium,Chemistry,Alcohols and Phenols
Phenol (C6H5OH) has a pKa of 10. What is the pH of 0.1 M phenol solution? (Assume [H+] ≈ √(Ka × C)),5.0,5.5,6.0,6.5,B,Ka = 10^(-10). [H+] = √(10^(-10) × 0.1) = 10^(-5.5). pH = 5.5. Option A uses Ka = 10^(-10) directly.,Acid-Base Equilibrium,Hard,Chemistry,Alcohols and Phenols
"How much energy is required to boil 50 g of ethanol? (ΔHvap=40.5 kJ/mol, molar mass=46 g/mol)",44 kJ,89 kJ,102 kJ,203 kJ,A,Moles = 50 / 46 ≈ 1.09 mol. Energy = 1.09 × 40.5 ≈ 44.1 kJ. Option C adds 46 g/mol to calculation.,Heat of Vaporization,Medium,Chemistry,Alcohols and Phenols
What mass of 1-propanol (C3H8O) produces 11.2 L of CO2 at STP? (Molar mass=60 g/mol),15 g,30 g,45 g,60 g,B,Moles CO2 = 11.2 / 22.4 = 0.5 mol. 1-propanol → 3CO2 per mole. Moles reactant = 0.5 / 3 ≈ 0.167 mol. Mass = 0.167 × 60 ≈ 10 g. Option B rounds up.,Gas Stoichiometry,Hard,Chemistry,Alcohols and Phenols
A 25 mL sample of 0.1 M ethyl acetate (C4H8O2) requires how many grams of NaOH for saponification? (Molar mass NaOH=40 g/mol),0.10 g,0.40 g,1.0 g,2.0 g,B,Moles ethyl acetate = 0.1 × 0.025 = 0.0025 mol. 1:1 ratio. Mass NaOH = 0.0025 × 40 = 0.1 g. Option B doubles for a 2:1 reaction.,Saponification,Medium,Chemistry,Alcohols and Phenols
The molar mass of glycerol (C3H8O3) is 92 g/mol. What is the mass of 2.0 L of glycerol? (Density=1.26 g/mL),126 g,252 g,2520 g,3024 g,C,Mass = 2000 mL × 1.26 g/mL = 2520 g. Option A ignores liters-to-mL conversion.,Density and Volume,Easy,Chemistry,Alcohols and Phenols
A solution has 30 g of ethylene glycol (molar mass=62 g/mol) in 1000 g of water. What is the molality?,0.48 m,0.97 m,1.94 m,3.88 m,A,Moles = 30 / 62 ≈ 0.484 mol. Mass of solvent = 1 kg. Molality = 0.484 mol/kg. Option C uses 30 / 62 × 2.,Molality Calculations,Medium,Chemistry,Alcohols and Phenols
How many grams of phenol (C6H5OH) neutralize 50 mL of 1.0 M HCl? (Molar mass=94 g/mol),4.7 g,9.4 g,18.8 g,47.0 g,A,Moles HCl = 0.05 × 1 = 0.05 mol. 1:1 ratio. Mass = 0.05 × 94 = 4.7 g. Option B uses 0.1 mol.,Neutralization Calculations,Medium,Chemistry,Alcohols and Phenols
A 16-year-old athlete feels muscle fatigue during a sprint. Which process is responsible for the rapid ATP production in this situation?,Lactic acid fermentation,Glycolysis,Krebs cycle,Mitochondrial oxidative phosphorylation,D,"Mitochondrial oxidative phosphorylation is the primary process for rapid ATP production in high-energy situations, unlike the others which may occur in anaerobic conditions or specific tissues.",ATP Production in Muscles,Hard,Chemistry,Alcohols and Phenols
A solution of ethanol (C2H5OH) is added to a solution of sodium hydroxide (NaOH). What is the type of reaction that occurs?,Combustion reaction,Neutralization reaction,Alcoholysis reaction,Dehydration reaction,C,"The reaction between ethanol and NaOH is an alcoholysis reaction, whereas the other options describe different types of chemical reactions.",Reactions of Alcohols,Medium,Chemistry,Alcohols and Phenols
The boiling point of ethanol (C2H5OH) is higher than that of methanol (CH3OH) due to which of the following reasons?,Higher molecular weight of ethanol,Intermolecular H-bonding in methanol,Polarity of the molecules in ethanol,Hydrogen bonding in ethanol,D,"Hydrogen bonding occurs in ethanol, causing it to have a higher boiling point compared to methanol, which fails to exhibit such a phenomenon due to its smaller size.",Physical Properties of Alcohols,Easy,Chemistry,Alcohols and Phenols
A 20 mL sample of an aqueous solution of phenol (C6H5OH) contains 0.5 g of phenol. What is the molar concentration of phenol in the solution?,0.02 M,0.1 M,0.2 M,0.4 M,C,"The molar concentration of phenol can be calculated using the formula: Molarity = moles of solute / liters of solution, which equals 0.2 M in this case.",Preparation and Properties of Phenol,Hard,Chemistry,Alcohols and Phenols
Which of the following compounds undergoes substitution reactions more readily than aromatic phenol?,C6H5CH3 (toluene),C6H5OH (phenol),C6H5F (fluorobenzene),C6H5Cl (chlorobenzene),D,"Aromatic compounds like chlorobenzene exhibit substitution reactions more readily than phenol, which is known for its directing effect in electrophilic aromatic substitution.",Electrophilic Aromatic Substitution,Medium,Chemistry,Alcohols and Phenols
Which of the following alcohols can undergo dehydration to form an alkene via an E1 reaction?,CH3CH2OH (ethanol),CH3CH2CH2OH (propan-1-ol),CH3CH(CH3)CH2OH (propan-2-ol),CH3CH2CH2CH2OH (butan-1-ol),C,Propan-2-ol (isopropanol) can undergo dehydration to form an alkene via an E1 reaction due to the presence of a tertiary carbocation intermediate.,Reactions of Alcohols,Hard,Chemistry,Alcohols and Phenols
A 5% solution of phenol (C6H5OH) in water has a pH of 10. What is the concentration of phenol in the solution (in %)?,1%,2%,5%,10%,A,"The pH of the solution is 10, which is slightly alkaline, indicating that the concentration of phenol is relatively low in this case.",Physical Properties of Phenol,Easy,Chemistry,Alcohols and Phenols
A solution of phenol (C6H5OH) is added to a solution of sodium hydroxide (NaOH). What is the type of reaction that occurs?,Neutralization reaction,Alcoholysis reaction,Combustion reaction,Dehydration reaction,B,"The reaction between phenol and NaOH is an alcoholysis reaction, whereas the other options describe different types of chemical reactions.",Reactions of Phenol,Medium,Chemistry,Alcohols and Phenols
The reaction between ethanol (C2H5OH) and acetic acid (CH3COOH) produces a product with a characteristic sweet smell. What is the name of this product?,Ethyl acetate,Ethanol,Acetic acid,Water,A,"The reaction between ethanol and acetic acid forms ethyl acetate, which has a characteristic sweet smell, whereas the other options describe reactants or byproducts.",Reactions of Alcohols,Medium,Chemistry,Alcohols and Phenols
A 15 mL sample of an aqueous solution of ethanol (C2H5OH) contains 0.7 g of ethanol. What is the molar concentration of ethanol in the solution?,0.05 M,0.1 M,0.15 M,0.3 M,B,"The molar concentration of ethanol can be calculated using the formula: Molarity = moles of solute / liters of solution, which equals 0.1 M in this case.",Preparation and Properties of Ethanol,Hard,Chemistry,Alcohols and Phenols
Which of the following compounds undergoes E2 elimination more readily than phenol?,C6H5OH (phenol),C6H5CH3 (toluene),C6H5F (fluorobenzene),C6H5Cl (chlorobenzene),D,"Aromatic compounds like chlorobenzene exhibit E2 elimination more readily than phenol, which is known for its directing effect in electrophilic aromatic substitution.",Electrophilic Aromatic Substitution,Medium,Chemistry,Alcohols and Phenols
A 2 L sample of an aqueous solution of phenol (C6H5OH) contains 0.3 g of phenol. What is the molar concentration of phenol in the solution?,0.02 M,0.05 M,0.1 M,0.2 M,B,"The molar concentration of phenol can be calculated using the formula: Molarity = moles of solute / liters of solution, which equals 0.05 M in this case.",Preparation and Properties of Phenol,Hard,Chemistry,Alcohols and Phenols
The boiling point of methanol (CH3OH) is lower than that of ethanol (C2H5OH) due to which of the following reasons?,Lower molecular weight of methanol,Intermolecular H-bonding in ethanol,Polarity of the molecules in methanol,Hydrogen bonding in methanol,D,"Hydrogen bonding occurs in methanol, causing it to have a lower boiling point compared to ethanol, which fails to exhibit such a phenomenon due to its larger size.",Physical Properties of Alcohols,Easy,Chemistry,Alcohols and Phenols
A 10 mL sample of an aqueous solution of ethanol (C2H5OH) contains 1.2 g of ethanol. What is the molar concentration of ethanol in the solution?,0.1 M,0.2 M,0.3 M,0.4 M,C,"The molar concentration of ethanol can be calculated using the formula: Molarity = moles of solute / liters of solution, which equals 0.3 M in this case.",Preparation and Properties of Ethanol,Hard,Chemistry,Alcohols and Phenols
The reaction between phenol (C6H5OH) and acetic anhydride (CH3COOCOCH3) produces a product with a characteristic sweet smell. What is the name of this product?,Phenyl acetate,Ethanol,Acetic acid,Water,A,"The reaction between phenol and acetic anhydride forms phenyl acetate, which has a characteristic sweet smell, whereas the other options describe reactants or byproducts.",Reactions of Phenol,Medium,Chemistry,Alcohols and Phenols
A 5% solution of ethanol (C2H5OH) in water has a pH of 8. What is the concentration of ethanol in the solution (in %)?,1%,2%,5%,10%,B,"The pH of the solution is 8, which is slightly alkaline, indicating that the concentration of ethanol is relatively low in this case.",Physical Properties of Ethanol,Easy,Chemistry,Alcohols and Phenols
"During fermentation, yeast converts glucose into ethanol and carbon dioxide. This process is an example of what type of reaction?",Oxidation-reduction reaction,Dehydration reaction,Hydrolysis reaction,Decarboxylation reaction,B,"The fermentation of glucose to ethanol and carbon dioxide involves the removal of water, which is a characteristic of dehydration reactions.",Fermentation of Alcohols,Easy,Chemistry,Alcohols and Phenols
A person drinks a shot of ethanol to relieve a cold. Which of the following effects on the body would occur within an hour after consumption?,Increased heart rate and blood pressure,Increased respiratory rate and blood pressure,Decreased respiratory rate and increased heart rate,Decreased heart rate and decreased respiratory rate,B,"Ethanol causes vasodilation and increases heart rate, which leads to increased respiratory rate and blood pressure.",Physiological Effects of Ethanol,Medium,Chemistry,Alcohols and Phenols
"The boiling point of phenol is 181.7°C, whereas that of ethanol is 78.3°C. What is the primary reason for this significant difference?",Hydrogen bonding in phenol,Polarization of the phenol molecule,London dispersion forces in phenol,Intermolecular forces in ethanol,A,"Phenol forms strong hydrogen bonds, which increases its boiling point compared to ethanol, which has weaker intermolecular forces.",Physical Properties of Phenols,Medium,Chemistry,Alcohols and Phenols
"A 25-year-old patient is prescribed phenobarbital for anxiety. If the patient does not follow the dosage instructions, what would be the likely consequence?",Seizures and increased heart rate,Respiratory depression and decreased heart rate,Increased blood pressure and anxiety,Diarrhea and increased urine production,B,"Phenobarbital is a barbiturate, and excessive doses can lead to respiratory depression due to its depressant effects on the central nervous system.",Pharmacology of Phenols,Medium,Chemistry,Alcohols and Phenols
"In the presence of an acid catalyst, phenol can undergo what type of reaction to produce benzene?",Electrophilic aromatic substitution,Nucleophilic aromatic substitution,Dehydration reaction,Hydrolysis reaction,A,"Phenol can undergo electrophilic aromatic substitution to replace the hydroxyl group with a hydrogen atom, producing benzene.",Synthesis of Benzene from Phenol,Hard,Chemistry,Alcohols and Phenols
"During gastric reflux, the stomach contents back up into the esophagus, causing irritation. Which compound is responsible for this irritation?",Ethanol,Acetaldehyde,Acetic acid,Hydrochloric acid,C,"Acetic acid, formed from the breakdown of ethanol, causes irritation and inflammation in the esophagus during gastric reflux.",Physiological Effects of Ethanol,Hard,Chemistry,Alcohols and Phenols
A 30-year-old woman has a history of liver disease and is prescribed a medication to reduce her risk of liver damage. Which of the following is a potential side effect of this medication?,Nausea and vomiting,Diarrhea and increased urine production,Respiratory depression and decreased heart rate,Headache and dizziness,A,"Medications used to prevent liver damage often have gastrointestinal side effects, such as nausea and vomiting.",Medications for Liver Disease,Hard,Chemistry,Alcohols and Phenols
Phenol is more acidic than ethanol due to the presence of which functional group?,Hydroxyl group (-OH),Hydrogen atom (H),Methyl group (-CH3),Methoxy group (-OCH3),A,"The hydroxyl group in phenol is more electronegative than the hydrogen atom in ethanol, making phenol more acidic.",Acidity of Alcohols and Phenols,Hard,Chemistry,Alcohols and Phenols
A person consumes a large amount of ethanol in a short period. What is the likely effect on their blood pressure and heart rate?,Increased blood pressure and heart rate,Decreased blood pressure and heart rate,Increased respiratory rate and decreased heart rate,Decreased respiratory rate and increased heart rate,A,"Ethanol causes vasodilation and increases heart rate, leading to increased blood pressure.",Physiological Effects of Ethanol,Hard,Chemistry,Alcohols and Phenols
The primary byproduct of the combustion of ethanol is what compound?,Carbon dioxide and water,Carbon monoxide and water,Acetaldehyde and water,Methanol and water,A,The combustion of ethanol produces carbon dioxide and water as the primary byproducts.,Combustion of Alcohols,Hard,Chemistry,Alcohols and Phenols
A person ingests a toxic substance that is metabolized to form a compound similar to phenol. Which of the following effects on the body would occur?,Increased heart rate and blood pressure,Increased respiratory rate and decreased blood pressure,Nausea and vomiting,Headache and dizziness,C,"Compounds similar to phenol can cause gastrointestinal distress, such as nausea and vomiting.",Physiological Effects of Phenols,Hard,Chemistry,Alcohols and Phenols
Phenol is a weak acid due to the presence of which functional group?,Hydroxyl group (-OH),Hydrogen atom (H),Methyl group (-CH3),Methoxy group (-OCH3),A,The hydroxyl group in phenol is weakly acidic due to its ability to donate a proton.,Acidity of Alcohols and Phenols,Hard,Chemistry,Alcohols and Phenols
A person has a history of liver disease and is prescribed a medication to reduce their risk of liver damage. Which of the following is a potential side effect of this medication?,Nausea and vomiting,Diarrhea and increased urine production,Respiratory depression and decreased heart rate,Headache and dizziness,A,"Medications used to prevent liver damage often have gastrointestinal side effects, such as nausea and vomiting.",Medications for Liver Disease,Hard,Chemistry,Alcohols and Phenols
Phenol can undergo what type of reaction to produce benzene in the presence of an acid catalyst?,Electrophilic aromatic substitution,Nucleophilic aromatic substitution,Dehydration reaction,Hydrolysis reaction,A,"Phenol can undergo electrophilic aromatic substitution to replace the hydroxyl group with a hydrogen atom, producing benzene.",Synthesis of Benzene from Phenol,Hard,Chemistry,Alcohols and Phenols
A patient consumes ethanol for recreational purposes. Which of the following is responsible for the associated hangover symptom of headache?,Dehydration due to increased urine production from diuresis,Direct effect of ethanol on the blood-brain barrier,Increased water loss through sweating due to ethanol-induced hypothermia,Decreased blood pressure leading to reduced blood flow to the brain,A,Dehydration due to increased urine production from diuresis causes headaches in hangover. Direct effects on the blood-brain barrier and increased water loss through sweating are not the primary causes of hangover headaches.,Pharmacological effects of ethanol,Medium,Chemistry,Alcohols and Phenols
A student is mixing a phenol with an alkali in a laboratory. Which reaction will most likely occur?,Friedel-Crafts acylation with the alkali acting as a catalyst,Nucleophilic substitution of the phenol with the alkali as the nucleophile,Electrophilic aromatic substitution of the phenol with the alkali as the electrophile,Reduction of the alkali to form an alkane,B,Nucleophilic substitution occurs in the reaction between phenol and an alkali; the other options describe different reaction mechanisms that do not apply here.,Reactions of phenols,Easy,Chemistry,Alcohols and Phenols
A researcher is studying the metabolism of ethanol in the liver. Which enzyme is primarily responsible for the first step in ethanol oxidation?,Alcohol dehydrogenase,Aldehyde dehydrogenase,Cytochrome P450,Acetaldehyde dehydrogenase,A,Alcohol dehydrogenase is the enzyme responsible for the first step in ethanol oxidation to acetaldehyde. The other options describe different enzymes involved in subsequent steps or entirely different metabolic pathways.,Metabolism of alcohols,Medium,Chemistry,Alcohols and Phenols
A pharmacist is advising a patient on the appropriate use of isopropanol as a disinfectant. Which of the following is true about isopropanol's mode of action?,Irritation of the skin and mucous membranes leading to tissue damage,Denaturation of proteins and disruption of cell membranes,Inactivation of enzymes and disruption of cellular processes,Denaturation of nucleic acids and disruption of genetic material,A,"Isopropanol's mode of action primarily involves irritation of the skin and mucous membranes, leading to tissue damage. Denaturation of proteins and enzyme inactivation occur in other disinfectants, not isopropanol.",Applications of alcohols,Medium,Chemistry,Alcohols and Phenols
A scientist is synthesizing a compound that requires the reaction of phenol with an alkyl halide. Which reagent is primarily responsible for the formation of the ether?,Boron trifluoride as a Lewis acid catalyst,"N,N-Dimethylaminopyridine as a nucleophilic catalyst",Sodium hydroxide as a base catalyst,Mercuric acetate as a catalyst,C,Sodium hydroxide acts as a base catalyst in the reaction of phenol with an alkyl halide to form an ether. The other options describe different catalysts or reagents that do not apply here.,Synthetic methods of aromatic compounds,Hard,Chemistry,Alcohols and Phenols
A researcher is studying the biological significance of ethanol in the human body. Which of the following is a major consequence of ethanol's ability to disrupt cellular membrane fluidity?,Increased permeability of the blood-brain barrier,Decreased absorption of nutrients from the small intestine,Enhanced release of neurotransmitters from the pre-synaptic neuron,Reduced transport of lipids across the plasma membrane,A,Ethanol's ability to disrupt cellular membrane fluidity increases the permeability of the blood-brain barrier. The other options describe different effects that are not directly related to membrane fluidity.,Pharmacological effects of ethanol,Hard,Chemistry,Alcohols and Phenols
A student is attempting to distinguish between phenol and ethanol in a laboratory test. Which chemical test will most likely differentiate between the two compounds?,Fehling's test for the presence of aldehydes,Benedict's test for the presence of reducing sugars,Liebermann-Burchard test for the presence of phenols,Lassaigne's test for the presence of halogens,C,"The Liebermann-Burchard test is specifically designed to detect the presence of phenols, which distinguishes it from the other options that are used to test for different functional groups.",Qualitative analysis of organic compounds,Easy,Chemistry,Alcohols and Phenols
A researcher is investigating the role of phenol in the treatment of skin infections. Which of the following is a potential mechanism by which phenol exerts its antibacterial effect?,Disruption of the bacterial cell membrane leading to cell lysis,Inhibition of protein synthesis through binding to ribosomes,Denaturation of bacterial enzymes leading to loss of function,Interference with DNA replication and transcription,A,"Phenol exerts its antibacterial effect by disrupting the bacterial cell membrane, leading to cell lysis. The other options describe different mechanisms of action that are not related to phenol.",Antimicrobial properties of phenols,Medium,Chemistry,Alcohols and Phenols
A student is studying the properties of ethanol as a solvent. Which of the following is true about ethanol's solubility characteristics?,High polar solubility and ability to dissolve polar compounds,High non-polar solubility and ability to dissolve non-polar compounds,Moderate polar solubility and ability to dissolve moderately polar compounds,Low solubility and inability to dissolve most compounds,A,Ethanol has high polar solubility and can dissolve polar compounds. The other options describe incorrect or incomplete solubility characteristics of ethanol.,Physical properties of alcohols,Easy,Chemistry,Alcohols and Phenols
A researcher is investigating the role of phenol in the formation of atherosclerotic plaques. Which of the following is a potential mechanism by which phenol contributes to plaque formation?,Inhibition of lipoprotein lipase leading to increased triglyceride levels,Stimulation of lipid peroxidation leading to the formation of oxidized LDL,Inhibition of cholesterol esterification leading to increased free cholesterol levels,Enhancement of HDL cholesterol levels leading to increased reverse cholesterol transport,B,"Phenol stimulates lipid peroxidation, leading to the formation of oxidized LDL, which contributes to plaque formation. The other options describe different mechanisms of action that are not related to phenol.",Biochemical aspects of atherosclerosis,Hard,Chemistry,Alcohols and Phenols
A student is attempting to synthesize a compound that requires the reaction of ethanol with an alkyl halide. Which reagent is primarily responsible for the formation of the ether?,Boron trifluoride as a Lewis acid catalyst,"N,N-Dimethylaminopyridine as a nucleophilic catalyst",Sodium hydroxide as a base catalyst,Mercuric acetate as a catalyst,C,Sodium hydroxide acts as a base catalyst in the reaction of ethanol with an alkyl halide to form an ether. The other options describe different catalysts or reagents that do not apply here.,Synthetic methods of alcohols,Hard,Chemistry,Alcohols and Phenols
A researcher is studying the environmental fate of ethanol as a fuel additive. Which of the following is a potential consequence of ethanol's ability to form esters with fatty acids?,Formation of bioactive compounds with antimicrobial properties,Production of greenhouse gases through microbial degradation,Enhanced water solubility and decreased persistence in the environment,Increased toxicity to aquatic organisms,B,Ethanol's ability to form esters with fatty acids can lead to the production of greenhouse gases through microbial degradation. The other options describe different effects that are not directly related to ester formation.,Environmental chemistry of alcohols,Hard,Chemistry,Alcohols and Phenols
A student is attempting to distinguish between phenol and acetone in a laboratory test. Which chemical test will most likely differentiate between the two compounds?,Fehling's test for the presence of aldehydes,Benedict's test for the presence of reducing sugars,Liebermann-Burchard test for the presence of phenols,"2,4-Dinitrophenylhydrazine test for the presence of ketones",C,"The Liebermann-Burchard test is specifically designed to detect the presence of phenols, which distinguishes it from the other options that are used to test for different functional groups.",Qualitative analysis of organic compounds,Easy,Chemistry,Alcohols and Phenols
A researcher is investigating the role of ethanol in the treatment of diabetes. Which of the following is a potential mechanism by which ethanol exerts its hypoglycemic effect?,"Inhibition of glucose production in the liver through reduced fructose-1,6-bisphosphatase activity",Enhanced glucose uptake in peripheral tissues through increased insulin receptor density,Increased glucose excretion in the urine through enhanced sodium-dependent glucose cotransport,Stimulation of lipolysis leading to increased free fatty acid levels,A,"Ethanol inhibits glucose production in the liver through reduced fructose-1,6-bisphosphatase activity, which is a potential mechanism of its hypoglycemic effect. The other options describe different effects that are not directly related to glucose metabolism.",Pharmacological effects of ethanol,Medium,Chemistry,Alcohols and Phenols
A student is studying the properties of phenol as a disinfectant. Which of the following is true about phenol's antimicrobial properties?,"Phenol has broad-spectrum antimicrobial activity against bacteria, viruses, and fungi",Phenol is most effective against gram-positive bacteria due to its lipophilic nature,Phenol's antimicrobial properties are primarily due to its ability to disrupt cell membranes,Phenol's antimicrobial properties are primarily due to its ability to inhibit protein synthesis,C,"Phenol's antimicrobial properties are primarily due to its ability to disrupt cell membranes, which distinguishes it from the other options that describe different mechanisms of action.",Antimicrobial properties of phenols,Medium,Chemistry,Alcohols and Phenols
A researcher is investigating the role of ethanol in the development of liver disease. Which of the following is a potential consequence of ethanol's ability to induce liver inflammation?,Formation of liver fibrosis and cirrhosis,Increased liver enzyme activity and hepatotoxicity,Enhanced liver regeneration and repair,Reduced liver function and metabolic activity,A,Ethanol's ability to induce liver inflammation can lead to the formation of liver fibrosis and cirrhosis. The other options describe different effects that are not directly related to liver inflammation.,Biochemical aspects of liver disease,Hard,Chemistry,Alcohols and Phenols
"During the oxidation of phenol to benzoquinone, where do the electrons from the phenolic oxygen atom get transferred?",To the carbonyl carbon atom,To the adjacent carbon atom,To the sulfur atom of the catalyst,To the oxygen atom of the oxidizing agent,B,"Electrons are transferred to the adjacent carbon atom, not to the carbonyl carbon atom, which is not present in this reaction.",Phenol Oxidation,Medium,Chemistry,Alcohols and Phenols
An alcohol reacts with a strong acid to form a carbocation intermediate. What type of bond is broken during this process?,A C-C sigma bond,A C-H sigma bond,A C-C pi bond,A C-O pi bond,B,"A C-H sigma bond is broken, not a C-C sigma bond, which would require a different mechanism.",Alcohol Reactions,Medium,Chemistry,Alcohols and Phenols
What type of reaction occurs between phenol and chlorine in the presence of a catalyst?,Electrophilic aromatic substitution,Nucleophilic aromatic substitution,Redox reaction,Addition reaction,A,"Electrophilic aromatic substitution occurs, not nucleophilic aromatic substitution, which involves a different reaction mechanism.",Phenol Reactions,Easy,Chemistry,Alcohols and Phenols
"During the oxidation of an alcohol to an aldehyde, which functional group is formed?",A ketone,An aldehyde,A carboxylic acid,An ester,B,"An aldehyde is formed, not a ketone, which is formed during a different reaction.",Alcohol Oxidation,Easy,Chemistry,Alcohols and Phenols
What is the primary function of the catalyst in the oxidation of phenol to benzoquinone?,To facilitate the transfer of electrons,To provide a source of oxygen,To stabilize the transition state,To increase the temperature,C,"The catalyst stabilizes the transition state, not provides a source of oxygen, which is already present in the reactant.",Catalyst Function,Hard,Chemistry,Alcohols and Phenols
A 16-year-old athlete experiences muscle soreness after an intense workout. What type of reaction is responsible for the formation of this soreness?,The citric acid cycle,Glycolysis,Lactic acid fermentation,Protein degradation,C,"Lactic acid fermentation is responsible, not the citric acid cycle, which occurs in the mitochondria.",Muscle Soreness,Medium,Chemistry,Alcohols and Phenols
"During the oxidation of an alcohol to a carboxylic acid, which functional group is lost?",A hydroxyl group,A hydrogen atom,A methyl group,A carboxyl group,A,"A hydroxyl group is lost, not a carboxyl group, which is already present in the reactant.",Alcohol Oxidation,Easy,Chemistry,Alcohols and Phenols
What is the primary mechanism of action of the catalyst in the oxidation of phenol to benzoquinone?,Electrophilic aromatic substitution,Nucleophilic aromatic substitution,Redox reaction,Oxidation-reduction reaction,C,"A redox reaction occurs, not electrophilic aromatic substitution, which involves a different mechanism.",Catalyst Mechanism,Hard,Chemistry,Alcohols and Phenols
A 16-year-old athlete experiences rapid fatigue during a sprint. What type of reaction is responsible for the rapid ATP production in this situation?,Fatty acid oxidation,Citric acid cycle,Glycolysis,Lactic acid fermentation,C,"Glycolysis is the primary process responsible, not lactic acid fermentation, which occurs during intense, anaerobic exercise.",ATP Production,Medium,Chemistry,Alcohols and Phenols
What is the primary function of the catalyst in the oxidation of an alcohol to a carboxylic acid?,To facilitate the transfer of electrons,To provide a source of oxygen,To stabilize the transition state,To increase the temperature,C,"The catalyst stabilizes the transition state, not provides a source of oxygen, which is already present in the reactant.",Catalyst Function,Hard,Chemistry,Alcohols and Phenols
"During the oxidation of an alcohol to a ketone, which functional group is formed?",A hydroxyl group,A methyl group,A carbonyl group,A carboxyl group,C,"A carbonyl group is formed, not a hydroxyl group, which is already present in the reactant.",Alcohol Oxidation,Easy,Chemistry,Alcohols and Phenols
What is the primary mechanism of action of the catalyst in the oxidation of an alcohol to a carboxylic acid?,Electrophilic aromatic substitution,Nucleophilic aromatic substitution,Redox reaction,Oxidation-reduction reaction,C,"A redox reaction occurs, not electrophilic aromatic substitution, which involves a different mechanism.",Catalyst Mechanism,Hard,Chemistry,Alcohols and Phenols
Phenol is a precursor to what important industrial chemical?,Benzene,Toluene,Ethylbenzene,Aniline,D,Phenol is a precursor to aniline through the cumene process. Benzene is a different precursor to ethylbenzene.,Industrial Importance of Phenols,Easy,Chemistry,Alcohols and Phenols
What is the primary method of synthesis of phenol?,Friedel-Crafts alkylation of benzene,Friedel-Crafts acylation of benzene,Cumene process,Phenol synthesis from cyclohexanol,C,"The cumene process is the primary method of synthesis of phenol. Friedel-Crafts reactions are used for alkylations and acylations, not phenol synthesis.",Industrial Importance of Phenols,Easy,Chemistry,Alcohols and Phenols
Why do phenol and benzene react differently with alkali?,Phenol is more polar than benzene,Phenol has a higher ionization energy than benzene,Phenol forms a stable hydrogen bond with alkali metal ions,Phenol has a higher electronegativity than benzene,C,"Phenol forms a stable hydrogen bond with alkali metal ions, making it more reactive. Options A, B, and D do not accurately explain the difference in reactivity.",Reactivity of Alcohols and Phenols,Medium,Chemistry,Alcohols and Phenols
A researcher wants to synthesize phenol from benzene using a single step reaction. Which of the following reactions would they use?,Electrophilic substitution,Nucleophilic substitution,Friedel-Crafts alkylation,Nitration of benzene,A,"Electrophilic substitution, particularly nitration, can be used to synthesize phenol from benzene. Options B, C, and D do not accurately describe the reaction.",Synthesis of Alcohols and Phenols,Hard,Chemistry,Alcohols and Phenols
A manufacturing plant produces phenol through the cumene process. What is the byproduct of this process?,Toluene,Benzene,Acetone,Acetic acid,C,The cumene process produces acetone as a byproduct. Toluene and benzene are different precursors used in different reactions.,Industrial Importance of Phenols,Medium,Chemistry,Alcohols and Phenols
What is the significance of phenol's high boiling point?,Phenol has high viscosity,Phenol has high surface tension,Phenol is less soluble in water,Phenol's boiling point is relevant to industrial applications,D,"Phenol's high boiling point is significant for its industrial applications, such as manufacturing of polycarbonate plastics. Options A, B, and C do not accurately describe the significance.",Physical Properties of Alcohols and Phenols,Hard,Chemistry,Alcohols and Phenols
A chemist wants to synthesize aniline from phenol. Which reaction would they use?,Nitration of phenol,Reduction of nitrobenzene,Amination of phenol,Friedel-Crafts acylation,A,"Nitration of phenol followed by reduction produces aniline. Options B, C, and D do not accurately describe the synthesis.",Synthesis of Alcohols and Phenols,Medium,Chemistry,Alcohols and Phenols
Phenol is used as an antiseptic due to its,Antibacterial properties,Antifungal properties,Antiseptic properties,Antiviral properties,C,"Phenol is used as an antiseptic due to its broad-spectrum antimicrobial properties, including antiviral properties. Options A, B, and C are related but not the correct answer.",Uses of Alcohols and Phenols,Easy,Chemistry,Alcohols and Phenols
A researcher wants to synthesize phenol from benzene using a two-step reaction. Which of the following sequences would they use?,Nitration of benzene followed by reduction,Alkylation of benzene followed by oxidation,Acetylation of benzene followed by hydrolysis,Phenol synthesis from cyclohexanol,A,"Nitration of benzene followed by reduction is one possible sequence to synthesize phenol. Options B, C, and D do not accurately describe the synthesis.",Synthesis of Alcohols and Phenols,Hard,Chemistry,Alcohols and Phenols
Phenol is a precursor to what important industrial chemical used in the manufacture of plastics?,Benzene,Toluene,Ethylbenzene,Bisphenol A,D,"Phenol is a precursor to bisphenol A, which is used in the manufacture of polycarbonate plastics. Options A, B, and C are precursors to different chemicals.",Industrial Importance of Phenols,Easy,Chemistry,Alcohols and Phenols
A chemist wants to synthesize a compound with a hydroxyl group from phenol. Which reaction would they use?,Alkylation of phenol,Acetylation of phenol,Amination of phenol,Phenol synthesis from cyclohexanol,B,"Acetylation of phenol adds a hydroxyl group. Options A, C, and D do not accurately describe the synthesis.",Synthesis of Alcohols and Phenols,Medium,Chemistry,Alcohols and Phenols
What is the primary difference between phenol and benzene?,Phenol has a higher ionization energy than benzene,Phenol has a higher electronegativity than benzene,Phenol forms a stable hydrogen bond with alkali metal ions,Phenol has a higher viscosity than benzene,C,"Phenol forms a stable hydrogen bond with alkali metal ions, making it more reactive. Options A, B, and D do not accurately describe the difference.",Reactivity of Alcohols and Phenols,Hard,Chemistry,Alcohols and Phenols
A researcher wants to synthesize phenol from cyclohexanol. Which reaction would they use?,Oxidation of cyclohexanol,Reduction of cyclohexanone,Acetylation of cyclohexanol,Phenol synthesis from benzene,A,"Oxidation of cyclohexanol produces phenol. Options B, C, and D do not accurately describe the synthesis.",Synthesis of Alcohols and Phenols,Medium,Chemistry,Alcohols and Phenols
Phenol is used as a disinfectant due to its,Antiseptic properties,Antibacterial properties,Antifungal properties,Antiviral properties,A,"Phenol is used as a disinfectant due to its broad-spectrum antimicrobial properties. Options B, C, and D are related but not the correct answer.",Uses of Alcohols and Phenols,Easy,Chemistry,Alcohols and Phenols
A chemist wants to synthesize a compound with a hydroxyl group from benzene. Which reaction would they use?,Alkylation of benzene,Acetylation of benzene,Amination of benzene,Phenol synthesis from cyclohexanol,B,"Acetylation of benzene adds a hydroxyl group. Options A, C, and D do not accurately describe the synthesis.",Synthesis of Alcohols and Phenols,Medium,Chemistry,Alcohols and Phenols
A patient with cirrhosis is given a medication that inhibits the enzyme responsible for the conversion of acetaldehyde to ethanol. What is the likely outcome of this treatment?,Improved liver function,Reduced risk of liver cancer,Increased production of acetaldehyde,Enhanced metabolism of fatty acids,C,"Inhibition of acetaldehyde dehydrogenase leads to increased acetaldehyde levels, causing further liver damage.",Alcohols and Phenols: Metabolic pathways,Medium,Chemistry,Alcohols and Phenols
A compound with the molecular formula C6H14O is found to be an isomer of ethanol. What is the structural formula of this compound?,CH3CH2CH2CH2CH2OH,CH3CH2CH2OH,CH3CH2OCH2CH3,CH3CH2CH2CH2OCH3,C,"The isomer of ethanol with the molecular formula C6H14O is 2-methyl-1-propanol, also known as isopropanol.",Alcohols and Phenols: Structural isomerism,Medium,Chemistry,Alcohols and Phenols
Why is phenol less soluble in water compared to ethanol?,Due to the presence of a hydroxyl group,Due to the presence of a benzene ring,Due to the difference in molecular size,Due to the difference in molecular weight,B,"Phenol has a non-polar benzene ring, making it less soluble in water compared to ethanol, which is polar.",Alcohols and Phenols: Solubility,Hard,Chemistry,Alcohols and Phenols
What is the reaction of phenol with sodium hydroxide?,Formation of sodium phenoxide,Formation of phenylamine,Formation of benzene,Formation of sodium acetate,A,"Phenol reacts with sodium hydroxide to form sodium phenoxide, a strong base.",Alcohols and Phenols: Reactions,Hard,Chemistry,Alcohols and Phenols
Why is ethanol less irritating to the skin compared to methanol?,Due to the presence of a hydroxyl group,Due to the presence of a methyl group,Due to the difference in molecular size,Due to the difference in molecular weight,B,"Methanol is more toxic and irritating due to the presence of a methyl group, which is more easily oxidized.",Alcohols and Phenols: Toxicity,Hard,Chemistry,Alcohols and Phenols
What is the effect of adding acetic acid to a mixture of ethanol and water?,Increased solubility of ethanol,Decreased solubility of ethanol,No effect on solubility,Formation of acetaldehyde,B,"Acetic acid forms an azeotropic mixture with ethanol, decreasing its solubility in water.",Alcohols and Phenols: Solubility,Medium,Chemistry,Alcohols and Phenols
Why is the boiling point of ethanol higher compared to methanol?,Due to the presence of a hydroxyl group,Due to the presence of a methyl group,Due to the difference in molecular size,Due to the difference in molecular weight,C,"Ethanol has a larger molecular size and stronger intermolecular forces due to hydrogen bonding, resulting in a higher boiling point.",Alcohols and Phenols: Physical properties,Hard,Chemistry,Alcohols and Phenols
What is the reaction of phenol with concentrated sulfuric acid?,Formation of phenylsulfonic acid,Formation of sodium phenoxide,Formation of benzene,Formation of phenylamine,A,"Phenol reacts with concentrated sulfuric acid to form phenylsulfonic acid, a strong acid.",Alcohols and Phenols: Reactions,Hard,Chemistry,Alcohols and Phenols
Why is ethanol more toxic compared to 2-propanol?,Due to the presence of a methyl group,Due to the presence of a hydroxyl group,Due to the difference in molecular size,Due to the difference in molecular weight,A,"Ethanol is more toxic due to the presence of a methyl group, which is more easily oxidized to form toxic metabolites.",Alcohols and Phenols: Toxicity,Hard,Chemistry,Alcohols and Phenols
What is the structural formula of the compound with the molecular formula C6H8O?,C6H5OH,C6H5CH3,C6H4CH3,C6H5OCH3,A,"The compound with the molecular formula C6H8O is phenol, also known as benzene-1-ol.",Alcohols and Phenols: Structural isomerism,Medium,Chemistry,Alcohols and Phenols
Why is the acidity of phenol higher compared to ethanol?,Due to the presence of a hydroxyl group,Due to the presence of a benzene ring,Due to the difference in molecular size,Due to the difference in molecular weight,B,"Phenol has a non-polar benzene ring, making it a weaker base and a stronger acid compared to ethanol.",Alcohols and Phenols: Acidity,Hard,Chemistry,Alcohols and Phenols
What is the reaction of ethanol with potassium dichromate?,Oxidation to acetaldehyde,Oxidation to acetic acid,Formation of sodium ethoxide,Formation of ethanolamine,B,"Ethanol reacts with potassium dichromate to form acetic acid, a product of complete oxidation.",Alcohols and Phenols: Reactions,Medium,Chemistry,Alcohols and Phenols
Why is the freezing point of ethanol higher compared to methanol?,Due to the presence of a hydroxyl group,Due to the presence of a methyl group,Due to the difference in molecular size,Due to the difference in molecular weight,C,"Ethanol has a larger molecular size and stronger intermolecular forces due to hydrogen bonding, resulting in a higher freezing point.",Alcohols and Phenols: Physical properties,Hard,Chemistry,Alcohols and Phenols
What is the effect of adding sodium hydroxide to a mixture of phenol and water?,Formation of sodium phenoxide,Formation of phenylamine,Formation of benzene,Formation of phenylsulfonic acid,A,"Phenol reacts with sodium hydroxide to form sodium phenoxide, a strong base.",Alcohols and Phenols: Reactions,Medium,Chemistry,Alcohols and Phenols
Why is the pH of a solution of phenol higher compared to ethanol?,Due to the presence of a hydroxyl group,Due to the presence of a benzene ring,Due to the difference in molecular size,Due to the difference in molecular weight,B,"Phenol has a non-polar benzene ring, making it a weaker acid and resulting in a higher pH compared to ethanol.",Alcohols and Phenols: Acidity,Hard,Chemistry,Alcohols and Phenols
A person mixes equal volumes of methanol and ethanol in a solution. How many methanol molecules are present per 10 ethanol molecules?,9,10,12,15,B,"The correct ratio is 1:1 (equal volumes) which results in a 1:1 molar ratio of methanol to ethanol, so 10 ethanol molecules would have 10 methanol molecules.",Molecular Structure and Intermolecular Forces,Easy,Chemistry,Alcohols and Phenols
A mixture of phenol and water has a boiling point of 102°C. What percentage of phenol is present in the mixture?,25%,30%,40%,50%,B,"Phenol has a boiling point of 182°C. The boiling point of the mixture is 102°C, indicating a 60°C decrease. Phenol boils at 60°C lower than water. So, the correct percentage of phenol is 30%.",Physical Properties and Boiling Point Elevation,Medium,Chemistry,Alcohols and Phenols
"In an acid-catalyzed condensation reaction, what type of compound is formed when two phenol molecules combine?",Ether,Aldehyde,Ketone,Benzoquinone,A,"In an acid-catalyzed condensation reaction, two phenol molecules form an ether. The correct formation of the ether is through the reaction of phenol with itself in the presence of an acid catalyst.",Synthesis and Reactions,Hard,Chemistry,Alcohols and Phenols
A solution contains 0.1 M phenol and 0.5 M sodium hydroxide. What is the pH of the solution?,9,10,12,14,C,"Sodium hydroxide is a strong base, so it completely dissociates. The concentration of hydroxide ions is 0.5 M, which is a very strong base. The pH is calculated using the pOH formula: pOH = -log[OH-]. Since the solution is very basic, the pH would be close to 12.",pH and Acid-Base Chemistry,Medium,Chemistry,Alcohols and Phenols
"In a reaction, benzene is converted to benzophenone. What is the role of ozone in this reaction?",Oxidizing agent,Reducing agent,Catalyst,Solvent,A,"Benzene is converted to benzophenone through an ozonolysis reaction, where ozone acts as the oxidizing agent. Ozone breaks the double bond in benzene, leading to the formation of benzophenone.",Oxidation and Reduction,Medium,Chemistry,Alcohols and Phenols
A compound contains 10.5 grams of phenol and 15 grams of water. What is the empirical formula of the compound?,C6H5OH·H2O,C6H5OH·2H2O,C6H5OH·3H2O,C6H5OH·4H2O,B,"The molar mass of phenol is 94 g/mol. The molar mass of water is 18 g/mol. The ratio of phenol to water is 10.5/18 : 15/18, which simplifies to 1:1.4, or approximately 1:2, leading to an empirical formula of C6H5OH·2H2O.",Empirical Formulas and Molecular Weight,Hard,Chemistry,Alcohols and Phenols
What is the effect of increasing the concentration of sulfuric acid on the yield of the Friedel-Crafts alkylation reaction?,Increases,Decreases,No effect,Increases then decreases,A,Increasing the concentration of sulfuric acid in the Friedel-Crafts alkylation reaction increases the yield of the reaction. Sulfuric acid acts as a catalyst and facilitates the reaction.,Friedel-Crafts Alkylation,Medium,Chemistry,Alcohols and Phenols
A compound contains 25 grams of phenol and 10.2 grams of sodium hydroxide. What is the percentage yield of the reaction?,50%,55%,60%,65%,B,"The theoretical yield of the reaction is 25 g of phenol. However, only 10.2 g of sodium hydroxide is used, resulting in a yield of 25 g * (10.2 g / 25 g) = 20.4 g. The percentage yield is (20.4 g / 25 g) * 100% = 81.6%, which is approximately 80%.",Yield and Percent Yield,Medium,Chemistry,Alcohols and Phenols
What is the reaction between phenol and nitric acid?,Nitration,Sulfonation,Halogenation,Nitrosation,A,"The reaction between phenol and nitric acid is a nitration reaction, where a nitro group is introduced onto the benzene ring.",Nitration,Easy,Chemistry,Alcohols and Phenols
A solution contains 0.1 M phenol and 0.1 M hydrochloric acid. What is the pH of the solution?,3,4,5,6,C,"Phenol is a weak acid, and hydrochloric acid is a strong acid. The pH of the solution is determined by the concentration of the phenol and the hydrochloric acid. Since the solution is slightly acidic, the pH would be around 5.",pH and Acid-Base Chemistry,Medium,Chemistry,Alcohols and Phenols
A compound contains 10 grams of phenol and 20 grams of hydrogen peroxide. What is the percentage yield of the reaction?,20%,30%,40%,50%,B,"The theoretical yield of the reaction is 10 g of phenol. However, only 20 g of hydrogen peroxide is used, resulting in a yield of 10 g * (20 g / 40 g) = 5 g. The percentage yield is (5 g / 10 g) * 100% = 50%, which is approximately 30%.",Yield and Percent Yield,Medium,Chemistry,Alcohols and Phenols
What is the effect of increasing the temperature on the rate of the reaction of phenol with sodium hydroxide?,Increases,Decreases,No effect,Increases then decreases,A,Increasing the temperature increases the rate of the reaction between phenol and sodium hydroxide. This is because higher temperatures provide more energy for the reactants to collide and react.,Reaction Kinetics,Medium,Chemistry,Alcohols and Phenols
A solution contains 0.1 M phenol and 0.01 M sodium hydroxide. What is the pH of the solution?,2,3,4,5,C,"Phenol is a weak acid, and sodium hydroxide is a strong base. The pH of the solution is determined by the concentration of the phenol and the sodium hydroxide. Since the solution is slightly acidic, the pH would be around 4.",pH and Acid-Base Chemistry,Medium,Chemistry,Alcohols and Phenols
A compound contains 25 grams of phenol and 10 grams of sulfuric acid. What is the percentage yield of the reaction?,20%,30%,40%,50%,B,"The theoretical yield of the reaction is 10 g of phenol. However, only 25 g of sulfuric acid is used, resulting in a yield of 10 g * (25 g / 50 g) = 5 g. The percentage yield is (5 g / 10 g) * 100% = 50%, which is approximately 30%.",Yield and Percent Yield,Medium,Chemistry,Alcohols and Phenols
What is the effect of increasing the concentration of phenol on the rate of the reaction between phenol and sodium hydroxide?,Increases,Decreases,No effect,Increases then decreases,A,Increasing the concentration of phenol increases the rate of the reaction between phenol and sodium hydroxide. This is because higher concentrations of reactants provide more opportunities for collisions and reactions.,Reaction Kinetics,Medium,Chemistry,Alcohols and Phenols
A researcher studying the properties of alcohols observes that ethanol has a higher boiling point than methanol. What structural feature of ethanol contributes to this higher boiling point?,Presence of a hydroxyl group,Length of the carbon chain,Presence of a methyl group,Presence of a hydrogen bond,D,"The intermolecular hydrogen bonds between ethanol molecules increase its boiling point, while methanol lacks this feature.",Boiling Points of Alcohols,Medium,Chemistry,Alcohols and Phenols
Phenol is more acidic than ethanol due to its ability to form a resonance-stabilized anion. What is the consequence of this stabilization on the acid strength of phenol?,Phenol is a stronger acid than ethanol,Phenol is a weaker acid than ethanol,Phenol and ethanol have equivalent acid strengths,Phenol has a higher pKa value than ethanol,A,"The resonance stabilization of the phenoxide anion increases the acidity of phenol, making it stronger than ethanol.",Acidity of Phenol,Medium,Chemistry,Alcohols and Phenols
A 25-year-old patient with cirrhosis is prescribed a medication that aims to reduce the accumulation of toxic aldehydes in the liver. What type of compound is most likely to be prescribed?,Aldehyde Dehydrogenase Inhibitor,Alcohol Dehydrogenase Activator,Oxidative Phosphorylation Stimulator,NAD+ Regenerator,A,"Aldehyde dehydrogenase inhibitors reduce the conversion of acetaldehyde to acetate, thereby decreasing its accumulation in the liver.",Treatment of Alcoholic Liver Disease,Hard,Chemistry,Alcohols and Phenols
The boiling point of tert-butanol is higher than expected due to its ability to form a solid crystalline phase. What is the name of this phase?,Liquid-vapor equilibrium,Solid-liquid equilibrium,Crystalline solid phase,Supercritical fluid phase,B,"Tert-butanol exhibits a solid-liquid equilibrium, resulting in a higher boiling point as it transitions from a liquid to a solid phase.",Phase Transitions of Alcohols,Hard,Chemistry,Alcohols and Phenols
A researcher studying the properties of phenol observes that it is more soluble in water than would be expected based on its molecular structure. What is the reason for this increased solubility?,Presence of hydrogen bonds between phenol and water,Similarity in polarity between phenol and water,Ability of phenol to form an ion pair with water,Increased van der Waals interactions between phenol and water,B,"Phenol's polarity allows it to form hydrogen bonds with water, increasing its solubility.",Solubility of Phenol,Medium,Chemistry,Alcohols and Phenols
A 30-year-old patient with a history of chronic ethanol consumption is diagnosed with a condition characterized by the accumulation of toxic aldehydes in the liver. What is the name of this condition?,Alcoholic Hepatitis,Alcoholic Cirrhosis,Fatty Liver Disease,Liver Fibrosis,A,"Alcoholic hepatitis is characterized by the accumulation of toxic aldehydes, such as acetaldehyde, in the liver.",Alcoholic Hepatitis,Hard,Chemistry,Alcohols and Phenols
The acidity of a phenol is influenced by the presence of a substituent group on the aromatic ring. What is the effect of introducing a methyl group on the acidity of phenol?,Increases the acidity of phenol,Decreases the acidity of phenol,Has no effect on the acidity of phenol,Increases the basicity of phenol,C,The introduction of a methyl group has a negligible effect on the acidity of phenol due to resonance stabilization.,Acidity of Phenol,Medium,Chemistry,Alcohols and Phenols
A researcher studying the properties of alcohols observes that the boiling point of butanol is higher than would be expected based on its molecular structure. What is the reason for this increased boiling point?,Presence of a hydroxyl group,Length of the carbon chain,Presence of a hydrogen bond,Increased van der Waals interactions,C,The intermolecular hydrogen bonds between butanol molecules increase its boiling point.,Boiling Points of Alcohols,Medium,Chemistry,Alcohols and Phenols
A 35-year-old patient with a history of chronic ethanol consumption is diagnosed with a condition characterized by the accumulation of toxic aldehydes in the liver. What is the name of this condition?,Alcoholic Cirrhosis,Alcoholic Hepatitis,Fatty Liver Disease,Liver Fibrosis,A,"Alcoholic cirrhosis is characterized by the accumulation of toxic aldehydes, such as acetaldehyde, in the liver.",Alcoholic Cirrhosis,Hard,Chemistry,Alcohols and Phenols
A 40-year-old patient is prescribed a medication that aims to reduce the accumulation of toxic aldehydes in the liver. What type of compound is most likely to be prescribed?,Aldehyde Dehydrogenase Inhibitor,Alcohol Dehydrogenase Activator,Oxidative Phosphorylation Stimulator,NAD+ Regenerator,A,"Aldehyde dehydrogenase inhibitors reduce the conversion of acetaldehyde to acetate, thereby decreasing its accumulation in the liver.",Treatment of Alcoholic Liver Disease,Hard,Chemistry,Alcohols and Phenols
A 45-year-old patient with a history of chronic ethanol consumption is diagnosed with a condition characterized by the accumulation of toxic aldehydes in the liver. What is the name of this condition?,Alcoholic Hepatitis,Alcoholic Cirrhosis,Fatty Liver Disease,Liver Fibrosis,B,"Alcoholic cirrhosis is characterized by the accumulation of toxic aldehydes, such as acetaldehyde, in the liver.",Alcoholic Cirrhosis,Hard,Chemistry,Alcohols and Phenols
A researcher is studying the metabolic pathways of a microorganism that utilizes ethanol as a carbon source. Which enzyme is responsible for catalyzing the conversion of ethanol to acetaldehyde?,Alcohol dehydrogenase,Ethanol oxidase,Acetaldehyde dehydrogenase,Pyruvate dehydrogenase,A,"Alcohol dehydrogenase is the correct enzyme, as it specifically catalyzes the conversion of ethanol to acetaldehyde.",Microbial Metabolism of Alcohols,Medium,Chemistry,Alcohols and Phenols
A chemist is attempting to synthesize phenol from benzene. Which reagent should be used as the oxidizing agent?,Chromic acid,Potassium permanganate,Nitric acid,Hydrogen peroxide,A,"Chromic acid is the correct reagent, as it efficiently oxidizes benzene to form phenol.",Synthesis of Phenols,Medium,Chemistry,Alcohols and Phenols
A patient with liver disease is taking a medication that is metabolized by the cytochrome P450 enzyme system. Which of the following is a consequence of this metabolism?,Increased half-life of the medication,Decreased bioavailability of the medication,Formation of a toxic metabolite,Enhanced absorption of the medication,C,"The cytochrome P450 enzyme system can form toxic metabolites, which is a potential consequence of this metabolism.",Pharmacokinetics of Alcohols,Hard,Chemistry,Alcohols and Phenols
A chemist is attempting to synthesize isopropyl alcohol from propylene. Which reagent should be used as the catalyst?,Zinc oxide,Chromium trioxide,Raney nickel,Sulfuric acid,C,"Raney nickel is the correct catalyst, as it efficiently hydrogenates propylene to form isopropyl alcohol.",Synthesis of Isopropyl Alcohol,Medium,Chemistry,Alcohols and Phenols
A researcher is studying the toxicity of benzene to human cells. Which of the following is a potential mechanism of toxicity?,DNA damage caused by reactive oxygen species,Inhibition of protein synthesis,Disruption of cell membrane integrity,Inhibition of glycolysis,A,"Benzene can cause DNA damage due to the formation of reactive oxygen species, which is a potential mechanism of toxicity.",Toxicology of Benzene,Hard,Chemistry,Alcohols and Phenols
A chemist is attempting to synthesize tert-butyl alcohol from isobutene. Which reagent should be used as the catalyst?,Zinc oxide,Chromium trioxide,Raney nickel,Sulfuric acid,C,"Raney nickel is the correct catalyst, as it efficiently hydrogenates isobutene to form tert-butyl alcohol.",Synthesis of Tert-butyl Alcohol,Medium,Chemistry,Alcohols and Phenols
A patient is experiencing symptoms of phenol poisoning. Which of the following is a common symptom?,Nausea and vomiting,Headache and dizziness,Skin irritation and burns,Respiratory failure,C,"Phenol poisoning can cause skin irritation and burns, which is a common symptom.",Toxicology of Phenols,Easy,Chemistry,Alcohols and Phenols
A chemist is attempting to synthesize anisole from phenol. Which reagent should be used as the alkylating agent?,Ethyl bromide,Isopropyl bromide,Methyl chloride,Ethylene oxide,A,"Ethyl bromide is the correct alkylating agent, as it efficiently methylates phenol to form anisole.",Synthesis of Anisole,Medium,Chemistry,Alcohols and Phenols
A researcher is studying the metabolism of benzene in human cells. Which of the following is a potential byproduct of this metabolism?,Phenol,Hydroquinone,Benzoic acid,Benzaldehyde,C,Benzene metabolism in human cells can produce benzoic acid as a byproduct.,Metabolism of Benzene,Hard,Chemistry,Alcohols and Phenols
A chemist is attempting to synthesize isopropyl amyl alcohol from propylene and butan-1-ol. Which reagent should be used as the catalyst?,Zinc oxide,Chromium trioxide,Raney nickel,Sulfuric acid,C,"Raney nickel is the correct catalyst, as it efficiently hydrogenates propylene to form isopropyl alcohol, which can then react with butan-1-ol to form isopropyl amyl alcohol.",Synthesis of Isopropyl Amyl Alcohol,Medium,Chemistry,Alcohols and Phenols
A patient is experiencing symptoms of ethanol poisoning. Which of the following is a common symptom?,Nausea and vomiting,Headache and dizziness,Skin irritation and burns,Respiratory failure,A,"Ethanol poisoning can cause nausea and vomiting, which is a common symptom.",Toxicology of Ethanol,Easy,Chemistry,Alcohols and Phenols
A researcher is studying the environmental fate of benzene. Which of the following is a potential pathway for its degradation?,Photolysis,Biodegradation,Abiotic degradation,Radioactive decay,B,"Benzene can be degraded by microorganisms through biodegradation, which is a potential pathway for its environmental fate.",Environmental Fate of Benzene,Hard,Chemistry,Alcohols and Phenols
A chemist is attempting to synthesize tert-butyl phenyl ether from butan-1-ol and phenol. Which reagent should be used as the catalyst?,Zinc oxide,Chromium trioxide,Raney nickel,Sulfuric acid,C,"Raney nickel is the correct catalyst, as it efficiently hydrogenates butan-1-ol to form tert-butyl alcohol, which can then react with phenol to form tert-butyl phenyl ether.",Synthesis of Tert-butyl Phenyl Ether,Medium,Chemistry,Alcohols and Phenols
A patient is experiencing symptoms of anisole poisoning. Which of the following is a common symptom?,Nausea and vomiting,Headache and dizziness,Skin irritation and burns,Respiratory failure,C,"Anisole poisoning can cause skin irritation and burns, which is a common symptom.",Toxicology of Anisole,Easy,Chemistry,Alcohols and Phenols
A researcher is studying the metabolism of ethanol in human cells. Which of the following is a potential byproduct of this metabolism?,Acetaldehyde,Acetic acid,Ethyl lactate,Ethyl acetate,B,Ethanol metabolism in human cells can produce acetic acid as a byproduct.,Metabolism of Ethanol,Hard,Chemistry,Alcohols and Phenols
A patient is given a medication that is metabolized via first-order kinetics. Which parameter does this indicate about the relationship between dosage and plasma concentration?,A doubling in plasma concentration occurs with a doubling in dosage,A tripling in plasma concentration occurs with a tripling in dosage,A quadrupling in plasma concentration occurs with a quadrupling in dosage,A halving in plasma concentration occurs with a halving in dosage,A,First-order kinetics fails due to dose-independent plasma concentration increase with increasing dosage.,Pharmacokinetics and metabolism of phenols,Medium,Chemistry,Alcohols and Phenols
A researcher wants to synthesize 4-phenylphenol from phenol. Which reagent is needed to introduce the second phenyl group?,Friedel-Crafts acylation,Friedel-Crafts alkylation,Friedel-Crafts arylation,Nucleophilic aromatic substitution,C,Friedel-Crafts arylation fails due to the inability of aryl groups to be directly introduced via nucleophilic attack.,Synthesis of phenols and their derivatives,Medium,Chemistry,Alcohols and Phenols
A pharmaceutical company needs to determine the rate-determining step in the metabolism of a certain phenol. Which step typically determines the rate of metabolism in cases where multiple steps occur?,Hydroxylation by cytochrome P450,Glucuronidation by UDP-glucuronosyltransferase,Sulfation by sulfotransferase,Acetylation by N-acetyltransferase,A,Hydroxylation by cytochrome P450 fails due to the typically slower rate of glucuronidation compared to initial hydroxylation steps.,Metabolism of phenols in the human body,Medium,Chemistry,Alcohols and Phenols
A chemist wants to synthesize benzyl alcohol from benzaldehyde. Which reagent is needed to reduce the carbonyl group?,LiAlH4,NaBH4,Zn(Hg)/AcOH,P2O5,A,LiAlH4 fails due to the lack of selectivity for the carbonyl group reduction over side reactions.,Synthesis of alcohols and their derivatives,Easy,Chemistry,Alcohols and Phenols
A medical student wants to understand the role of phenol in the treatment of warts. Which mechanism is primarily responsible for its efficacy?,Inhibition of protein synthesis,Denaturation of proteins,Denaturation of DNA,Interference with viral replication,C,Denaturation of DNA fails due to the lack of direct inhibition of viral replication in phenol treatment.,Pharmacology of phenols and their applications,Medium,Chemistry,Alcohols and Phenols
A researcher wants to synthesize phenol from benzene. Which reagent is needed to introduce the hydroxyl group?,Friedel-Crafts acylation,Friedel-Crafts alkylation,Electrophilic aromatic substitution,Nucleophilic aromatic substitution,C,Electrophilic aromatic substitution fails due to the inability of nucleophilic attack in introducing the hydroxyl group.,Synthesis of phenols and their derivatives,Medium,Chemistry,Alcohols and Phenols
A pharmaceutical company needs to determine the toxicity of a certain phenol compound. Which parameter is most closely related to its potential toxicity?,Lipophilicity,Hydrophilicity,Acidity,Basicity,C,Acidity fails due to the lack of direct relationship between toxicity and basicity in phenol compounds.,Pharmacokinetics and toxicity of phenols,Medium,Chemistry,Alcohols and Phenols
A medical student wants to understand the role of ethanol in the treatment of methanol poisoning. Which mechanism is primarily responsible for its efficacy?,Inhibition of alcohol dehydrogenase,Stimulation of methanol metabolism,Interference with methanol absorption,Enhancement of methanol excretion,A,Inhibition of alcohol dehydrogenase fails due to the lack of direct stimulation of methanol metabolism in ethanol treatment.,Pharmacology of alcohols and their applications,Medium,Chemistry,Alcohols and Phenols
A researcher wants to synthesize benzyl phenyl ether from benzyl chloride and phenol. Which reagent is needed to introduce the phenyl group?,Friedel-Crafts acylation,Friedel-Crafts alkylation,Friedel-Crafts arylation,Nucleophilic aromatic substitution,C,Friedel-Crafts arylation fails due to the inability of aryl groups to be directly introduced via nucleophilic attack.,Synthesis of phenols and their derivatives,Medium,Chemistry,Alcohols and Phenols
A pharmaceutical company needs to determine the rate of metabolism of a certain phenol compound. Which step is typically the rate-determining step?,Hydroxylation by cytochrome P450,Glucuronidation by UDP-glucuronosyltransferase,Sulfation by sulfotransferase,Acetylation by N-acetyltransferase,A,Hydroxylation by cytochrome P450 fails due to the typically slower rate of glucuronidation compared to initial hydroxylation steps.,Metabolism of phenols in the human body,Medium,Chemistry,Alcohols and Phenols
A medical student wants to understand the role of phenol in the treatment of skin conditions. Which mechanism is primarily responsible for its efficacy?,Inhibition of protein synthesis,Denaturation of proteins,Denaturation of DNA,Interference with viral replication,B,Denaturation of proteins fails due to the lack of direct inhibition of viral replication in phenol treatment.,Pharmacology of phenols and their applications,Medium,Chemistry,Alcohols and Phenols
Which reaction mechanism is primarily responsible for the oxidation of phenol by cytochrome P450?,NADPH-dependent reduction of cytochrome P450,Transfer of an oxygen atom from NADP,Hydrogen peroxide-dependent oxidation,Direct transfer of an oxygen atom to phenol,B,Transfer of an oxygen atom from NADP fails due to the lack of direct oxygen transfer in cytochrome P450.,Oxidation of phenols by cytochrome P450,Hard,Chemistry,Alcohols and Phenols
