Question,Option_a,Option_b,Option_c,Option_d,Correct_answer,Explanation,Subtopic,Difficulty,Subject,Topic
"During embryonic development, which structure gives rise to the female reproductive system?",Wolffian duct,Müllerian duct,Genital ridge,Cloaca,B,"Müllerian duct develops into female reproductive tract, unlike Wolffian duct.",Embryology of reproductive system,Easy,Biology,Reproduction
"During human embryogenesis, which layer forms the lining of the digestive tract?",Ectoderm,Endoderm,Mesoderm,Trophoblast,B,Endoderm forms digestive tract lining; ectoderm forms outer layer.,Embryogenesis,Easy,Biology,Reproduction
What is the term for the movement of sperm through the female reproductive tract?,Capacitation,Acrosome reaction,Sperm penetration,Sperm migration,D,Sperm migration refers to movement through female tract; capacitation is maturation.,Fertilization,Easy,Biology,Reproduction
"In humans, which hormone stimulates the growth of the ovarian follicle?",FSH,LH,Estrogen,Progesterone,A,FSH stimulates follicular growth; LH triggers ovulation.,Hormonal regulation,Easy,Biology,Reproduction
What is the term for the process by which the embryo attaches to the uterine wall?,Implantation,Embryogenesis,Gastrulation,Organogenesis,A,Implantation is attachment to uterine wall; embryogenesis is development.,Embryogenesis,Easy,Biology,Reproduction
"During puberty, which hormone stimulates the growth of the testes?",FSH,LH,Testosterone,GnRH,A,FSH stimulates testicular growth; LH stimulates testosterone production.,Hormonal regulation,Easy,Biology,Reproduction
What is the term for the release of an egg from the ovary?,Ovulation,Menstruation,Fertilization,Implantation,A,Ovulation is egg release; menstruation is uterine lining shedding.,Menstrual cycle,Easy,Biology,Reproduction
What is the term for the structure that develops from the morula during embryogenesis?,Blastocyst,Gastrula,Embryo,Fetus,A,Blastocyst forms from morula; gastrula forms during gastrulation.,Embryogenesis,Easy,Biology,Reproduction
"In humans, which hormone regulates the menstrual cycle?",Estrogen,Progesterone,FSH,GnRH,D,GnRH regulates FSH and LH; estrogen and progesterone are downstream.,Hormonal regulation,Medium,Biology,Reproduction
What is the term for the process by which a fertilized egg undergoes multiple cell divisions?,Cleavage,Gastrulation,Organogenesis,Morphogenesis,A,Cleavage is initial cell divisions; gastrulation forms germ layers.,Embryogenesis,Easy,Biology,Reproduction
A woman is experiencing infertility due to a blockage in her fallopian tubes. Which structure is responsible for the blockage?,Cilia,Muscle layer,Mucosal layer,Basal layer,C,Mucosal layer can become blocked; cilia help move egg.,Female reproductive system,Medium,Biology,Reproduction
What is the term for the hormone that stimulates the development of the male reproductive system?,Testosterone,Dihydrotestosterone,Estrogen,Progesterone,A,Testosterone stimulates male development; dihydrotestosterone is a metabolite.,Hormonal regulation,Easy,Biology,Reproduction
"During embryogenesis, which layer forms the muscles and skeleton?",Ectoderm,Endoderm,Mesoderm,Trophoblast,C,Mesoderm forms muscles and skeleton; ectoderm forms outer layer.,Embryogenesis,Easy,Biology,Reproduction
What is the term for the process by which the embryo develops into a fetus?,Organogenesis,Morphogenesis,Gastrulation,Neurulation,A,Organogenesis forms organs; morphogenesis forms overall shape.,Embryogenesis,Medium,Biology,Reproduction
A couple is experiencing infertility due to low sperm count. Which condition may be the cause?,Varicocele,Hydrocele,Epididymitis,Orchitis,A,Varicocele can affect sperm count; hydrocele is a fluid-filled sac.,Male reproductive system,Medium,Biology,Reproduction
What is the term for the hormone that regulates the development of the female reproductive system?,Estrogen,Progesterone,FSH,GnRH,A,Estrogen regulates female development; progesterone supports pregnancy.,Hormonal regulation,Easy,Biology,Reproduction
"During the menstrual cycle, which phase is characterized by the thickening of the uterine lining?",Follicular phase,Luteal phase,Menstruation,Ovulation,B,Luteal phase thickens uterine lining; follicular phase grows follicle.,Menstrual cycle,Medium,Biology,Reproduction
What is the term for the structure that develops from the blastocyst during embryogenesis?,Gastrula,Embryo,Fetus,Morula,B,Embryo forms from blastocyst; gastrula forms during gastrulation.,Embryogenesis,Easy,Biology,Reproduction
A woman is experiencing symptoms of polycystic ovary syndrome (PCOS). Which hormone imbalance may be the cause?,Estrogen dominance,Progesterone deficiency,Androgen excess,Insulin resistance,C,Androgen excess is a hallmark of PCOS; estrogen dominance is a separate condition.,Hormonal regulation,Hard,Biology,Reproduction
What is the term for the process by which the embryo develops a nervous system?,Neurulation,Gastrulation,Organogenesis,Morphogenesis,A,Neurulation forms nervous system; gastrulation forms germ layers.,Embryogenesis,Hard,Biology,Reproduction
"During human embryonic development, which layer forms the lining of the digestive tract?",Ectoderm,Endoderm,Mesoderm,Trophoblast,B,Endoderm forms digestive tract lining; ectoderm forms skin and nervous system.,Embryonic Development,Easy,Biology,Reproduction
"In humans, what is the primary function of the corpus luteum?",Producing estrogen,Producing progesterone,Producing testosterone,Producing oxytocin,B,Corpus luteum produces progesterone; estrogen is produced by follicles.,Female Reproductive System,Easy,Biology,Reproduction
"A couple is trying to conceive, and the woman's menstrual cycle is 28 days long. When is the best time for fertilization to occur?",Day 1-5,Day 10-14,Day 14-18,Day 20-24,C,Ovulation occurs on day 14; fertilization must occur within 24 hours.,Human Reproduction,Medium,Biology,Reproduction
What is the term for the process by which a sperm penetrates the outer layer of the egg?,Fertilization,Implantation,Cleavage,Acrosome reaction,D,Acrosome reaction involves penetration; fertilization is the entire process.,Fertilization,Easy,Biology,Reproduction
"In humans, which hormone stimulates the release of an egg from the ovary?",FSH,LH,Estrogen,Progesterone,B,LH surge triggers ovulation; FSH stimulates follicle growth.,Female Reproductive System,Easy,Biology,Reproduction
"A man has a low sperm count, and his doctor recommends a varicocelectomy. What is the purpose of this procedure?",To remove a testicle,To repair a varicocele,To remove a cyst,To perform a vasectomy,B,Varicocelectomy repairs varicocele; vasectomy is for sterilization.,Male Reproductive System,Medium,Biology,Reproduction
What is the term for the stage of embryonic development characterized by the formation of three primary germ layers?,Gastrulation,Organogenesis,Morphogenesis,Neurulation,A,Gastrulation forms germ layers; organogenesis forms organs.,Embryonic Development,Easy,Biology,Reproduction
"In humans, which structure is responsible for the production of testosterone?",Testes,Epididymis,Vas deferens,Seminal vesicles,A,Testes produce testosterone; epididymis stores sperm.,Male Reproductive System,Easy,Biology,Reproduction
"A woman is experiencing secondary amenorrhea, and her doctor suspects a pituitary tumor. Which hormone is likely affected?",FSH,LH,Prolactin,GnRH,C,Prolactinoma can cause amenorrhea; FSH and LH are affected by GnRH.,Female Reproductive System,Medium,Biology,Reproduction
What is the term for the process by which the embryo implants in the uterus?,Implantation,Fertilization,Cleavage,Gastrulation,A,Implantation occurs in the uterus; fertilization occurs in the oviduct.,Embryonic Development,Easy,Biology,Reproduction
"In humans, which structure is responsible for the production of estrogen?",Ovaries,Adrenal glands,Hypothalamus,Pituitary gland,A,Ovaries produce estrogen; adrenal glands produce androgens.,Female Reproductive System,Easy,Biology,Reproduction
"A couple is trying to conceive, and the man has a high level of FSH. What is the likely cause of his infertility?",Low sperm count,Varicocele,Testicular failure,Epididymal blockage,C,High FSH indicates testicular failure; varicocele affects sperm quality.,Male Reproductive System,Medium,Biology,Reproduction
"In humans, which hormone regulates the development of the male reproductive system?",Testosterone,Dihydrotestosterone,Estrogen,Progesterone,A,Testosterone regulates male development; dihydrotestosterone is a metabolite.,Male Reproductive System,Easy,Biology,Reproduction
"A woman is experiencing polycystic ovary syndrome (PCOS), and her doctor recommends a medication to induce ovulation. Which hormone is likely affected?",FSH,LH,Estrogen,Insulin,A,FSH is affected in PCOS; insulin resistance is a common comorbidity.,Female Reproductive System,Medium,Biology,Reproduction
What is the term for the process by which the embryo undergoes rapid cell division without significant growth?,Cleavage,Gastrulation,Organogenesis,Morphogenesis,A,Cleavage involves rapid cell division; gastrulation forms germ layers.,Embryonic Development,Easy,Biology,Reproduction
"In humans, which structure is responsible for the production of progesterone during pregnancy?",Placenta,Ovaries,Adrenal glands,Hypothalamus,A,Placenta produces progesterone; ovaries produce progesterone before pregnancy.,Female Reproductive System,Easy,Biology,Reproduction
"A couple is trying to conceive, and the woman has a history of pelvic inflammatory disease (PID). What is the likely cause of her infertility?",Tubal damage,Ovulation disorder,Endometriosis,Uterine fibroids,A,PID can cause tubal damage; endometriosis affects ovulation.,Female Reproductive System,Medium,Biology,Reproduction
"In humans, which hormone regulates the onset of puberty?",GnRH,FSH,LH,Testosterone,A,GnRH regulates puberty; FSH and LH are affected by GnRH.,Human Reproduction,Medium,Biology,Reproduction
A 30-year-old woman with PCOS experiences irregular menstrual cycles. What hormone imbalance is primarily responsible for this symptom?,High estrogen and low progesterone,High progesterone and low estrogen,High androgen and low estrogen,Low FSH and high LH,D,"High LH disrupts ovulation, PCOS characteristic.",Hormonal Regulation,Medium,Biology,Reproduction
A couple experiences difficulty conceiving due to the man's low sperm count. What is the medical term for this condition?,Oligospermia,Asthenospermia,Teratospermia,Azoospermia,A,"Oligospermia refers to low sperm count, asthenospermia to poor motility.",Infertility,Easy,Biology,Reproduction
Which part of the human brain regulates the onset of puberty by stimulating the hypothalamus?,Hypothalamus itself,Pineal gland,Amygdala,Hypothalamic-pituitary-gonadal axis,D,"HPG axis triggers puberty, pineal gland regulates circadian rhythms.",Neuroendocrine Control,Medium,Biology,Reproduction
"In a normal human menstrual cycle, which hormone peaks around day 14?",Estrogen,Progesterone,LH,FSH,C,"LH surge triggers ovulation, estrogen peaks before LH.",Menstrual Cycle,Easy,Biology,Reproduction
A woman with a history of ectopic pregnancies is at increased risk for which complication?,Placenta previa,Placental abruption,Preeclampsia,Intrauterine growth restriction,A,"Ectopic pregnancy increases risk of placenta previa, not directly other options.",Pregnancy Complications,Medium,Biology,Reproduction
What is the primary function of the zona pellucida in human fertilization?,To facilitate sperm penetration,To prevent polyspermy,To nourish the developing embryo,To protect the ovum from immune cells,B,Zona pellucida prevents multiple sperm from fertilizing the egg.,Fertilization,Easy,Biology,Reproduction
"During human embryonic development, which structure is responsible for the formation of the placenta?",Trophoblast,Inner cell mass,Blastocyst,Morula,A,"Trophoblast gives rise to placenta, inner cell mass to fetus.",Placental Development,Medium,Biology,Reproduction
A 25-year-old woman experiences heavy menstrual bleeding due to a condition characterized by the presence of endometrial tissue outside the uterus. What is the name of this condition?,Endometriosis,Adenomyosis,Uterine fibroids,Polycystic ovary syndrome,A,"Endometriosis involves endometrial tissue in incorrect locations, causing pain and bleeding.",Menstrual Disorders,Medium,Biology,Reproduction
"In human males, which hormone is primarily responsible for the development of secondary sexual characteristics during puberty?",Testosterone,Dihydrotestosterone,Estradiol,Growth hormone,A,"Testosterone drives male secondary sexual characteristics, DHT is a derivative.",Male Reproductive System,Easy,Biology,Reproduction
A couple is having trouble conceiving due to the woman's irregular ovulation. Which hormone is primarily responsible for regulating ovulation?,FSH,LH,Estrogen,Progesterone,B,"LH surge triggers ovulation, FSH stimulates follicle growth.",Menstrual Cycle,Medium,Biology,Reproduction
What is the medical term for the surgical removal of the uterus?,Hysterectomy,Oophorectomy,Salpingectomy,Mastectomy,A,"Hysterectomy involves removing the uterus, oophorectomy the ovaries.",Reproductive Surgery,Easy,Biology,Reproduction
A 20-year-old woman is diagnosed with primary amenorrhea due to a condition where the vagina and uterus are underdeveloped. What is the name of this condition?,Mayer-Rokitansky-Küster-Hauser syndrome,Polycystic ovary syndrome,Turner syndrome,Androgen insensitivity syndrome,A,MRKH syndrome involves underdevelopment of the vagina and uterus.,Menstrual Disorders,Hard,Biology,Reproduction
"During human pregnancy, which hormone is produced by the placenta to maintain pregnancy?",hCG,Estrogen,Progesterone,Relaxin,C,"Progesterone maintains pregnancy, hCG initially supports the corpus luteum.",Pregnancy,Easy,Biology,Reproduction
What is the term for the period of rapid fetal growth during pregnancy?,Embryogenesis,Fetal development,Organogenesis,Fetal maturation,B,Fetal development includes the period of rapid growth.,Pregnancy,Medium,Biology,Reproduction
A 28-year-old woman experiences painful menstrual cramps due to a condition characterized by the growth of uterine tissue in the muscular wall of the uterus. What is the name of this condition?,Endometriosis,Adenomyosis,Uterine fibroids,Dysmenorrhea,B,"Adenomyosis involves endometrial tissue in the uterine wall, causing pain.",Menstrual Disorders,Medium,Biology,Reproduction
"In human males, which structure is responsible for the production of sperm?",Seminal vesicles,Prostate gland,Testes,Epididymis,C,"Testes produce sperm, epididymis stores and matures sperm.",Male Reproductive System,Easy,Biology,Reproduction
A couple is considering genetic testing due to a family history of a genetic disorder. What is the term for the process by which an embryo's genetic material is analyzed?,Amniocentesis,Chorionic villus sampling,Preimplantation genetic diagnosis,Karyotyping,C,PGD involves analyzing the embryo's genetic material before implantation.,Genetic Testing,Hard,Biology,Reproduction
What is the medical term for the surgical removal of a fallopian tube?,Salpingectomy,Oophorectomy,Hysterectomy,Tubal ligation,A,"Salpingectomy involves removing a fallopian tube, oophorectomy an ovary.",Reproductive Surgery,Medium,Biology,Reproduction
A 35-year-old woman experiences hot flashes and night sweats due to a condition characterized by the decline of ovarian function. What is the name of this condition?,Menopause,Perimenopause,Premature ovarian failure,Polycystic ovary syndrome,A,"Menopause is the cessation of ovarian function, perimenopause the transition.",Menopause,Easy,Biology,Reproduction
"A couple is trying to conceive, but the wife has irregular menstrual cycles due to polycystic ovary syndrome (PCOS). Which hormone is primarily responsible for regulating the menstrual cycle and is often imbalanced in PCOS?",Estrogen,Progesterone,Testosterone,Follicle-stimulating hormone (FSH),A,"Estrogen imbalance affects menstrual regularity, unlike testosterone or FSH.",Hormonal regulation of menstrual cycle,Easy,Biology,Reproduction
What is the main difference between spermatogenesis and oogenesis in terms of the number of gametes produced?,"Spermatogenesis produces 2 gametes, while oogenesis produces 4","Spermatogenesis produces 4 gametes, while oogenesis produces 1","Spermatogenesis produces 1 gamete, while oogenesis produces 4","Spermatogenesis produces 1 gamete, while oogenesis produces 2",B,"Spermatogenesis produces 4 sperm, while oogenesis produces 1 egg, unlike the other options.",Gametogenesis,Medium,Biology,Reproduction
"A woman is experiencing menopause, and her doctor prescribes hormone replacement therapy (HRT). Which hormone is often used in HRT to alleviate menopausal symptoms?",Estrogen,Progesterone,Testosterone,Follicle-stimulating hormone (FSH),A,"Estrogen is primarily used to alleviate menopausal symptoms, unlike progesterone or testosterone.",Hormone replacement therapy,Easy,Biology,Reproduction
What is the primary function of the corpus luteum in the female reproductive cycle?,To produce estrogen,To produce progesterone,To produce follicle-stimulating hormone (FSH),To produce luteinizing hormone (LH),B,"Corpus luteum produces progesterone, unlike estrogen or FSH.",Corpus luteum function,Easy,Biology,Reproduction
"During fertilization, which structure is formed when a sperm penetrates the outer layer of the egg?",Zygote,Morula,Blastocyst,Cortical granule,A,"Zygote forms after sperm penetration, unlike morula or blastocyst.",Fertilization,Easy,Biology,Reproduction
"A couple is trying to conceive, and the husband has a low sperm count. Which structure is responsible for producing sperm?",Seminal vesicle,Prostate gland,Epididymis,Testis,D,"Testis produces sperm, unlike seminal vesicle or prostate gland.",Male reproductive system,Easy,Biology,Reproduction
What is the main difference between implantation and embedding in the context of embryonic development?,"Implantation occurs in the uterus, while embedding occurs in the fallopian tube","Implantation occurs in the fallopian tube, while embedding occurs in the uterus","Implantation refers to the attachment of the blastocyst to the uterine lining, while embedding refers to the invasion of the trophoblast into the uterine lining","Implantation refers to the invasion of the trophoblast into the uterine lining, while embedding refers to the attachment of the blastocyst to the uterine lining",C,"Implantation refers to attachment, while embedding refers to invasion, unlike the other options.",Embryonic development,Medium,Biology,Reproduction
A woman is experiencing secondary amenorrhea due to a hormonal imbalance. Which hormone is often used to treat this condition?,Estrogen,Progesterone,Testosterone,Follicle-stimulating hormone (FSH),B,"Progesterone is often used to treat secondary amenorrhea, unlike estrogen or testosterone.",Hormonal regulation of menstrual cycle,Medium,Biology,Reproduction
What is the primary function of the placenta in the context of fetal development?,To produce estrogen,To produce progesterone,To provide oxygen and nutrients to the fetus,To remove waste products from the fetus,C,"Placenta provides oxygen and nutrients, unlike producing estrogen or progesterone.",Placenta function,Easy,Biology,Reproduction
"During embryonic development, which structure gives rise to the male reproductive system?",Wolffian duct,Müllerian duct,Paramesonephric duct,Mesonephric duct,A,"Wolffian duct develops into male reproductive structures, unlike Müllerian duct.",Embryonic development of reproductive system,Easy,Biology,Reproduction
"A couple is trying to conceive, and the wife has a history of miscarriages. Which structure is often implicated in recurrent miscarriages?",Cervix,Uterus,Ovary,Fallopian tube,B,"Uterus is often implicated in recurrent miscarriages, unlike cervix or ovary.",Female reproductive system,Medium,Biology,Reproduction
What is the main difference between a zygote and a blastocyst in the context of embryonic development?,"A zygote is a single cell, while a blastocyst is a multi-cellular structure","A zygote is a multi-cellular structure, while a blastocyst is a single cell","A zygote is formed after fertilization, while a blastocyst is formed after implantation","A zygote is formed after implantation, while a blastocyst is formed after fertilization",A,"Zygote is a single cell, while blastocyst is multi-cellular, unlike the other options.",Embryonic development,Medium,Biology,Reproduction
A man is experiencing infertility due to a low sperm count. Which hormone is often used to treat this condition?,Testosterone,Follicle-stimulating hormone (FSH),Luteinizing hormone (LH),Estrogen,B,"FSH is often used to treat low sperm count, unlike testosterone or LH.",Male reproductive system,Medium,Biology,Reproduction
What is the primary function of the amnion in the context of fetal development?,To provide oxygen and nutrients to the fetus,To remove waste products from the fetus,To cushion the fetus and maintain a stable environment,To produce hormones necessary for fetal development,C,"Amnion cushions the fetus, unlike providing oxygen or producing hormones.",Fetal membranes,Easy,Biology,Reproduction
"During embryonic development, which structure gives rise to the chorion?",Trophoblast,Inner cell mass,Blastocyst,Morula,A,"Trophoblast develops into chorion, unlike inner cell mass or blastocyst.",Embryonic development,Medium,Biology,Reproduction
"A woman is experiencing menopause, and her doctor recommends hormone replacement therapy (HRT). Which type of HRT is often used to alleviate menopausal symptoms?",Estrogen-only HRT,Progesterone-only HRT,Combined estrogen and progesterone HRT,Testosterone HRT,C,"Combined estrogen and progesterone HRT is often used, unlike estrogen-only or progesterone-only HRT.",Hormone replacement therapy,Medium,Biology,Reproduction
What is the main difference between a morula and a blastocyst in the context of embryonic development?,"A morula is a single cell, while a blastocyst is a multi-cellular structure","A morula is a multi-cellular structure, while a blastocyst is a single cell","A morula is a compact cluster of cells, while a blastocyst is a fluid-filled structure","A morula is a fluid-filled structure, while a blastocyst is a compact cluster of cells",C,"Morula is a compact cluster, while blastocyst is fluid-filled, unlike the other options.",Embryonic development,Hard,Biology,Reproduction
"A couple is trying to conceive, and the wife has a history of ectopic pregnancies. Which structure is often implicated in ectopic pregnancies?",Fallopian tube,Uterus,Ovary,Cervix,A,"Fallopian tube is often implicated in ectopic pregnancies, unlike uterus or ovary.",Female reproductive system,Hard,Biology,Reproduction
What is the primary function of the decidua in the context of implantation?,To produce hormones necessary for implantation,To provide a site for implantation,To remove waste products from the embryo,To cushion the embryo and maintain a stable environment,B,"Decidua provides a site for implantation, unlike producing hormones or removing waste.",Implantation,Hard,Biology,Reproduction
"In human reproduction, what is the primary difference between spermiogenesis and oogenesis in terms of genetic material?","Spermiogenesis reduces genetic material, while oogenesis increases it","Spermiogenesis increases genetic material, while oogenesis reduces it",Both spermiogenesis and oogenesis reduce genetic material by half,Both spermiogenesis and oogenesis increase genetic material,C,Correct: Both reduce genetic material. Wrong: Oogenesis doesn't exactly halve genetic material in all cases due to polar bodies.,Gametogenesis,Easy,Biology,Reproduction
Compare the structure of the placenta in humans and in cows. What is a notable difference?,"Humans have a diffuse placenta, while cows have a cotyledonary placenta","Humans have a cotyledonary placenta, while cows have a zonary placenta","Humans have a zonary placenta, while cows have a diffuse placenta",Humans and cows both have a discoid placenta,A,"Correct: Humans have a discoid, cows have a cotyledonary placenta. Wrong: Placenta types differ significantly.",Placenta,Medium,Biology,Reproduction
"In the process of reproduction, what differentiates fertilization in flowering plants from that in humans?","Flowering plants undergo external fertilization, while humans undergo internal fertilization","Flowering plants undergo internal fertilization, while humans undergo external fertilization","Flowering plants have a zygote that divides immediately, while humans have a zygote that implants first","Flowering plants produce a large number of offspring, while humans produce a small number",A,"Correct: Flowering plants have external, humans have internal fertilization. Wrong: Both have internal.",Fertilization,Easy,Biology,Reproduction
What is the primary distinction between mitosis and meiosis in terms of their role in reproduction?,"Mitosis results in four non-identical daughter cells, while meiosis results in two identical daughter cells","Mitosis results in two identical daughter cells, while meiosis results in four non-identical daughter cells","Mitosis occurs in somatic cells, while meiosis occurs in reproductive cells","Mitosis is a part of oogenesis, while meiosis is a part of spermiogenesis",C,"Correct: Mitosis in somatic, meiosis in reproductive cells. Wrong: Meiosis also occurs in oogenesis.",Cell division,Easy,Biology,Reproduction
Compare the reproductive strategies of aphids and humans. What is a key difference?,"Aphids reproduce sexually, while humans reproduce asexually","Aphids reproduce asexually, while humans reproduce sexually","Aphids have a short generation time, while humans have a long generation time","Aphids produce a large number of offspring, while humans produce a small number",B,"Correct: Aphids can reproduce asexually, humans reproduce sexually. Wrong: Aphids also reproduce sexually.",Reproductive strategies,Medium,Biology,Reproduction
"In the context of human reproduction, what differentiates the role of estrogen from that of progesterone?","Estrogen promotes the development of the endometrium, while progesterone inhibits it","Estrogen inhibits the development of the endometrium, while progesterone promotes it","Estrogen prepares the uterus for implantation, while progesterone maintains the pregnancy","Estrogen maintains the pregnancy, while progesterone prepares the uterus for implantation",C,"Correct: Estrogen prepares, progesterone maintains. Wrong: Both hormones have distinct roles.",Hormonal regulation,Easy,Biology,Reproduction
Compare the process of embryogenesis in birds and mammals. What is a notable similarity?,Both birds and mammals undergo gastrulation,Both birds and mammals have a yolk sac,Both birds and mammals undergo organogenesis,Both birds and mammals have a placenta,A,Correct: Both undergo gastrulation. Wrong: Not all mammals have a yolk sac.,Embryogenesis,Medium,Biology,Reproduction
"In the context of plant reproduction, what differentiates self-pollination from cross-pollination?","Self-pollination involves the transfer of pollen from one plant to another, while cross-pollination involves the transfer of pollen from the same plant","Self-pollination involves the transfer of pollen from the same plant, while cross-pollination involves the transfer of pollen from one plant to another","Self-pollination results in increased genetic diversity, while cross-pollination results in decreased genetic diversity","Self-pollination is more common in flowering plants, while cross-pollination is more common in conifers",B,"Correct: Self-pollination from same plant, cross-pollination from another. Wrong: Cross-pollination increases genetic diversity.",Pollination,Easy,Biology,Reproduction
Compare the reproductive structures of male and female mammals. What is a key difference?,"Male mammals have a uterus, while female mammals have testes","Male mammals have testes, while female mammals have ovaries","Male mammals have a penis, while female mammals have a vagina","Male mammals have a scrotum, while female mammals have a vulva",B,"Correct: Males have testes, females have ovaries. Wrong: Uterus is found in females.",Reproductive anatomy,Easy,Biology,Reproduction
"In the context of human reproduction, what is the primary function of the corpus luteum?",To produce estrogen and inhibit progesterone production,To produce progesterone and inhibit estrogen production,To produce human chorionic gonadotropin and stimulate the growth of the embryo,To produce relaxin and inhibit the growth of the embryo,B,Correct: Corpus luteum produces progesterone. Wrong: Estrogen is produced by the follicle.,Hormonal regulation,Medium,Biology,Reproduction
Compare the process of parturition in humans and in dogs. What is a notable difference?,"Humans have a longer gestation period, while dogs have a shorter gestation period","Humans have a shorter gestation period, while dogs have a longer gestation period","Humans give birth to a single offspring, while dogs give birth to multiple offspring","Humans have a more complex placenta, while dogs have a simpler placenta",A,Correct: Humans have a longer gestation. Wrong: Dogs can have a variable litter size.,Parturition,Medium,Biology,Reproduction
"In the context of plant reproduction, what differentiates a microspore from a megaspore?","Microspores are larger and produce female gametophytes, while megaspores are smaller and produce male gametophytes","Microspores are smaller and produce male gametophytes, while megaspores are larger and produce female gametophytes","Microspores have a thicker wall, while megaspores have a thinner wall","Microspores are produced in the anther, while megaspores are produced in the ovary",B,"Correct: Microspores smaller, produce male gametophytes. Wrong: Microspores produce pollen.",Spore formation,Medium,Biology,Reproduction
Compare the process of lactation in humans and in cows. What is a notable similarity?,Both humans and cows produce casein in their milk,Both humans and cows produce lactose in their milk,Both humans and cows have a similar mammary gland structure,Both humans and cows produce milk for the same duration,B,Correct: Both produce lactose. Wrong: Casein content differs between species.,Lactation,Medium,Biology,Reproduction
"In the context of human reproduction, what is the primary function of the epididymis?",To produce sperm and store them in the testes,To store sperm and mature them for fertilization,To produce testosterone and inhibit the growth of the embryo,To produce relaxin and stimulate the growth of the embryo,B,Correct: Epididymis stores and matures sperm. Wrong: Testes produce sperm.,Male reproductive system,Easy,Biology,Reproduction
Compare the process of oogenesis in humans and in frogs. What is a notable difference?,"Humans undergo incomplete oogenesis, while frogs undergo complete oogenesis","Humans undergo complete oogenesis, while frogs undergo incomplete oogenesis","Humans produce a large number of offspring, while frogs produce a small number of offspring","Humans have a longer oogenic cycle, while frogs have a shorter oogenic cycle",B,Correct: Humans undergo complete oogenesis. Wrong: Frogs also undergo complete oogenesis.,Oogenesis,Medium,Biology,Reproduction
"In the context of plant reproduction, what differentiates a flower from a cone?","Flowers produce seeds, while cones produce spores","Flowers produce spores, while cones produce seeds","Flowers are found in angiosperms, while cones are found in gymnosperms","Flowers are found in gymnosperms, while cones are found in angiosperms",C,"Correct: Flowers in angiosperms, cones in gymnosperms. Wrong: Both produce seeds.",Reproductive structures,Easy,Biology,Reproduction
Compare the process of spermatogenesis in humans and in fish. What is a notable difference?,"Humans undergo internal fertilization, while fish undergo external fertilization","Humans produce a small number of sperm, while fish produce a large number of sperm","Humans have a longer spermatogenic cycle, while fish have a shorter spermatogenic cycle","Humans have a more complex testicular structure, while fish have a simpler testicular structure",A,"Correct: Humans have internal, fish have external fertilization. Wrong: Sperm production varies.",Spermatogenesis,Medium,Biology,Reproduction
"In the context of human reproduction, what is the primary function of the cervix?",To produce mucus and inhibit sperm entry,To produce mucus and facilitate sperm entry,To dilate and allow the passage of the fetus during childbirth,To constrict and prevent the passage of the fetus during pregnancy,B,Correct: Cervix produces mucus to facilitate sperm entry. Wrong: Cervix also dilates during childbirth.,Female reproductive system,Easy,Biology,Reproduction
Compare the process of embryogenesis in mammals and in birds. What is a notable similarity?,Both mammals and birds undergo gastrulation,Both mammals and birds have a yolk sac,Both mammals and birds undergo organogenesis,Both mammals and birds have a placenta,A,Correct: Both undergo gastrulation. Wrong: Not all mammals have a yolk sac.,Embryogenesis,Medium,Biology,Reproduction
"In the context of plant reproduction, what differentiates a stamen from a pistil?","Stamens produce pollen, while pistils produce ovules","Stamens produce ovules, while pistils produce pollen","Stamens are found in the center of the flower, while pistils are found on the periphery","Stamens are found in the periphery of the flower, while pistils are found in the center",A,"Correct: Stamens produce pollen, pistils produce ovules. Wrong: Pistils are in the center.",Floral structure,Easy,Biology,Reproduction
"During oogenesis, what triggers the resumption of meiosis in the oocyte?",LH surge,FSH surge,Progesterone levels,Estrogen peak,A,"LH surge triggers ovulation, most tempting wrong is FSH surge which stimulates follicle growth",Oogenesis,Easy,Biology,Reproduction
"In spermatogenesis, what is the role of the sertoli cells?",Producing testosterone,Supporting developing sperm,Regulating the blood-testis barrier,Producing inhibin,B,"Sertoli cells nourish sperm, most tempting wrong is producing testosterone which is done by Leydig cells",Spermatogenesis,Medium,Biology,Reproduction
What is the primary function of the corpus luteum in the menstrual cycle?,Producing estrogen,Producing progesterone,Regulating FSH levels,Stimulating ovulation,B,"Corpus luteum produces progesterone, most tempting wrong is producing estrogen which is done by follicles",Menstrual Cycle,Easy,Biology,Reproduction
"During implantation, what is the role of human chorionic gonadotropin (hCG)?",Stimulating embryonic development,Maintaining corpus luteum function,Regulating placental growth,Producing embryonic stem cells,B,"hCG maintains corpus luteum, most tempting wrong is stimulating embryonic development which is done by other factors",Implantation,Medium,Biology,Reproduction
What is the primary mechanism of action of oral contraceptives?,Inhibiting ovulation,Thickening cervical mucus,Blocking sperm motility,Altering the uterine lining,A,"Oral contraceptives primarily inhibit ovulation, most tempting wrong is thickening cervical mucus which is a secondary effect",Contraception,Easy,Biology,Reproduction
"During pregnancy, what is the role of relaxin?",Relaxing uterine muscles,Stimulating uterine contractions,Softening the cervix,Inhibiting fetal movement,C,"Relaxin softens the cervix, most tempting wrong is relaxing uterine muscles which is not its primary role",Pregnancy,Medium,Biology,Reproduction
What is the term for the process by which the embryo undergoes rapid cell division without significant growth?,Cleavage,Gastrulation,Organogenesis,Morphogenesis,A,"Cleavage is the rapid cell division phase, most tempting wrong is gastrulation which is a later stage",Embryonic Development,Easy,Biology,Reproduction
"During lactation, what is the role of oxytocin?",Stimulating milk production,Regulating milk ejection,Maintaining breast tissue,Inhibiting prolactin secretion,B,"Oxytocin regulates milk ejection, most tempting wrong is stimulating milk production which is done by prolactin",Lactation,Medium,Biology,Reproduction
What is the term for the process by which the embryo develops into a fetus?,Organogenesis,Morphogenesis,Histogenesis,Embryogenesis,A,"Organogenesis is the formation of organs, most tempting wrong is morphogenesis which is a broader term",Embryonic Development,Hard,Biology,Reproduction
"During fetal development, what is the role of the yolk sac?",Providing nutrients to the fetus,Producing blood cells,Forming the placenta,Storing waste products,B,"Yolk sac produces blood cells, most tempting wrong is providing nutrients which is done by the placenta",Fetal Development,Medium,Biology,Reproduction
What is the term for the process by which the fetus develops a functioning immune system?,Immunogenesis,Hematopoiesis,Thymogenesis,Lymphopoiesis,A,"Immunogenesis is the development of the immune system, most tempting wrong is hematopoiesis which is blood cell formation",Fetal Development,Hard,Biology,Reproduction
"During parturition, what is the role of prostaglandins?",Stimulating uterine contractions,Relaxing the cervix,Regulating fetal movement,Inhibiting oxytocin secretion,A,"Prostaglandins stimulate uterine contractions, most tempting wrong is relaxing the cervix which is done by other factors",Parturition,Medium,Biology,Reproduction
What is the term for the process by which the uterus returns to its pre-pregnant state after childbirth?,Involution,Regeneration,Recovery,Rehabilitation,A,"Involution is the return of the uterus to its pre-pregnant state, most tempting wrong is regeneration which is a broader term",Postpartum,Easy,Biology,Reproduction
"During embryonic development, what is the role of the notochord?",Forming the central nervous system,Developing the digestive system,Establishing the body axis,Producing the limb buds,C,"Notochord establishes the body axis, most tempting wrong is forming the central nervous system which is done by other factors",Embryonic Development,Hard,Biology,Reproduction
What is the term for the process by which the sperm undergoes capacitation in the female reproductive tract?,Acrosome reaction,Sperm penetration,Fertilization,Capacitation,D,"Capacitation is the process of sperm maturation, most tempting wrong is acrosome reaction which is a later stage",Fertilization,Medium,Biology,Reproduction
"During fetal development, what is the role of the amnion?",Protecting the fetus from mechanical shock,Regulating fetal movement,Maintaining fetal temperature,Producing fetal waste,A,"Amnion protects the fetus from mechanical shock, most tempting wrong is regulating fetal movement which is done by other factors",Fetal Development,Easy,Biology,Reproduction
What is the term for the process by which the embryo undergoes gastrulation?,Morphogenesis,Gastrulation,Organogenesis,Histogenesis,B,"Gastrulation is the process of forming germ layers, most tempting wrong is morphogenesis which is a broader term",Embryonic Development,Hard,Biology,Reproduction
"During lactation, what is the role of prolactin?",Stimulating milk production,Regulating milk ejection,Maintaining breast tissue,Inhibiting oxytocin secretion,A,"Prolactin stimulates milk production, most tempting wrong is regulating milk ejection which is done by oxytocin",Lactation,Medium,Biology,Reproduction
What is the term for the process by which the fetus develops a functioning circulatory system?,Cardiogenesis,Vasculogenesis,Hematopoiesis,Angiogenesis,A,"Cardiogenesis is the development of the heart, most tempting wrong is vasculogenesis which is the formation of blood vessels",Fetal Development,Hard,Biology,Reproduction
"During parturition, what is the role of oxytocin?",Stimulating uterine contractions,Relaxing the cervix,Regulating fetal movement,Inhibiting prostaglandin secretion,A,"Oxytocin stimulates uterine contractions, most tempting wrong is relaxing the cervix which is done by other factors",Parturition,Easy,Biology,Reproduction
Describe the function of interstitial cells in the testes.,Producing testosterone,Producing inhibin,Producing sperm,Producing FSH,A,Leydig cells are interstitial cells producing testosterone.,Male reproductive system,Easy,Biology,Reproduction
What is the role of relaxin in parturition?,Relaxation of pelvic ligaments,Contraction of uterine muscles,Relaxation of abdominal muscles,Stimulation of milk letdown,A,Relaxin relaxes pelvic ligaments for easier childbirth.,Female reproductive system,Medium,Biology,Reproduction
"During embryogenesis, what process ensures proper placement of the notochord?",Gastrulation,Neurulation,Organogenesis,Morphogenesis,A,"Gastrulation places the notochord, neurulation forms neural tube.",Embryonic development,Medium,Biology,Reproduction
What is the function of the corpus luteum after ovulation?,Producing estrogen,Producing progesterone,Producing FSH,Producing LH,B,Corpus luteum produces progesterone for implantation preparation.,Female reproductive system,Easy,Biology,Reproduction
A couple is having trouble conceiving due to a low sperm count. What might be the cause?,Varicocele,Cryptorchidism,Hydrocele,Epididymitis,A,Varicocele can cause low sperm count due to impaired blood flow.,Male reproductive system,Medium,Biology,Reproduction
What is the primary function of the placenta?,Exchange of oxygen and nutrients,Production of hormones,Removal of waste products,Storage of fetal nutrients,A,"Placenta facilitates exchange of oxygen, nutrients, and waste.",Pregnancy and childbirth,Easy,Biology,Reproduction
"During spermatogenesis, what is the role of the Sertoli cells?",Producing sperm,Producing testosterone,Nourishing developing sperm,Producing inhibin,C,Sertoli cells provide nutrients to developing sperm.,Male reproductive system,Easy,Biology,Reproduction
A woman is experiencing amenorrhea due to a hormonal imbalance. What might be the cause?,Hyperthyroidism,Hypothyroidism,Hyperprolactinemia,Hypogonadism,C,Hyperprolactinemia can disrupt GnRH and cause amenorrhea.,Female reproductive system,Medium,Biology,Reproduction
What is the term for the movement of sperm through the fallopian tube?,Peristalsis,Ciliary movement,Muscular contraction,Capillary action,B,Ciliary movement helps move sperm through the fallopian tube.,Female reproductive system,Easy,Biology,Reproduction
"During fetal development, what is the role of the yolk sac?",Producing red blood cells,Producing white blood cells,Storing nutrients,Removing waste,A,Yolk sac produces red blood cells early in fetal development.,Embryonic development,Medium,Biology,Reproduction
What is the term for the process by which the uterus returns to its pre-pregnant size?,Involution,Recovery,Regeneration,Rehabilitation,A,Involution is the process of uterine return to pre-pregnant size.,Pregnancy and childbirth,Easy,Biology,Reproduction
A couple is having trouble conceiving due to a blockage in the fallopian tube. What might be the cause?,Pelvic inflammatory disease,Endometriosis,Fibroids,Ovarian cysts,A,PID can cause scarring and blockage of the fallopian tube.,Female reproductive system,Medium,Biology,Reproduction
What is the function of the epididymis in the male reproductive system?,Storage of sperm,Production of sperm,Maturation of sperm,Transport of sperm,C,Epididymis is the site of sperm maturation and storage.,Male reproductive system,Easy,Biology,Reproduction
"During embryogenesis, what is the role of the trophoblast?",Formation of the embryo,Formation of the placenta,Formation of the yolk sac,Formation of the amnion,B,Trophoblast forms the placenta and other supporting tissues.,Embryonic development,Medium,Biology,Reproduction
A woman is experiencing hot flashes due to a hormonal imbalance. What might be the cause?,Menopause,Pregnancy,Thyroid disorder,Adrenal insufficiency,A,Menopause is characterized by declining estrogen levels and hot flashes.,Female reproductive system,Medium,Biology,Reproduction
What is the function of the amnion in fetal development?,Production of fluids,Protection of the fetus,Regulation of temperature,Exchange of gases,B,Amnion protects the fetus from mechanical shock and infection.,Embryonic development,Easy,Biology,Reproduction
"During fetal development, what is the role of the umbilical cord?",Exchange of oxygen and nutrients,Removal of waste products,Production of hormones,Storage of fetal nutrients,A,"Umbilical cord facilitates exchange of oxygen, nutrients, and waste.",Pregnancy and childbirth,Easy,Biology,Reproduction
A couple is having trouble conceiving due to a low egg count. What might be the cause?,Premature ovarian failure,Polycystic ovary syndrome,Endometriosis,Fibroids,A,Premature ovarian failure can cause low egg count and infertility.,Female reproductive system,Medium,Biology,Reproduction
"During human embryonic development, which layer forms the lining of the digestive tract?",Ectoderm,Endoderm,Mesoderm,Trophoblast,B,"Endoderm forms gut lining, unlike ectoderm and mesoderm.",Embryonic Development,Easy,Biology,Reproduction
What is the term for the process by which an egg cell becomes mature and ready for fertilization?,Oogenesis,Spermatogenesis,Meiosis,Mitosis,A,"Oogenesis is female gamete maturation, distinct from spermatogenesis.",Gametogenesis,Easy,Biology,Reproduction
A couple is having trouble conceiving due to the male's low sperm count. Which part of the male reproductive system is most likely affected?,Testes,Epididymis,Vas deferens,Seminal vesicles,A,"Testes produce sperm, so issues here impact sperm count.",Male Reproductive System,Medium,Biology,Reproduction
What is the term for the fusion of a sperm and an egg cell during fertilization?,Syngamy,Karyogamy,Cytokinesis,Mitosis,A,Syngamy refers specifically to sperm-egg fusion.,Fertilization,Easy,Biology,Reproduction
"During pregnancy, which hormone helps maintain the corpus luteum and supports embryonic development?",Estrogen,Progesterone,Human chorionic gonadotropin (hCG),Relaxin,C,"hCG maintains the corpus luteum, unlike estrogen or progesterone.",Hormones in Pregnancy,Medium,Biology,Reproduction
What is the term for the process by which the zygote undergoes multiple cell divisions without significant growth?,Cleavage,Gastrulation,Organogenesis,Morphogenesis,A,"Cleavage involves cell division without growth, unlike gastrulation.",Embryonic Development,Easy,Biology,Reproduction
A woman is experiencing symptoms of menopause. Which hormone level is most likely decreasing?,Estrogen,Progesterone,Testosterone,Follicle-stimulating hormone (FSH),A,"Estrogen levels decrease during menopause, not FSH or progesterone.",Menopause,Medium,Biology,Reproduction
What is the term for the implantation of a fertilized egg into the uterine lining?,Implantation,Embryogenesis,Organogenesis,Parturition,A,Implantation refers specifically to egg attachment to the uterus.,Embryonic Development,Easy,Biology,Reproduction
"During human development, which structure gives rise to the placenta and other supporting tissues?",Trophoblast,Inner cell mass,Blastocyst,Morula,A,"Trophoblast develops into placenta, unlike inner cell mass.",Embryonic Development,Medium,Biology,Reproduction
What is the term for the process by which the embryo undergoes a series of folding movements to form the basic body plan?,Gastrulation,Neurulation,Organogenesis,Morphogenesis,A,"Gastrulation involves folding to form the body plan, unlike neurulation.",Embryonic Development,Easy,Biology,Reproduction
A couple is using in vitro fertilization (IVF) to conceive. Which technique is used to fertilize the egg?,Intracytoplasmic sperm injection (ICSI),Conventional IVF,Gamete intrafallopian transfer (GIFT),Zygote intrafallopian transfer (ZIFT),B,"Conventional IVF involves mixing sperm and egg, unlike ICSI.",Assisted Reproductive Technologies,Medium,Biology,Reproduction
"During pregnancy, which hormone helps relax the pelvic ligaments and prepare the uterus for labor?",Estrogen,Progesterone,Relaxin,Oxytocin,C,"Relaxin relaxes pelvic ligaments, unlike estrogen or oxytocin.",Hormones in Pregnancy,Medium,Biology,Reproduction
"During human development, which structure gives rise to the nervous system?",Ectoderm,Endoderm,Mesoderm,Neuroectoderm,A,"Ectoderm develops into nervous system, unlike endoderm or mesoderm.",Embryonic Development,Easy,Biology,Reproduction
What is the term for the process by which the fetus develops and grows during pregnancy?,Embryogenesis,Fetogenesis,Organogenesis,Morphogenesis,B,"Fetogenesis refers to fetal development and growth, unlike embryogenesis.",Fetal Development,Easy,Biology,Reproduction
A couple is using fertility treatments to conceive. Which medication is used to stimulate ovulation?,Clomiphene,Gonadotropin-releasing hormone (GnRH),Follicle-stimulating hormone (FSH),Human chorionic gonadotropin (hCG),A,"Clomiphene stimulates ovulation, unlike GnRH or FSH.",Fertility Treatments,Medium,Biology,Reproduction
"During human development, which structure gives rise to the musculoskeletal system?",Ectoderm,Endoderm,Mesoderm,Neuroectoderm,C,"Mesoderm develops into musculoskeletal system, unlike ectoderm.",Embryonic Development,Easy,Biology,Reproduction
What is the term for the process by which the embryo undergoes a series of complex cellular movements to form the neural tube?,Neurulation,Gastrulation,Organogenesis,Morphogenesis,A,"Neurulation involves neural tube formation, unlike gastrulation.",Embryonic Development,Easy,Biology,Reproduction
A woman is experiencing symptoms of endometriosis. Which tissue is most likely affected?,Endometrium,Myometrium,Peritoneum,Cervix,A,"Endometriosis affects endometrial tissue, unlike myometrium.",Reproductive Disorders,Medium,Biology,Reproduction
"In a species of whiptail lizards, what unusual reproductive mode allows them to reproduce without males?",Parthenogenesis,Hermaphroditism,Polyandry,Gynogenesis,A,"Parthenogenesis, as it involves egg development without fertilization",Asexual Reproduction,Medium,Biology,Reproduction
What is the term for the phenomenon where certain plants can change their sex in response to environmental factors?,Sex reversal,Sex determination,Hermaphroditism,Sequential hermaphroditism,A,"Sex reversal, as it involves change in sex due to environment",Plant Reproduction,Hard,Biology,Reproduction
"In certain species of fish, what reproductive strategy involves females mating with multiple males to increase genetic diversity?",Polygyny,Polyandry,Monogamy,Promiscuity,B,"Polyandry, as it involves multiple males and one female",Animal Reproduction,Easy,Biology,Reproduction
"What is the term for the process by which some animals can regenerate their lost body parts, including reproductive organs?",Regeneration,Reproduction,Development,Morphogenesis,A,"Regeneration, as it involves regrowth of lost body parts",Regenerative Biology,Medium,Biology,Reproduction
"In certain species of fungi, what type of reproduction involves the fusion of two nuclei from different mating types?",Haploid,Diploid,Heterothallic,Homothallic,C,"Heterothallic, as it involves fusion of nuclei from different mating types",Fungal Reproduction,Hard,Biology,Reproduction
"What is the term for the phenomenon where certain plants produce seeds without fertilization, but still produce viable offspring?",Apomixis,Parthenogenesis,Polyembryony,Agamospermy,A,"Apomixis, as it involves seed production without fertilization",Plant Reproduction,Medium,Biology,Reproduction
"In certain species of insects, what type of reproductive strategy involves the production of multiple offspring from a single egg?",Polyembryony,Monoembryony,Haploidy,Diploidy,A,"Polyembryony, as it involves multiple offspring from one egg",Insect Reproduction,Easy,Biology,Reproduction
What is the term for the process by which some animals can delay their reproductive development until environmental conditions are favorable?,Diapause,Hibernation,Dormancy,Torpor,A,"Diapause, as it involves delayed development due to environment",Animal Reproduction,Medium,Biology,Reproduction
"In certain species of plants, what type of reproductive structure is capable of producing both male and female gametes?",Perfect flower,Imperfect flower,Monoecious,Dioecious,A,"Perfect flower, as it produces both male and female gametes",Plant Reproduction,Easy,Biology,Reproduction
What is the term for the phenomenon where certain animals can change their sex in response to social or environmental factors?,Sex reversal,Sex determination,Sequential hermaphroditism,Simultaneous hermaphroditism,C,"Sequential hermaphroditism, as it involves sex change due to social factors",Animal Reproduction,Hard,Biology,Reproduction
"In certain species of bacteria, what type of reproductive process involves the transfer of genetic material from one cell to another?",Conjugation,Transformation,Transduction,Mutation,A,"Conjugation, as it involves direct transfer of genetic material",Microbial Reproduction,Medium,Biology,Reproduction
What is the term for the phenomenon where certain plants produce offspring that are genetically identical to the parent?,Apomixis,Parthenogenesis,Vegetative reproduction,Agamospermy,C,"Vegetative reproduction, as it involves production of genetically identical offspring",Plant Reproduction,Easy,Biology,Reproduction
"In certain species of animals, what type of reproductive strategy involves the production of offspring with different sexes or phenotypes?",Sex determination,Sex differentiation,Genetic polymorphism,Phenotypic plasticity,C,"Genetic polymorphism, as it involves production of different sexes or phenotypes",Animal Reproduction,Hard,Biology,Reproduction
What is the term for the process by which some plants can produce seeds that can withstand extreme environmental conditions?,Dormancy,Quiescence,Desiccation,Anhydrobiosis,D,"Anhydrobiosis, as it involves seed survival in extreme conditions",Plant Reproduction,Medium,Biology,Reproduction
"In certain species of fungi, what type of reproductive structure is responsible for the production of spores?",Sporangium,Conidium,Ascus,Basidium,A,"Sporangium, as it produces spores in fungi",Fungal Reproduction,Easy,Biology,Reproduction
What is the term for the phenomenon where certain animals can reproduce both sexually and asexually?,Hermaphroditism,Sequential hermaphroditism,Simultaneous hermaphroditism,Alternation of generations,D,"Alternation of generations, as it involves both sexual and asexual reproduction",Animal Reproduction,Hard,Biology,Reproduction
"In certain species of plants, what type of reproductive strategy involves the production of offspring that are capable of independent growth and development?",Vegetative reproduction,Sexual reproduction,Apomixis,Polyembryony,B,"Sexual reproduction, as it produces independent offspring",Plant Reproduction,Easy,Biology,Reproduction
What is the term for the phenomenon where certain plants produce flowers that are capable of self-pollination?,Cleistogamy,Chasmogamy,Hermaphroditism,Monoecy,A,"Cleistogamy, as it involves self-pollination in flowers",Plant Reproduction,Medium,Biology,Reproduction
"During oogenesis in humans, the first meiotic division occurs in which stage?",Primary oocyte,Secondary oocyte,Oogonium,First polar body,A,"First meiotic division occurs in primary oocyte, forming secondary oocyte and first polar body. Oogonium is pre-meiotic.",Oogenesis,Easy,Biology,Reproduction
Which hormone is primarily responsible for maintaining the corpus luteum during early pregnancy?,Progesterone,Human Chorionic Gonadotropin (hCG),Estrogen,Luteinizing Hormone (LH),B,"hCG maintains corpus luteum, ensuring continued progesterone production. LH initially stimulates corpus luteum formation.",Hormonal Regulation,Medium,Biology,Reproduction
Spermatogenesis occurs in which part of the male reproductive system?,Epididymis,Seminiferous tubules,Vas deferens,Prostate gland,B,Spermatogenesis occurs in seminiferous tubules of testes. Epididymis is for sperm maturation and storage.,Spermatogenesis,Easy,Biology,Reproduction
What is the primary function of the zona pellucida surrounding the human oocyte?,Nutrient storage,Sperm binding and selection,Waste removal,Hormone production,B,Zona pellucida facilitates sperm binding and selection. It is a glycoprotein layer around the oocyte.,Oocyte Structure,Medium,Biology,Reproduction
Which cells are responsible for nourishing the developing sperm cells?,Leydig cells,Sertoli cells,Spermatogonia,Myoid cells,B,Sertoli cells provide nourishment and support to developing sperm cells. Leydig cells produce testosterone.,Spermatogenesis,Easy,Biology,Reproduction
The acrosome reaction in sperm cells is triggered by contact with which structure?,Zona pellucida,Corona radiata,Plasma membrane of oocyte,Cumulus oophorus,A,"Acrosome reaction is triggered by contact with zona pellucida, releasing enzymes to facilitate sperm penetration.",Fertilization,Medium,Biology,Reproduction
Which part of the sperm penetrates the zona pellucida during fertilization?,Acrosome,Head,Midpiece,Tail,B,The sperm head penetrates the zona pellucida. Acrosome is the cap on the sperm head containing enzymes.,Fertilization,Medium,Biology,Reproduction
What is the result of the fusion of a sperm and an egg during fertilization?,Morula,Blastocyst,Zygote,Gastrula,C,"Fusion of sperm and egg forms a zygote, the first cell of a new individual. Morula and blastocyst are later stages.",Fertilization,Easy,Biology,Reproduction
"During embryonic development, the process of forming a blastocyst involves which mechanism?",Gastrulation,Cleavage,Implantation,Organogenesis,B,Cleavage is the rapid cell division forming a blastocyst. Gastrulation is a later stage forming germ layers.,Embryonic Development,Medium,Biology,Reproduction
The trophoblast layer of the blastocyst is responsible for which process?,Implantation,Gastrulation,Organogenesis,Fetal development,A,Trophoblast layer facilitates implantation of the blastocyst into the uterine wall. Gastrulation occurs later.,Implantation,Easy,Biology,Reproduction
Human chorionic gonadotropin (hCG) is produced by which cells?,Trophoblast cells,Sertoli cells,Leydig cells,Theca cells,A,"Trophoblast cells produce hCG, maintaining the corpus luteum during early pregnancy. Sertoli cells support spermatogenesis.",Hormonal Regulation,Medium,Biology,Reproduction
The menstrual cycle is primarily regulated by which hormonal axis?,Hypothalamic-pituitary-adrenal,Hypothalamic-pituitary-gonadal,Hypothalamic-pituitary-thyroid,Pancreatic-pituitary-adrenal,B,"The menstrual cycle is regulated by the hypothalamic-pituitary-gonadal axis, involving GnRH, LH, FSH, estrogen, and progesterone.",Menstrual Cycle,Medium,Biology,Reproduction
Which phase of the menstrual cycle is characterized by the regeneration of the endometrium?,Menstrual phase,Follicular phase,Luteal phase,Ovulatory phase,B,Follicular phase involves endometrial regeneration and follicular growth. Menstrual phase is shedding of endometrium.,Menstrual Cycle,Easy,Biology,Reproduction
Progesterone levels are highest during which phase of the menstrual cycle?,Follicular phase,Luteal phase,Ovulatory phase,Menstrual phase,B,"Progesterone levels peak during the luteal phase, preparing the endometrium for potential implantation.",Menstrual Cycle,Medium,Biology,Reproduction
The corpus luteum degenerates in the absence of which hormone?,LH,FSH,hCG,Progesterone,C,"Corpus luteum degenerates without hCG, which is produced during pregnancy to maintain it. LH initially supports corpus luteum.",Hormonal Regulation,Hard,Biology,Reproduction
Capacitation of sperm occurs in which location?,Testes,Epididymis,Female reproductive tract,Vas deferens,C,"Capacitation occurs in the female reproductive tract, enabling sperm to fertilize the egg. Epididymis is for sperm maturation.",Fertilization,Easy,Biology,Reproduction
The inner cell mass of the blastocyst gives rise to which structures?,Placenta and membranes,Embryo and some membranes,Trophoblast and endometrium,Corpus luteum,B,Inner cell mass forms the embryo and some embryonic membranes. Trophoblast forms placenta and other supporting structures.,Embryonic Development,Medium,Biology,Reproduction
Gastrulation is the process that results in the formation of which embryonic layers?,"Ectoderm, mesoderm, endoderm","Trophoblast, embryoblast","Epiblast, hypoblast","Blastocoel, archenteron",A,"Gastrulation forms the three primary germ layers: ectoderm, mesoderm, and endoderm. Blastocoel is a cavity in the blastocyst.",Embryonic Development,Hard,Biology,Reproduction
The primitive streak is a structure that forms during which stage of embryonic development?,Cleavage,Gastrulation,Organogenesis,Morphogenesis,B,"Primitive streak forms during gastrulation, marking the beginning of germ layer formation. Cleavage is an earlier stage.",Embryonic Development,Hard,Biology,Reproduction
Implantation typically occurs in which part of the female reproductive system?,Cervix,Vagina,Uterus,Fallopian tube,C,"Implantation occurs in the uterus, typically in the endometrium. Fallopian tube is the site of fertilization.",Implantation,Easy,Biology,Reproduction
A couple's inability to conceive is attributed to ovulation disorders. Which hormone's imbalance is most likely causing this issue?,Progesterone,Estrogen,FSH,LH,C,FSH imbalance affects follicular development and ovulation. Progesterone and Estrogen are secondary to FSH in this context.,Hormonal Regulation of Menstrual Cycle,Medium,Biology,Reproduction
Spermatogenesis is impaired in a male due to high scrotal temperature. Which cellular structure is directly affected?,Mitochondria,Golgi Apparatus,Nucleus,Endoplasmic Reticulum,A,"High temperature affects mitochondrial function, crucial for energy-intensive spermatogenesis. Other options aren't directly related to temperature sensitivity.",Spermatogenesis,Hard,Biology,Reproduction
A woman's menstrual cycle is disrupted due to stress. Which hormone's secretion is initially altered?,Cortisol,GnRH,Estrogen,Progesterone,B,"Stress affects GnRH secretion, which in turn alters the menstrual cycle. GnRH regulates downstream hormones like Estrogen and Progesterone.",Hormonal Regulation of Menstrual Cycle,Medium,Biology,Reproduction
A 30-year-old man is diagnosed with hypogonadism. Which condition is a likely consequence of this diagnosis?,Impaired Spermatogenesis,Enhanced Fertility,Increased Testosterone,Normal Libido,A,"Hypogonadism leads to reduced testosterone, impairing spermatogenesis. Enhanced fertility and increased testosterone are contradictory to hypogonadism.",Male Reproductive System,Easy,Biology,Reproduction
"During embryonic development, the genital ridge gives rise to which structure?",Gonads,Wolffian Ducts,Müllerian Ducts,Urogenital Sinus,A,The genital ridge differentiates into gonads. Wolffian and Müllerian ducts are related but distinct embryonic structures.,Embryonic Development of Reproductive System,Medium,Biology,Reproduction
A woman is diagnosed with Polycystic Ovary Syndrome (PCOS). Which hormonal imbalance is characteristic of this condition?,"High Estrogen, Low Progesterone","Low Estrogen, High Progesterone","High Androgens, Insulin Resistance","Low Androgens, Normal Insulin",C,PCOS is associated with high androgen levels and insulin resistance. Other options don't accurately describe the hormonal profile of PCOS.,Pathophysiology of Reproductive System,Medium,Biology,Reproduction
In vitro fertilization (IVF) is used to help a couple conceive. At which stage is the embryo typically transferred to the uterus?,Zygote,Morula,Blastocyst,Gastrula,C,"Embryo transfer typically occurs at the blastocyst stage. Zygote is too early, and gastrula is not a stage used in IVF.",Assisted Reproductive Technologies,Easy,Biology,Reproduction
A 25-year-old woman's ultrasound reveals a condition where the uterine wall is breached. Which condition is likely?,Endometriosis,Adenomyosis,Fibroids,Cysts,B,Adenomyosis involves tissue similar to the lining of the uterus growing into the uterine wall. Endometriosis occurs outside the uterus.,Pathophysiology of Reproductive System,Hard,Biology,Reproduction
"During fetal development, the presence of SRY gene on the Y chromosome initiates which process?",Ovarian Development,Testicular Development,Müllerian Duct Regression,Wolffian Duct Development,B,SRY gene triggers testicular development from the indifferent gonad. Testicular development then influences other developmental pathways.,Embryonic Development of Reproductive System,Medium,Biology,Reproduction
Hormonal contraceptives work by preventing ovulation. Which hormone's level is maintained to achieve this effect?,Estrogen,Progesterone,Both Estrogen and Progesterone,FSH,C,Hormonal contraceptives typically maintain levels of both Estrogen and Progesterone to prevent ovulation by feedback inhibition on GnRH and LH/FSH.,Hormonal Contraception,Easy,Biology,Reproduction
Sertoli cells in the testes play a crucial role in which process?,Spermatogenesis,Testosterone Production,Nutrition of Spermatogenic Cells,Leydig Cell Function,C,"Sertoli cells provide nourishment to developing sperm cells. While they support spermatogenesis, their primary role is not spermatogenesis itself.",Spermatogenesis,Medium,Biology,Reproduction
The corpus luteum degenerates if pregnancy does not occur. Which hormone's withdrawal is responsible for menstruation?,Estrogen,Progesterone,Both Estrogen and Progesterone,FSH,C,Withdrawal of both Estrogen and Progesterone leads to menstruation as the corpus luteum degenerates without pregnancy.,Menstrual Cycle,Medium,Biology,Reproduction
A couple's difficulty in conceiving is attributed to male factor infertility. Which parameter is used to assess sperm viability?,Motility,Morphology,Vitality,Concentration,C,"Vitality (or viability) assesses the percentage of live sperm. While motility, morphology, and concentration are important, vitality directly assesses sperm viability.",Semen Analysis,Easy,Biology,Reproduction
The placenta produces which hormone essential for maintaining pregnancy?,hCG,Progesterone,Estrogen,Relaxin,A,"hCG maintains the corpus luteum during early pregnancy, ensuring continued progesterone production. Progesterone is crucial but not the initial hormone produced by the placenta.",Pregnancy and Placenta,Medium,Biology,Reproduction
"In embryonic development, the Müllerian ducts give rise to which structures in females?","Fallopian Tubes, Uterus, Upper Vagina","Ovaries, Uterus, Cervix","Fallopian Tubes, Ovaries, Vagina","Uterus, Cervix, Lower Vagina",A,"Müllerian ducts differentiate into the fallopian tubes, uterus, and upper part of the vagina in females. Ovaries develop from the genital ridge.",Embryonic Development of Reproductive System,Medium,Biology,Reproduction
A woman's infertility is attributed to blocked fallopian tubes. Which assisted reproductive technology can help?,IVF,IUI,GIFT,ZIFT,A,"IVF bypasses the need for fallopian tubes by fertilizing the egg outside the body. IUI, GIFT, and ZIFT either require functional fallopian tubes or are less directly effective.",Assisted Reproductive Technologies,Easy,Biology,Reproduction
Testicular cancer is more common in men with a history of which condition?,Cryptorchidism,Epididymitis,Orchitis,Prostatitis,A,"Cryptorchidism is associated with an increased risk of testicular cancer. Other conditions are inflammatory or infectious, not directly linked to cancer risk.",Pathophysiology of Reproductive System,Medium,Biology,Reproduction
"During pregnancy, the hormone responsible for relaxing pelvic ligaments is",Relaxin,Progesterone,Estrogen,hCG,A,"Relaxin is the hormone that relaxes pelvic ligaments and prepares the body for childbirth. While Progesterone and Estrogen are crucial during pregnancy, they are not primarily responsible for this effect.",Pregnancy and Parturition,Easy,Biology,Reproduction
Erectile dysfunction can be a symptom of underlying vascular disease. Which physiological mechanism is primarily affected?,Parasympathetic Stimulation,Sympathetic Stimulation,Vasodilation,Vasoconstriction,C,"Erectile function relies on vasodilation to increase blood flow. Vascular disease can impair this vasodilation, leading to erectile dysfunction.",Male Reproductive System,Hard,Biology,Reproduction
What is unusual about the reproductive strategy of certain species of whiptail lizards?,They exhibit hermaphroditism,They reproduce via parthenogenesis,They have a complex mating ritual,They give birth to live young,B,"Some whiptail lizards reproduce via parthenogenesis, a rare reproductive mode in vertebrates. Option A is incorrect as they are not hermaphroditic.",Reproductive Strategies in Animals,Medium,Biology,Reproduction
"In which type of reproduction do offspring develop from unfertilized eggs, and is seen in some insects?",Parthenogenesis,Gametogenesis,Oogenesis,Spermatogenesis,A,"Parthenogenesis is the development of offspring from unfertilized eggs. Options B, C, and D are all related to gamete formation.",Asexual Reproduction,Easy,Biology,Reproduction
A certain plant species can produce seeds without fertilization. What is this process called?,Apomixis,Parthenocarpy,Polyembryony,Syngamy,A,Apomixis is the production of seeds without fertilization. Parthenocarpy refers to the development of fruit without fertilization.,Asexual Reproduction in Plants,Medium,Biology,Reproduction
What is the term for the phenomenon where an organism can produce both male and female gametes?,Hermaphroditism,Monoecy,Dioecy,Gonochorism,A,Hermaphroditism refers to the presence of both male and female reproductive organs in an individual. Monoecy refers to the presence of separate male and female reproductive structures in the same organism.,Reproductive Strategies in Animals,Easy,Biology,Reproduction
Some species of fish can change their sex from male to female or vice versa. What is this phenomenon called?,Sequential hermaphroditism,Simultaneous hermaphroditism,Protandry,Protogyny,A,Sequential hermaphroditism is the ability of some animals to change sex. Protandry and protogyny are specific types of sequential hermaphroditism.,Reproductive Strategies in Animals,Medium,Biology,Reproduction
Which reproductive mode is characteristic of certain species of aphids?,Cyclic parthenogenesis,Obligate parthenogenesis,Hermaphroditism,Viviparity,A,"Aphids exhibit cyclic parthenogenesis, alternating between parthenogenic and sexual reproduction. Obligate parthenogenesis occurs in some other insects.",Asexual Reproduction,Hard,Biology,Reproduction
What is the term for the development of an embryo from a cell other than a gamete?,Apomixis,Parthenogenesis,Polyembryony,Adventive embryony,D,Adventive embryony is the development of an embryo from a somatic cell. Apomixis is a broader term that includes this process.,Asexual Reproduction in Plants,Hard,Biology,Reproduction
Some plants can produce multiple embryos from a single fertilized egg. What is this phenomenon called?,Polyembryony,Apomixis,Parthenocarpy,Syngamy,A,Polyembryony is the formation of multiple embryos from a single fertilized egg. Apomixis is a broader term that includes various forms of asexual reproduction.,Asexual Reproduction in Plants,Medium,Biology,Reproduction
"In some species of plants, the endosperm develops without fertilization. What is this called?",Autonomous endosperm,Pseudogamy,Apomixis,Parthenocarpy,A,Autonomous endosperm development occurs without fertilization. Pseudogamy requires fertilization of the polar nuclei.,Asexual Reproduction in Plants,Hard,Biology,Reproduction
Some species of corals and sea anemones can reproduce by breaking into pieces. What is this process called?,Fragmentation,Budding,Regeneration,Fission,A,"Fragmentation is a mode of asexual reproduction where an organism breaks into pieces, each of which can regenerate into a new individual.",Asexual Reproduction,Easy,Biology,Reproduction
A certain species of tapeworm can reproduce by breaking into segments. What is the term for this process?,Apolysis,Strobilation,Proliferation,Fragmentation,B,Strobilation is the process of transverse division in certain invertebrates like tapeworms. Apolysis refers to the shedding of gravid proglottids.,Asexual Reproduction,Medium,Biology,Reproduction
"Some plants can produce bulbils, which are structures that can grow into new plants. What is this process called?",Vivipary,Vegetative propagation,Apomixis,Bulb formation,B,"Vegetative propagation includes various methods of asexual reproduction, including the production of bulbils. Vivipary refers to the germination of seeds within the fruit.",Asexual Reproduction in Plants,Easy,Biology,Reproduction
"In some plant species, seeds can develop without fertilization, but the embryo is derived from the fertilized egg. What is this called?",Pseudogamy,Apomixis,Parthenogenesis,Parthenocarpy,A,Pseudogamy is a type of apomixis where fertilization is required for endosperm development but not for embryo development.,Asexual Reproduction in Plants,Hard,Biology,Reproduction
"Some animals, like certain species of starfish, can regenerate lost arms. What is the term for this ability?",Regeneration,Epimorphosis,Morphallaxis,Compensatory regeneration,A,Regeneration is the ability of some organisms to regrow lost body parts. Epimorphosis and morphallaxis are types of regeneration.,Regeneration,Easy,Biology,Reproduction
A certain species of flatworm can reproduce by transverse fission. What is the term for this process?,Fission,Budding,Fragmentation,Strobilation,A,"Fission is a mode of asexual reproduction where an organism divides into two or more parts, each of which can regenerate into a new individual.",Asexual Reproduction,Medium,Biology,Reproduction
"Some species of cnidarians, like Hydra, can reproduce by budding. What is the term for this process?",Budding,Fission,Fragmentation,Strobilation,A,Budding is a mode of asexual reproduction where a new individual develops from a bud or outgrowth from the parent's body.,Asexual Reproduction,Easy,Biology,Reproduction
"In some plant species, the ovules can develop into embryos without fertilization. What is this process called?",Apomixis,Parthenogenesis,Adventive embryony,Polyembryony,C,Adventive embryony is the development of embryos from somatic cells within the ovule. Apomixis is a broader term that includes this process.,Asexual Reproduction in Plants,Hard,Biology,Reproduction
Some species of rotifers can reproduce parthenogenically. What does this mean?,They produce offspring without fertilization,They change sex seasonally,They have a complex life cycle,They are hermaphroditic,A,Parthenogenesis is the development of offspring from unfertilized eggs. Rotifers are known to exhibit this reproductive mode.,Asexual Reproduction,Medium,Biology,Reproduction
A certain species of wasp can produce offspring from unfertilized eggs. What is this reproductive mode called?,Haplodiploidy,Parthenogenesis,Hermaphroditism,Thelytoky,B,Parthenogenesis is the development of offspring from unfertilized eggs. Thelytoky is a specific type of parthenogenesis where only females are produced.,Asexual Reproduction,Medium,Biology,Reproduction
Some species of plants can produce viable seeds without fertilization. What is this phenomenon called?,Apomixis,Parthenocarpy,Polyembryony,Amphimixis,A,Apomixis is the production of seeds without fertilization. Parthenocarpy refers to the development of fruit without fertilization.,Asexual Reproduction in Plants,Easy,Biology,Reproduction
"During oogenesis, what is the result of unequal cytoplasmic division?",Four equal-sized ova,One large ovum and smaller polar bodies,Two diploid ova,One ovum and three nurse cells,B,Unequal cytoplasmic division results in one large ovum and smaller polar bodies; 'A' fails because division is unequal.,Oogenesis,Easy,Biology,Reproduction
Spermatogenesis and oogenesis differ in their production of gametes. What is a key difference?,Spermatogenesis produces one large gamete,Oogenesis produces four equal gametes,Spermatogenesis produces four sperm,Oogenesis occurs after fertilization,C,Spermatogenesis produces four sperm; 'B' fails because oogenesis produces one large ovum and smaller polar bodies.,Spermatogenesis vs Oogenesis,Medium,Biology,Reproduction
"In the menstrual cycle, what is the primary function of the luteinizing hormone surge?",To stimulate follicular growth,To trigger ovulation,To maintain the corpus luteum,To stimulate endometrial shedding,B,LH surge triggers ovulation; 'A' fails because FSH stimulates follicular growth.,Menstrual Cycle,Easy,Biology,Reproduction
What is the main difference between a zygote and a blastocyst?,Number of cells,Presence of placenta,Genetic material,Type of cell division,A,Blastocyst has more cells than zygote; 'B' fails because placenta forms later.,Embryonic Development,Medium,Biology,Reproduction
"Comparing spermatogonia and oogonia, which statement is true?",Both are diploid and undergo mitosis,"Spermatogonia are haploid, oogonia are diploid","Oogonia undergo mitosis, spermatogonia undergo meiosis",Both undergo meiosis,A,Both are diploid and undergo mitosis; 'C' fails because both undergo mitosis before meiosis.,Gametogenesis,Easy,Biology,Reproduction
What is the role of hCG in early pregnancy?,To stimulate ovulation,To maintain the corpus luteum,To stimulate follicular growth,To induce parturition,B,hCG maintains corpus luteum; 'A' fails because LH triggers ovulation.,Pregnancy Hormones,Medium,Biology,Reproduction
In vitro fertilization (IVF) involves fertilization of an egg by sperm outside the body. Where does this typically occur?,Fallopian tube,Uterus,Laboratory dish,Ovary,C,IVF occurs in a laboratory dish; 'A' fails because natural fertilization occurs in the fallopian tube.,Assisted Reproductive Technology,Easy,Biology,Reproduction
"Comparing the structures of sperm and egg, which is a key difference?",Sperm has more cytoplasm than egg,"Egg is motile, sperm is not","Sperm has a flagellum, egg does not","Egg has a cell wall, sperm does not",C,Sperm has a flagellum for motility; 'A' fails because egg has more cytoplasm.,Gamete Structure,Medium,Biology,Reproduction
What is the primary function of the corpus luteum?,To produce estrogen only,To produce progesterone,To stimulate ovulation,To induce menstruation,B,Corpus luteum produces progesterone; 'A' fails because it produces both estrogen and progesterone.,Menstrual Cycle,Easy,Biology,Reproduction
"During embryonic development, what is gastrulation?",Formation of the blastocyst,Formation of the three primary germ layers,Implantation of the embryo,Formation of the placenta,B,Gastrulation forms the three primary germ layers; 'A' fails because blastocyst formation occurs before gastrulation.,Embryonic Development,Medium,Biology,Reproduction
What is the difference between capacitation and acrosome reaction?,Capacitation occurs after acrosome reaction,Acrosome reaction occurs in the female reproductive tract,"Capacitation prepares sperm for fertilization, acrosome reaction enables sperm to penetrate the zona pellucida",Both occur in the male reproductive tract,C,"Capacitation prepares sperm, acrosome reaction enables penetration; 'A' fails because capacitation occurs before acrosome reaction.",Spermatogenesis and Fertilization,Hard,Biology,Reproduction
"Comparing the roles of estrogen and progesterone in the menstrual cycle, which statement is true?",Estrogen promotes endometrial shedding,Progesterone stimulates follicular growth,"Estrogen promotes endometrial proliferation, progesterone maintains it",Progesterone induces ovulation,C,"Estrogen promotes proliferation, progesterone maintains endometrium; 'D' fails because LH induces ovulation.",Menstrual Cycle Hormones,Medium,Biology,Reproduction
What is the function of the zona pellucida surrounding the ovum?,To facilitate sperm penetration,To nourish the ovum,To prevent polyspermy,To induce ovulation,C,"Zona pellucida prevents polyspermy; 'A' fails because while it interacts with sperm, its main role is not to facilitate penetration.",Gamete Structure,Easy,Biology,Reproduction
"During fetal development, what is the role of the placenta?",To produce hormones only,To exchange gases and nutrients between mother and fetus,To stimulate parturition,To induce menstruation,B,Placenta exchanges gases and nutrients; 'A' fails because it also produces hormones.,Pregnancy and Fetal Development,Medium,Biology,Reproduction
"Comparing identical and fraternal twins, which statement is true?",Identical twins are always the same sex,Fraternal twins are genetically identical,Identical twins develop from two separate eggs,Fraternal twins are always the same sex,A,Identical twins are the same sex; 'C' fails because identical twins develop from one egg.,Twins,Easy,Biology,Reproduction
What is the main difference between a morula and a blastocyst?,Number of cells,Presence of a blastocoel,Type of cell division,Genetic material,B,Blastocyst has a blastocoel; 'A' fails because both have multiple cells.,Embryonic Development,Medium,Biology,Reproduction
"In the context of reproductive health, what does 'fertility window' refer to?",The entire menstrual cycle,The period during which a woman can conceive,The duration of pregnancy,The time taken for sperm to mature,B,Fertility window is when conception is possible; 'A' fails because it's not the entire cycle.,Reproductive Health,Easy,Biology,Reproduction
What is the primary cause of ectopic pregnancy?,Abnormal uterine lining,Failure of the embryo to implant in the uterus,Blockage of the fallopian tube,Hormonal imbalance,B,"Ectopic pregnancy occurs when implantation is not in the uterus; 'C' fails because while blockage can be a cause, it's not the primary definition.",Pregnancy Complications,Medium,Biology,Reproduction
"During embryonic development, what is organogenesis?",Formation of the three primary germ layers,Formation of organs from the germ layers,Implantation of the embryo,Formation of the placenta,B,Organogenesis forms organs; 'A' fails because it's the process after gastrulation.,Embryonic Development,Hard,Biology,Reproduction
What is the main function of the amniotic fluid?,To nourish the fetus,To cushion and protect the fetus,To facilitate gas exchange,To produce hormones,B,Amniotic fluid cushions and protects; 'A' fails because nourishment is provided by the placenta.,Fetal Development,Easy,Biology,Reproduction
"During oogenesis, the primary oocyte undergoes which type of cell division to produce a secondary oocyte?",Mitosis,Meiosis I,Meiosis II,Amitosis,B,"Meiosis I is the correct division type; mitosis occurs in earlier stages, and meiosis II occurs after secondary oocyte formation.",Oogenesis,Easy,Biology,Reproduction
Spermatogenesis occurs in the seminiferous tubules of the testes. What is the role of Sertoli cells in this process?,Producing testosterone,Nourishing developing sperm cells,Producing sperm cells,Regulating body temperature,B,"Sertoli cells provide nourishment; Leydig cells produce testosterone, spermatogonia produce sperm cells, and scrotum regulates temperature.",Spermatogenesis,Easy,Biology,Reproduction
"In the menstrual cycle, which hormone causes the regeneration of the endometrium?",Progesterone,Estrogen,FSH,LH,B,"Estrogen promotes endometrial regeneration; progesterone maintains it, FSH stimulates follicle growth, and LH triggers ovulation.",Menstrual Cycle,Easy,Biology,Reproduction
"During fertilization, the sperm penetrates the zona pellucida due to the release of which enzyme?",Hyaluronidase,Acrosin,Trypsin,Pepsin,B,"Acrosin helps sperm penetrate zona pellucida; hyaluronidase disperses cumulus cells, trypsin and pepsin are unrelated digestive enzymes.",Fertilization,Medium,Biology,Reproduction
"In embryonic development, the process by which a blastocyst attaches to the uterine wall is called?",Implantation,Gastrulation,Organogenesis,Cleavage,A,"Implantation is the attachment process; gastrulation forms germ layers, organogenesis forms organs, and cleavage is initial cell division.",Embryonic Development,Easy,Biology,Reproduction
The hormone responsible for maintaining pregnancy is produced by?,Pituitary gland,Ovary,Placenta,Adrenal gland,C,"Placenta produces hCG to maintain pregnancy; pituitary gland regulates other endocrine functions, ovary produces progesterone initially.",Pregnancy,Medium,Biology,Reproduction
Spermatogenesis is regulated by a feedback mechanism involving which hormone?,Testosterone,Inhibin,FSH,LH,B,"Inhibin inhibits FSH release; testosterone is produced by Leydig cells, FSH stimulates spermatogenesis, and LH stimulates testosterone production.",Spermatogenesis Regulation,Medium,Biology,Reproduction
The first meiotic division in oogenesis is completed?,Before birth,At puberty,Just before ovulation,After fertilization,C,"Meiosis I completes just before ovulation; primary oocytes are formed before birth, meiosis II completes after fertilization.",Oogenesis,Medium,Biology,Reproduction
Capacitation of sperm occurs in?,Epididymis,Female reproductive tract,Seminiferous tubules,Vas deferens,B,"Capacitation occurs in the female reproductive tract; epididymis is for sperm maturation, seminiferous tubules for spermatogenesis.",Sperm Capacitation,Easy,Biology,Reproduction
The acrosome reaction in sperm is triggered by?,Contact with zona pellucida,Contact with corona radiata,Release of progesterone,High calcium levels,A,"Acrosome reaction is triggered by contact with zona pellucida; corona radiata is dispersed by hyaluronidase, progesterone is involved later.",Fertilization,Medium,Biology,Reproduction
In vitro fertilization (IVF) involves fertilizing an egg with sperm?,In the fallopian tube,In the laboratory,In the uterus,In the ovary,B,"IVF occurs in the laboratory; natural fertilization occurs in the fallopian tube, not in the uterus or ovary.",Assisted Reproductive Technology,Easy,Biology,Reproduction
The luteinizing hormone (LH) surge triggers?,Ovulation,Menstruation,Implantation,Parturition,A,"LH surge triggers ovulation; menstruation occurs if there's no fertilization, implantation is after fertilization, parturition is the birth process.",Menstrual Cycle,Easy,Biology,Reproduction
"During embryonic development, gastrulation leads to the formation of?",Blastula,Gastrula,Morula,Trophoblast,B,"Gastrulation forms gastrula with three germ layers; blastula is a earlier stage, morula is a stage before blastula, trophoblast is part of blastocyst.",Embryonic Development,Medium,Biology,Reproduction
Progesterone is essential for maintaining?,The menstrual cycle,Pregnancy,Spermatogenesis,Oogenesis,B,"Progesterone maintains pregnancy; estrogen and other hormones regulate menstrual cycle, testosterone regulates spermatogenesis.",Pregnancy,Easy,Biology,Reproduction
The primary sex organs in males and females are?,"Testes and ovaries, respectively","Epididymis and uterus, respectively","Penis and vagina, respectively","Scrotum and vulva, respectively",A,"Testes and ovaries are primary sex organs; epididymis and uterus are secondary sex organs, penis and vagina are external genitalia.",Reproductive System,Easy,Biology,Reproduction
The fusion of sperm and egg nuclei during fertilization results in?,Zygote formation,Morula formation,Blastocyst formation,Gastrula formation,A,"Fusion of sperm and egg nuclei forms zygote; morula, blastocyst, and gastrula are subsequent developmental stages.",Fertilization,Medium,Biology,Reproduction
The hormone hCG is produced by?,The placenta,The pituitary gland,The ovary,The corpus luteum,A,"hCG is produced by the placenta; pituitary gland produces other hormones, ovary produces estrogen and progesterone, corpus luteum produces progesterone.",Pregnancy,Medium,Biology,Reproduction
"In the menstrual cycle, the follicular phase is characterized by?",Progesterone dominance,Estrogen dominance,LH surge,Menstruation,B,"Estrogen dominates during the follicular phase; progesterone dominates in the luteal phase, LH surge occurs at ovulation, menstruation is the start of the cycle.",Menstrual Cycle,Medium,Biology,Reproduction
The process of spermatogenesis results in the production of?,Four haploid sperm cells,One haploid sperm cell,Two diploid sperm cells,One diploid sperm cell,A,Spermatogenesis produces four haploid sperm; oogenesis produces one large haploid egg and smaller polar bodies.,Spermatogenesis,Hard,Biology,Reproduction
"During oogenesis, the primary oocyte undergoes meiotic division to produce a secondary oocyte and a polar body. What is the ploidy of the secondary oocyte?",Diploid,Haploid,Tetraploid,Polyploid,B,Secondary oocyte is haploid; diploid primary oocyte undergoes meiosis I to reduce chromosome number by half.,Oogenesis,Easy,Biology,Reproduction
Spermatogenesis occurs in the seminiferous tubules of the testes. Which cell type nourishes the developing sperm cells?,Leydig cells,Sertoli cells,Spermatogonia,Primary spermatocytes,B,Sertoli cells provide nutrients and support to developing sperm; Leydig cells produce testosterone.,Spermatogenesis,Easy,Biology,Reproduction
The menstrual cycle is regulated by a complex interplay of hormones. Which hormone surge triggers ovulation?,Estrogen,Progesterone,LH,FSH,C,"LH surge triggers ovulation; FSH stimulates follicular growth, while estrogen and progesterone regulate cycle phases.",Menstrual Cycle,Medium,Biology,Reproduction
"In the male reproductive system, the ductus deferens (vas deferens) plays a crucial role in sperm transport. What is its primary function?",Sperm production,Sperm storage,Sperm transport during ejaculation,Sperm maturation,C,Ductus deferens transports sperm during ejaculation; it stores sperm temporarily but doesn't produce or mature them.,Male Reproductive System,Easy,Biology,Reproduction
The placenta is a vital organ that develops during pregnancy. What is its primary function?,To produce hormones that maintain pregnancy,To provide oxygen and nutrients to the fetus,To remove waste products from the fetus,All the above functions,D,"Not an option, so choosing closest: Placenta provides oxygen/nutrients, removes waste, and produces hormones like hCG and estrogen.",Placenta,Easy,Biology,Reproduction
"During embryonic development, the formation of the blastocyst is a critical step. What is the inner cell mass destined to become?",Placenta and embryonic membranes,Embryo proper,Trophectoderm,Yolk sac,B,Inner cell mass forms the embryo proper; trophectoderm contributes to placenta and membranes.,Embryonic Development,Medium,Biology,Reproduction
"In the female reproductive system, the cervix is the lower part of the uterus. What is its role during childbirth?",It dilates to allow the baby to pass through,It contracts to push the baby out,It remains closed throughout labor,It ruptures during labor,A,"Cervix dilates during labor; uterine contractions push the baby out, not cervical contractions.",Female Reproductive System,Easy,Biology,Reproduction
Spermatogenesis is the process by which immature cells develop into sperm cells. How long does this process typically take?,24-48 hours,64-72 days,1-2 weeks,1-2 months,B,Spermatogenesis takes approximately 64-72 days; it's a prolonged process involving multiple cell divisions.,Spermatogenesis,Medium,Biology,Reproduction
The hypothalamus regulates the reproductive axis by secreting gonadotropin-releasing hormone (GnRH). What is its primary effect?,Stimulates FSH and LH release,Inhibits FSH and LH release,Stimulates testosterone production,Inhibits estrogen production,A,"GnRH stimulates anterior pituitary to release FSH and LH, regulating gonadal functions.",Regulation of Reproduction,Medium,Biology,Reproduction
"During fetal development, the genital tubercle gives rise to which structure in males?",Glans penis,Scrotum,Prostate gland,Seminal vesicles,A,Genital tubercle forms glans penis in males; labioscrotal swellings form scrotum.,Embryonic Development of Reproductive System,Hard,Biology,Reproduction
The corpus luteum is a temporary endocrine structure that forms after ovulation. What is its primary function?,To produce estrogen,To produce progesterone,To produce FSH,To produce LH,B,Corpus luteum primarily produces progesterone to maintain pregnancy; estrogen is also produced but in smaller amounts.,Corpus Luteum,Medium,Biology,Reproduction
"In the male reproductive system, the epididymis is a tube-like structure where sperm mature. What happens to sperm as they pass through it?",They become motile,They undergo meiosis,They are produced,They are stored forever,A,"Sperm mature and gain motility in epididymis; meiosis occurs in testes, not epididymis.",Male Reproductive System,Easy,Biology,Reproduction
The menstrual cycle is divided into phases based on ovarian and uterine changes. What is the luteal phase characterized by?,Follicular growth,Progesterone dominance,Estrogen surge,Menstruation,B,Luteal phase is characterized by progesterone dominance; follicular phase involves follicular growth.,Menstrual Cycle,Medium,Biology,Reproduction
"During embryonic development, the primitive streak forms during gastrulation. What is its role?",Forms the neural tube,Gives rise to germ layers,Develops into the notochord,Forms the somites,B,"Primitive streak is the site of gastrulation, forming ectoderm, mesoderm, and endoderm.",Embryonic Development,Hard,Biology,Reproduction
In vitro fertilization (IVF) is a technique used to achieve pregnancy. At what stage is the embryo typically transferred to the uterus?,Zygote,Morula,Blastocyst,Gastrula,C,Embryo is typically transferred at blastocyst stage; this stage occurs before implantation.,Assisted Reproductive Technology,Medium,Biology,Reproduction
The prostate gland is a male reproductive organ. What is its primary function?,Produces sperm,Produces seminal fluid,Stores sperm,Produces testosterone,B,Prostate gland secretes fluids that make up semen; seminal vesicles also contribute to seminal fluid.,Male Reproductive System,Easy,Biology,Reproduction
"During fetal development, the Müllerian ducts have a specific fate in males. What happens to them?",They develop into epididymis,They regress due to anti-Müllerian hormone,They form the prostate gland,They develop into seminal vesicles,B,Müllerian ducts regress in males due to anti-Müllerian hormone; they develop into female reproductive tract in females.,Embryonic Development of Reproductive System,Hard,Biology,Reproduction
The acrosome reaction is a critical event during fertilization. What is its purpose?,To facilitate sperm motility,To enable sperm to penetrate the zona pellucida,To trigger cortical reaction,To initiate embryonic development,B,Acrosome reaction releases enzymes to help sperm penetrate zona pellucida; it's essential for fertilization.,Fertilization,Medium,Biology,Reproduction
The zona pellucida is a glycoprotein layer surrounding the oocyte. What is its function?,To provide nutrients to the oocyte,To facilitate sperm binding and selection,To protect the oocyte from polyspermy,To regulate oocyte maturation,B,Zona pellucida facilitates sperm binding; it also helps prevent polyspermy after fertilization.,Oogenesis and Fertilization,Medium,Biology,Reproduction
"During pregnancy, the hormone human chorionic gonadotropin (hCG) is produced. What is its primary role?",To maintain the corpus luteum,To stimulate fetal growth,To regulate maternal metabolism,To initiate labor,A,"hCG maintains corpus luteum, ensuring continued progesterone production until placenta takes over.",Pregnancy,Easy,Biology,Reproduction
"In human males, spermatogenesis occurs in which part of the testis?",Seminiferous tubules,Interstitial tissue,Tubuli recti,Rete testis,A,Spermatogenesis occurs in seminiferous tubules where sperm cells mature; interstitial tissue produces testosterone.,Spermatogenesis,Easy,Biology,Reproduction
The hormone responsible for maintaining the corpus luteum during early pregnancy is?,Progesterone,Human chorionic gonadotropin (hCG),Estrogen,Follicle-stimulating hormone (FSH),B,hCG maintains corpus luteum during early pregnancy; progesterone is produced by corpus luteum.,Hormonal Regulation,Medium,Biology,Reproduction
The process by which sperm cells become motile and capable of fertilizing an egg is called?,Spermatogenesis,Capacitation,Spermiogenesis,Spermiation,B,"Capacitation enables sperm to fertilize egg; spermatogenesis is sperm production, spermiogenesis is maturation.",Sperm Capacitation,Medium,Biology,Reproduction
"In the menstrual cycle, the LH surge is responsible for?",Ovulation,Menstruation,Endometrial proliferation,Corpus luteum degeneration,A,LH surge triggers ovulation; LH helps form corpus luteum which then produces progesterone.,Menstrual Cycle,Easy,Biology,Reproduction
The structure that nourishes the developing embryo before implantation is?,Corpus luteum,Zona pellucida,Trophoblast,Yolk sac,A,"Corpus luteum produces progesterone, nourishing embryo before implantation; yolk sac nourishes later.",Embryonic Development,Medium,Biology,Reproduction
The release of an egg from the ovary is known as?,Ovulation,Oogenesis,Fertilization,Implantation,A,"Ovulation is release of egg; oogenesis is egg production, fertilization is sperm-egg fusion.",Ovulation,Easy,Biology,Reproduction
Which hormone is primarily responsible for the development of secondary sexual characteristics in females?,Estrogen,Progesterone,Testosterone,FSH,A,Estrogen drives female secondary sexual characteristics; progesterone prepares uterus for pregnancy.,Hormonal Regulation,Easy,Biology,Reproduction
The fusion of sperm and egg nuclei is called?,Fertilization,Syngamy,Cleavage,Gastrulation,B,Syngamy is fusion of sperm and egg nuclei; fertilization includes sperm penetration and syngamy.,Fertilization,Medium,Biology,Reproduction
"In humans, the sex chromosomes in females are?",XX,XY,XO,YY,A,Females have XX sex chromosomes; males have XY.,Sex Determination,Easy,Biology,Reproduction
The outer layer of the embryo that invades the uterine lining is called?,Trophoblast,Embryoblast,Mesoderm,Ectoderm,A,Trophoblast invades uterine lining; embryoblast forms fetus.,Embryonic Development,Medium,Biology,Reproduction
Spermiogenesis is the process by which?,Spermatogonia become spermatocytes,Spermatids mature into spermatozoa,Spermatozoa become motile,Primary spermatocytes undergo meiosis,B,Spermiogenesis is maturation of spermatids into spermatozoa; spermatogenesis includes all sperm production steps.,Spermiogenesis,Medium,Biology,Reproduction
The menstrual cycle is primarily regulated by hormones from which gland?,Pituitary gland,Thyroid gland,Adrenal gland,Pancreas,A,"Pituitary gland releases FSH and LH, regulating menstrual cycle; thyroid and adrenal glands have other roles.",Hormonal Regulation,Easy,Biology,Reproduction
"During fetal development, the ductus arteriosus connects which two major blood vessels?",Pulmonary artery and aorta,Pulmonary artery and pulmonary vein,Aorta and superior vena cava,Pulmonary vein and inferior vena cava,A,"Ductus arteriosus connects pulmonary artery to aorta, bypassing lungs; closes after birth.",Fetal Circulation,Hard,Biology,Reproduction
The first polar body is formed during which stage of oogenesis?,Meiosis I,Meiosis II,Mitosis,Fertilization,A,First polar body is formed during Meiosis I; second polar body forms during Meiosis II.,Oogenesis,Medium,Biology,Reproduction
The hormone that stimulates the growth of ovarian follicles is?,LH,FSH,Progesterone,Estrogen,B,FSH stimulates follicle growth; LH triggers ovulation.,Hormonal Regulation,Easy,Biology,Reproduction
In vitro fertilization (IVF) involves fertilizing an egg with sperm in?,A laboratory dish,The fallopian tube,The uterus,The ovary,A,IVF occurs in a laboratory dish; natural fertilization occurs in fallopian tube.,Assisted Reproductive Technology,Easy,Biology,Reproduction
The primitive streak is a structure that forms during?,Gastrulation,Neurulation,Cleavage,Organogenesis,A,"Primitive streak forms during gastrulation, marking beginning of germ layer formation.",Gastrulation,Medium,Biology,Reproduction
The acrosome reaction in sperm cells is triggered by?,Binding to zona pellucida,Capacitation,Spermiogenesis,Fertilization,A,"Acrosome reaction is triggered by binding to zona pellucida, releasing enzymes to penetrate egg.",Sperm Capacitation,Hard,Biology,Reproduction
A 25-year-old woman is diagnosed with polycystic ovary syndrome (PCOS). Which hormonal imbalance is most likely responsible?,Increased estrogen,Decreased progesterone,Elevated androgens,Low follicle-stimulating hormone (FSH),C,PCOS is associated with hyperandrogenism; elevated androgens disrupt ovulation and cause symptoms like hirsutism.,Hormonal Regulation of Menstrual Cycle,Medium,Biology,Reproduction
"During embryonic development, which structure gives rise to the primordial germ cells?",Yolk sac,Allantois,Amnion,Chorion,A,Primordial germ cells originate from the yolk sac; other options are embryonic membranes with different functions.,Embryonic Development of Reproductive System,Easy,Biology,Reproduction
A couple is having trouble conceiving due to low sperm count. Which factor directly affects sperm motility?,Testosterone levels,Fructose concentration in seminal fluid,Prostaglandins in seminal fluid,pH of seminal fluid,D,Sperm motility is affected by seminal fluid pH; abnormal pH can impair sperm movement and fertilization ability.,Male Reproductive Physiology,Medium,Biology,Reproduction
A 30-year-old man is diagnosed with hypogonadism. Which hormone is primarily responsible for regulating testosterone production?,LH,FSH,Inhibin,Prolactin,A,Luteinizing hormone (LH) stimulates Leydig cells to produce testosterone; FSH regulates spermatogenesis.,Hormonal Regulation of Spermatogenesis,Easy,Biology,Reproduction
In vitro fertilization (IVF) is often used to treat infertility. At which stage is the embryo typically transferred during IVF?,Zygote,Morula,Blastocyst,Gastrula,C,Blastocyst stage is optimal for IVF transfer; it has better implantation potential than earlier stages like morula.,Assisted Reproductive Technologies,Medium,Biology,Reproduction
A woman is experiencing irregular menstrual cycles. Which phase is characterized by the presence of corpus luteum?,Menstrual phase,Follicular phase,Luteal phase,Ovulatory phase,C,Corpus luteum forms after ovulation during the luteal phase; it secretes progesterone to prepare the endometrium.,Menstrual Cycle Phases,Easy,Biology,Reproduction
A 28-year-old woman is prescribed birth control pills. How do these pills primarily prevent pregnancy?,Inhibiting ovulation,Blocking fertilization,Preventing implantation,Killing sperm,A,Hormonal contraceptives primarily inhibit ovulation by suppressing LH surge; other mechanisms are secondary.,Hormonal Contraception,Medium,Biology,Reproduction
"During oogenesis, which stage is characterized by the presence of a large amount of cytoplasm?",Oogonium,Primary oocyte,Secondary oocyte,Ootid,B,Primary oocyte has large cytoplasm and is arrested in prophase I; secondary oocyte has less cytoplasm.,Oogenesis,Medium,Biology,Reproduction
A man is diagnosed with erectile dysfunction. Which neurotransmitter is primarily involved in initiating erection?,Serotonin,Dopamine,Nitric oxide (NO),Acetylcholine,C,Nitric oxide (NO) is a key neurotransmitter that initiates erection by relaxing smooth muscle and increasing blood flow.,Male Reproductive Physiology,Medium,Biology,Reproduction
A 35-year-old woman is experiencing menopause. Which hormonal change is primarily responsible for the symptoms?,Decreased estrogen,Increased progesterone,Elevated FSH,Low LH,A,Menopause is characterized by decreased estrogen production; FSH levels typically rise due to feedback mechanisms.,Menopause,Easy,Biology,Reproduction
"During embryonic development, SRY gene expression leads to the formation of which structure?",Ovaries,Testes,Uterus,Fallopian tubes,B,SRY gene on Y chromosome initiates testis development; its absence typically leads to ovarian development.,Sex Determination,Medium,Biology,Reproduction
A couple is trying to conceive. When does the window of fertilization typically occur?,During menstruation,Immediately after ovulation,5-6 days after ovulation,Before ovulation,B,Fertilization window is typically within 24 hours after ovulation; sperm can survive up to 5 days.,Fertilization,Medium,Biology,Reproduction
A woman is diagnosed with endometriosis. What is the characteristic feature of this condition?,Endometrial tissue outside the uterus,Overgrowth of uterine lining,Cysts on ovaries,Blockage of fallopian tubes,A,"Endometriosis is characterized by endometrial tissue growing outside the uterus, causing pain and infertility.",Pathologies of Female Reproductive System,Easy,Biology,Reproduction
"During spermatogenesis, what is the result of meiosis II?",Spermatogonia,Primary spermatocytes,Secondary spermatocytes,Spermatids,D,Meiosis II results in spermatids; these then undergo spermiogenesis to become mature spermatozoa.,Spermatogenesis,Medium,Biology,Reproduction
A 40-year-old man is diagnosed with azoospermia. What does this condition indicate?,Low sperm count,Abnormal sperm morphology,No sperm in semen,Poor sperm motility,C,Azoospermia means there are no sperm in the semen; this can be due to obstructive or non-obstructive causes.,Male Infertility,Easy,Biology,Reproduction
"During fetal development, what is the role of hCG?",Maintaining corpus luteum,Stimulating ovulation,Inducing parturition,Regulating fetal growth,A,"hCG maintains corpus luteum during early pregnancy, ensuring continued progesterone production.",Pregnancy and Placental Hormones,Medium,Biology,Reproduction
A woman is experiencing dysmenorrhea. Which prostaglandin is associated with this condition?,PGF2α,PGE2,PGI2,PGD2,A,PGF2α causes uterine contractions and is associated with dysmenorrhea; NSAIDs help by inhibiting prostaglandin synthesis.,Pathophysiology of Dysmenorrhea,Hard,Biology,Reproduction
"During capacitation, what change occurs in sperm?",Increased motility,Acrosome reaction,Changes in membrane proteins,Nuclear condensation,C,"Capacitation involves changes in sperm membrane proteins, making it capable of fertilization; acrosome reaction occurs later.",Sperm Capacitation and Acrosome Reaction,Hard,Biology,Reproduction
"In humans, what is unique about the timing of meiosis in females compared to males?",Meiosis starts before birth,Meiosis is completed before puberty,Meiosis occurs after fertilization,Meiosis is not halted at any stage,A,"Meiosis in females starts before birth, unlike males where it starts at puberty. Other options are incorrect.",Meiosis in Human Reproduction,Medium,Biology,Reproduction
A species of plant reproduces vegetatively through stolons. What is a genetic consequence of this method?,Increased genetic diversity,Genetic uniformity among offspring,Hybrid vigor in offspring,Polyploidy in offspring,B,Vegetative reproduction results in genetically identical offspring. Other options are incorrect as they relate to sexual reproduction or genetic variation.,Vegetative Reproduction in Plants,Easy,Biology,Reproduction
What is an exception to the general rule that mammals give birth to live young?,Monotremes,Marsupials,Primates,Carnivores,A,"Monotremes, like platypus, lay eggs. Other options are incorrect as they give birth to live young.",Mammalian Reproduction,Hard,Biology,Reproduction
"In the life cycle of a fern, which generation is dominant?",Sporophyte,Gametophyte,Both are equally dominant,Neither is dominant,A,"In ferns, the sporophyte generation is dominant. Gametophyte is independent but less conspicuous.",Life Cycle of Ferns,Easy,Biology,Reproduction
What is the primary function of the corpus luteum in the ovarian cycle?,To produce estrogen only,To produce progesterone,To release the ovum,To stimulate follicular growth,B,Corpus luteum primarily produces progesterone to prepare the uterus for implantation. Other options are incorrect or secondary functions.,Ovarian Cycle,Medium,Biology,Reproduction
A certain species of flower is self-pollinating. What is a likely consequence for its genetic diversity?,Increased genetic diversity,Reduced genetic diversity,No effect on genetic diversity,Hybrid vigor,B,Self-pollination results in less genetic diversity. Other options are incorrect as they relate to cross-pollination or other mechanisms.,Pollination Mechanisms,Medium,Biology,Reproduction
"In human embryonic development, what is the role of the primitive streak?",To form the neural tube,To develop the heart,To initiate gastrulation,To form the placenta,C,"Primitive streak is the site where gastrulation begins, forming the three primary germ layers. Other options are incorrect or occur later in development.",Embryonic Development,Hard,Biology,Reproduction
What is a characteristic of parthenogenesis in certain species?,Development of an egg without fertilization,Development of an egg with fertilization,Production of male offspring only,Production of female offspring only,A,Parthenogenesis involves development of an egg without fertilization. Other options are incorrect or not necessarily true.,Parthenogenesis,Easy,Biology,Reproduction
"In plants, what is the term for the fusion of two gametes that are not genetically identical?",Isogamy,Anisogamy,Heterogamy,Oogamy,B,Anisogamy refers to the fusion of gametes that are morphologically or genetically different. Isogamy involves gametes that are similar.,Types of Gamete Fusion,Medium,Biology,Reproduction
What is the function of the zona pellucida in mammalian oocytes?,To provide nutrients to the oocyte,To facilitate sperm binding and selection,To release hormones,To form the placenta,B,Zona pellucida facilitates sperm binding and selection. Other options are incorrect or unrelated to its function.,Structure of Oocytes,Medium,Biology,Reproduction
A plant species exhibits protandry. What does this mean?,The anthers mature before the stigma,The stigma matures before the anthers,Both anthers and stigma mature simultaneously,Neither anthers nor stigma mature,A,"Protandry means the anthers mature before the stigma, promoting cross-pollination. Other options describe different conditions.",Dichogamy in Plants,Easy,Biology,Reproduction
"In the human reproductive cycle, when does the LH surge typically occur?",During menstruation,Before ovulation,After ovulation,During implantation,B,"LH surge occurs just before ovulation, triggering ovulation. Other options are incorrect or not directly related to LH surge.",Hormonal Regulation of Ovulation,Medium,Biology,Reproduction
What is a notable characteristic of the reproductive strategy of some species of aphids?,They are hermaphroditic,They reproduce parthenogenically,They have a long gestation period,They lay eggs in water,B,"Some aphid species reproduce parthenogenically, producing offspring without fertilization. Other options are not characteristic of aphids.",Reproductive Strategies in Animals,Hard,Biology,Reproduction
"In flowering plants, what is the role of the micropyle?",To absorb water for germination,To allow pollen tube entry,To release the ovum during fertilization,To form the seed coat,B,Micropyle is the opening through which the pollen tube enters the ovule. Other options are incorrect or unrelated to its function.,Structure of Ovules,Medium,Biology,Reproduction
What is an advantage of hermaphroditism in some animal species?,Increased genetic diversity,Enhanced mate-finding ability,Ability to reproduce with any individual,Reduced energy expenditure on reproduction,C,"Hermaphroditism allows an individual to reproduce with any other individual, increasing reproductive opportunities. Other options are not necessarily true.",Reproductive Strategies in Animals,Medium,Biology,Reproduction
"In human males, what is the role of the epididymis?",To produce testosterone,To store and mature sperm,To release sperm during ejaculation,To produce seminal fluid,B,Epididymis stores and matures sperm. Other options are incorrect or unrelated to its function.,Male Reproductive System,Easy,Biology,Reproduction
What is a characteristic of vivipary in plants?,Seeds germinate while still attached to the parent plant,Seeds are dispersed by wind,Seeds are dormant for a long period,Seeds require cold stratification,A,Vivipary involves seeds germinating while still attached to the parent plant. Other options are incorrect or unrelated to vivipary.,Seed Germination and Dispersal,Hard,Biology,Reproduction
"In the context of human reproduction, what is the significance of capacitation?",It enhances sperm motility,It allows sperm to undergo acrosome reaction,It enables sperm to fertilize the egg,It increases sperm count,C,Capacitation enables sperm to fertilize the egg by undergoing necessary physiological changes. Other options are related but not the primary significance.,Sperm Capacitation,Medium,Biology,Reproduction
What is a unique feature of the reproductive biology of marsupials?,They lay eggs,They have a long gestation period,They give birth to underdeveloped young,They have a complex placenta,C,Marsupials give birth to underdeveloped young that then complete development in the mother's pouch. Other options are incorrect or not unique to marsupials.,Marsupial Reproduction,Hard,Biology,Reproduction
"In plants, what is the term for the transfer of pollen from the anther to the stigma of the same flower?",Cross-pollination,Self-pollination,Geitonogamy,Xenogamy,B,Self-pollination involves the transfer of pollen within the same flower. Other options involve pollen transfer between different flowers or plants.,Pollination Mechanisms,Easy,Biology,Reproduction
"During oogenesis, what is the main difference between a primary oocyte and a secondary oocyte?",Number of chromosomes,Amount of cytoplasm,Stage of meiosis,Presence of zona pellucida,C,"Primary oocyte is in prophase I of meiosis, while secondary oocyte is in metaphase II. Option A is incorrect because both have the same number of chromosomes at this stage, but primary oocyte is diploid and secondary oocyte is haploid after meiosis I.",Oogenesis,Medium,Biology,Reproduction
"In the menstrual cycle, what is the role of LH surge?",To stimulate ovulation,To maintain corpus luteum,To regulate FSH production,To thicken endometrium,A,LH surge triggers ovulation by causing the dominant follicle to release an ovum. It does not directly maintain corpus luteum or regulate FSH.,Menstrual Cycle,Medium,Biology,Reproduction
What is the primary function of the zona pellucida?,To nourish the oocyte,To protect the oocyte,To facilitate fertilization,To regulate ovulation,B,"Zona pellucida is a glycoprotein layer surrounding the oocyte, providing protection. It also plays a role in fertilization by allowing sperm binding.",Oogenesis,Easy,Biology,Reproduction
"In embryonic development, what is the role of the trophoblast?",To form the embryo,To form the placenta,To nourish the embryo,To implant the blastocyst,B,Trophoblast gives rise to the placenta and other supporting tissues. It plays a crucial role in implantation and placenta formation.,Embryonic Development,Medium,Biology,Reproduction
What is the function of the acrosome in sperm?,To provide motility,To contain genetic material,To facilitate penetration of zona pellucida,To nourish the sperm,C,Acrosome contains enzymes that help the sperm penetrate the zona pellucida during fertilization.,Spermatogenesis,Easy,Biology,Reproduction
"In the menstrual cycle, what is the role of progesterone?",To stimulate ovulation,To maintain the endometrium,To regulate FSH production,To thicken the cervical mucus,B,"Progesterone maintains the endometrium for implantation. It does not stimulate ovulation, which is triggered by LH surge.",Menstrual Cycle,Medium,Biology,Reproduction
What is the difference between a morula and a blastocyst?,Number of cells,Presence of fluid-filled cavity,Genetic material,Both A and B,D,"Morula is a compact cluster of cells, while blastocyst has a fluid-filled cavity (blastocoel) and is more advanced in development; the number of cells also increases.",Embryonic Development,Medium,Biology,Reproduction
What is the primary function of the fallopian tube?,To support embryonic development,To facilitate fertilization,To regulate ovulation,To produce hormones,B,Fallopian tubes provide the site for fertilization. They do not directly support embryonic development or regulate ovulation.,Female Reproductive System,Easy,Biology,Reproduction
"In spermatogenesis, what is the result of meiosis II?",Formation of spermatids,Formation of spermatozoa,Formation of primary spermatocytes,Formation of secondary spermatocytes,A,Meiosis II results in the formation of spermatids from secondary spermatocytes. Spermatids then undergo spermiogenesis to become spermatozoa.,Spermatogenesis,Medium,Biology,Reproduction
"During fertilization, what is the role of the cortical reaction?",To facilitate sperm penetration,To prevent polyspermy,To initiate cleavage,To implant the blastocyst,B,"Cortical reaction releases enzymes that alter the zona pellucida, preventing additional sperm from penetrating the egg, thus preventing polyspermy.",Fertilization,Medium,Biology,Reproduction
"During oogenesis, the primary oocyte undergoes which division to produce a secondary oocyte and a first polar body?",Mitosis,Meiosis I,Meiosis II,Amitosis,B,Meiosis I is the correct division; mitosis is incorrect as it's not a reductional division.,Oogenesis,Easy,Biology,Reproduction
Capacitation of sperm occurs in which part of the female reproductive system?,Vagina,Cervix,Uterus,Fallopian tube,D,Capacitation occurs in the fallopian tube; it's a biochemical event that enables sperm to fertilize.,Fertilization,Medium,Biology,Reproduction
Which hormone is responsible for the maintenance of the corpus luteum during early pregnancy?,LH,FSH,hCG,Progesterone,C,"hCG maintains corpus luteum; LH initially stimulates it, but hCG takes over during pregnancy.",Hormonal Regulation,Medium,Biology,Reproduction
The process by which the sperm penetrates the zona pellucida is facilitated by which enzyme?,Hyaluronidase,Acrosin,Trypsin,Pepsin,B,"Acrosin is the enzyme; hyaluronidase helps in cumulus penetration, not zona pellucida penetration.",Fertilization,Medium,Biology,Reproduction
"During embryonic development, which structure is formed from the trophoblast layer?",Embryo,Placenta,Amnion,Yolk sac,B,Trophoblast forms placenta; embryo is formed from the inner cell mass.,Embryonic Development,Medium,Biology,Reproduction
What is the term for the fusion of a sperm and an egg during fertilization?,Syngamy,Karyogamy,Meiosis,Mitosis,A,Syngamy refers to the fusion of sperm and egg; karyogamy is the fusion of their nuclei.,Fertilization,Easy,Biology,Reproduction
The degeneration of the corpus luteum in the absence of pregnancy is caused by the lack of which hormone?,Progesterone,Estrogen,hCG,LH,C,"hCG is necessary for corpus luteum maintenance; without it, corpus luteum degenerates.",Hormonal Regulation,Medium,Biology,Reproduction
Which part of the spermatozoon contains the acrosome?,Tail,Middle piece,Head,Neck,C,Acrosome is located at the tip of the sperm head; it contains enzymes for egg penetration.,Sperm Structure,Easy,Biology,Reproduction
"In the menstrual cycle, the LH surge is triggered by increasing levels of which hormone?",Progesterone,Estrogen,FSH,Inhibin,B,Estrogen surge triggers LH surge; high estrogen levels signal readiness for ovulation.,Menstrual Cycle,Medium,Biology,Reproduction
Spermiogenesis is the process by which spermatids are transformed into spermatozoa. What is the main event occurring during this process?,Meiotic division,Mitotic division,Differentiation,Apoptosis,C,Spermiogenesis involves differentiation of spermatids into mature sperm; no cell division occurs.,Spermatogenesis,Medium,Biology,Reproduction
The zona pellucida is a glycoprotein layer surrounding the mammalian oocyte. What is its primary function?,To provide nutrients,To facilitate sperm binding,To protect the oocyte,To induce ovulation,B,Zona pellucida facilitates sperm binding; it also protects the oocyte but binding is its key function.,Oogenesis,Medium,Biology,Reproduction
"In human females, meiosis II is completed if fertilization occurs. Where does this completion typically happen?",Ovary,Fallopian tube,Uterus,Vagina,B,Meiosis II completion occurs in the fallopian tube; it's where fertilization typically happens.,Fertilization,Medium,Biology,Reproduction
The hormone responsible for stimulating the growth of ovarian follicles is?,LH,FSH,Progesterone,Estrogen,B,FSH stimulates follicular growth; LH is involved in ovulation and corpus luteum maintenance.,Hormonal Regulation,Easy,Biology,Reproduction
What is the name of the outer layer of the embryo that will eventually form the placenta and other supporting tissues?,Trophoblast,Epiblast,Hypoblast,Embryoblast,A,Trophoblast is the outer layer; it differentiates into cytotrophoblast and syncytiotrophoblast.,Embryonic Development,Medium,Biology,Reproduction
"During spermatogenesis, the cells that undergo mitosis to produce spermatogonia are?",Spermatogonia,Spermatocytes,Sertoli cells,Leydig cells,A,Spermatogonia undergo mitosis to maintain their population and produce cells that enter meiosis.,Spermatogenesis,Hard,Biology,Reproduction
The block to polyspermy in mammals is achieved through changes in the?,Zona pellucida,Plasma membrane,Corona radiata,Cumulus oophorus,A,"Zona pellucida undergoes a hardening reaction after sperm penetration, preventing polyspermy.",Fertilization,Medium,Biology,Reproduction
